{
    "domain": "barilliance.net",
    "owner": {
        "name": "Barilliance Ltd",
        "displayName": "Barilliance"
    },
    "source": [
        "DuckDuckGo-AU"
    ],
    "prevalence": 0.00225,
    "sites": 22,
    "subdomains": [
        "www"
    ],
    "cnames": [],
    "fingerprinting": 0,
    "resources": [
        {
            "rule": "barilliance\\.net\\/data\\.js\\.php",
            "cookies": 0.00184,
            "fingerprinting": 0,
            "subdomains": [
                "www"
            ],
            "apis": {},
            "sites": 22,
            "prevalence": 0.00225,
            "cnames": [],
            "responseHashes": [
                "ebf07e2f0964e998b36743a992a5da2877b33a64d64a44353148b7f7496d9141",
                "fb98f36a9ac795cc53c298ded669375bf5475301c4ef83cbcef2abf742388c74",
                "cdd77a6c47cc34e8e90715326d3fe7d3462ca9025eaecc5eeec1e76cf5a09f79",
                "eddae545e7d5fb9c09452c3ce33d0abe1b04c0c926db2d10b51ab0091849c986",
                "d62ac4ad7f1633f516eeddf67ee7108da209609321fe959afeb95d06f39c8046",
                "b2846ec7f08b8eacd4273a6004dcf105ce3f9851d601e0e348c3d7676150bb4f",
                "9138b46bba3489cf19a8905dc8cf617401eecbaafb8efcce5febb00db23f2b05",
                "5cf06a444acc40c058ebe09662fe693abce53573cfdc5ec3f5c5757ac5e439ab",
                "2c69d6d4f6c0fa041eb87c3b20f5790d59f6146e5fea243e942dd6aa76a350bc",
                "c93fb9dfa7c4068da932389ce57a946226e43509482c646e62a31aabaa71a169",
                "bd6478347b0e80ddb2fb15daf1a05d91d06efcacc1e02a97f004b66eb94d9b0a",
                "09dcfa671344e21c6eab72d6536f90b3f51bd6ab35ce5b239d6146bb943614cc",
                "6222d3f308a30ae1d6723c08848fae9183bcef5e24eb13eb02350ff3ce686a58",
                "94c76c407d674c470db40b921e01d113f7ee6c32b93bd84fa366b804034f6c71",
                "5b5f13a870db9eaeb466dacc387c1a5985e2ad6bebd4ed4edbd1afa933f4db35"
            ],
            "type": "Script",
            "firstPartyCookies": {},
            "firstPartyCookiesSent": {
                "swym-cu_ct": 0.00010230179028132993,
                "cbar_uid": 0.00030690537084398974,
                "cbar_lvt": 0.00030690537084398974
            },
            "exampleSites": [
                "www.plush.com.au",
                "www.pushys.com.au",
                "www.mrtoys.com.au",
                "www.harrisscarfe.com.au",
                "www.house.com.au",
                "www.westelm.com.au",
                "www.blackwoods.com.au",
                "www.tyresales.com.au",
                "www.billabong.com.au",
                "riotstores.com.au",
                "www.wildearth.com.au",
                "www.kitchenware.com.au",
                "www.syntricate.com.au",
                "www.kitchenwarehouse.com.au",
                "www.potterybarn.com.au",
                "www.artistguitars.com.au",
                "www.mtbdirect.com.au",
                "www.sds.com.au",
                "www.costumes.com.au",
                "www.godfreys.com.au"
            ]
        }
    ],
    "categories": [],
    "performance": {
        "time": 0,
        "size": 0,
        "cpu": 0,
        "cache": 0
    },
    "cookies": 0.00184,
    "types": {
        "Script": 22
    },
    "nameservers": [
        "ns-1385.awsdns-45.org",
        "ns-1651.awsdns-14.co.uk",
        "ns-57.awsdns-07.com",
        "ns-764.awsdns-31.net"
    ]
}