{
    "domain": "freychang.fun",
    "owner": {},
    "source": [
        "DuckDuckGo-AU"
    ],
    "prevalence": 0.00103,
    "sites": 10,
    "subdomains": [],
    "cnames": [],
    "fingerprinting": 0,
    "resources": [
        {
            "rule": "freychang\\.fun\\/",
            "cookies": 0.000923,
            "fingerprinting": 0,
            "subdomains": [],
            "apis": {},
            "sites": 10,
            "prevalence": 0.00103,
            "cnames": [],
            "responseHashes": [
                "27484e6a8a92844f0533e3cb78227a55827f99ce6142ea852bae05ae8a9cd2ca",
                "4837277dfb1f02c3bab693553faa7b98478e29513554f5c0322030a68caceaa0",
                "81b5fc6f620be38235075c63d0dfd39a545f231b27e2ed1dd1512786230c364c",
                "9282ecc57aceee26b477713cdcc43d4a6a2f0656c206842db853e2bdeeb109b3",
                "561379e5f001a3c2cd5dbcea101e8cc5dff5fbff5dc81bac9f8df90487b88400",
                "57dcdf8ab7b38269a506804d7ba325634a2e8622161c81c12c599a5b02d1359e",
                "92d1fd5c7d21c11ed900fc902117dceedaf6ab2006ed1731d0aa2310c874ea80"
            ],
            "type": "Fetch",
            "firstPartyCookies": {},
            "firstPartyCookiesSent": {},
            "exampleSites": [
                "123moviesfun.is",
                "cartoonprn.com",
                "daftsex.com",
                "gamersdecide.com",
                "justpicsplease.com",
                "m.smutty.com",
                "putlockers.show",
                "readmanhwa.com",
                "ww.mangakakalot.tv",
                "www.mypornhere.com"
            ]
        }
    ],
    "categories": [],
    "performance": {},
    "cookies": 0.000923,
    "types": {
        "Fetch": 10
    },
    "nameservers": [
        "demi.ns.cloudflare.com",
        "aiden.ns.cloudflare.com"
    ]
}