{
    "domain": "geoip-js.com",
    "owner": {},
    "source": [
        "DuckDuckGo-AU"
    ],
    "prevalence": 0.00164,
    "sites": 16,
    "subdomains": [],
    "cnames": [],
    "fingerprinting": 0,
    "resources": [
        {
            "rule": "geoip-js\\.com\\/js\\/apis\\/geoip2\\/v2\\.1\\/geoip2\\.js",
            "cookies": 0.000616,
            "fingerprinting": 0,
            "subdomains": [],
            "apis": {},
            "sites": 6,
            "prevalence": 0.000616,
            "cnames": [],
            "responseHashes": [
                "2fe5fb2d025e0a2a028376783078622313bb93ec4a64cae7a8f6c0463507b2b1"
            ],
            "type": "Script",
            "firstPartyCookies": {},
            "firstPartyCookiesSent": {},
            "exampleSites": [
                "epson.com",
                "numerologist.com",
                "thermomix.com.au",
                "www.meshki.com.au",
                "www.okta.com",
                "www.patagonia.com.au"
            ]
        },
        {
            "rule": "geoip-js\\.com\\/geoip\\/v2\\.1\\/country\\/me",
            "cookies": 0.00123,
            "fingerprinting": 0,
            "subdomains": [],
            "apis": {},
            "sites": 12,
            "prevalence": 0.00123,
            "cnames": [],
            "responseHashes": [
                "28e47e4c387343165b0f681920aae01afb797b0a52c49975aae11c74abda280d",
                "daad9ab7a37333bf50ef3016cc24c49bc5edfd0d2eecbf7a7cbbd85424a91a40",
                "a39f3c7656e0d6c07df01ecb07a3c3434034725866914dff3bdbed197d4e7dc8",
                "2a1e570a8cb244707284c882fa47f4565f85182a287040d9cec32fd70eb7dbe0",
                "33e8d55d30fc9f398132068bc9b6a1ba06f4a3f63eb3e2435437b18c418b3ba5",
                "2c8f585f6eb6a9e8760ab07a76ea5e5c4d0b55631ed86d393e345594242e939e",
                "f037f391e5399463dda46bacac2e79ab2c672a614044cfa5466330f47929f460",
                "e807923843fd1aa5b9f498ff6da2e4b92302cb84d0475265a72354213b6cbcfe",
                "32bcfe210b3f9d935033d0151e0213f4ca645e19c398eb2dcda4f53a6615fdb6",
                "cbea1d1952901d23579f32787ce1f3fd9792c55b83d4538de8ec47931a35e26b"
            ],
            "type": "XHR",
            "firstPartyCookies": {},
            "firstPartyCookiesSent": {
                "dy_fs_page": 0.00010258514567090685
            },
            "exampleSites": [
                "epson.com",
                "hbr.org",
                "numerologist.com",
                "thermomix.com.au",
                "www.brasnthings.com",
                "www.cochlear.com",
                "www.honeybirdette.com",
                "www.kookai.com.au",
                "www.meshki.com.au",
                "www.powerdiary.com",
                "www.sydney.com",
                "www.visitnsw.com"
            ]
        },
        {
            "rule": "geoip-js\\.com\\/geoip\\/v2\\.1\\/city\\/me",
            "cookies": 0.000308,
            "fingerprinting": 0,
            "subdomains": [],
            "apis": {},
            "sites": 4,
            "prevalence": 0.00041,
            "cnames": [],
            "responseHashes": [
                "2c8f585f6eb6a9e8760ab07a76ea5e5c4d0b55631ed86d393e345594242e939e",
                "ada040e3327ec01609ab2792fa5940aecb71808096fc71a92982b794b91ed2b4",
                "3a8f197e3765ce2b703adcd89da573f708096a869d84861d5fdf4eb1ee85acbd"
            ],
            "type": "XHR",
            "firstPartyCookies": {},
            "firstPartyCookiesSent": {},
            "exampleSites": [
                "okta.com",
                "www.ottostackleworld.com.au",
                "www.patagonia.com.au",
                "youfoodz.com"
            ]
        }
    ],
    "categories": [],
    "performance": {
        "time": 1,
        "size": 1,
        "cpu": 0,
        "cache": 3
    },
    "cookies": 0.00164,
    "types": {
        "Script": 6,
        "XHR": 16
    },
    "nameservers": [
        "josh.ns.cloudflare.com",
        "kim.ns.cloudflare.com"
    ]
}