{
    "domain": "geotrust.com",
    "owner": {
        "name": "DigiCert, Inc.",
        "displayName": "DigiCert"
    },
    "source": [
        "DuckDuckGo-AU"
    ],
    "prevalence": 0.00174,
    "sites": 17,
    "subdomains": [
        "seal",
        "smarticon"
    ],
    "cnames": [],
    "fingerprinting": 1,
    "resources": [
        {
            "rule": "geotrust\\.com\\/getgeotrustsslseal",
            "cookies": 0,
            "fingerprinting": 1,
            "subdomains": [
                "seal"
            ],
            "apis": {
                "Navigator.prototype.userAgent": 10
            },
            "sites": 13,
            "prevalence": 0.00133,
            "cnames": [],
            "responseHashes": [
                "6a21da6a8bf24cc83951f6c430257f858ecc1a12f553e0f05db180a9cef8f60c",
                "cf1722ea09985336ecd4c6c971a06d6e0053324357f4096b701b9f64b024467d",
                "4d41ea8afce1d633bcd93c57aae1be65c5e155753823275d29d20f45d5d9ee77",
                "640a269095eb41f35adf6f7724603526b426c11851ec0239af9a79a5ae0058cf",
                "28478c4f19d659b9d2f0e5d958cc1c06ffc6431045763014b8bd211a62c17d4a",
                "358bda5f10543934f47fc922f980154db96f58c02bbe215bd70a6573726f0387",
                "557b92615c6b292bbe80efc194ba612cc46135d66d84d6cb42688c1924c6102d",
                "bb807cd3b9903a753407ec9d82c403490bad87e9b707458b7d0e7f165277cd2c",
                "aa68600de86c561a58a1f3c73e293e0671fc07b676500c59b018b116278ffb63",
                "90b475da7a9489e67a9636613d59c7c8e4d9be7875cfe585890efca543408dc2",
                "3a4da7c853fc5d0b6dd81c2a442af2b01d9fb879bcba57ee9ccc8b16234cbdc8"
            ]
        },
        {
            "rule": "geotrust\\.com\\/si\\.js",
            "cookies": 0,
            "fingerprinting": 1,
            "subdomains": [
                "smarticon"
            ],
            "apis": {
                "Navigator.prototype.userAgent": 4,
                "Navigator.prototype.appVersion": 4,
                "Screen.prototype.height": 4
            },
            "sites": 4,
            "prevalence": 0.00041,
            "cnames": [],
            "responseHashes": [
                "616b5a2bf43d5ed73f4b48678a6cd807da190edf426f7c58d2830aa0dc758420",
                "78d6b2db24b424fa6d7ff4383bcffeff32d91a4f34d03b21c41e76bb08ba10d0",
                "8347db3cf3b0dc4c7e775bbd32b511eaddf80360b4774710f2cbb70b4e590b0d"
            ]
        }
    ],
    "categories": [],
    "performance": {
        "time": 1,
        "size": 1,
        "cpu": 0,
        "cache": 3
    },
    "cookies": 0,
    "types": {
        "Script": 17
    }
}