{
    "domain": "gscontxt.net",
    "owner": {},
    "source": [
        "DuckDuckGo-AU"
    ],
    "prevalence": 0.00532,
    "sites": 53,
    "subdomains": [
        "stuffnz-sydney",
        "pacmags",
        "pedestrian-sydney",
        "mediacorp",
        "torstar",
        "wolterskluwer",
        "bbc",
        "hearst",
        "trustedmediabrands",
        "vmg-ash",
        "vmg-useast"
    ],
    "cnames": [],
    "fingerprinting": 0,
    "resources": [
        {
            "rule": "gscontxt\\.net\\/main\\/channels\\.cgi",
            "cookies": 0,
            "fingerprinting": 0,
            "subdomains": [
                "stuffnz-sydney",
                "pacmags",
                "pedestrian-sydney",
                "mediacorp",
                "torstar"
            ],
            "apis": {},
            "sites": 18,
            "prevalence": 0.00181,
            "cnames": [],
            "responseHashes": [
                "fbfb0db4deeda6ef223f37f4f7e3b5940a54c3e244228750045a17271aa5ee85",
                "dba6de8d27325cdd949699ea68c8e095051b46b148a9f813ef205b89acb1fd2c",
                "a872b75901e6b592636ed5ee8f41c629c147c58f0d604a955aca4f3d48510cca",
                "3a96ad97b6f057ae3965fda035169da4da74b2c38d1fe62e9ba21b7cd60472de",
                "bd9dc638c7370548d84fcc942ba7410167964ba8332253d36bb573c1a1c8ebae",
                "127c47869b6b6228e18b4c041aff9d838cfdb3a7e48fb280bdc6468ca141e2f3",
                "c022bf8cad93b636f10e02ca733266ce652513f9756ea3e7f37212a6896dedaa",
                "ac63ded87828c7015ad6ead018cd195617fc5b01abf52e64ede659083c44ea4d",
                "1b090c7b0ec252637b9bb75221db66f299f1e37c160e0a1ddfead2a71f9394ae",
                "09df7c6697d2ece521c62f6bc65dd4cd19276dcaf9d52cc496964aec04634aea",
                "a0a7cd9ab515dcd40324eee39c541a6a81068f38e59a237d9db3c9c21240f896",
                "0e246c1bc3c32840f82e96eb1e82063eacc6daac73b43bc0c780e3cc68220c12",
                "28922eb7c770d69f3a380c9ac9835a17ecea379a7b74b4240a31d01276abcbf5",
                "ce4abf751beaf9e0e5ed2b0fc7c98f0e2373f05ab39b2e76d8e2d92c9a772018",
                "4855dd84619504e1e7109db5f60ab3f09040e0ffdeb6ec67ab5a7848c8cf41af",
                "def53156097e7fa417bc3709beaf103c84ca5f0f1b0dfb799411dc4ccb6302b2"
            ],
            "type": "Script",
            "firstPartyCookies": {},
            "firstPartyCookiesSent": {
                "lotame_domain_check": 0.00010036130068245685
            },
            "exampleSites": [
                "stuff.co.nz",
                "www.bhg.com.au",
                "www.businessinsider.com",
                "www.businessinsider.com.au",
                "www.channelnewsasia.com",
                "www.gizmodo.com.au",
                "www.homebeautiful.com.au",
                "www.kotaku.com.au",
                "www.lifehacker.com.au",
                "www.marieclaire.com.au",
                "www.menshealth.com.au",
                "www.newidea.com.au",
                "www.newideafood.com.au",
                "www.pedestrian.tv",
                "www.stuff.co.nz",
                "www.thestar.com",
                "www.who.com.au",
                "www.womenshealth.com.au"
            ]
        },
        {
            "rule": "gscontxt\\.net\\/main\\/channels-json\\.cgi",
            "cookies": 0,
            "fingerprinting": 0,
            "subdomains": [
                "wolterskluwer"
            ],
            "apis": {},
            "sites": 2,
            "prevalence": 0.000201,
            "cnames": [],
            "responseHashes": [
                "cee559a8414af0301f09553826e1cc299bae6591ceb247837487fe10138907f5"
            ],
            "type": "XHR",
            "firstPartyCookies": {},
            "firstPartyCookiesSent": {},
            "exampleSites": [
                "lww.com",
                "www.ahajournals.org"
            ]
        },
        {
            "rule": "gscontxt\\.net\\/",
            "cookies": 0,
            "fingerprinting": 0,
            "subdomains": [
                "bbc"
            ],
            "apis": {},
            "sites": 3,
            "prevalence": 0.000301,
            "cnames": [],
            "responseHashes": [
                "6bdd5a388dbcdb75e8ef8aece126480912108e246549d09763d6a1bfafb768da"
            ],
            "type": "Script",
            "firstPartyCookies": {},
            "firstPartyCookiesSent": {},
            "exampleSites": [
                "bbc.co.uk",
                "www.bbc.co.uk",
                "www.bbc.com"
            ]
        },
        {
            "rule": "gscontxt\\.net\\/channels\\.cgi",
            "cookies": 0,
            "fingerprinting": 0,
            "subdomains": [
                "hearst"
            ],
            "apis": {},
            "sites": 24,
            "prevalence": 0.00241,
            "cnames": [],
            "responseHashes": [
                "d559bf137e4d752bfc7295dc3a7a6c8a5d1b23ecf7135e81e49b9511fc147c54",
                "a2fcc645359af36e8b4b3a2e5413b58d82b09991e2bd157c9c4f825f289462d5",
                "3ca3e1bfb99abe6d4167ca6bf5176bcdfc1be7b4dbbe18153e26c80359c7cdc3",
                "b9f0e8aa5860aad5cde3550741140abcbea591e74d422a1bb70cfdc9895f78a3",
                "4d395770db45a58158cae80dba51808d8ce131e27da95e68b79a039acc68e455",
                "ccd874aa619a1e18008521b976fad04918a53c10eddf1be1ddd576d7fe459624",
                "342a8120ae84aa928a03e65e7b35838bd24562413326106b2bfe8655d1e55226",
                "2aee49bb736230696a6e155216bc62ac10a4de03446c189198487d19da43f920",
                "9c1a704a23736d5da7e1ef46939952ac64c487c43df7fef3a72cf93910a97e22",
                "35acfd1029f254af29b2fa19034854efcd5a2b4ed5275a5fe44230eb63736dc1",
                "a08359716ef83f1028b062d0c10535d93b58be8662f71049c3b2fe2e30ab0f46",
                "e90252d82d352c4f6cfb5436866c3048561ae582d604a553c14d45e8be4f2445",
                "c8e61a76ae80c8cf306f5737226ab833779f2c2f4e2aac339b365c9f2e0370a4",
                "6d1e0db7de543b9bbd918c14d4f08fd32af6dff65123bad971c81d20ab997a29",
                "e518d4d9a230e31205bfbbe036e3138e32b30e2731b7bcd69ad00588af68801b",
                "7b3d88d0efa6601d4a279ed86f14f502a7c52dd2a7774f755f2d9c1a92ea458b",
                "325d372cb1804fe5596d6f1a813a1bcbf2678256baa939d8c2b4d283c36d7c39",
                "83ffeb34dae86f2b0703398c184e9d8da3128611392ae7f08f991778e5b5a256",
                "7cdb06881a6dae65f45a41123e44b7d20f26958078164045e1ad461b2309b4da",
                "fa65182949ffe43b8db44e80979db53fd16a0c34b38bebb82a8c27974dbaa4a5",
                "809da1d4ca5e6e08198f81752d5b4f217a8478f6c58e8c45c25572e3a8e24681",
                "b899ad0b62b05a7ed551fe8f82504a67aabb2eb1913811db80bb416ae15cc7a3",
                "30f64ce6f6400517902dde9f9529a36a049b58487fda615decc9ede3556ba8d4"
            ],
            "type": "Script",
            "firstPartyCookies": {},
            "firstPartyCookiesSent": {},
            "exampleSites": [
                "www.cosmopolitan.com",
                "www.marieclaire.com",
                "www.redbookmag.com",
                "www.gearpatrol.com",
                "www.esquire.com",
                "www.townandcountrymag.com",
                "www.delish.com",
                "www.goodhousekeeping.com",
                "www.housebeautiful.com",
                "bestproducts.com",
                "www.prevention.com",
                "www.seventeen.com",
                "www.oprahdaily.com",
                "www.popularmechanics.com",
                "www.roadandtrack.com",
                "www.womenshealthmag.com",
                "www.elle.com",
                "www.menshealth.com",
                "www.womansday.com",
                "www.bicycling.com"
            ]
        },
        {
            "rule": "gscontxt\\.net\\/main\\/channels\\.fcgi",
            "cookies": 0,
            "fingerprinting": 0,