{
    "domain": "inskinad.com",
    "owner": {},
    "source": [
        "DuckDuckGo-AU"
    ],
    "prevalence": 0.00399,
    "sites": 39,
    "subdomains": [
        "mfad",
        "cdn"
    ],
    "cnames": [],
    "fingerprinting": 1,
    "resources": [
        {
            "rule": "inskinad\\.com\\/api\\/v2",
            "cookies": 0.00195,
            "fingerprinting": 0,
            "subdomains": [
                "mfad"
            ],
            "apis": {},
            "sites": 38,
            "prevalence": 0.00389,
            "cnames": [],
            "responseHashes": [
                "4247caef778d04ca8a6645d1227c71010f97e395311c7cee2cd677fbdca7bd54",
                "78115fbf114d31199aed4211347da9e423a50f0a7ec8ab261168153356fca2f5",
                "58f8e96a672197cad74653a1b19519aeffd4388afddf458d8593d27681aba4ce",
                "8c1cfe7b8d0ab0e6fd9fb0ef5ac8898d5fb7ecdab104f777233a8702a4eaf17a",
                "6bea9b96252c312038de27c7fcf101adfca362049911e7be4a3849452f4c0b77",
                "becbde1e0b4fa2e32e4e5d31bb17b70fc1c73ba94da21d69f551a29444a5349b",
                "36731f0022ae4b24ee34f440234d5630353035373ad2bfe79fac23f697e27b42",
                "d73d03652a2c30997e330559c023c5be875515c91add294adbdc7401596c95f3",
                "6df28ef30aa914f5758a51e223a543d397023af30b4371f7d69a6d06093ba7b3",
                "ed96b84b8771aedec066a574d327b26be02f3e55ba4070756a7a662a8fd5ce2d",
                "6e6ee721fe8c490fd752335e272de0cd18a3daae42404d6c47fdf684ce2fe08c",
                "8dd141343d02a28c25d89934c164d62973c6e7ac075b32c40f9fd41ede4cc285",
                "a6bcdf80eee2fc3e002ef7b07b6d063e5a9ba8751f7e2c71cb64c3eca5ad081a",
                "b495a03ecb3b9888432cbe70428804fc42a7590c29ef313afc01525a2a4b6ed4",
                "b8a162cd305ec78bd85f8e1b5a31a3e2c944fd560aa5f0e17e6b76de4c008e6b",
                "f9a203eafc72fbd7d6f5fe0d2049a1404bacd41621e93418eb9d1f04410c4062",
                "946186fc86c2d86d80cca22e7c863dc13c48020137bfa3dcbece2c9e17837846",
                "7ecd6bd2012f0585b0cc8009e96b377bbb5d6f1896ad60521eb0230545a28e18",
                "1fbd870ed43baca26427c59196eefd55f40b3e1ae4d7c6a3c75d80aba6c7d21b",
                "ca4e87ac6fb424223036dae801fdb0d303fb43c873a4c8c921140c802938ecbd"
            ]
        },
        {
            "rule": "inskinad\\.com\\/udb\\/9874\\/sync\\/i\\.gif",
            "cookies": 0.00317,
            "fingerprinting": 0,
            "subdomains": [
                "mfad"
            ],
            "apis": {},
            "sites": 31,
            "prevalence": 0.00317,
            "cnames": [],
            "responseHashes": [
                "a065920df8cc4016d67c3a464be90099c9d28ffe7c9e6ee3a18f257efc58cbd7"
            ]
        },
        {
            "rule": "inskinad\\.com\\/udb\\/9874\\/pool\\/set\\/i\\.gif",
            "cookies": 0.00307,
            "fingerprinting": 0,
            "subdomains": [
                "mfad"
            ],
            "apis": {},
            "sites": 30,
            "prevalence": 0.00307,
            "cnames": [],
            "responseHashes": [
                "a065920df8cc4016d67c3a464be90099c9d28ffe7c9e6ee3a18f257efc58cbd7"
            ]
        },
        {
            "rule": "inskinad\\.com\\/isfe\\/4\\.1\\/js\\/integration\\/base\\.gz\\.js",
            "cookies": 0,
            "fingerprinting": 1,
            "subdomains": [
                "cdn"
            ],
            "apis": {
                "Date.prototype.getTime": 7,
                "Navigator.prototype.userAgent": 7,
                "Screen.prototype.width": 7,
                "Screen.prototype.height": 7,
                "window.localStorage": 7,
                "Document.cookie getter": 7
            },
            "sites": 7,
            "prevalence": 0.000717,
            "cnames": [],
            "responseHashes": [
                "23ca64ebc88dcfd9dc482199fbcc76b4e4f396f948f09fa3435106128cd1ff4c"
            ]
        }
    ],
    "categories": [],
    "performance": {
        "time": 0,
        "size": 0,
        "cpu": 0,
        "cache": 3
    },
    "cookies": 0.00369,
    "types": {
        "XHR": 38,
        "Image": 61,
        "Script": 7
    }
}