{
    "domain": "ipstack.com",
    "owner": {
        "name": "apilayer GmbH",
        "displayName": "apilayer"
    },
    "source": [
        "DuckDuckGo-AU"
    ],
    "prevalence": 0.00116,
    "sites": 11,
    "subdomains": [
        "api"
    ],
    "cnames": [],
    "fingerprinting": 0,
    "resources": [
        {
            "rule": "ipstack\\.com\\/check",
            "cookies": 0.000841,
            "fingerprinting": 0,
            "subdomains": [
                "api"
            ],
            "apis": {},
            "sites": 8,
            "prevalence": 0.000841,
            "cnames": [],
            "responseHashes": [
                "0fd9f71d0905f3cb84de753efb865162e3ac415d4ac5a220e8b05fabfb68467f",
                "c6ff70e2bd3dd637e4a87fdd95025c2d1a20604fc876c2df95d763b532b0df15",
                "38b26d2da8c3e9161eabb39876043db592a2043309e6117254a446356ad6fd14",
                "e1ae3362d59671296e9aa8c9743df61c846a42d3f64361a39cfd9820afbd7845",
                "4617d7a74c4a4a62764dbb91027de04cbe34a7478a9fb9bf52cf377ed746fe91",
                "5a3619ba2bc4697879e30e5526992244866249309781e395d652da409d3c1837",
                "d804071ac2dcbeeb2c8393b19d4f2ea121bef7749a485616cd918f31b67291a1"
            ],
            "type": "XHR",
            "exampleSites": [
                "harveynorman.com.au",
                "www.arb.com.au",
                "www.harveynorman.com.au",
                "www.homeloanexperts.com.au",
                "www.homehardware.com.au",
                "www.microscooters.com.au",
                "www.princesspolly.com.au",
                "www.tableau.com"
            ]
        },
        {
            "rule": "ipstack\\.com\\/check",
            "cookies": 0.00021,
            "fingerprinting": 0,
            "subdomains": [
                "api"
            ],
            "apis": {},
            "sites": 2,
            "prevalence": 0.00021,
            "cnames": [],
            "responseHashes": [
                "2663e0b38beeaf6e3852b05eb2af2e6a343a2a331d6ab7c5a0f7efbc36d4b2d0"
            ],
            "type": "Script",
            "exampleSites": [
                "culturekings.com.au",
                "www.ray-ban.com"
            ]
        }
    ],
    "categories": [],
    "performance": {
        "time": 1,
        "size": 1,
        "cpu": 0,
        "cache": 3
    },
    "cookies": 0.00116,
    "types": {
        "XHR": 8,
        "Script": 2
    }
}