{
    "domain": "ipstack.com",
    "owner": {
        "name": "apilayer GmbH",
        "displayName": "apilayer"
    },
    "source": [
        "DuckDuckGo-AU"
    ],
    "prevalence": 0.00174,
    "sites": 17,
    "subdomains": [
        "api"
    ],
    "cnames": [],
    "fingerprinting": 0,
    "resources": [
        {
            "rule": "ipstack\\.com\\/check",
            "cookies": 0.000307,
            "fingerprinting": 0,
            "subdomains": [
                "api"
            ],
            "apis": {},
            "sites": 3,
            "prevalence": 0.000307,
            "cnames": [],
            "responseHashes": [
                "42f750262503ec011ecd8e64a0c2998796a56efe25da6ed23244061b2a46b7ee",
                "75dfa85f017ba11d8b50161482d85473670fca73cbb523aad42a5c6603d25e99"
            ]
        },
        {
            "rule": "ipstack\\.com\\/check",
            "cookies": 0.000819,
            "fingerprinting": 0,
            "subdomains": [
                "api"
            ],
            "apis": {},
            "sites": 8,
            "prevalence": 0.000819,
            "cnames": [],
            "responseHashes": [
                "956b59358008c9b9ca76e290e208fa8062b47cf84435c5a061012141ab38d490",
                "0605c341c28730a9386e7a556aace9e48898663374083045bba5b89911240d76",
                "00bd350513a728a0f463a715e611faadc37f45b228782c06e2b5cc77ab88ccb0",
                "38b26d2da8c3e9161eabb39876043db592a2043309e6117254a446356ad6fd14",
                "e1ae3362d59671296e9aa8c9743df61c846a42d3f64361a39cfd9820afbd7845",
                "a8941494f9a664219df2708d104ad16fe94fd267d06f1e71bf771d54adb8264f",
                "10eba18e7cd4f99c54850d073e1779848926adc64c42e23b355baabf1e1bc413"
            ]
        },
        {
            "rule": "ipstack\\.com\\/check",
            "cookies": 0.000512,
            "fingerprinting": 0,
            "subdomains": [
                "api"
            ],
            "apis": {},
            "sites": 5,
            "prevalence": 0.000512,
            "cnames": [],
            "responseHashes": [
                "3d55a6b1fad0852186bceae1a9ac1d8444bc6fb39999d537a5f125eb661b693a",
                "1e3b13f4190a19c020aa00f64032efdb2fc48cf56a910c313ec139e056ed8e75",
                "89536512e230707ba81e9f767dad0e0360dd01c46deb53df7df505347db9f535",
                "c327afb6217628c85581291d86ed39aa8b724985244becf8728a79592c38c3ef"
            ]
        },
        {
            "rule": "ipstack\\.com\\/20\\.193\\.45\\.113",
            "cookies": 0.000205,
            "fingerprinting": 0,
            "subdomains": [
                "api"
            ],
            "apis": {},
            "sites": 2,
            "prevalence": 0.000205,
            "cnames": [],
            "responseHashes": [
                "e5718b0e33cc7ec0aa9062c2be80373ad0c03de9428ab1f2ae80656e75deaa3a"
            ]
        }
    ],
    "categories": [],
    "performance": {
        "time": 1,
        "size": 1,
        "cpu": 0,
        "cache": 3
    },
    "cookies": 0.00174,
    "types": {
        "Fetch": 3,
        "XHR": 8,
        "Script": 7
    }
}