{
    "domain": "linkconnector.com",
    "owner": {
        "name": "LinkConnector Corporation",
        "displayName": "LinkConnector"
    },
    "source": [
        "DuckDuckGo-AU"
    ],
    "prevalence": 0.00142,
    "sites": 14,
    "subdomains": [
        "www"
    ],
    "cnames": [],
    "fingerprinting": 1,
    "resources": [
        {
            "rule": "linkconnector\\.com\\/uts_lp\\.php",
            "cookies": 0.00132,
            "fingerprinting": 1,
            "subdomains": [
                "www"
            ],
            "apis": {
                "Document.cookie getter": 7,
                "window.localStorage": 11,
                "Date.prototype.getTime": 12,
                "Document.cookie setter": 7
            },
            "sites": 13,
            "prevalence": 0.00132,
            "cnames": [],
            "responseHashes": [
                "3a7cc95c83703f44b8d944ad48b38824908a5b551ef2027ff9f9a04568e9d756",
                "634d97a8e9722cdc6fb145c738869f71134586338c75e5574e85ef453cde9b4f",
                "16bec44151b2767117277b6e792731212abaa887b7e3f6feeb2b85e377cb9336",
                "dfc449b00bb99617bff0440ed0aee36d75148a1e22293d302bb0781b22ebb12e",
                "cdd2a7b6e1aa8e75ed79216323d051ea4f501c2e28dc9d2204d05436af5846b5",
                "299605b37963687ecaa9281a6171dbd02caea4435636896c66f973637750e94f",
                "33c98af972859212fdfd09cef907ed754c046ded43781b38610dfa7243c3c62a",
                "a43a216057bb3e7e6508763fd6c9cd03e2293999e89a019ed7ad453d8777bdc7",
                "8f858745039f6ae4f5b26362429a95fbd14c8f1b4d4df1ed304b6b5d58ad7d68",
                "65e886860b98ce794f0a8e8748929baa9b8dd2e8998ff390963b4d0517ac28ab",
                "bc1bc206972c12c3006385f3d963f230cf107bf1e6e9584733c718951d8402a6",
                "7f3f199405e53c2c4d803168bd6038544818d35af868953e5333f1b3624da050"
            ],
            "type": "Script",
            "exampleSites": [
                "wondershare.com",
                "filmora.wondershare.com",
                "mobiletrans.wondershare.com",
                "pdf.wondershare.com",
                "recoverit.wondershare.com",
                "spyic.com",
                "videoconverter.wondershare.com",
                "www.edrawsoft.com",
                "www.imyfone.com",
                "www.minitool.com",
                "www.movavi.com",
                "www.pickupflowers.com",
                "www.popularwoodworking.com"
            ]
        },
        {
            "rule": "linkconnector\\.com\\/tu\\.php",
            "cookies": 0.00122,
            "fingerprinting": 0,
            "subdomains": [
                "www"
            ],
            "apis": {},
            "sites": 13,
            "prevalence": 0.00132,
            "cnames": [],
            "responseHashes": [
                "1cd58a827318c4a29b32a0db15c8c39d5651b42d8cad227519ad81bce4adb944"
            ],
            "type": "Image",
            "exampleSites": [
                "wondershare.com",
                "filmora.wondershare.com",
                "mobiletrans.wondershare.com",
                "pdf.wondershare.com",
                "recoverit.wondershare.com",
                "spyic.com",
                "videoconverter.wondershare.com",
                "www.aimersoft.com",
                "www.edrawsoft.com",
                "www.imyfone.com",
                "www.minitool.com",
                "www.movavi.com",
                "www.pickupflowers.com"
            ]
        },
        {
            "rule": "linkconnector\\.com\\/js\\/uts_uid\\.php",
            "cookies": 0.00122,
            "fingerprinting": 0,
            "subdomains": [
                "www"
            ],
            "apis": {},
            "sites": 13,
            "prevalence": 0.00132,
            "cnames": [],
            "responseHashes": [
                "1cd58a827318c4a29b32a0db15c8c39d5651b42d8cad227519ad81bce4adb944"
            ],
            "type": "Image",
            "exampleSites": [
                "wondershare.com",
                "filmora.wondershare.com",
                "mobiletrans.wondershare.com",
                "pdf.wondershare.com",
                "recoverit.wondershare.com",
                "spyic.com",
                "videoconverter.wondershare.com",
                "www.aimersoft.com",
                "www.edrawsoft.com",
                "www.imyfone.com",
                "www.minitool.com",
                "www.movavi.com",
                "www.pickupflowers.com"
            ]
        },
        {
            "rule": "linkconnector\\.com\\/uts_clickcounts\\.php",
            "cookies": 0.000406,
            "fingerprinting": 0,
            "subdomains": [
                "www"
            ],
            "apis": {},
            "sites": 4,
            "prevalence": 0.000406,
            "cnames": [],
            "responseHashes": [
                "e3b0c44298fc1c149afbf4c8996fb92427ae41e4649b934ca495991b7852b855"
            ],
            "type": "Script",
            "exampleSites": [
                "spyic.com",
                "www.edrawsoft.com",
                "www.minitool.com",
                "www.pickupflowers.com"
            ]
        }
    ],
    "categories": [],
    "performance": {
        "time": 1,
        "size": 1,
        "cpu": 0,
        "cache": 3
    },
    "cookies": 0.00142,
    "types": {
        "Script": 17,
        "Image": 26
    }
}