{
    "domain": "linkconnector.com",
    "owner": {
        "name": "LinkConnector Corporation",
        "displayName": "LinkConnector"
    },
    "source": [
        "DuckDuckGo-AU"
    ],
    "prevalence": 0.0014,
    "sites": 14,
    "subdomains": [
        "www"
    ],
    "cnames": [],
    "fingerprinting": 1,
    "resources": [
        {
            "rule": "linkconnector\\.com\\/uts_lp\\.php",
            "cookies": 0.0014,
            "fingerprinting": 1,
            "subdomains": [
                "www"
            ],
            "apis": {
                "Document.cookie getter": 10,
                "window.localStorage": 13,
                "Date.prototype.getTime": 14,
                "Document.cookie setter": 10
            },
            "sites": 14,
            "prevalence": 0.0014,
            "cnames": [],
            "responseHashes": [
                "0ecada0f73afa95fa4e4c4eed3c830603108c321383f3b826bb809f71888d41a",
                "8ea1fe131a2836760d976c8c38322a17071bda3b454f6e7a765e19a0a1759aa5",
                "1ed0e5eac11f82022656f314a9240e05b2dee8f9672ea177113ad9a312720ad6",
                "bb0a37f416bf401681cfa859ef89a3cd243adb850aceeb4cfc63cf7c6451e84c",
                "98bb949fea97820d5c7c7c1912594f24d04b4f2d637a2cae1c6802111d7f6b4d",
                "30c34c0e1cd51d096c259bedb6513f5603906828a9349eaf898da5f4ec233e85",
                "970f2250fa598f1e3a264e255e55f5d40091a29d502089e734a0dfc3c618a198",
                "bc6e50ccbbea19dce6dd856041f34e23b2a6a5c947eab235bae0aafd01dfd99c",
                "167c9bff8a73fbe98f5f81acc17bb4ef74cfbf34c3e09d6e30cda27f30fc3ff1",
                "27fe56b66ef3801be9bac5ac172d9b0f3cf4b9fd399cd5585fe0fbc1bfb260b2",
                "f613efd72cb2d2b9ce1f6aa91794cd6de5ec72fb562d178a7ed9a063781b1de8",
                "aa7dea923aa0b2af6a8083aa44359ec403a9beb3947372fa6118b9ab543fe83d",
                "c1946e625df0d7daf22f492d54ea7331f6d60ed0a4117eebe5b8b9eb41e0b733"
            ],
            "type": "Script",
            "firstPartyCookies": {
                "uts_id": {
                    "ttl": 157680009,
                    "length": 17,
                    "prevalence": 0.0009030704394942806,
                    "uniqueness": 1
                },
                "LCUTS_UID_900133": {
                    "ttl": 3610,
                    "length": 6,
                    "prevalence": 0.0006020469596628537,
                    "uniqueness": 0.16666666666666666
                },
                "LCUTS_UID_901600": {
                    "ttl": 3606,
                    "length": 6,
                    "prevalence": 0.00010034115994380895,
                    "uniqueness": 1
                },
                "LCUTS_UID_901518": {
                    "ttl": 3609,
                    "length": 6,
                    "prevalence": 0.00010034115994380895,
                    "uniqueness": 1
                },
                "LCUTS_UID_901602": {
                    "ttl": 3604,
                    "length": 6,
                    "prevalence": 0.00010034115994380895,
                    "uniqueness": 1
                },
                "LCUTS_UID_901229": {
                    "ttl": 3606,
                    "length": 6,
                    "prevalence": 0.00010034115994380895,
                    "uniqueness": 1
                }
            },
            "firstPartyCookiesSent": {
                "LCUTS_UID_900133": 0.0006020469596628537,
                "LCUTS_UID_901600": 0.00010034115994380895,
                "LCUTS_UID_901518": 0.00010034115994380895,
                "LCUTS_UID_901602": 0.00010034115994380895,
                "LCUTS_UID_901229": 0.00010034115994380895
            },
            "exampleSites": [
                "wondershare.com",
                "filmora.wondershare.com",
                "mobiletrans.wondershare.com",
                "passper.imyfone.com",
                "pdf.wondershare.com",
                "recoverit.wondershare.com",
                "spyic.com",
                "videoconverter.wondershare.com",
                "www.aimersoft.com",
                "www.edrawsoft.com",
                "www.halloweencostumes.com.au",
                "www.minitool.com",
                "www.movavi.com",
                "www.videoproc.com"
            ]
        },
        {
            "rule": "linkconnector\\.com\\/tu\\.php",
            "cookies": 0.0012,
            "fingerprinting": 0,
            "subdomains": [
                "www"
            ],
            "apis": {},
            "sites": 12,
            "prevalence": 0.0012,
            "cnames": [],
            "responseHashes": [
                "1cd58a827318c4a29b32a0db15c8c39d5651b42d8cad227519ad81bce4adb944"
            ],
            "type": "Image",
            "firstPartyCookies": {},
            "firstPartyCookiesSent": {
                "__atuvs": 0.00030102347983142685,
                "_uetsid": 0.0005017057997190448,
                "_uetvid": 0.0005017057997190448,
                "_ga": 0.0009030704394942806,
                "_gid": 0.0008027292795504716,
                "ws_visit_id": 0.0004013646397752358,
                "_gcl_au": 0.00010034115994380895,
                "_ws_id.101.de8e": 0.00010034115994380895,
                "_ws_device_id": 0.00010034115994380895,
                "srcSite": 0.00010034115994380895,
                "_fbp": 0.00010034115994380895
            },
            "exampleSites": [
                "wondershare.com",
                "filmora.wondershare.com",
                "mobiletrans.wondershare.com",
                "passper.imyfone.com",
                "pdf.wondershare.com",
                "recoverit.wondershare.com",
                "spyic.com",
                "videoconverter.wondershare.com",
                "www.aimersoft.com",
                "www.edrawsoft.com",
                "www.halloweencostumes.com.au",
                "www.movavi.com"
            ]
        },
        {
            "rule": "linkconnector\\.com\\/js\\/uts_uid\\.php",
            "cookies": 0.0012,
            "fingerprinting": 0,
            "subdomains": [
                "www"
            ],
            "apis": {},
            "sites": 12,
            "prevalence": 0.0012,
            "cnames": [],
            "responseHashes": [
                "1cd58a827318c4a29b32a0db15c8c39d5651b42d8cad227519ad81bce4adb944"
            ],
            "type": "Image",
            "firstPartyCookies": {},
            "firstPartyCookiesSent": {
                "LCUTS_UID_900133": 0.0006020469596628537,
                "LCUTS_UID_901600": 0.00010034115994380895,
                "LCUTS_UID_901518": 0.00010034115994380895,
                "LCUTS_UID_901229": 0.00010034115994380895
            },
            "exampleSites": [
                "wondershare.com",
                "filmora.wondershare.com",
                "mobiletrans.wondershare.com",
                "passper.imyfone.com",
                "pdf.wondershare.com",
                "recoverit.wondershare.com",
                "spyic.com",
                "videoconverter.wondershare.com",
                "www.aimersoft.com",
                "www.edrawsoft.com",
                "www.halloweencostumes.com.au",
                "www.movavi.com"
            ]
        },
        {
            "rule": "linkconnector\\.com\\/uts_clickcounts\\.php",
            "cookies": 0,
            "fingerprinting": 0,
            "subdomains": [
                "www"
            ],
            "apis": {},
            "sites": 5,
            "prevalence": 0.000502,
            "cnames": [],
            "responseHashes": [
                "e3b0c44298fc1c149afbf4c8996fb92427ae41e4649b934ca495991b7852b855"
            ],
            "type": "Script",
            "firstPartyCookies": {},
            "firstPartyCookiesSent": {
                "LCUTS_UID_901600": 0.00010034115994380895,
                "LCUTS_UID_901518": 0.00010034115994380895,