{
    "domain": "meredithcorp.io",
    "owner": {},
    "source": [
        "DuckDuckGo-AU"
    ],
    "prevalence": 0.00133,
    "sites": 13,
    "subdomains": [
        "imagesvc"
    ],
    "cnames": [],
    "fingerprinting": 0,
    "resources": [
        {
            "rule": "meredithcorp\\.io\\/v3\\/mm\\/image",
            "cookies": 0,
            "fingerprinting": 0,
            "subdomains": [
                "imagesvc"
            ],
            "apis": {},
            "sites": 12,
            "prevalence": 0.00123,
            "cnames": [],
            "responseHashes": [
                "81dea672559d58600ffe10f4ee5b580d915c2db4c110e626db3b07759cad960f",
                "f9d109f9eb3213f57c76749ae771997755c4fcbabe423315ea26f5012f8f4beb",
                "c8b9d7a641e4686fef9a34bf986d4bf249b53865f975d500c1557ccf55cb9ce0",
                "78f2bd1b36516450135d76be6f76ffddd9255b440bb6429d58394b147ed26d1d",
                "24029ceb75d177f5c8a5fb5859fecc091548b37abd6849f4d1083670482aaad5",
                "b0e139675749776ea25446d45435d9b5aebbe3bd1e252ccffe4ec925bd779e51",
                "523c06134fcfe386ac82fdf726b2bd5680156b6535e89ef54e4cccdb02295969",
                "436b28c7f00e729ff2f1cb1a92a86cdbc60583b813cf185655a39fc4f5896c56",
                "52b186d3f8075b6cd02ed38862ac5b0d72eb82ba4c9d9d0a9ff1f3eb867f708d",
                "2808f0d9d333fda0cce30dc7253ff3ca69198d5025c93c34103c0e5d97a95862",
                "0525794d727404999b7af324490a797eb2aa088155ecd5f9e9d85d1f0ee0aeb4"
            ],
            "type": "Image",
            "firstPartyCookies": {},
            "firstPartyCookiesSent": {},
            "exampleSites": [
                "people.com",
                "www.allrecipes.com",
                "www.bhg.com",
                "www.cookinglight.com",
                "www.eatingwell.com",
                "www.foodandwine.com",
                "www.health.com",
                "www.marthastewart.com",
                "www.myrecipes.com",
                "www.parents.com",
                "www.shape.com",
                "www.southernliving.com"
            ]
        },
        {
            "rule": "meredithcorp\\.io\\/v3\\/mm\\/gif",
            "cookies": 0,
            "fingerprinting": 0,
            "subdomains": [
                "imagesvc"
            ],
            "apis": {},
            "sites": 3,
            "prevalence": 0.000308,
            "cnames": [],
            "responseHashes": [
                "497c0b8319681ab29ea0384547361ad1c785302534d01b28e6db5898426d30cd",
                "0df9478a187367ebdddc3bed2c9fc4bb548ee61fb5b808d10fb6c2707a3192be"
            ],
            "type": "Image",
            "firstPartyCookies": {},
            "firstPartyCookiesSent": {},
            "exampleSites": [
                "realsimple.com",
                "www.realsimple.com",
                "www.shape.com"
            ]
        }
    ],
    "categories": [],
    "performance": {
        "time": 0,
        "size": 0,
        "cpu": 0,
        "cache": 1
    },
    "cookies": 0,
    "types": {
        "Image": 15
    },
    "nameservers": [
        "ns-61.awsdns-07.com",
        "ns-912.awsdns-50.net",
        "ns-1420.awsdns-49.org",
        "ns-1840.awsdns-38.co.uk"
    ]
}