{
    "domain": "mmapiws.com",
    "owner": {},
    "source": [
        "DuckDuckGo-AU"
    ],
    "prevalence": 0.000803,
    "sites": 8,
    "subdomains": [
        "d-ipv6"
    ],
    "cnames": [],
    "fingerprinting": 0,
    "resources": [
        {
            "rule": "mmapiws\\.com\\/ant_squire",
            "cookies": 0,
            "fingerprinting": 0,
            "subdomains": [
                "d-ipv6"
            ],
            "apis": {},
            "sites": 8,
            "prevalence": 0.000803,
            "cnames": [],
            "responseHashes": [
                "698d699bc59a450ba853d962a793eff4230aa25f737a51975d00846fa4eb076a",
                "ebb41ac3e134f462ea32a4503c4d9c414f7b501549d497a625dffebfeec82fdc",
                "33dddde286b798242fad0b86e18e1ec1d21ea9d6347ca7285b7f11cadfd06ec0",
                "0c247f76917535b0fcd21a3f62a5984ae3da467d5eb16b720a983620f239fb36",
                "c5e471e14d195d93fd0735be50df73ba0943a4ccfe46b5471dbc1273ad1b2fd6",
                "01a50b569051e33a150b195c1fd1ec7fb54031a7de0757c08713a203de67e6ca",
                "ea36dfc1b792008c581647933fd6924f73e66e74179deda6307f0d9667ce6c78"
            ],
            "type": "XHR",
            "firstPartyCookies": {},
            "firstPartyCookiesSent": {},
            "exampleSites": [
                "return2health.com.au",
                "www.anguscoote.com.au",
                "www.dshop.com.au",
                "www.goldmark.com.au",
                "www.hoselink.com.au",
                "www.macfixit.com.au",
                "www.medshop.com.au",
                "www.prouds.com.au"
            ]
        }
    ],
    "categories": [],
    "performance": {
        "time": 1,
        "size": 1,
        "cpu": 0,
        "cache": 3
    },
    "cookies": 0,
    "types": {
        "XHR": 8
    },
    "nameservers": [
        "kim.ns.cloudflare.com",
        "josh.ns.cloudflare.com"
    ]
}