{
    "domain": "p-n.io",
    "owner": {
        "name": "Pushly",
        "displayName": "Pushly"
    },
    "source": [
        "DuckDuckGo-AU"
    ],
    "prevalence": 0.00328,
    "sites": 32,
    "subdomains": [
        "cdn"
    ],
    "cnames": [],
    "fingerprinting": 2,
    "resources": [
        {
            "rule": "p-n\\.io\\/pushly-sdk\\.min\\.js",
            "cookies": 0.00215,
            "fingerprinting": 2,
            "subdomains": [
                "cdn"
            ],
            "apis": {
                "Navigator.prototype.plugins": 29,
                "window.sessionStorage": 29,
                "Navigator.prototype.cookieEnabled": 28,
                "Navigator.prototype.userAgent": 28,
                "Navigator.prototype.appVersion": 28,
                "Navigator.prototype.appCodeName": 28,
                "Navigator.prototype.product": 28,
                "Navigator.prototype.platform": 28,
                "Date.prototype.getTime": 26,
                "Document.cookie getter": 21,
                "Document.cookie setter": 21,
                "Notification.permission": 26
            },
            "sites": 32,
            "prevalence": 0.00328,
            "cnames": [],
            "responseHashes": [
                "7c9a092c966b1cabd272a50251724fe2b7042e450f3ececbfabecbec49c2c08d",
                "0b3e44e62f9b41fdc7efb25459c7d23f203a7958d5d335b02e08d8c0b7bae2ed",
                "b99666aa041501f50ac5fc4cfd6a995663671623cd28de252ddd8d32c6b46022",
                "2ce6784b73371615dbd0677fdfa4e60f18dd7a2b22ad06899b19555580d58b62",
                "13ed4cec467ef5fe052b828cb3f04caa419e3fd344c59c202bfdc11112ac8609",
                "30f1c729fc760b9554711ac7df70de24451b98451e724ac8522c88cae3e7b4a9",
                "8bbf095a9d40453b1a02a25a8e4b59165f3ccff8ba15f815b3d043044cded7fb",
                "62153d73993edbf5b5ac65dc232de9cc4c4cc7efac73bd295178e569fd0aa494",
                "9426b8c2734a20b9ee6377992eb878e7be08b001eaf045da5832d2ec823edaea",
                "337a0f1ddd9abb76f2e353c951272b689ef374f8aceda8414d6cb187a3e884c2",
                "99aa51e9f58531f601f0a3d8186d4d41c1f37d85458b511db09288470838588f",
                "25370c3f178164e29189f43085c8399eb8f4230b63bbb144e2415879a3635ef9",
                "76f8a63df5dc04d4cb225e7ef123c21604a4ad65553fed89c62fac3b04ec46a2",
                "874d0e7b450b3b483c1b11587fb49dc5c0c8ce6442a69cbccbdb1d30bf216dca",
                "9a9010a36d77d2e4615d00eb80671ca7022761135cf60db843d55acbce01ce54",
                "e739bbc9af391c702d6f4a4e42b07a66a69da0e693580df5a9768362f5ea2117",
                "131e79ba1dbc1ef9feddcc15068f3e8b4942c2b29f831df627edc3189e4f6497",
                "b4a8e59a4fc926599fe4c8a13091aa1bd3db510233de729ee98123f090d92578",
                "21d522e7ef0038901ce078eb9737127d446218a878d428a41c549faf93af6864",
                "0c0a0a5ba92ca62c1d8aca387f1e054a0a50baa1c93e5fb46a77a41ce2a23ae9",
                "9724907033154077609bbd5889c9df8b2497eb237011b5725f84845e26af569d",
                "dd3296d3b06cd628679a3efeee2909a4d74e379baf804e354ca4543adcea490c",
                "cbec7370c5056e74b553d9255c4a4a80f7fd18f5510b323f2ed98ef860fc02d9",
                "46346c04966c714b075dcf2754703241f446d1249c7a076bbaa42ae5abb46f64",
                "21c5e41a7037845c6f1ed659cfedcda3a295858ea52248310efd4fe6e4a5770e",
                "9ed00248e703d56771317f2a8d59b2d3551669036528ac0c6ea5ed1cec67cd40",
                "9529f7f8ff666c4265671a128c3746c810aadc51ca3dcfe98ab7943ae0cab900",
                "abcb292667eca7811f29cbdfd8bf055589c2909883c6a73947d6122cfeada46d"
            ],
            "type": "Script",
            "firstPartyCookies": {
                "pushly.user_puuid": {
                    "ttl": 863913616,
                    "length": 32,
                    "prevalence": 0.002154288059089044,
                    "uniqueness": 1
                },
                "_pnxd": {
                    "ttl": -86395,
                    "length": 15,
                    "prevalence": 0.002154288059089044,
                    "uniqueness": 0.38095238095238093
                },
                "_pnss": {
                    "ttl": 863913616,
                    "length": 7,
                    "prevalence": 0.002154288059089044,
                    "uniqueness": 0.047619047619047616
                },
                "_pnlspid": {
                    "ttl": -86384,
                    "length": 4,
                    "prevalence": 0.002154288059089044,
                    "uniqueness": 0.047619047619047616
                },
                "_pntx": {
                    "ttl": -86384,
                    "length": 4,
                    "prevalence": 0.002154288059089044,
                    "uniqueness": 0.047619047619047616
                },
                "_pnvl": {
                    "ttl": 863913624,
                    "length": 5,
                    "prevalence": 0.002051702913418137,
                    "uniqueness": 0.05
                }
            },
            "firstPartyCookiesSent": {},
            "exampleSites": [
                "nypost.com",
                "people.com",
                "www.accuweather.com",
                "www.allrecipes.com",
                "www.digitaltrends.com",
                "www.thesun.co.uk",
                "investorplace.com",
                "www.upi.com",
                "www.thestreet.com",
                "www.bhg.com",
                "www.themanual.com",
                "www.marthastewart.com",
                "www.thedailybeast.com",
                "newrepublic.com",
                "www.si.com",
                "www.petplace.com",
                "www.eatingwell.com",
                "www.parents.com",
                "www.myrecipes.com",
                "www.thesun.ie"
            ]
        },
        {
            "rule": "p-n\\.io\\/pushly-sdk\\.min\\.css",
            "cookies": 0,
            "fingerprinting": 0,
            "subdomains": [
                "cdn"
            ],
            "apis": {},
            "sites": 26,
            "prevalence": 0.00267,
            "cnames": [],
            "responseHashes": [
                "5c29bdda3e8c266b397b65031398f817e097b53d3ed4e47444baba159a72a608"
            ],
            "type": "Stylesheet",
            "firstPartyCookies": {},
            "firstPartyCookiesSent": {},
            "exampleSites": [
                "nypost.com",
                "people.com",
                "www.accuweather.com",
                "www.digitaltrends.com",
                "www.thesun.co.uk",
                "www.si.com",
                "www.bhg.com",
                "www.thesun.ie",
                "golf.com",
                "www.myrecipes.com",
                "www.parents.com",
                "www.foodandwine.com",
                "www.horoscope.com",
                "www.mercurynews.com",
                "brobible.com",
                "www.cookinglight.com",
                "www.thescottishsun.co.uk",
                "www.upi.com",
                "investorplace.com",
                "newrepublic.com"
            ]
        }
    ],
    "categories": [],
    "performance": {
        "time": 1,
        "size": 1,
        "cpu": 0,
        "cache": 3
    },
    "cookies": 0.00215,
    "types": {
        "Script": 32,
        "Stylesheet": 26
    },
    "nameservers": [
        "ns-191.awsdns-23.com",
        "ns-972.awsdns-57.net",
        "ns-1241.awsdns-27.org",
        "ns-1851.awsdns-39.co.uk"
    ]
}