{
    "domain": "plavxml.com",
    "owner": {},
    "source": [
        "DuckDuckGo-AU"
    ],
    "prevalence": 0.00401,
    "sites": 40,
    "subdomains": [
        "vxml4"
    ],
    "cnames": [],
    "fingerprinting": 1,
    "resources": [
        {
            "rule": "plavxml\\.com\\/sited\\/ref\\/phnumint_md_gp\\.jsp",
            "cookies": 0.00371,
            "fingerprinting": 1,
            "subdomains": [
                "vxml4"
            ],
            "apis": {
                "Document.cookie setter": 33,
                "Date.prototype.getTime": 5
            },
            "sites": 38,
            "prevalence": 0.00381,
            "cnames": [],
            "responseHashes": [
                "656ecbe1db074a2b3ef5ffd4de7635b4437697f6edb9128c39dad2f8c60c6dd7",
                "027f8f8efe403128993afb9710751b634916112447e810137d3b67de20cff640",
                "d01873a1ebb2a315498e9a70dc9f8438d5b5fa9061a6fa463653d972cf46639b",
                "4a7a5e47dead3c11c8f3f91da2fa751f0a769ab181e15b60dccb2c1943aa6be3",
                "1e2596e8fb640e9438c035282aa976446f5f5e5ca9839d3e78a12e2ffcb5b9e6",
                "6b5f3a774a7c50b1d648dd943712a7f966623ad35d5b41f381a0f7a953670ad4",
                "a27950f08196590da761e8e567262524ccdf2be648be79c5ecfcf18fdaaa2c56",
                "e35c9f49a8c7dd553e5167223d642895e412e03e2a353d770928d3ad607107d1",
                "ba685e080bf40f9da19818b2f0a48454272abdf82e5515f274a31f14866d52b0",
                "9f00f21f7f992264313dfa72753224aa0e1efe54f0598681e6ba3d9cf2efe50c",
                "9559966bf8377588ce0e47999f056c17b263b0066ed6e8aac981c3f377bf594b",
                "35689ec11f8f3615c424aa8add61b98d3d865a8db76fe0354f6c083ea6a66f3d",
                "dc1eb1d9d0144bf31faf4e7d55be6393f2da61718360ed02f3e0d4e49c9716c0",
                "d6320c2ecdb5a0c8875cb6882e35d03449b6763766c75e8d3b37a84622943a24",
                "d077bf6648f44bcd98f2597a59c2eabc81e6ca6a15894ebc0aabd9d2a3508f03",
                "63a34e6fb08cb9697a5d991f415119268aa12a9d22488ab40cb0762631f8b227",
                "343b7d117517578b1c5025777f474d4e2d148a6c48bf33614d2e5989f7cdece8",
                "6561f704efe092ee1df7cd4f0882501b0ed49aaea28d44706a49a687d4e21b6c",
                "fcedacdd2b07bfdbbeaa85c0d8e8edd863def7ed81cd574f5a839a59ec53c7ad",
                "5fea35aec8eaf4c3428fe4a9fd7d4fc7923a7cf2f3522361100d342aeeb796da",
                "ab86a29a73f7eb9d024f3a7523551f4bafb8fee87cadc5ea0eeb051f486d4154",
                "4a2a7cebb3ceb7b175392fdfedd1fcd3ac22fe916107f61b2a718bd86d943c37",
                "bdd897b5aee833dd2887d776435b9bc20167ac1c911b0ae86d16026f163d59c8",
                "bebcd9999bf46a65e631c250dc36050bfc998efc34050ac528cffaf4949f2efd",
                "51f2b880089cae865807460aad9e67549a9fa658021cf28f955f1382e7042d29",
                "6a0f6e94175e284ceb58aa041674b685bfe3e73b2687d633b73e9897d92a8943",
                "2179b873c0b2865551d934935ea0fce39c5be74020a4d6a6cfc6af98f34dfb08",
                "29768cbe066181f64fd668e240cea57b9b41f966faf32ab44e6cbe434fc250ca",
                "293b6517fc8b284834c36fedd248f99ebc1ae9e416078f1b7d0933329c5f623e",
                "de9f5767ace7812ff7e81650d141d793a9cd370b430d2d3ed13081cde98937d6",
                "a43e0b8cba2be92046e903affb65f7bfd511ec17858647852bd6c6d131cf5032",
                "2952da7945f0b1e84d8f59cd1853850388792ddb31dc112d006a13b8f0123695",
                "50796ba5da233849907eca08505d1e99f911001a1e579d00e8fa5ea46561b8a5",
                "0781a910ab523496b0b42784a0f751dcf809b15a38bebbf6fb963d796376f2f7",
                "0c55dd17fdccd7ddb14e60212c54ad38a085fa32cc320604f85434e276c68944",
                "247a8eda3c7966589844976409be9588cbfaf316a3aed98a9cc795386ec4e1b2"
            ],
            "type": "Script",
            "firstPartyCookies": {
                "delaconsessid": {
                    "ttl": null,
                    "length": 32,
                    "prevalence": 0.0033095978337177815,
                    "uniqueness": 1
                },
                "delaconphonenums": {
                    "ttl": null,
                    "length": 49,
                    "prevalence": 0.0015043626516899008,
                    "uniqueness": 1
                },
                "delaconphonenums_0": {
                    "ttl": null,
                    "length": 4013,
                    "prevalence": 0.00010029084344599338,
                    "uniqueness": 1
                },
                "delaconphonenums_1": {
                    "ttl": null,
                    "length": 4018,
                    "prevalence": 0.00010029084344599338,
                    "uniqueness": 1
                },
                "delaconphonenums_2": {
                    "ttl": null,
                    "length": 369,
                    "prevalence": 0.00010029084344599338,
                    "uniqueness": 1
                }
            },
            "firstPartyCookiesSent": {
                "IR_gbd": 0.00010029084344599338
            },
            "exampleSites": [
                "www.aussie.com.au",
                "www.lubemobile.com.au",
                "www.shannons.com.au",
                "www.flightcentre.com.au",
                "www.training.com.au",
                "www.obrien.com.au",
                "www.mebank.com.au",
                "www.intrepidtravel.com",
                "www.aia.com.au",
                "www.medibank.com.au",
                "www.optus.com.au",
                "www.instrumentchoice.com.au",
                "ahm.com.au",
                "www.bridgestone.com.au",
                "www.aami.com.au",
                "www.mynrma.com.au",
                "luxuryescapes.com",
                "www.loans.com.au",
                "www.gio.com.au",
                "www.navman.com.au"
            ]
        },
        {
            "rule": "plavxml\\.com\\/sited\\/ref\\/integration\\.jsp",
            "cookies": 0.00351,
            "fingerprinting": 0,
            "subdomains": [
                "vxml4"
            ],
            "apis": {},
            "sites": 35,
            "prevalence": 0.00351,
            "cnames": [],
            "responseHashes": [
                "e3b0c44298fc1c149afbf4c8996fb92427ae41e4649b934ca495991b7852b855"
            ],
            "type": "Script",
            "firstPartyCookies": {},
            "firstPartyCookiesSent": {
                "_ga": 0.004212215424731722,
                "delaconsessid": 0.003209306990271788,
                "lca-clientid": 0.00010029084344599338,
                "gaClientId": 0.00010029084344599338
            },
            "exampleSites": [
                "www.obrien.com.au",
                "www.mynrma.com.au",
                "yescrowd.optus.com.au",
                "www.suncorp.com.au",
                "www.aami.com.au",
                "luxuryescapes.com",
                "www.bupa.com.au",
                "employsure.com.au",
                "www.australianunity.com.au",
                "www.opencolleges.edu.au",
                "www.intrepidtravel.com",
                "www.bridgestone.com.au",
                "www.roofracksgalore.com.au",
                "www.aussie.com.au",
                "www.redenergy.com.au",
                "www.medibank.com.au",
                "www.apia.com.au",
                "www.simplyenergy.com.au",
                "australbricks.com.au",
                "my.bupa.com.au"
            ]
        },
        {
            "rule": "plavxml\\.com\\/sited\\/ref\\/integration\\.jsp",
            "cookies": 0.00191,
            "fingerprinting": 0,
            "subdomains": [
                "vxml4"
            ],
            "apis": {},
            "sites": 22,
            "prevalence": 0.00221,
            "cnames": [],
            "responseHashes": [
                "6adc3d4c1056996e4e8b765a62604c78b1f867cceb3b15d0b9bedb7c4857f992"
            ],
            "type": "Image",
            "firstPartyCookies": {},