{
    "domain": "rlets.com",
    "owner": {
        "name": "Gannett Co., Inc.",
        "displayName": "Gannett"
    },
    "source": [
        "DuckDuckGo-AU"
    ],
    "prevalence": 0.00158,
    "sites": 15,
    "subdomains": [
        "3b677535-c44c-4ea4-a9d7-486e6fd79679",
        "74ecc0f2-fdbb-4e92-bd9f-36c9498c0d50",
        "2c7ceeaf-2ee3-4faf-81ce-e0945456b4c5",
        "6fa33b71-605d-4d0e-b8f5-8d19eabbc9da",
        "4513f014-2cd5-40f9-a37d-fd60521e853f",
        "3da72eaa-b0a2-489b-a950-1e171a4f77e3",
        "59e795d9-ed34-4cae-85c0-1dc8ae444f4b",
        "20919874-0582-493f-9fd8-4d0cbab51441",
        "c767bf11-8c60-4d7a-8705-42c1bb9935f4",
        "66c4ab82-36c5-4d7e-b590-de7ecf016571",
        "08133b55-c2f2-4035-8ae9-64d7dd4be56c",
        "744e64e5-eac8-45ae-af86-11075e832c93",
        "cdn"
    ],
    "cnames": [],
    "fingerprinting": 1,
    "resources": [
        {
            "rule": "rlets\\.com\\/static\\/storage\\.html",
            "cookies": 0,
            "fingerprinting": 1,
            "subdomains": [
                "3b677535-c44c-4ea4-a9d7-486e6fd79679",
                "74ecc0f2-fdbb-4e92-bd9f-36c9498c0d50",
                "2c7ceeaf-2ee3-4faf-81ce-e0945456b4c5",
                "6fa33b71-605d-4d0e-b8f5-8d19eabbc9da",
                "4513f014-2cd5-40f9-a37d-fd60521e853f",
                "3da72eaa-b0a2-489b-a950-1e171a4f77e3",
                "59e795d9-ed34-4cae-85c0-1dc8ae444f4b",
                "20919874-0582-493f-9fd8-4d0cbab51441",
                "c767bf11-8c60-4d7a-8705-42c1bb9935f4",
                "66c4ab82-36c5-4d7e-b590-de7ecf016571",
                "08133b55-c2f2-4035-8ae9-64d7dd4be56c",
                "744e64e5-eac8-45ae-af86-11075e832c93"
            ],
            "apis": {
                "window.sessionStorage": 11,
                "window.localStorage": 11,
                "Date.prototype.getTime": 9
            },
            "sites": 13,
            "prevalence": 0.00137,
            "cnames": [],
            "responseHashes": [
                "4f2811181f643abb00bb91566dfb65505a66532a056f7081851b7885ec44e7b1"
            ],
            "type": "Document",
            "exampleSites": [
                "federation.edu.au",
                "macpaw.com",
                "www.allfourx4.com.au",
                "www.aramex.com.au",
                "www.carparts2u.com.au",
                "www.cyclingdeal.com.au",
                "www.eckersleys.com.au",
                "www.evoenergy.com.au",
                "www.fastway.com.au",
                "www.gardenexpress.com.au",
                "www.jameshardie.com.au",
                "www.kwikkopy.com.au",
                "www.steel-line.com.au"
            ]
        },
        {
            "rule": "rlets\\.com\\/api\\/v1\\/visits",
            "cookies": 0.000631,
            "fingerprinting": 0,
            "subdomains": [
                "3b677535-c44c-4ea4-a9d7-486e6fd79679",
                "2c7ceeaf-2ee3-4faf-81ce-e0945456b4c5",
                "4513f014-2cd5-40f9-a37d-fd60521e853f",
                "3da72eaa-b0a2-489b-a950-1e171a4f77e3",
                "59e795d9-ed34-4cae-85c0-1dc8ae444f4b",
                "c767bf11-8c60-4d7a-8705-42c1bb9935f4",
                "66c4ab82-36c5-4d7e-b590-de7ecf016571",
                "08133b55-c2f2-4035-8ae9-64d7dd4be56c",
                "744e64e5-eac8-45ae-af86-11075e832c93"
            ],
            "apis": {},
            "sites": 9,
            "prevalence": 0.000946,
            "cnames": [],
            "responseHashes": [
                "735840bfb70cda4601a46577827eff62528920eca4f06c19c1c147379a6d6e98",
                "528eb05e4dd01e8707b00b5a863c39b6e961a62edb83d133d1eba5b3831e49c1",
                "1c72be86ab9abe51683c3ecf92fe8f944a34266eebbfbcee10193c11de2560af",
                "8916365b13a9fb3f04759b6d1aa23f536d2323fce8de4ee13e25f938679711ec",
                "479758ee042cd5d0818bb0ea3c1be1684e3816b1adc89dbd5f8fbdbe1ee1a508"
            ],
            "type": "XHR",
            "exampleSites": [
                "federation.edu.au",
                "www.allfourx4.com.au",
                "www.carparts2u.com.au",
                "www.cyclingdeal.com.au",
                "www.eckersleys.com.au",
                "www.gardenexpress.com.au",
                "www.jameshardie.com.au",
                "www.kwikkopy.com.au",
                "www.steel-line.com.au"
            ]
        },
        {
            "rule": "rlets\\.com\\/capture_static\\/mms\\/mms\\.js",
            "cookies": 0,
            "fingerprinting": 1,
            "subdomains": [
                "cdn"
            ],
            "apis": {
                "window.localStorage": 1
            },
            "sites": 3,
            "prevalence": 0.000315,
            "cnames": [],
            "responseHashes": [
                "58e4c040867bc9a8524708a16468bd6f5c71093803902b84aa08950a0568bab6"
            ],
            "type": "Script",
            "exampleSites": [
                "anytimefitness.com.au",
                "www.cyclingdeal.com.au",
                "www.fastway.com.au"
            ]
        },
        {
            "rule": "rlets\\.com\\/capture_configs\\/6fa\\/33b\\/716\\/05d4d0eb8f58d19eabbc9da\\.js",
            "cookies": 0.00021,
            "fingerprinting": 1,
            "subdomains": [
                "cdn"
            ],
            "apis": {
                "window.localStorage": 2,
                "Navigator.prototype.userAgent": 2,
                "Document.cookie setter": 2,
                "Document.cookie getter": 2,
                "window.sessionStorage": 2
            },
            "sites": 2,
            "prevalence": 0.00021,
            "cnames": [],
            "responseHashes": [
                "2b7b2c82c3b2d650cbd7d345cdf9a6a02ee5f9c43f6f10eb5eab74c5518c447e"
            ],
            "type": "Script",
            "exampleSites": [
                "aramex.com.au",
                "www.fastway.com.au"
            ]
        }
    ],
    "categories": [],
    "performance": {
        "time": 1,
        "size": 1,
        "cpu": 0,
        "cache": 3
    },
    "cookies": 0.00116,
    "types": {
        "Document": 13,
        "XHR": 9,
        "Script": 5
    }
}