{
    "domain": "sekindo.com",
    "owner": {
        "name": "Oracle + Dyn",
        "displayName": "Oracle + Dyn"
    },
    "source": [
        "DuckDuckGo-AU"
    ],
    "prevalence": 0.00185,
    "sites": 18,
    "subdomains": [
        "live"
    ],
    "cnames": [],
    "fingerprinting": 2,
    "resources": [
        {
            "rule": "sekindo\\.com\\/live\\/liveView\\.php",
            "cookies": 0.00164,
            "fingerprinting": 1,
            "subdomains": [
                "live"
            ],
            "apis": {
                "Date.prototype.getTime": 14,
                "Navigator.prototype.platform": 14
            },
            "sites": 17,
            "prevalence": 0.00174,
            "cnames": [],
            "responseHashes": [
                "f6076ff0696865a5b7f60e2cf9f80787794a2d014aed95ce364db40a8d8e6969",
                "3f6d99497b587262ea7714c0e3af21220763cf14b64c0092f454fac4315931f4",
                "2883f6acf69f95549b735dac40ef37995c99c31a24161bf68db468004387c884",
                "fb424ff7b0ff21549c25dc5770175bd991fdd6e6e03cf53e3d6e1035c61092e3",
                "e60148ed32fae372adb889b617980898ed2f0dd3d07e14f4afb4930874a1cf27",
                "13dd0d720f988a96fcce167553fb92ed2ddf781bce9bfd242b7504010fcd2351",
                "914c6479bab2860c0769732ffa1f25813dd6448624afb47f929f663a0d012139",
                "de89c62e7edc6dd2d3fd181cf9dd0e07ebd0ca165f93ce26a9b489403089cb1f",
                "48eee12692ffa089c163b85d2674dc298fc3feec55474a7108c738370b4beadd",
                "5b496c4c5178d1db4d24048c802bf7b4568924c4a1894b44c3809c3ef2feff82",
                "62612baa8a0bef814e6a801b4c5d46f2ef00a12b948caf857619f7ef82f90ecc",
                "a04fac26e3ce85df6f417c9e39625ec4b856b7b8f576824d7574ed6b6b01e0ce",
                "165f63072b7a850363e0bb2736588913bbd83ddc179a55cef47bdc3a6ef37e72",
                "d8007a56f5e783a04bf39b93b3d2b0f7ad666449d182234dd117d2ac93522bb9"
            ],
            "type": "Script",
            "firstPartyCookies": {},
            "firstPartyCookiesSent": {
                "MgidSensorHref": 0.00010258514567090685
            },
            "exampleSites": [
                "investing.com",
                "darksouls3.wiki.fextralife.com",
                "divinityoriginalsin2.wiki.fextralife.com",
                "mediabiasfactcheck.com",
                "monsterhunterrise.wiki.fextralife.com",
                "monsterhunterworld.wiki.fextralife.com",
                "respawnfirst.com",
                "tunebat.com",
                "www.babynamespedia.com",
                "www.citethisforme.com",
                "www.elyrics.net",
                "www.phonearena.com",
                "www.premierguitar.com",
                "www.speedrun.com",
                "www.studylight.org",
                "www.systutorials.com",
                "www.unix.com"
            ]
        },
        {
            "rule": "sekindo\\.com\\/content\\/video\\/hls\\/hls\\.0\\.12\\.4_2\\.min\\.js",
            "cookies": 0,
            "fingerprinting": 0,
            "subdomains": [
                "live"
            ],
            "apis": {},
            "sites": 14,
            "prevalence": 0.00144,
            "cnames": [],
            "responseHashes": [
                "13ab06913444b6e3b4139e5487813073f11e082878ae8a5bf5213fdc6f95f5e0"
            ],
            "type": "Script",
            "firstPartyCookies": {},
            "firstPartyCookiesSent": {},
            "exampleSites": [
                "fextralife.com",
                "divinityoriginalsin2.wiki.fextralife.com",
                "mediabiasfactcheck.com",
                "monsterhunterrise.wiki.fextralife.com",
                "monsterhunterworld.wiki.fextralife.com",
                "respawnfirst.com",
                "tunebat.com",
                "www.citethisforme.com",
                "www.elyrics.net",
                "www.phonearena.com",
                "www.premierguitar.com",
                "www.speedrun.com",
                "www.systutorials.com",
                "www.unix.com"
            ]
        },
        {
            "rule": "sekindo\\.com\\/content\\/prebid\\/prebidVid\\.4\\.8\\.0_5\\.min\\.js",
            "cookies": 0,
            "fingerprinting": 2,
            "subdomains": [
                "live"
            ],
            "apis": {
                "Navigator.prototype.userAgent": 8,
                "Navigator.prototype.cookieEnabled": 8,
                "window.sessionStorage": 8,
                "window.localStorage": 8,
                "Document.cookie getter": 1,
                "Date.prototype.getTime": 4,
                "Navigator.prototype.language": 2,
                "Screen.prototype.height": 2,
                "Screen.prototype.width": 2,
                "Navigator.prototype.doNotTrack": 2,
                "Navigator.prototype.vendor": 2,
                "Screen.prototype.colorDepth": 2,
                "Date.prototype.getTimezoneOffset": 2
            },
            "sites": 14,
            "prevalence": 0.00144,
            "cnames": [],
            "responseHashes": [
                "df8b8eed2ce43f8c47485a39b1d4b3c2b1f2253c7c74584392583da180160072"
            ],
            "type": "Script",
            "firstPartyCookies": {},
            "firstPartyCookiesSent": {},
            "exampleSites": [
                "fextralife.com",
                "divinityoriginalsin2.wiki.fextralife.com",
                "mediabiasfactcheck.com",
                "monsterhunterrise.wiki.fextralife.com",
                "monsterhunterworld.wiki.fextralife.com",
                "respawnfirst.com",
                "tunebat.com",
                "www.citethisforme.com",
                "www.elyrics.net",
                "www.phonearena.com",
                "www.premierguitar.com",
                "www.speedrun.com",
                "www.systutorials.com",
                "www.unix.com"
            ]
        },
        {
            "rule": "sekindo\\.com\\/live\\/liveVideo\\.php",
            "cookies": 0,
            "fingerprinting": 2,
            "subdomains": [
                "live"
            ],
            "apis": {
                "HTMLMediaElement.prototype.canPlayType": 7,
                "MediaSource.isTypeSupported": 7,
                "Date.prototype.getTime": 7,
                "Screen.prototype.orientation": 7,
                "Screen.prototype.width": 7,
                "Navigator.prototype.userAgent": 7,
                "window.localStorage": 1
            },
            "sites": 14,
            "prevalence": 0.00144,
            "cnames": [],
            "responseHashes": [
                "c95c98fb64099023d832c21c819e001004ab53a2f96aea5b73f2f8a8bc16fac6",
                "e195dc6cacf08da60a10d5e5ec22676663d3b833f366eb616e791f9ddf169c3e",
                "c2c799028cfbe4ce37795ec4c353b0eec08e1b993884e376beb7e0f26140f372",
                "c1fa2f8296c48f1505afbf042cd6fbfdbeb88a780bbd8a20f8a11d747d9c5285",
                "6e251ede4c8c70081ee820b70cb6c74a36ec6b0a13e434a15fdcaa302b5d8500",
                "92ea724eb2e54c46b9c69e83b673aeeee745e25b5ef624875898fd56565fc525",
                "6274c712e470bae2ea852a1c4e2b68684ada2364ea376dc3995eb165c8ca4131"
            ],
            "type": "Script",
            "firstPartyCookies": {},
            "firstPartyCookiesSent": {},