{
    "domain": "sibautomation.com",
    "owner": {
        "name": "Dual Technologies Services",
        "displayName": "Dual Technologies Services"
    },
    "source": [
        "DuckDuckGo-AU"
    ],
    "prevalence": 0.000803,
    "sites": 8,
    "subdomains": [],
    "cnames": [],
    "fingerprinting": 1,
    "resources": [
        {
            "rule": "sibautomation\\.com\\/sa\\.js",
            "cookies": 0.000201,
            "fingerprinting": 1,
            "subdomains": [],
            "apis": {
                "Date.prototype.getTime": 8,
                "Document.cookie getter": 8,
                "Document.cookie setter": 2
            },
            "sites": 8,
            "prevalence": 0.000803,
            "cnames": [],
            "responseHashes": [
                "0468ed1fd112aaedff020a1071c779427e5afe01cfdf98a157c2616cffe006ab"
            ],
            "type": "Script",
            "firstPartyCookies": {
                "sib_cuid": {
                    "ttl": 15685210,
                    "length": 36,
                    "prevalence": 0.0002006823198876179,
                    "uniqueness": 1
                }
            },
            "firstPartyCookiesSent": {},
            "exampleSites": [
                "creately.com",
                "hubite.com",
                "paleogrubs.com",
                "startsat60.com",
                "www.bitdegree.org",
                "www.dndbeyond.com",
                "www.ikeahackers.net",
                "www.tupperware.com.au"
            ]
        },
        {
            "rule": "sibautomation\\.com\\/cm\\.html",
            "cookies": 0,
            "fingerprinting": 1,
            "subdomains": [],
            "apis": {
                "Date.prototype.getTime": 8
            },
            "sites": 8,
            "prevalence": 0.000803,
            "cnames": [],
            "responseHashes": [
                "9af696d879f24549b1459ac633e5fa5cf07dcca445748dff3131872118f90ca3",
                "7de3fb08e91497e6b825138963d30a44b3f77eddfc3f58e367714dff8697ba05",
                "f5773c8f8d9d59f987872bf1220ddea4ba1f20e65611aa08ba61c16f8218934d",
                "78906196732b23ea970cb7c277cef2bacbb27225e3dce6530c2a443d4be4745b",
                "3c58ba8076154598c97a26a1ee9a6cf78b063cf9098a5777c94b9abc37caf6f6",
                "8d0318ebcf2ba27df4463a418aa8acc98eb1b2fcd72e456db697bf26d2bbbb69",
                "4425b701bfa26c8b7822c2bcd05572cc086c0a16ac1389baa6655f65b7bceb17"
            ],
            "type": "Document",
            "firstPartyCookies": {},
            "firstPartyCookiesSent": {},
            "exampleSites": [
                "creately.com",
                "hubite.com",
                "paleogrubs.com",
                "startsat60.com",
                "www.bitdegree.org",
                "www.dndbeyond.com",
                "www.ikeahackers.net",
                "www.tupperware.com.au"
            ]
        },
        {
            "rule": "sibautomation\\.com\\/cdn-cgi\\/rum",
            "cookies": 0,
            "fingerprinting": 0,
            "subdomains": [],
            "apis": {},
            "sites": 8,
            "prevalence": 0.000803,
            "cnames": [],
            "responseHashes": [
                "e3b0c44298fc1c149afbf4c8996fb92427ae41e4649b934ca495991b7852b855"
            ],
            "type": "XHR",
            "firstPartyCookies": {},
            "firstPartyCookiesSent": {},
            "exampleSites": [
                "creately.com",
                "hubite.com",
                "paleogrubs.com",
                "startsat60.com",
                "www.bitdegree.org",
                "www.dndbeyond.com",
                "www.ikeahackers.net",
                "www.tupperware.com.au"
            ]
        }
    ],
    "categories": [],
    "performance": {
        "time": 1,
        "size": 1,
        "cpu": 0,
        "cache": 3
    },
    "cookies": 0.000201,
    "types": {
        "Script": 8,
        "Document": 8,
        "XHR": 8
    },
    "nameservers": [
        "josh.ns.cloudflare.com",
        "mary.ns.cloudflare.com"
    ]
}