{
    "domain": "speedcurve.com",
    "owner": {},
    "source": [
        "DuckDuckGo-AU"
    ],
    "prevalence": 0.00419,
    "sites": 40,
    "subdomains": [
        "cdn"
    ],
    "cnames": [],
    "fingerprinting": 1,
    "resources": [
        {
            "rule": "speedcurve\\.com\\/js\\/lux\\.js",
            "cookies": 0.000628,
            "fingerprinting": 1,
            "subdomains": [
                "cdn"
            ],
            "apis": {
                "PerformanceTiming.prototype.navigationStart": 35,
                "Document.cookie getter": 6,
                "Document.cookie setter": 6,
                "Navigator.prototype.connection": 2,
                "Navigator.prototype.deviceMemory": 2
            },
            "sites": 38,
            "prevalence": 0.00398,
            "cnames": [],
            "responseHashes": [
                "eccc2ec415a62c04085c3a8ed0bed66d15d87b1c45cce979c679d12380b29910",
                "d17ef692b6787b1e88fa7ec9b42240f18bbc25cb615658bb464df2ef6f07c9a6",
                "895eb06e051e7576e65da211e00d620cf8886e87f71de56583f8ccc4ffcbe799",
                "f6a1b7a12ea0900f6537b74ac24292835d64de3a4f52ab176827b46048a51436",
                "c9cb16f1ca69ece9452b6c3845b6f3c9df3f8bb4d0dc5a59001fbf5efb29d46b",
                "8e0cf75c2cfcb35edbce8e01875f1690dc3ffbfbb3eff4f3e02f69da5a5d6846",
                "4b86d55e682e61891e771674a0d86238502ad65483d86374043c1ca3c11fb555",
                "aa2375ce59752b1bc0fb66e61f2f572c31ae42d0e8b835b579868b1d7e986a8d",
                "ecb2744b9b0329933caadedbca11b66c9ed0095ce17635309b0acc8396f9fdf4",
                "4798c8035be08bfd36e7a50009bc33b8a9c202a09c96e55132094bec1ab52481",
                "0f8491a1e914e704cdd81e425ee7627383de8d175a84a6d51c7a228281a6a81c"
            ],
            "type": "Script",
            "exampleSites": [
                "developer.mozilla.org",
                "docs.microsoft.com",
                "gizmodo.com",
                "www.cosmopolitan.com",
                "www.edmunds.com",
                "www.redtube.com",
                "www.insider.com",
                "weather.goldcoast.com.au",
                "www.mtbr.com",
                "www.theonion.com",
                "www.gardenersworld.com",
                "www.ebaumsworld.com",
                "www.websitebuilderexpert.com",
                "kotaku.com",
                "www.kidspot.com.au",
                "jalopnik.com",
                "www.bodyandsoul.com.au",
                "www.coursehero.com",
                "io9.gizmodo.com",
                "www.benzworld.org"
            ]
        }
    ],
    "categories": [],
    "performance": {
        "time": 1,
        "size": 1,
        "cpu": 0,
        "cache": 3
    },
    "cookies": 0.000628,
    "types": {
        "Script": 38
    }
}