{
    "domain": "speedcurve.com",
    "owner": {},
    "source": [
        "DuckDuckGo-AU"
    ],
    "prevalence": 0.00604,
    "sites": 59,
    "subdomains": [
        "cdn"
    ],
    "cnames": [],
    "fingerprinting": 1,
    "resources": [
        {
            "rule": "speedcurve\\.com\\/js\\/lux\\.js",
            "cookies": 0.00102,
            "fingerprinting": 1,
            "subdomains": [
                "cdn"
            ],
            "apis": {
                "PerformanceTiming.prototype.navigationStart": 51,
                "Document.cookie getter": 10,
                "Document.cookie setter": 10,
                "Navigator.prototype.connection": 1,
                "Navigator.prototype.deviceMemory": 1
            },
            "sites": 59,
            "prevalence": 0.00604,
            "cnames": [],
            "responseHashes": [
                "f1e206665f2eb3706a97a68f996d52afc57916db3992a17c710ab6af5bd081ef",
                "eccc2ec415a62c04085c3a8ed0bed66d15d87b1c45cce979c679d12380b29910",
                "d17ef692b6787b1e88fa7ec9b42240f18bbc25cb615658bb464df2ef6f07c9a6",
                "895eb06e051e7576e65da211e00d620cf8886e87f71de56583f8ccc4ffcbe799",
                "f6a1b7a12ea0900f6537b74ac24292835d64de3a4f52ab176827b46048a51436",
                "c9cb16f1ca69ece9452b6c3845b6f3c9df3f8bb4d0dc5a59001fbf5efb29d46b",
                "8e0cf75c2cfcb35edbce8e01875f1690dc3ffbfbb3eff4f3e02f69da5a5d6846",
                "4b86d55e682e61891e771674a0d86238502ad65483d86374043c1ca3c11fb555",
                "4798c8035be08bfd36e7a50009bc33b8a9c202a09c96e55132094bec1ab52481",
                "5a27b27c4ae043579c2bcf2f36d8d3dca9ff515625187fe4f99dfc19cc2909dd",
                "fde4b976a0935c4ef0359cfaaf2f088702c847b8aade075ee6b7efa0ead13e5a",
                "ce308d68090e645d82ab3a189e6c2ccd621a86e21065a2f73a71b01d27c3977a",
                "fdf15be9538d18a0efb93218f4adb133e8aedd90eb4259cd5d1550ad19b689f5",
                "aa2375ce59752b1bc0fb66e61f2f572c31ae42d0e8b835b579868b1d7e986a8d",
                "f55387e77d95fa3c0261ffb45e840f3fd71778dd9a8ee9ed8c9225bd103ca81c",
                "e05b92dcf7ea25b8197df1845c56b8aa0e0c9dc63aa9de5c3c6b1c1965a02654",
                "0f8491a1e914e704cdd81e425ee7627383de8d175a84a6d51c7a228281a6a81c",
                "8ce539cb845a1de1481bccff267ffedfa8a12f81ffee060c447992409a7bf73f"
            ],
            "type": "Script",
            "firstPartyCookies": {
                "lux_uid": {
                    "ttl": 1800,
                    "length": 18,
                    "prevalence": 0.0010230179028132991,
                    "uniqueness": 1
                }
            },
            "firstPartyCookiesSent": {},
            "exampleSites": [
                "developer.mozilla.org",
                "docs.microsoft.com",
                "gizmodo.com",
                "lifehacker.com",
                "www.cosmopolitan.com",
                "www.edmunds.com",
                "www.forbes.com",
                "www.redtube.com",
                "www.kidspot.com.au",
                "www.jetstar.com",
                "www.iphonelife.com",
                "www.gucci.com",
                "www.dailytelegraph.com.au",
                "www.bikeradar.com",
                "kotaku.com",
                "delicious.com.au",
                "www.subaruforester.org",
                "www.mtbr.com",
                "www.patrol4x4.com",
                "www.pcinvasion.com"
            ]
        }
    ],
    "categories": [],
    "performance": {
        "time": 1,
        "size": 1,
        "cpu": 0,
        "cache": 3
    },
    "cookies": 0.00102,
    "types": {
        "Script": 59
    },
    "nameservers": [
        "ns1.dnsimple.com",
        "ns2.dnsimple.com",
        "ns3.dnsimple.com",
        "ns4.dnsimple.com"
    ]
}