{
    "domain": "thebrighttag.com",
    "owner": {
        "name": "TransUnion LLC",
        "displayName": "TransUnion"
    },
    "source": [
        "DuckDuckGo-AU"
    ],
    "prevalence": 0.00297,
    "sites": 29,
    "subdomains": [
        "s"
    ],
    "cnames": [],
    "fingerprinting": 0,
    "resources": [
        {
            "rule": "thebrighttag\\.com\\/tag",
            "cookies": 0.000205,
            "fingerprinting": 0,
            "subdomains": [
                "s"
            ],
            "apis": {},
            "sites": 17,
            "prevalence": 0.00174,
            "cnames": [],
            "responseHashes": [
                "15f45bd76aa4fdc11f98b18d65c4ded8364a24d3c914f5770d5058256e15cb71",
                "8a837ff2c0b573f8f0cd750db5dd2edf7e8672811d86a4c35aa3d2dbe236ab58",
                "0600a421b508567b92893d6554fd2b43f9b4ba562ea570c26d9b26dfc08d8a19",
                "c0a7043be6fbe936381e7cb78ac37d7412a5a6419f5946321fc6ce843011c8d3",
                "e3b0c44298fc1c149afbf4c8996fb92427ae41e4649b934ca495991b7852b855",
                "0b0af85d3bc359f3d6f86019ea9a0a516087d9652dcc33c36fee2f12a570a5fa",
                "cf1d3ba4973ce6f9d004a89d3c205409d136682924724e27ded322d581070045",
                "231ec412f0a0d5aacec6d7856da78b698163a23268d9f6f6a871d4cd5e0b8c37",
                "acd3d151601cc445a41bc6b40ea99a078ddb448096406a172d8a6d9f21acbdb4",
                "8534a590665cb27b70ff2877a38240cc6b4639ae3e0fa86a2911318e9f676827",
                "4db5ce801f4a31c7112d35b35c0e05853b32bc24276d8cbae7494f769e5ffa3d",
                "1ac1b9091d77dd3e204d1a3c58a542d7212bcce2377d44d13268117c804e8d81",
                "e1c83a47bc2ab887b2b407e7c6eeb2933acbd8b549756d1214c1e704ee7eea98"
            ]
        },
        {
            "rule": "thebrighttag\\.com\\/cs",
            "cookies": 0.000102,
            "fingerprinting": 0,
            "subdomains": [
                "s"
            ],
            "apis": {},
            "sites": 8,
            "prevalence": 0.000819,
            "cnames": [],
            "responseHashes": [
                "8337212354871836e6763a41e615916c89bac5b3f1f0adf60ba43c7c806e1015"
            ]
        }
    ],
    "categories": [
        "Ad Motivated Tracking",
        "Advertising",
        "Third-Party Analytics Marketing"
    ],
    "performance": {
        "time": 1,
        "size": 1,
        "cpu": 1,
        "cache": 3
    },
    "cookies": 0.000307,
    "types": {
        "Script": 17,
        "Image": 8
    }
}