{
    "domain": "wisepops.com",
    "owner": {
        "name": "Benjamin Cahen",
        "displayName": "Benjamin Cahen"
    },
    "source": [
        "DuckDuckGo-AU"
    ],
    "prevalence": 0.00341,
    "sites": 34,
    "subdomains": [
        "loader",
        "popup",
        "tracking"
    ],
    "cnames": [],
    "fingerprinting": 1,
    "resources": [
        {
            "rule": "wisepops\\.com\\/get-loader\\.js",
            "cookies": 0.00191,
            "fingerprinting": 1,
            "subdomains": [
                "loader"
            ],
            "apis": {
                "window.localStorage": 24,
                "Document.cookie getter": 18,
                "Date.prototype.getTime": 24,
                "Document.cookie setter": 19,
                "Navigator.prototype.cookieEnabled": 24
            },
            "sites": 34,
            "prevalence": 0.00341,
            "cnames": [],
            "responseHashes": [
                "e3b0c44298fc1c149afbf4c8996fb92427ae41e4649b934ca495991b7852b855",
                "f76102e7ec1ff710d5645e94747667b98a0b8945c53d7d537307e1e01ec8f124",
                "b802f5280a3d919b4cb7990a310e7e4e5e804a8c2d0a32f3047b149f6bb1d56b",
                "71319d314d71ac14812e649cf32e1fdf15d1d11ce211fecfdd9d271ec5d480ce",
                "cc78222e887c0b1cfa233b047d4b37cce554ed8559bd0ea8a716dd0b5bd31aab",
                "455955081f44da9c47662cee2f6044ad44d07e1b8dc2dc63fb9ad0867925888e",
                "858d9a753df5cbcd4d747049ac2c50627ca0a001dde2ab68b24417f083aee376",
                "83a7ce00882294635cbc670c6ca6c0029852273ea4da734fd3c6dfb034632079",
                "ec446d5465eb33d5188b0142ef5244765a512e71d6f30cc9e5ecc80726572a3c",
                "cee53938059222367470a9b9be239f07300401bc22dc43ba90153ce05bbe212e",
                "a0c5c0e0e2228b36fb984e816b88027926252aa0e76007a89d88c81d187be411",
                "6c70d2bf0bde2665e112738d67f90838fb081d626b595d5d78eada0ea7501b5c",
                "b79279bb811db68d7cc092aeef0076d75097ce2a07d9150fd6791f83a48f3a00",
                "4afcfc4ae30ab346536becb15a8d0ce5445ec8fff0b8a2a2309c58e4f393ad7d",
                "d31232f725c1b7e5ca0abdf12205d086a2e7e15ef8acaac102da052a64c44140",
                "072a53e0ca63107b358c29272684e81f63fa3ccb9cbcd541bae5115c19ccb3c8",
                "a199b88dcf452f80c74d4cece11c4d7ceeb6531ca9e690e03a66d6a5670c3d27",
                "00a7a2c419b86e7442823a1b7b1e8c13cd89ec796d540c9280316c8e5abd6974",
                "b823a81fa67ee146fd23696c641dc14a70663f338087c17334303507018ab6c5",
                "ddbd57677c8517f153c868127d6740ef9dabf23ee31513b97c9928717edf1db0",
                "779f5edbe0fdffd9147c86ca99badfffcb64a136b51de9be0ffbed6886b55df2",
                "118efd3f27e61951242e40f895d7c61178873ea81bae16a33ec3540e892d97c6",
                "8e7b04c7e6a9d4f457c6de3781c8aa8ac0f086768ed7debf194688dea7fce078",
                "62707eb5508537a6e646f3a8dccf927e3c5a639b5d322befa21a0ba9d5e33f19",
                "24a4f2ee2bfefc7e9084d8fc7dc4189b0fbdd9091fd8f79e88274817ad32534d"
            ],
            "type": "Script",
            "firstPartyCookies": {
                "wisepops": {
                    "ttl": 63072012,
                    "length": 187,
                    "prevalence": 0.0018065034122842231,
                    "uniqueness": 1
                },
                "wisepops_session": {
                    "ttl": null,
                    "length": 236,
                    "prevalence": 0.0019068647129666801,
                    "uniqueness": 1
                },
                "wisepops_visits": {
                    "ttl": 63072010,
                    "length": 40,
                    "prevalence": 0.0018065034122842231,
                    "uniqueness": 1
                },
                "wisepops_props": {
                    "ttl": 63072012,
                    "length": 126,
                    "prevalence": 0.0002007226013649137,
                    "uniqueness": 0.5
                }
            },
            "firstPartyCookiesSent": {},
            "exampleSites": [
                "www.greatbritishchefs.com",
                "www.projectveritas.com",
                "www.greatitalianchefs.com",
                "www.purevpn.com",
                "www.dailywire.com",
                "www.independenceaustralia.com.au",
                "www.deakin.edu.au",
                "www.zamnesia.com",
                "sdbullion.com",
                "www.vu.edu.au",
                "return2health.com.au",
                "www.bmj.com",
                "www.motackle.com.au",
                "www.camerapro.com.au",
                "www.theathletesfoot.com.au",
                "www.irishnews.com",
                "www.jelliscraig.com.au",
                "www.bikeexchange.com.au",
                "deakin.edu.au",
                "www.mcgrath.com.au"
            ]
        },
        {
            "rule": "wisepops\\.com\\/my-wisepop",
            "cookies": 0,
            "fingerprinting": 0,
            "subdomains": [
                "popup"
            ],
            "apis": {},
            "sites": 25,
            "prevalence": 0.00251,
            "cnames": [],
            "responseHashes": [
                "82bb140cfb5fd7b2840c4c37675be3a75700bc51ad45d447793c821b6ae9e7bf",
                "f1ab175e2f7e1425056eca48cbbffefc2097ae3ca5f6acfb126bfa2efeb6f1e1",
                "2758b41264465e01f7f0ba9fed430730012140c5ff83791afc7ffa89ebe4c704",
                "e37c16834fab1342fc5aaaf63b2bab8757eec8748f4dc42b84d6496d5dcf9617",
                "6dbc96d81b2aae1c77636c31949ba57e7d289cedd841505e101c43b3482ae9b1",
                "22366ee8c7d9988a29917af638bd7bf08ed8c0e816afbff058f9691ca026214c",
                "b29fe4dfa1562339b0117dbc233ee56195afcda7df786447d79063039f8cc074",
                "cd48f51012009bbb89e3327670fce7615e4d79ddfaf87f11cbd22cbf2e08bb3a",
                "836ae530b77a5f04bf1882ee2c9b169d6c51957c5d7b24114635e29c7905a968",
                "0a170b5175dd06e193d3a41c5e4ec4a2640f533a301347946edc0323ab72c526",
                "38b904a1cf83df048360fb2480571b749fd98d57e11f1afdffb5a74a78166fea",
                "45341604db8c841f59dd42e4f5af90f1767e9fda34bc3634d5aa9e4d8b5e91b7",
                "20f864ecc0e6736988faba12a63751f20c48decb6677142bbba7efed33c50c0e",
                "e389a22b5a946c9456c82330915b5de20496a55c38b9897f3685a013098d3822",
                "298cfed2671a5ff0f19be557a715aa8c90cfbdff8ca009d93cadab63d9fe93de",
                "81d19199ef34c5b6fee1cc8b399e3073a36f0b74d21f0886bf91157d7c29a99a",
                "9e97a1052c5cc7a61e375536927b234001844e84e7c75c16fe0401f895c8bc26",
                "9a669682ae856cd64f479e3a99ff8dcc4ae2902b4a95cdca7ea286a2073c7a5f",
                "7a42713df1b255547c7628f699154ad1eee3bca5a7f768e472550aa164631373",
                "304cdd346bf3748beb77f9a5c85a03ce1b427a31833603ae3acd970b238b7ffd"
            ],
            "type": "XHR",
            "firstPartyCookies": {},
            "firstPartyCookiesSent": {},
            "exampleSites": [
                "www.harpercollins.com.au",
                "www.gooduniversitiesguide.com.au",
                "www.surfstitch.com",
                "myfoodbook.com.au",
                "www.goodschools.com.au",
                "www.bmj.com",
                "return2health.com.au",
                "www.vu.edu.au",
                "www.camerapro.com.au",
                "www.projectveritas.com",
                "www.dailywire.com",
                "www.drmartens.com.au",
                "www.mcgrath.com.au",
                "www.greatitalianchefs.com",
                "deakin.edu.au",
                "www.zamnesia.com",
                "www.vans.com.au",
                "www.purevpn.com",
                "www.deakin.edu.au",
                "www.autoguru.com.au"
            ]
        },
        {
            "rule": "wisepops\\.com\\/_\\.gif",
            "cookies": 0,
            "fingerprinting": 0,