{
    "domain": "2hisnd.com",
    "owner": {},
    "source": [
        "DuckDuckGo-FR"
    ],
    "prevalence": 0.00143,
    "sites": 14,
    "subdomains": [
        "cdn",
        "los"
    ],
    "cnames": [],
    "fingerprinting": 1,
    "resources": [
        {
            "rule": "2hisnd\\.com\\/rdrr\\/renderer\\.js",
            "cookies": 0.000204,
            "fingerprinting": 1,
            "subdomains": [
                "cdn"
            ],
            "apis": {
                "Navigator.prototype.userAgent": 14,
                "Document.cookie getter": 2,
                "Document.cookie setter": 2
            },
            "sites": 14,
            "prevalence": 0.00143,
            "cnames": [],
            "responseHashes": [
                "ffe5ae7fbfac443fcee58662d88d0aaa3e03385d1f14777345c3358984b73949"
            ],
            "type": "Script",
            "exampleSites": [
                "boy18tube.com",
                "www.gayfuckporn.com",
                "www.gaymenring.com",
                "www.good-gay.tv",
                "www.go-gaytube.com",
                "www.icegay.tv",
                "www.ice-gay.com",
                "www.icegaytube.tv",
                "www.machotube.tv",
                "www.shemaletube.tv",
                "www.trannytube.tv",
                "www.xl-gaytube.com",
                "www.xgaytube.tv",
                "youtrannytube.com"
            ]
        },
        {
            "rule": "2hisnd\\.com\\/resource",
            "cookies": 0.00112,
            "fingerprinting": 0,
            "subdomains": [
                "los"
            ],
            "apis": {},
            "sites": 11,
            "prevalence": 0.00112,
            "cnames": [],
            "responseHashes": [
                "80f734dc902d7f9ead889da5d4f406840fb976febf72736bfb9cc6e2613cdf2c",
                "3f6db21e9b926f27a3a2ce1ed8ecd678007a57fcdad4ae294dac734caf4fbe59",
                "dfd6f952c753fe1f24f49c2b630681d18add9910ebc29591a2681767ea06055c",
                "507de53c8334128cc8bae876a843d8c2a429a19061bf80a8920ed2d5479b5ca0",
                "3a176f15d2624104293af251455f0e4ba649b7194257b47d8c396d45a5c38d6c",
                "ab7c3d1735667a824ceb68bfa6829260be3267001a91ab67f1427b1ecc1d938c",
                "269d1b08974be9b36b5018cf0c3144b20fa6cb7fbf4fc8c3c917238011f9a8e8",
                "80c50ae2d3b6030fa9c054b487eacbba4722ebfde84aa98f042834a68cc02e7e"
            ],
            "type": "XHR",
            "exampleSites": [
                "boy18tube.com",
                "www.boy18tube.com",
                "www.gaymenring.com",
                "www.good-gay.tv",
                "www.icegay.tv",
                "www.icegaytube.tv",
                "www.machotube.tv",
                "www.shemaletube.tv",
                "www.trannytube.tv",
                "www.xgaytube.tv",
                "youtrannytube.com"
            ]
        },
        {
            "rule": "2hisnd\\.com\\/rdrr\\/hptSld\\.js",
            "cookies": 0,
            "fingerprinting": 1,
            "subdomains": [
                "cdn"
            ],
            "apis": {
                "Navigator.prototype.userAgent": 6,
                "window.localStorage": 6
            },
            "sites": 6,
            "prevalence": 0.000612,
            "cnames": [],
            "responseHashes": [
                "32fac83ad8b50fe627d97602013bf7ad0bad7c6fc9fc58d1eca48fa4951f38ac"
            ],
            "type": "Script",
            "exampleSites": [
                "boy18tube.com",
                "www.gaymenring.com",
                "www.good-gay.tv",
                "www.machotube.tv",
                "www.shemaletube.tv",
                "youtrannytube.com"
            ]
        },
        {
            "rule": "2hisnd\\.com\\/rdrr\\/hptPp\\.js",
            "cookies": 0,
            "fingerprinting": 1,
            "subdomains": [
                "cdn"
            ],
            "apis": {
                "Navigator.prototype.vendor": 9,
                "window.localStorage": 9,
                "Document.cookie getter": 2
            },
            "sites": 9,
            "prevalence": 0.000918,
            "cnames": [],
            "responseHashes": [
                "9c7dc0017b06f9e7a8dd11d5181f1b14ea18f7961ebf02c84404504de329b73f"
            ],
            "type": "Script",
            "exampleSites": [
                "boy18tube.com",
                "www.gaymenring.com",
                "www.good-gay.tv",
                "www.icegay.tv",
                "www.icegaytube.tv",
                "www.shemaletube.tv",
                "www.trannytube.tv",
                "www.xgaytube.tv",
                "youtrannytube.com"
            ]
        }
    ],
    "categories": [],
    "performance": {},
    "cookies": 0.00102,
    "types": {
        "Script": 29,
        "XHR": 11
    }
}