{
    "domain": "advalo.com",
    "owner": {},
    "source": [
        "DuckDuckGo-FR"
    ],
    "prevalence": 0.000706,
    "sites": 7,
    "subdomains": [
        "lb.analytics",
        "ws"
    ],
    "cnames": [],
    "fingerprinting": 0,
    "resources": [
        {
            "rule": "advalo\\.com\\/advalo\\.php",
            "cookies": 0,
            "fingerprinting": 0,
            "subdomains": [
                "lb.analytics"
            ],
            "apis": {},
            "sites": 8,
            "prevalence": 0.000807,
            "cnames": [],
            "responseHashes": [
                "d6fbd6d46b0a1be6a3cdc49f712f83d661805a42fc37993340e2cc4493819adc"
            ],
            "type": "Image",
            "firstPartyCookies": {},
            "firstPartyCookiesSent": {
                "_adv_ses.dvd3sr6my.5540": 0.0002016942315449778,
                "_ga": 0.0002016942315449778,
                "_adv_ses.eurytz5my.3a7b": 0.0001008471157724889,
                "_adv_ses.lousj8uhx6.cebc": 0.0001008471157724889,
                "_adv_ses.mxtn2q9bz.6a64": 0.0001008471157724889,
                "_adv_ses.phi3rjrdm.5a38": 0.0001008471157724889,
                "_adv_ses.pim3fr82b.a39e": 0.0001008471157724889,
                "_adv_ses.vomk8rb9y.d558": 0.0001008471157724889
            },
            "exampleSites": [
                "devred.com",
                "www.devred.com",
                "www.euromaster.fr",
                "www.louispion.fr",
                "www.maxitoys.fr",
                "www.phildar.fr",
                "www.pimkie.fr",
                "www.volkswagen.fr"
            ]
        },
        {
            "rule": "advalo\\.com\\/events",
            "cookies": 0,
            "fingerprinting": 0,
            "subdomains": [
                "ws"
            ],
            "apis": {},
            "sites": 7,
            "prevalence": 0.000706,
            "cnames": [],
            "responseHashes": [],
            "type": "EventSource",
            "firstPartyCookies": {},
            "firstPartyCookiesSent": {
                "_adv_ses.dvd3sr6my.5540": 0.0001008471157724889,
                "_adv_ses.eurytz5my.3a7b": 0.0001008471157724889,
                "_adv_ses.lousj8uhx6.cebc": 0.0001008471157724889,
                "_adv_ses.mxtn2q9bz.6a64": 0.0001008471157724889,
                "_adv_ses.phi3rjrdm.5a38": 0.0001008471157724889,
                "_adv_ses.pim3fr82b.a39e": 0.0001008471157724889,
                "_adv_ses.vomk8rb9y.d558": 0.0001008471157724889
            },
            "exampleSites": [
                "devred.com",
                "www.euromaster.fr",
                "www.louispion.fr",
                "www.maxitoys.fr",
                "www.phildar.fr",
                "www.pimkie.fr",
                "www.volkswagen.fr"
            ]
        },
        {
            "rule": "advalo\\.com\\/req",
            "cookies": 0,
            "fingerprinting": 0,
            "subdomains": [
                "ws"
            ],
            "apis": {},
            "sites": 7,
            "prevalence": 0.000706,
            "cnames": [],
            "responseHashes": [
                "565339bc4d33d72817b583024112eb7f5cdf3e5eef0252d6ec1b9c9a94e12bb3"
            ],
            "type": "XHR",
            "firstPartyCookies": {},
            "firstPartyCookiesSent": {
                "_adv_ses.dvd3sr6my.5540": 0.0001008471157724889,
                "_adv_ses.eurytz5my.3a7b": 0.0001008471157724889,
                "_adv_ses.lousj8uhx6.cebc": 0.0001008471157724889,
                "_adv_ses.mxtn2q9bz.6a64": 0.0001008471157724889,
                "_adv_ses.phi3rjrdm.5a38": 0.0001008471157724889,
                "_adv_ses.pim3fr82b.a39e": 0.0001008471157724889,
                "_adv_ses.vomk8rb9y.d558": 0.0001008471157724889
            },
            "exampleSites": [
                "devred.com",
                "www.euromaster.fr",
                "www.louispion.fr",
                "www.maxitoys.fr",
                "www.phildar.fr",
                "www.pimkie.fr",
                "www.volkswagen.fr"
            ]
        },
        {
            "rule": "advalo\\.com\\/partner",
            "cookies": 0,
            "fingerprinting": 0,
            "subdomains": [
                "lb.analytics"
            ],
            "apis": {},
            "sites": 8,
            "prevalence": 0.000807,
            "cnames": [],
            "responseHashes": [
                "d6fbd6d46b0a1be6a3cdc49f712f83d661805a42fc37993340e2cc4493819adc",
                "536fd28adf8c41ee2832276ef07e3317fa8bf7594328b5e44dbd08d15c1ec0d8"
            ],
            "type": "Image",
            "firstPartyCookies": {},
            "firstPartyCookiesSent": {
                "_adv_ses.dvd3sr6my.5540": 0.0002016942315449778,
                "_adv_ses.eurytz5my.3a7b": 0.0001008471157724889,
                "_adv_ses.lousj8uhx6.cebc": 0.0001008471157724889,
                "_adv_ses.mxtn2q9bz.6a64": 0.0001008471157724889,
                "_adv_ses.phi3rjrdm.5a38": 0.0001008471157724889,
                "_adv_ses.pim3fr82b.a39e": 0.0001008471157724889,
                "_adv_ses.vomk8rb9y.d558": 0.0001008471157724889
            },
            "exampleSites": [
                "devred.com",
                "www.devred.com",
                "www.euromaster.fr",
                "www.louispion.fr",
                "www.maxitoys.fr",
                "www.phildar.fr",
                "www.pimkie.fr",
                "www.volkswagen.fr"
            ]
        },
        {
            "rule": "advalo\\.com\\/partner",
            "cookies": 0,
            "fingerprinting": 0,
            "subdomains": [
                "lb.analytics"
            ],
            "apis": {},
            "sites": 5,
            "prevalence": 0.000504,
            "cnames": [],
            "responseHashes": [
                "d6fbd6d46b0a1be6a3cdc49f712f83d661805a42fc37993340e2cc4493819adc"
            ],
            "type": "Document",
            "firstPartyCookies": {},
            "firstPartyCookiesSent": {
                "_adv_ses.dvd3sr6my.5540": 0.0001008471157724889,
                "_adv_ses.eurytz5my.3a7b": 0.0001008471157724889,
                "_adv_ses.lousj8uhx6.cebc": 0.0001008471157724889,
                "_adv_ses.mxtn2q9bz.6a64": 0.0001008471157724889,
                "_adv_ses.phi3rjrdm.5a38": 0.0001008471157724889
            },
            "exampleSites": [
                "devred.com",
                "www.euromaster.fr",
                "www.louispion.fr",
                "www.maxitoys.fr",
                "www.phildar.fr"
            ]
        }
    ],
    "categories": [],
    "performance": {},
    "cookies": 0,
    "types": {
        "Image": 16,
        "EventSource": 7,
        "XHR": 7,
        "Document": 5
    },
    "nameservers": [
        "ns105.ovh.net",
        "dns105.ovh.net"
    ]
}