{
    "domain": "apicit.net",
    "owner": {
        "name": "KLOIS",
        "displayName": "KLOIS"
    },
    "source": [
        "DuckDuckGo-FR"
    ],
    "prevalence": 0.00296,
    "sites": 29,
    "subdomains": [
        "lb"
    ],
    "cnames": [],
    "fingerprinting": 1,
    "resources": [
        {
            "rule": "apicit\\.net\\/loader\\.v8\\.php",
            "cookies": 0.00102,
            "fingerprinting": 1,
            "subdomains": [
                "lb"
            ],
            "apis": {
                "Navigator.prototype.userAgent": 10,
                "Document.cookie getter": 10
            },
            "sites": 10,
            "prevalence": 0.00102,
            "cnames": [],
            "responseHashes": [
                "235c13676524fd417663f671e77ebe2e32b9fa441a3732253d8bd461480508a2",
                "8fb81a60c515fc3b194bd6203a03d53fdff125fd9bec1882f19d63b17f632fa3",
                "83a09f30b4e7d537a0f197b86b82b7c58157b370075ea13b10baee06fd0de3e5",
                "863894d2fa391c5da823a651deed824f8fabe61794ad072e90d7c0dea83d609f",
                "216c97555e116f0dafcc106830f0ff36b1827235f1bedf8dbe06cfff2ff9d74f",
                "f7f4d7958bedc5efa9c3c1f41730f6089c2a5caf98d6a5f4759bde128b85b048",
                "8af8ff5ccfa776d7d95d222caa8d6058848b2bd05466bba3173bb598b890b218",
                "02a049dcb066775697b72ffa11e0bc65e7207abdb5954ae55a3f67924a0ce87b",
                "1309fd3bf75236488bc694524b22a5d62769cffa26a1f2a5f44019bb8a877ed5"
            ],
            "type": "Script",
            "exampleSites": [
                "cuisinezavecdjouza.fr",
                "syskb.com",
                "www.bacfrancais.com",
                "www.automobile-sportive.com",
                "www.auxdelicesdupalais.net",
                "www.critictoo.com",
                "www.lesdebiles.com",
                "www.paroles-musique.com",
                "www.pc-infopratique.com",
                "www.stars-actu.fr"
            ]
        },
        {
            "rule": "apicit\\.net\\/target\\/ping\\.php",
            "cookies": 0.00133,
            "fingerprinting": 0,
            "subdomains": [],
            "apis": {},
            "sites": 13,
            "prevalence": 0.00133,
            "cnames": [],
            "responseHashes": [
                "904f3370d42ef3cf9ed1debf4c7e44043bd32afc38c743b840bcd421db8f03b7",
                "8415cecdebb649a2aa4773f355d70a0dfe53d16eb65c61c05b46f4c480e19c1c",
                "1a55420038a392903530c1d810d331a35c8cd97ce7fb5696c43eeb62107a7bc3",
                "75f7fb6b21e3ec449daf5ac896ebac534d3a6c7320d24be7aa58848e72018df4",
                "4703b169084ee77f4843bdba4f028568d8f14d3717260a1ec72040644e740711",
                "f9eab377137c43f299f0ecd937940c460ac1998a63397b5e8919a9047ab37837",
                "a2f6b29e65ba6b4e167a9fc3c3bc1e8632777265b5f1c80ede036b4a46f4bd28",
                "812e8a9ef2defb4eece26bcbb3bbd7230c3e31f6344497831f9995c6439ea015",
                "0980cadd2c4b27c800f9ff2ef078672a5eaad8acd36eb7a96045310ab6de7c07",
                "44a5e9a601e2b0c0f0b2d0eed765d01428060b585c25e94af180cdf78f37cfd2",
                "a78f6db4de6d25ce630896277d1906cdecf8d021301395b0ecd4fe3f71a1a095"
            ],
            "type": "Script",
            "exampleSites": [
                "dhgate.com",
                "mobile.interflora.fr",
                "www.aubert.com",
                "www.damart.fr",
                "www.espaceplaisir.fr",
                "www.filmotv.fr",
                "www.franprix.fr",
                "www.homemaison.com",
                "www.i-run.fr",
                "www.interflora.fr",
                "www.michenaud.com",
                "www.planet-puzzles.com",
                "www.pneus-online.fr"
            ]
        },
        {
            "rule": "apicit\\.net\\/target\\/",
            "cookies": 0,
            "fingerprinting": 1,
            "subdomains": [],
            "apis": {
                "Navigator.prototype.userAgent": 11
            },
            "sites": 12,
            "prevalence": 0.00123,
            "cnames": [],
            "responseHashes": [
                "499a9ecc99aea91ace906958fca31ea80ad67b4cbeea41cb859d75d2c80b83d9"
            ],
            "type": "Script",
            "exampleSites": [
                "gifi.fr",
                "mobile.interflora.fr",
                "www.aircaraibes.com",
                "www.aubert.com",
                "www.damart.fr",
                "www.decitre.fr",
                "www.filmotv.fr",
                "www.franprix.fr",
                "www.gifi.fr",
                "www.interflora.fr",
                "www.michenaud.com",
                "www.opodo.fr"
            ]
        }
    ],
    "categories": [],
    "performance": {},
    "cookies": 0.00235,
    "types": {
        "Script": 35
    }
}