{
    "domain": "atsptp.com",
    "owner": {},
    "source": [
        "DuckDuckGo-FR"
    ],
    "prevalence": 0.000714,
    "sites": 7,
    "subdomains": [
        "atlas",
        "sync"
    ],
    "cnames": [],
    "fingerprinting": 0,
    "resources": [
        {
            "rule": "atsptp\\.com\\/guid",
            "cookies": 0.00051,
            "fingerprinting": 0,
            "subdomains": [
                "atlas"
            ],
            "apis": {},
            "sites": 5,
            "prevalence": 0.00051,
            "cnames": [],
            "responseHashes": [
                "bd324a3f34333ccef30fb0bab9c2ed284ed37832b8127d90b00599cb0f095250",
                "fbcac0445d9588eb3778cb784892100aba8a738c679e790fad84d3e6622e96c2",
                "0f4ffb764c8a135a3d659c5372fa2bec27683901b2e36fbdd8158dda7ab8cea1",
                "67b15183f4002572f0c4943cdff19258ab7d4581d66154584280d29b913f2bed"
            ],
            "type": "XHR",
            "exampleSites": [
                "brazzers.com",
                "www.faketaxi.com",
                "www.nutaku.net",
                "www.nutaku.com",
                "www.realitykings.com"
            ]
        },
        {
            "rule": "atsptp\\.com\\/events",
            "cookies": 0.000612,
            "fingerprinting": 0,
            "subdomains": [
                "atlas"
            ],
            "apis": {},
            "sites": 6,
            "prevalence": 0.000612,
            "cnames": [],
            "responseHashes": [
                "8eee71a0ba22ce1a07741b48c6ef9529cba49b0f387559639d0a31d6e765d699",
                "df24f50e08a492d66ddc0b9ad2fe8c5bdcf59828f6743c2d584e067f3f760f79",
                "22d7907d0f2878d1a6167b6481ded5edc3fe14aa6817c0fc58aeda4111a057e0",
                "75f90a833d0293216fef6f530612f0a9b1c12cee0c5b6bcf15ff0ba3e00f7bbe",
                "7b046761863106145276794d5f9fed1b92a2bd5a329d4f1b67ac7ae1db676630"
            ],
            "type": "XHR",
            "exampleSites": [
                "brazzers.com",
                "www.brazzers.com",
                "www.faketaxi.com",
                "www.nutaku.net",
                "www.nutaku.com",
                "www.realitykings.com"
            ]
        },
        {
            "rule": "atsptp\\.com\\/get\\/jsfp\\/4d201916ee7e52b88d7402ea7afab494",
            "cookies": 0.000204,
            "fingerprinting": 0,
            "subdomains": [
                "sync"
            ],
            "apis": {},
            "sites": 2,
            "prevalence": 0.000204,
            "cnames": [],
            "responseHashes": [
                "9a4168dd1aa4f8b3bab2927db947ea9ceaa25e652764ea5899ebeed97bf2e006"
            ],
            "type": "XHR",
            "exampleSites": [
                "nutaku.net",
                "www.nutaku.com"
            ]
        },
        {
            "rule": "atsptp\\.com\\/link\\/8d09f991-2a5e-4651-8e13-6b0b8940603d",
            "cookies": 0.000204,
            "fingerprinting": 0,
            "subdomains": [
                "sync"
            ],
            "apis": {},
            "sites": 2,
            "prevalence": 0.000204,
            "cnames": [],
            "responseHashes": [
                "9a4168dd1aa4f8b3bab2927db947ea9ceaa25e652764ea5899ebeed97bf2e006"
            ],
            "type": "XHR",
            "exampleSites": [
                "nutaku.net",
                "www.nutaku.com"
            ]
        },
        {
            "rule": "atsptp\\.com\\/get\\/jsfp\\/a0730f93ad25a6e3492eda230973576f",
            "cookies": 0.000204,
            "fingerprinting": 0,
            "subdomains": [
                "sync"
            ],
            "apis": {},
            "sites": 2,
            "prevalence": 0.000204,
            "cnames": [],
            "responseHashes": [
                "77e0a4253442d3d5876e863e01005aab2e244ed30d04ca07e9d13b880f062b3b"
            ],
            "type": "XHR",
            "exampleSites": [
                "tube8.fr",
                "www.tube8.com"
            ]
        }
    ],
    "categories": [],
    "performance": {
        "time": 0,
        "size": 0,
        "cpu": 0,
        "cache": 3
    },
    "cookies": 0.000714,
    "types": {
        "XHR": 17
    }
}