{
    "domain": "captcha-delivery.com",
    "owner": {},
    "source": [
        "DuckDuckGo-FR"
    ],
    "prevalence": 0.00516,
    "sites": 50,
    "subdomains": [
        "geo"
    ],
    "cnames": [],
    "fingerprinting": 1,
    "resources": [
        {
            "rule": "captcha-delivery\\.com\\/captcha\\/",
            "cookies": 0,
            "fingerprinting": 1,
            "subdomains": [
                "geo"
            ],
            "apis": {
                "Date.prototype.getTime": 34,
                "Navigator.prototype.language": 22,
                "Navigator.prototype.userAgent": 23
            },
            "sites": 49,
            "prevalence": 0.00506,
            "cnames": [],
            "responseHashes": [
                "727d0b1addf5dad4c1b4dba4e4744e99be5976efce365c8dc331a42916763587",
                "6ebc3d654c555949454d7f2bf5f84a93f039c60bc29d2da08112cc5ba66889d4",
                "12f0afb799158dde6c76c393baa397e93c240da42c83d3a7d210bb3ffb917ad5",
                "58ac6629a9d004384a72b01f5083ad03a22cee523908a0c25c1fdda6ed3f0a46",
                "d83dcace1a9c55e6c6718032352cd3d6f501a18a7416643ee7bf7dcb3f42770e",
                "550949a32c70fc348e2e3f528e54326e2b62565501695caece0650fede75d42e",
                "2a5a4aab82378452fab507ebb41a9e6188b1acbaaa96046b2e84c0ff961bc60b",
                "ed57890b44ad00284cfce0a2cfbe6cb1c9307b1cc0ac95614ecebeed241c1484",
                "e3b0c44298fc1c149afbf4c8996fb92427ae41e4649b934ca495991b7852b855",
                "beef7c971ef2eb1aa6e3debe47a0d35b2aeb58dbb09456cff4546619be8fab82",
                "f5f61d5bdba85bd12b3107a4ffc33e0831a6ceddae728693c20ebe4038284dca",
                "26efcb411e7446885cbce146f43104746af9d3d24a2a024d15907a8c5266d929",
                "88dec958e09f2758ed131c73e422317c720f39831af464edcb7f40c3d80fe7db",
                "dad2a2d421d4e4ebdcc8311fee2a78e15afb2bcdebb4f70ebdca890c9bdf54f8",
                "713c8117b313e593cd8a0c90831b4484940258242282221bdde8aefcd4167f19",
                "9c965c2abafa618237f0d14141ef94697904b849c01a56c3f7fcb2a9fba56bb7",
                "9a8802270ae3d53c36819881365effd9a8ef9cf22b205b0b8176a0ca608219b5",
                "a17b78e67acea7286568d200b31080ea43f7ef9edc7189009aebdddc29919a65",
                "b1e1c9128577af6e18c13ae3ef5ceaea4cf1486bf19586e35ca27c56ac270e59",
                "80ed55a33edbe91e70f6aa58e378366a2c59006b23d4d0cebd141ff385d9ed9a",
                "07e5586e9617a7a4abaa2b92398e0f256287ac6d02573d296be5c16d1fe30958",
                "d241a5479bb6b98c14e16548245718ab7a344652a4287a2630f39f1c778c8d63",
                "575219d6faa74c529e9b75a31331e78201940b33dd5d2d1b825386a0278151b3",
                "65834be63a2214cef73039233ad210c8db2e64b09f71e06d85734cd8263eed37",
                "5b7e006a6c0abd8b35b6d548956cccd6c62a4842b501aa15140bdb8eb5b88748",
                "0f342dc727dad791c07ad841cf826c767c79f648e8008a988c06af403410ae35",
                "3c729418db33a980d563f8b531c9992008434c85804b4808e865085c56c7b3fa",
                "623af5caf344f325c50a10a3a081c000e650cdca039af80765c9188c61c45d70",
                "da21124be64b97253f4854948ec051e343db7f63b5be0db097e4c9b39bedd278",
                "0d65b1a1297fe28431e15416a508a6967bfac699b6d08364e1868ec982632c40",
                "8763ed9000633b95796fb2d8992d7d16d276b045e3d5ae3e95983a17264fc46c",
                "d58b197ec60065518228fa102203af2d664c16be78e4b7cb4a5c3492d9844d19",
                "020aeadd20a640d7228b786ff7863e15752f1288e21e8e0aee3ab76eeeda5b06",
                "eb20c6747642beeb4b9ff85343f23bd663967806b9fc9be1b16479407b869ba1",
                "420f0136a4fcad739f1867936103e6bc2137e7d84d3575c5171debb37e60c0c8"
            ],
            "type": "Document",
            "exampleSites": [
                "www.telephone.city",
                "www.intersport.fr",
                "www.agriaffaires.com",
                "www.dansnoscoeurs.fr",
                "actulegales.fr",
                "www.veepee.fr",
                "www.weldom.fr",
                "www.laredoute.be",
                "fr.loccitane.com",
                "odelices.ouest-france.fr",
                "fr.igraal.com",
                "www.bricoman.fr",
                "www.cultura.com",
                "www.leboncoin.fr",
                "avis-de-deces.ouest-france.fr",
                "www.king-jouet.com",
                "lu.oui.sncf",
                "www.fr.fnac.ch",
                "www.easyvoyage.com",
                "znanija.com"
            ]
        }
    ],
    "categories": [],
    "performance": {
        "time": 1,
        "size": 1,
        "cpu": 0,
        "cache": 3
    },
    "cookies": 0,
    "types": {
        "Document": 49
    },
    "nameservers": [
        "ns-730.awsdns-27.net",
        "ns-1456.awsdns-54.org",
        "ns-1890.awsdns-44.co.uk",
        "ns-257.awsdns-32.com"
    ]
}