{
    "domain": "digital-metric.com",
    "owner": {
        "name": "Advertise me",
        "displayName": "Advertise me"
    },
    "source": [
        "DuckDuckGo-FR"
    ],
    "prevalence": 0.00121,
    "sites": 12,
    "subdomains": [
        "tags",
        "analytics"
    ],
    "cnames": [],
    "fingerprinting": 1,
    "resources": [
        {
            "rule": "digital-metric\\.com\\/66f15b66591a79cc3f0443110f570b71",
            "cookies": 0,
            "fingerprinting": 0,
            "subdomains": [
                "tags"
            ],
            "apis": {},
            "sites": 2,
            "prevalence": 0.000201,
            "cnames": [],
            "responseHashes": [
                "6a2df72a9551d9aac7d1f2e781ddfc194dc4049536b093df0b30b8038a8491f3"
            ],
            "type": "Script",
            "firstPartyCookies": {},
            "firstPartyCookiesSent": {},
            "exampleSites": [
                "etam.com",
                "www.etam.com"
            ]
        },
        {
            "rule": "digital-metric\\.com\\/vw",
            "cookies": 0.00111,
            "fingerprinting": 1,
            "subdomains": [
                "analytics"
            ],
            "apis": {
                "Document.cookie getter": 11,
                "Screen.prototype.height": 11,
                "Screen.prototype.width": 11
            },
            "sites": 11,
            "prevalence": 0.00111,
            "cnames": [],
            "responseHashes": [
                "3c2dccb56a8f1e93059b342209fb32f87cd2c4f491dbb2481836caa27f71f150",
                "fea316b64aae9bd6d4c2b83fd4aedc36ec32e4442591a410d2bca18ed9859cc3",
                "ce34461a90f4b68ed143f5cbb593ff15f8fff246917042fde67fa93227dcffd5",
                "6e3d8c0e33490b141f9202200b94882a591d91bb5005b1a4b29daee6fc16e600",
                "fa5926b261c8a0871ebea42ca41e182c806f394e927e8ce3dd5e9d29890b2872",
                "25066181814f9a0d70f3d66249ef3f083812d7142c95e5d194c3154a8788978d",
                "cff767891a5187662f5c94b85fee0a8dd84eaeaffe41114fe65069cea064eb0a",
                "dd1a83025aef760c03d7a1ad816f48c60c66cebbf8c88574ac32135cc9c2c337",
                "cde2e9d48414fcc5865f2c8533f79e749dc8bc779719950979d4aab3e67b7b54",
                "21ebcc52ff8cae2910fa85aab4d78ac8035aeeab8f8e860de593ce28faa6903f"
            ],
            "type": "Script",
            "firstPartyCookies": {},
            "firstPartyCookiesSent": {},
            "exampleSites": [
                "etam.com",
                "www.atelierdeschefs.fr",
                "www.campings.com",
                "www.chullanka.com",
                "www.etam.com",
                "www.hesperide.com",
                "www.lexception.com",
                "www.maxitoys.fr",
                "www.odalys-vacances.com",
                "www.palaisdesthes.com",
                "www.undiz.com"
            ]
        },
        {
            "rule": "digital-metric\\.com\\/trc",
            "cookies": 0,
            "fingerprinting": 0,
            "subdomains": [
                "analytics"
            ],
            "apis": {},
            "sites": 11,
            "prevalence": 0.00111,
            "cnames": [],
            "responseHashes": [
                "503a537960d0bdb7b5be11c27adc629a264dbcc76c0582a47ed322a20415e474"
            ],
            "type": "Image",
            "firstPartyCookies": {},
            "firstPartyCookiesSent": {},
            "exampleSites": [
                "etam.com",
                "www.atelierdeschefs.fr",
                "www.campings.com",
                "www.chullanka.com",
                "www.etam.com",
                "www.hesperide.com",
                "www.lexception.com",
                "www.maxitoys.fr",
                "www.odalys-vacances.com",
                "www.palaisdesthes.com",
                "www.undiz.com"
            ]
        }
    ],
    "categories": [],
    "performance": {},
    "cookies": 0.00111,
    "types": {
        "Script": 13,
        "Image": 11
    },
    "nameservers": [
        "ns19.ovh.net",
        "dns19.ovh.net"
    ]
}