{
    "domain": "gejute.com",
    "owner": {},
    "source": [
        "DuckDuckGo-FR"
    ],
    "prevalence": 0.00261,
    "sites": 26,
    "subdomains": [],
    "cnames": [],
    "fingerprinting": 0,
    "resources": [
        {
            "rule": "gejute\\.com\\/wnload",
            "cookies": 0,
            "fingerprinting": 0,
            "subdomains": [],
            "apis": {},
            "sites": 26,
            "prevalence": 0.00261,
            "cnames": [],
            "responseHashes": [
                "b197af4d11456b6d00177c28f17ba10a3deb811eabc3bfc5111288a82f703f8a",
                "821cd7a6be0e3dd0c3815e258ec78e24be134073cbc35dd21d71effb7a49f5b3",
                "febeb12f7f8bde42c119d607e7a9d32257b05b83d10d6f7290312d4dc0c809c1",
                "71c9474583cb60f62cb22bc105be328c7e27e538bdffb548797d32d1b009fdc7",
                "946718d3a0bef427853013d131b9cff8407334716b78bcb1b209551ca0029999",
                "68f02cff82a93ed6bf7914b39b400dff43e3a6f6248ddc2bf94ff11fc274cfc3",
                "900391d9ca6e8b5fb206c112f871bc39fee68fcceab500e4d0e642698d435969",
                "ac302c1c625328d7cacfa38f9fe3ee6100d5e5098e411c1c8efe5bee19b9eb89",
                "b6484a2aec8ce3773dd551a38b1e01013097793e235d768a77a631e5d91c9078",
                "2784faef9e7d8e69476054a3867adf614a1681d82610ca4c700a293510f46b37",
                "29dce49ff37f5411be0a6ce9d2a7be226d7a29c7028c6288fb3212c22d665835",
                "b6b19989a16330aef03fe42caf1e45a81c5128152657b1945d5b431e7ef4ec34",
                "ae87637e51cc8834cda0c55cd5ec4888770e2842e8f33721f216a325bdd83c49",
                "14bd269b06f5de75fe2ee70f31fe0611183e92fdd82437f33f0d29c18f361c69",
                "4d8424ff99092b2596accbdcb7aa5c1ca51018c6729f5204089dccc026bfcbe9",
                "c6847d2b1582eb70d7725b458c6cb4c9897681e6ded4cc5146125adb0b3c0901",
                "e0da63f19a51e5486835533d4aa34650747a1cc48d7af8249caee2c000d97725",
                "33d66d098012412871712d76cd6cc24e3c56c534df6188b5f15e3757cb74fde9",
                "74f27f67e14d14766d1590a3bd70d60cf254e3f6ad9137227777da620d0d6c07",
                "39d7911ce09bc6b85a05458878717e903887120b48d11938d11074cb8ce4f84d",
                "44136fa355b3678a1146ad16f7e8649e94fb4fc21fe77e8310c060f61caaff8a",
                "fa8d245dc3468fc38d96e933bf917fc6d7316b1480ccb8d14c0b45abd4562c78",
                "231da0935f45eada7050cf2545e1913cd12d5bb7c355f121bba855de6a892691",
                "949a8fc3a52edae5198dbe285c17608cb9b205ca25ae713a1a46d31f5195ccde",
                "f8a701504f7b05ee63f27d7e2e27b05d2468a62bbf1cbd1f04f3c58da1b66644"
            ],
            "type": "Fetch",
            "firstPartyCookies": {},
            "firstPartyCookiesSent": {},
            "exampleSites": [
                "justpicsplease.com",
                "www.homemoviestube.com",
                "megapornx.com",
                "leaknudes.com",
                "saradahentai.com",
                "mixrolik.ru",
                "www.seriesstream.co",
                "slutpad.com",
                "www.darkcategories.com",
                "www.xpee.com",
                "severeporn.com",
                "www3.javxxx.me",
                "www.zoox18.com",
                "masalaseen.com",
                "nudostar.com",
                "beastiality.tv",
                "pornpics.network",
                "pornwild.to",
                "www.spermyporn.com",
                "fullxcinema.com"
            ]
        },
        {
            "rule": "gejute\\.com\\/wnrw",
            "cookies": 0,
            "fingerprinting": 0,
            "subdomains": [],
            "apis": {},
            "sites": 25,
            "prevalence": 0.00251,
            "cnames": [],
            "responseHashes": [],
            "type": "Fetch",
            "firstPartyCookies": {},
            "firstPartyCookiesSent": {},
            "exampleSites": [
                "justpicsplease.com",
                "www.homemoviestube.com",
                "www.darkcategories.com",
                "www3.javxxx.me",
                "megapornx.com",
                "masalaseen.com",
                "fullxcinema.com",
                "nudostar.com",
                "pornwild.to",
                "mixrolik.ru",
                "slutpad.com",
                "chan.sankakucomplex.com",
                "www.spermyporn.com",
                "smutr.com",
                "www.hitprn.com",
                "pornpics.network",
                "saradahentai.com",
                "www.xpee.com",
                "severeporn.com",
                "www.zoox18.com"
            ]
        }
    ],
    "categories": [],
    "performance": {},
    "cookies": 0,
    "types": {
        "Fetch": 51
    },
    "nameservers": []
}