{
    "domain": "leadsmonitor.io",
    "owner": {
        "name": "REEPERF",
        "displayName": "REEPERF"
    },
    "source": [
        "DuckDuckGo-FR"
    ],
    "prevalence": 0.00122,
    "sites": 12,
    "subdomains": [
        "lelynx-1",
        "lelynx-2",
        "gifi-1",
        "efficity-1",
        "letempsdescerises-1",
        "manutan-1",
        "mobalpa-1",
        "coyote-1",
        "safti-1",
        "schoolmouv-1"
    ],
    "cnames": [],
    "fingerprinting": 1,
    "resources": [
        {
            "rule": "leadsmonitor\\.io\\/track\\.js",
            "cookies": 0.00081,
            "fingerprinting": 1,
            "subdomains": [
                "lelynx-1",
                "lelynx-2",
                "gifi-1",
                "efficity-1",
                "letempsdescerises-1",
                "manutan-1",
                "mobalpa-1",
                "coyote-1",
                "safti-1",
                "schoolmouv-1"
            ],
            "apis": {
                "window.localStorage": 12,
                "Date.prototype.getTime": 12,
                "Document.cookie getter": 7,
                "Document.cookie setter": 8
            },
            "sites": 12,
            "prevalence": 0.00122,
            "cnames": [],
            "responseHashes": [
                "dfffe2f46292e2275dcde8237a4f4d2e6c8661c04c3bb6d69fcd4737a60d5295",
                "0d57e137fb1a598ec76e32e44460f590ebdd95ad997cb7c646bb6570bf02fa7f",
                "d55ab17148110945a0a0ed5d890d0f23fc8092a52c148ba0425209920399dbe1",
                "e09c67fd2db3a77bdc640ae6ee6740610230be1914586230716465bcf8656795",
                "c8fce490a0beff21124b3a0f0838c8557971b44d7dd9cb754cfdde7753b095f3",
                "0c2cec409c672f647a4bc157e3b927435e73e2bc97d6f53831bbde20af6f47ce",
                "0c0c97ad5ad0cba55477f8629f921b45baac1d63078a5097aee13b97ec2f0f15",
                "44fed1359f4dc6b905825a6398c635a602bbcdcdfcb0f6d9888ed155dec24087",
                "7f238a13c8a8f861c93d5e1fba9594d246ba0ff16b6b70b74434db88fa4930b8",
                "03eead547777ac4f5de86c90eaa368c92a8d63d29244bbd7b2872bf39e190a06"
            ]
        }
    ],
    "categories": [],
    "performance": {},
    "cookies": 0.00081,
    "types": {
        "Script": 12
    }
}