{
    "domain": "linkconnector.com",
    "owner": {
        "name": "LinkConnector Corporation",
        "displayName": "LinkConnector"
    },
    "source": [
        "DuckDuckGo-FR"
    ],
    "prevalence": 0.00151,
    "sites": 15,
    "subdomains": [
        "www"
    ],
    "cnames": [],
    "fingerprinting": 1,
    "resources": [
        {
            "rule": "linkconnector\\.com\\/uts_lp\\.php",
            "cookies": 0.00151,
            "fingerprinting": 1,
            "subdomains": [
                "www"
            ],
            "apis": {
                "Document.cookie getter": 13,
                "window.localStorage": 14,
                "Date.prototype.getTime": 15,
                "Document.cookie setter": 13
            },
            "sites": 15,
            "prevalence": 0.00151,
            "cnames": [],
            "responseHashes": [
                "cc522a40ed357265b12804975282b1b59c4c715b0e62ccc699a32ac76333bd9f",
                "902812d1e916e0359a3b455759909c8181a83c8d8f921a937111ec0fe3086016",
                "67aa236531606d0fc1e3d5caabc5ba178764e8b2445800f793ae71f4ee02030f",
                "b7692d57e2e694d7710a3be231244af9ffdde508020633db91f0f075f845adfd",
                "c035855c5765b691416a34b49a3e254eaecb4a44918e0a8bdd36ee472f1241d8",
                "b67647a6bee3fef0af2faa30030cc67cc230959e992c07b661ac0c29a2a91d54",
                "7bb88b0f2af1c5e6e2eb502c8298d7e93a202ac5cce3cf4cb3defd1c65311c14",
                "ac85b5726c705c0605681928300c6a3a917671f6459bdac464aea0d42b328095",
                "362d44e6aa38632288a181eb623e156ee1871bcb4282d2d1348f615f3ec0adf3",
                "ed866432100d4a78ba2ff32cd6343326d5cb6266dc7661c49baf37007ce905df",
                "82abef83b6d3b565119f7b585051bf91242a0e228876d806ba8e0da4a6605d38",
                "2bec7f9b39c124c49e38d723f529cc664f8aa9b2a50f1db676331e00748d0327",
                "ef4ee1ec38d3c6870ae06b27363f263810423ad9cdab3fe3e3fc84cf247c23f3"
            ],
            "type": "Script",
            "firstPartyCookies": {
                "uts_id": {
                    "ttl": 157680003,
                    "length": 17,
                    "prevalence": 0.0012059089538739825,
                    "uniqueness": 1
                },
                "LCUTS_UID_900133": {
                    "ttl": 3603,
                    "length": 6,
                    "prevalence": 0.0010049241282283187,
                    "uniqueness": 0.1
                },
                "LCUTS_UID_901518": {
                    "ttl": 3603,
                    "length": 6,
                    "prevalence": 0.00010049241282283188,
                    "uniqueness": 1
                },
                "LCUTS_UID_901602": {
                    "ttl": 3602,
                    "length": 6,
                    "prevalence": 0.00010049241282283188,
                    "uniqueness": 1
                },
                "LCUTS_UID_901229": {
                    "ttl": 3604,
                    "length": 6,
                    "prevalence": 0.00010049241282283188,
                    "uniqueness": 1
                }
            },
            "firstPartyCookiesSent": {
                "LCUTS_UID_900133": 0.0010049241282283187,
                "LCUTS_UID_901518": 0.00010049241282283188,
                "LCUTS_UID_901602": 0.00010049241282283188,
                "LCUTS_UID_901229": 0.00010049241282283188
            },
            "exampleSites": [
                "wondershare.com",
                "famisafe.wondershare.com",
                "filmora.wondershare.fr",
                "filmora.wondershare.com",
                "fr.imyfone.com",
                "mobiletrans.wondershare.com",
                "pdf.wondershare.fr",
                "recoverit.wondershare.com",
                "recoverit.wondershare.fr",
                "uniconverter.wondershare.fr",
                "www.edrawsoft.com",
                "www.imyfone.com",
                "www.minitool.com",
                "www.movavi.com",
                "www.wondershare.com"
            ]
        },
        {
            "rule": "linkconnector\\.com\\/tu\\.php",
            "cookies": 0.00141,
            "fingerprinting": 0,
            "subdomains": [
                "www"
            ],
            "apis": {},
            "sites": 14,
            "prevalence": 0.00141,
            "cnames": [],
            "responseHashes": [
                "1cd58a827318c4a29b32a0db15c8c39d5651b42d8cad227519ad81bce4adb944"
            ],
            "type": "Image",
            "firstPartyCookies": {},
            "firstPartyCookiesSent": {
                "__atuvs": 0.0004019696512913275,
                "_uetsid": 0.0005024620641141594,
                "_uetvid": 0.0005024620641141594,
                "_ga": 0.0012059089538739825,
                "_gid": 0.0011054165410511506,
                "ws_visit_id": 0.0006029544769369913,
                "_ws_id.101.bf65": 0.00010049241282283188,
                "_ws_device_id": 0.00020098482564566376,
                "_fbp": 0.0005024620641141594,
                "_hjid": 0.0005024620641141594,
                "_gcl_au": 0.00030147723846849563,
                "_ws_id.101.de8e": 0.00010049241282283188
            },
            "exampleSites": [
                "wondershare.com",
                "famisafe.wondershare.com",
                "filmora.wondershare.fr",
                "filmora.wondershare.com",
                "fr.imyfone.com",
                "mobiletrans.wondershare.com",
                "pdf.wondershare.fr",
                "recoverit.wondershare.com",
                "recoverit.wondershare.fr",
                "uniconverter.wondershare.fr",
                "www.edrawsoft.com",
                "www.imyfone.com",
                "www.movavi.com",
                "www.wondershare.com"
            ]
        },
        {
            "rule": "linkconnector\\.com\\/js\\/uts_uid\\.php",
            "cookies": 0.00141,
            "fingerprinting": 0,
            "subdomains": [
                "www"
            ],
            "apis": {},
            "sites": 14,
            "prevalence": 0.00141,
            "cnames": [],
            "responseHashes": [
                "1cd58a827318c4a29b32a0db15c8c39d5651b42d8cad227519ad81bce4adb944"
            ],
            "type": "Image",
            "firstPartyCookies": {},
            "firstPartyCookiesSent": {
                "LCUTS_UID_900133": 0.0010049241282283187,
                "LCUTS_UID_901518": 0.00010049241282283188,
                "LCUTS_UID_901229": 0.00010049241282283188
            },
            "exampleSites": [
                "wondershare.com",
                "famisafe.wondershare.com",
                "filmora.wondershare.fr",
                "filmora.wondershare.com",
                "fr.imyfone.com",
                "mobiletrans.wondershare.com",
                "pdf.wondershare.fr",
                "recoverit.wondershare.com",
                "recoverit.wondershare.fr",
                "uniconverter.wondershare.fr",
                "www.edrawsoft.com",
                "www.imyfone.com",
                "www.movavi.com",
                "www.wondershare.com"
            ]
        },
        {
            "rule": "linkconnector\\.com\\/uts_clickcounts\\.php",
            "cookies": 0.000201,
            "fingerprinting": 0,
            "subdomains": [
                "www"
            ],
            "apis": {},
            "sites": 2,
            "prevalence": 0.000201,
            "cnames": [],
            "responseHashes": [
                "e3b0c44298fc1c149afbf4c8996fb92427ae41e4649b934ca495991b7852b855"
            ],
            "type": "Script",
            "firstPartyCookies": {},
            "firstPartyCookiesSent": {
                "LCUTS_UID_901518": 0.00010049241282283188,
                "LCUTS_UID_901602": 0.00010049241282283188
            },