{
    "domain": "logbor.com",
    "owner": {
        "name": "Public-Id&Atilde;&copy;es SA",
        "displayName": "Public-Id&Atilde;&copy;es"
    },
    "source": [
        "DuckDuckGo-FR"
    ],
    "prevalence": 0.00255,
    "sites": 25,
    "subdomains": [
        "u"
    ],
    "cnames": [],
    "fingerprinting": 1,
    "resources": [
        {
            "rule": "logbor\\.com\\/p\\/",
            "cookies": 0.00245,
            "fingerprinting": 1,
            "subdomains": [
                "u"
            ],
            "apis": {
                "Date.prototype.getTime": 4,
                "Document.cookie getter": 2,
                "window.localStorage": 2,
                "Document.cookie setter": 2
            },
            "sites": 25,
            "prevalence": 0.00255,
            "cnames": [],
            "responseHashes": [
                "a6c1d2499f50daca7805493ed0692b1042393991031db4cdc1cc07b1a1edbc14",
                "8ada857980aa40f2ec771c97f5e84af672241a8d89ce6f9cf644a2d4a0eb7373",
                "c18fa01b01348c3bb96d1c9840b6fd7585d3418504b69afc758c329448328830",
                "2dc31299724a4c03897ca2691cd4feb8a58bf2edbc3041e12bdd175f521f26a4",
                "ad25bf07ebd9685c0bf7933cd0e09dbfd0382eab6ee576112ea53963915bd603",
                "8116a794ab950d197624a8267d7233f8bce2adf4c13383890143080d93655805",
                "ca9b776a58f068ec05cf83dcdccc77d8bea303d7d95d3479099ad158bfb1aee4",
                "7a0cb1ef4ebc96e717c3e75b7dc85bdc4c21f4947ae7b5ebe2df550b5bf6f0af",
                "3261fe69d3d27f9868e795301f122ef9476936c2357e9e931b26785ee96a0f7d",
                "2382ed8aa29614e2aec0cf31d3a73730e3c827fd38003a5a5b935f6849e4f32c",
                "64314d4996f1982a43079673f5f975959255e11141da315ba9098083a4553537",
                "5f96df529cd30a59c9555b48d938ea4b3a2ff20122ec4527de0655e5fb13b4d6",
                "87580fc196e54789fe646efa672abf1241492e7911de142302a22fb81f1cb98e",
                "5a5a7b5b03db94785e32fc7517093ff5f714f7aaf00ad59b2a2e67f3850023eb",
                "74598cb9ed37b4fe37cae918d2591cc6aa0cbd4c8d455bd8d32ca4a0c92b2ece",
                "9ffe1978364cc680e733025e38ba16514cdcdc8139555c1727b8e8ef114cf090",
                "16d8776ff92691bd8a5c34aee3af8356900818c0720be82e0f87877720029ea2",
                "8378b61e5651f843316a41df61fd943a6815298c2c527e6d589cfe1295f96e8f",
                "54554335e8b75fc725a6ce547e50cf1f869fdb42091d2fb2319007c7aa92058d",
                "d1c2c4fb5b44acc0bd370bb1d5f729d1599425d89fb2f87d8acdbf57e5dde5d6",
                "4bf6f635fe4a250faaf55a47cfb4aab94d373bc81ba6af0cb33d1182adf75d29",
                "dbfcba17fdbe1d21126252f32e16013e339e36057e372ec62966f77f9e6bfa72"
            ],
            "type": "Script",
            "exampleSites": [
                "www.michenaud.com",
                "mobile.interflora.fr",
                "www.ducati.com",
                "www.bebesetmamans.com",
                "www.govoyages.com",
                "babbel.com",
                "www.willemsefrance.fr",
                "investir.lesechos.fr",
                "www.cashexpress.fr",
                "www.opodo.fr",
                "www.edreams.fr",
                "www.filmotv.fr",
                "www.interflora.fr",
                "www.pasteur.fr",
                "www.aubert.com",
                "www.sexyavenue.com",
                "www.aircaraibes.com",
                "www.franprix.fr",
                "www.lelynx.fr",
                "www.gifi.fr"
            ]
        },
        {
            "rule": "logbor\\.com\\/tcs",
            "cookies": 0.00245,
            "fingerprinting": 0,
            "subdomains": [
                "u"
            ],
            "apis": {},
            "sites": 25,
            "prevalence": 0.00255,
            "cnames": [],
            "responseHashes": [
                "e3b0c44298fc1c149afbf4c8996fb92427ae41e4649b934ca495991b7852b855",
                "7c6b710fdfefd0e1c8078268c1332a8d0a67df1856418d1218c343ec52495495",
                "13d1f6dba5e2683409b282f2f045f0050072c0ae83a19000fb50344606222edd",
                "22bb8724b4b435473eab5b62f01429c1cd92804c180275098b9aaa829df4243a",
                "0d8a27ab814f31fcb19fb9c8519ae5d9bcb1ce5ffc3da1bc81c8407c4c849dab",
                "e5eb3b76b441dd33ed2780029a7c35ad5844824747615072f29f90aac8015d35",
                "0cf35451f744f5e97b8d40c1d0f954d2bf140928eb490ba3e33c35c18aa50951",
                "b4fa535c41642062fe9f0b722d531f85336ede006896dc64f4268b764c5cefa0",
                "1ef3b44134c35fbce3390fc01efa03a4ebf2fa9b03313ff83e9c0422ffd4c0fe",
                "6f9b7f836143b9a481206a2d930a7d8c965ff4e56bda26e722c1713183a023d2",
                "0fa89e9e60e57633c8eab80feb2fa09b811181351f044e28082b1497e74b8a95",
                "00c1e33fe87458d611dbc0c22bc95bcf66c7109cbfd31e99369f5814aa220353",
                "b463d569b11e4f69ed56f36ac65d4b7e64958625ae9798a16d4efee2339ed4ee",
                "b2fcb61b990a5ae0071dc0ed60e0e0ac75ff3508ef1682fee105e4f4fa57d787",
                "7afb20c791676a9bdffd935daa66490b8f1c856800301529ff2c676a192391cf"
            ],
            "type": "Script",
            "exampleSites": [
                "www.gifi.fr",
                "www.ducati.com",
                "www.willemsefrance.fr",
                "www.aircaraibes.com",
                "www.pasteur.fr",
                "www.cashexpress.fr",
                "www.lelynx.fr",
                "www.govoyages.com",
                "www.privatesportshop.fr",
                "www.yakarouler.com",
                "babbel.com",
                "www.interflora.fr",
                "investir.lesechos.fr",
                "magasins.gifi.fr",
                "www.franprix.fr",
                "www.decitre.fr",
                "www.edreams.fr",
                "www.bebesetmamans.com",
                "mobile.interflora.fr",
                "www.devred.com"
            ]
        }
    ],
    "categories": [],
    "performance": {
        "time": 0,
        "size": 0,
        "cpu": 0,
        "cache": 0
    },
    "cookies": 0.00255,
    "types": {
        "Script": 50
    }
}