{
    "domain": "mmtro.com",
    "owner": {
        "name": "1000mercis",
        "displayName": "1000mercis"
    },
    "source": [
        "DuckDuckGo-FR"
    ],
    "prevalence": 0.000904,
    "sites": 9,
    "subdomains": [
        "seg"
    ],
    "cnames": [],
    "fingerprinting": 1,
    "resources": [
        {
            "rule": "mmtro\\.com\\/i",
            "cookies": 0.000201,
            "fingerprinting": 0,
            "subdomains": [],
            "apis": {},
            "sites": 2,
            "prevalence": 0.000201,
            "cnames": [],
            "responseHashes": [
                "e3b0c44298fc1c149afbf4c8996fb92427ae41e4649b934ca495991b7852b855"
            ],
            "type": "Image",
            "firstPartyCookies": {},
            "firstPartyCookiesSent": {},
            "exampleSites": [
                "air-journal.fr",
                "www.leparking.fr"
            ]
        },
        {
            "rule": "mmtro\\.com\\/tro\\.js",
            "cookies": 0.000402,
            "fingerprinting": 1,
            "subdomains": [],
            "apis": {
                "Date.prototype.getTime": 7,
                "Document.cookie getter": 4,
                "Document.cookie setter": 4
            },
            "sites": 7,
            "prevalence": 0.000703,
            "cnames": [],
            "responseHashes": [
                "3f12bbef7056effa90da4be4f2104dc950587d424c8f7803817ef2587c02174b",
                "359e80fadc986d92ef496c613c7be6786c39b7bf8b537d660f18fca555297230",
                "db1f31660182689b540a5421f6884318e831c280b972934057632156ef8d3424",
                "ad50c97f7468dd822aa406413d77b36f1f3598f4cfb154c95c0526e57475ef9a",
                "34311f238ccbb3a5fa220c9bcf7c5ea0200f14000387a31dc4068f81f2ad5b6a",
                "41f61858b31f6eb0506c366a37bfa4aff9c2d381430f3b073dfed3efe7962f8f"
            ],
            "type": "Script",
            "firstPartyCookies": {
                "__trossion": {
                    "ttl": 34128005,
                    "length": 82,
                    "prevalence": 0.0004016467516818958,
                    "uniqueness": 1
                },
                "__troRUID": {
                    "ttl": 34128003,
                    "length": 36,
                    "prevalence": 0.0004016467516818958,
                    "uniqueness": 1
                }
            },
            "firstPartyCookiesSent": {},
            "exampleSites": [
                "decathlon.com",
                "www.palaisdesthes.com",
                "www.petit-bateau.fr",
                "www.promovacances.com",
                "www.qobuz.com",
                "www.ucpa.com",
                "www.veligo-location.fr"
            ]
        },
        {
            "rule": "mmtro\\.com\\/p",
            "cookies": 0.000703,
            "fingerprinting": 0,
            "subdomains": [],
            "apis": {},
            "sites": 7,
            "prevalence": 0.000703,
            "cnames": [],
            "responseHashes": [
                "e3b0c44298fc1c149afbf4c8996fb92427ae41e4649b934ca495991b7852b855"
            ],
            "type": "Image",
            "firstPartyCookies": {},
            "firstPartyCookiesSent": {
                "__troRUID": 0.0004016467516818958
            },
            "exampleSites": [
                "decathlon.com",
                "www.palaisdesthes.com",
                "www.petit-bateau.fr",
                "www.promovacances.com",
                "www.qobuz.com",
                "www.ucpa.com",
                "www.veligo-location.fr"
            ]
        },
        {
            "rule": "mmtro\\.com\\/s",
            "cookies": 0.000703,
            "fingerprinting": 0,
            "subdomains": [
                "seg"
            ],
            "apis": {},
            "sites": 7,
            "prevalence": 0.000703,
            "cnames": [],
            "responseHashes": [
                "e3b0c44298fc1c149afbf4c8996fb92427ae41e4649b934ca495991b7852b855"
            ],
            "type": "Image",
            "firstPartyCookies": {},
            "firstPartyCookiesSent": {
                "__troRUID": 0.0004016467516818958
            },
            "exampleSites": [
                "leparking.fr",
                "www.palaisdesthes.com",
                "www.petit-bateau.fr",
                "www.promovacances.com",
                "www.qobuz.com",
                "www.ucpa.com",
                "www.veligo-location.fr"
            ]
        },
        {
            "rule": "mmtro\\.com\\/cse\\/liveramp",
            "cookies": 0.000602,
            "fingerprinting": 0,
            "subdomains": [],
            "apis": {},
            "sites": 6,
            "prevalence": 0.000602,
            "cnames": [],
            "responseHashes": [],
            "type": "Image",
            "firstPartyCookies": {},
            "firstPartyCookiesSent": {},
            "exampleSites": [
                "palaisdesthes.com",
                "www.petit-bateau.fr",
                "www.promovacances.com",
                "www.qobuz.com",
                "www.ucpa.com",
                "www.veligo-location.fr"
            ]
        },
        {
            "rule": "mmtro\\.com\\/cse\\/sirdata",
            "cookies": 0.000602,
            "fingerprinting": 0,
            "subdomains": [],
            "apis": {},
            "sites": 6,
            "prevalence": 0.000602,
            "cnames": [],
            "responseHashes": [],
            "type": "Image",
            "firstPartyCookies": {},
            "firstPartyCookiesSent": {},
            "exampleSites": [
                "palaisdesthes.com",
                "www.petit-bateau.fr",
                "www.promovacances.com",
                "www.qobuz.com",
                "www.ucpa.com",
                "www.veligo-location.fr"
            ]
        },
        {
            "rule": "mmtro\\.com\\/cse\\/amazon",
            "cookies": 0.000703,
            "fingerprinting": 0,
            "subdomains": [],
            "apis": {},
            "sites": 7,
            "prevalence": 0.000703,
            "cnames": [],
            "responseHashes": [],
            "type": "Image",
            "firstPartyCookies": {},
            "firstPartyCookiesSent": {},
            "exampleSites": [
                "palaisdesthes.com",
                "www.palaisdesthes.com",
                "www.petit-bateau.fr",
                "www.promovacances.com",
                "www.qobuz.com",
                "www.ucpa.com",
                "www.veligo-location.fr"
            ]
        },
        {
            "rule": "mmtro\\.com\\/ruid\\/2f69852e-3d5a-4608-8f09-d577d79243a3",
            "cookies": 0,
            "fingerprinting": 0,
            "subdomains": [
                "seg"
            ],
            "apis": {},
            "sites": 2,
            "prevalence": 0.000201,
            "cnames": [],
            "responseHashes": [
                "e48fde2cb2231b5015dde8184889cd767b3ca8d1d95dc28fb3b56803ebba0a1f"
            ],
            "type": "XHR",
            "firstPartyCookies": {},
            "firstPartyCookiesSent": {
                "__troRUID": 0.0002008233758409479
            },
            "exampleSites": [
                "veligo-location.fr",
                "www.veligo-location.fr"
            ]
        }
    ],
    "categories": [],
    "performance": {
        "time": 0,
        "size": 0,
        "cpu": 0,
        "cache": 3
    },
    "cookies": 0.000904,
    "types": {
        "Image": 35,
        "Script": 7,
        "XHR": 2
    },
    "nameservers": [
        "ns-308.awsdns-38.com",
        "ns-607.awsdns-11.net",
        "ns-1525.awsdns-62.org",
        "ns-1855.awsdns-39.co.uk"
    ]
}