{
    "domain": "onclickgenius.com",
    "owner": {},
    "source": [
        "DuckDuckGo-FR"
    ],
    "prevalence": 0.000904,
    "sites": 9,
    "subdomains": [],
    "cnames": [],
    "fingerprinting": 0,
    "resources": [
        {
            "rule": "onclickgenius\\.com\\/script\\/suurl\\.php",
            "cookies": 0,
            "fingerprinting": 0,
            "subdomains": [],
            "apis": {},
            "sites": 9,
            "prevalence": 0.000904,
            "cnames": [],
            "responseHashes": [
                "d3deb4f4cc8cdb704267c8cd138dfd39ca1f9a88804191315b26670988e35e06",
                "135809239ffcc6a1de6db1c8b9d6d8fd3fa8a9344eb8132f786c5c2e00088b1c",
                "bcd9510153b9bb7011c344e1d002e0fbd4e550df35c62ac815a6cb50d4e86595",
                "8c69d4d5b11a56d2cc0a19c3703e8e0e61c9d5afb91397d4954720c46c5bf647",
                "886cb04c7d57c08769ca7f5f08271111500fe1439c121303133a22c1aa0107b3",
                "cc69a121529b2f002202782dc8459de14c98288fd821e8f13cd625e81a2a9e7b",
                "dd399218b6907e389b623ecdd212397709f15c9fb07564bc9a7dc3fac69c4cfa",
                "533b7d70f104053abcafc717639147f4a38cf704085f2fa7a57f91569800041b"
            ],
            "type": "Script",
            "firstPartyCookies": {},
            "firstPartyCookiesSent": {},
            "exampleSites": [
                "11anim.com",
                "eztv.re",
                "fulldp.co",
                "gum-gum-streaming.com",
                "regarder-my-hero-academia-streaming.com",
                "www.fandefilm.com",
                "www.mejortorrento.com",
                "yts.mx",
                "yts.pm"
            ]
        }
    ],
    "categories": [],
    "performance": {
        "time": 1,
        "size": 1,
        "cpu": 0,
        "cache": 3
    },
    "cookies": 0,
    "types": {
        "Script": 9
    },
    "nameservers": [
        "hank.ns.cloudflare.com",
        "lady.ns.cloudflare.com"
    ]
}