{
    "domain": "p-n.io",
    "owner": {
        "name": "Pushly",
        "displayName": "Pushly"
    },
    "source": [
        "DuckDuckGo-FR"
    ],
    "prevalence": 0.00151,
    "sites": 15,
    "subdomains": [
        "cdn"
    ],
    "cnames": [],
    "fingerprinting": 2,
    "resources": [
        {
            "rule": "p-n\\.io\\/pushly-sdk\\.min\\.js",
            "cookies": 0.000906,
            "fingerprinting": 2,
            "subdomains": [
                "cdn"
            ],
            "apis": {
                "Navigator.prototype.plugins": 13,
                "window.sessionStorage": 13,
                "Navigator.prototype.cookieEnabled": 12,
                "Navigator.prototype.userAgent": 12,
                "Navigator.prototype.appVersion": 12,
                "Navigator.prototype.appCodeName": 12,
                "Navigator.prototype.product": 12,
                "Navigator.prototype.platform": 12,
                "Document.cookie getter": 9,
                "Document.cookie setter": 9,
                "Date.prototype.getTime": 12,
                "Notification.permission": 12
            },
            "sites": 13,
            "prevalence": 0.00131,
            "cnames": [],
            "responseHashes": [
                "26be504d2d354c7def6e78c607948566bb4155d3f480cb625db456386d047dcf",
                "62111339ec63405147ed0a47bd6b91af9eed47215e34a8447b0538b20dc4b78a",
                "9eb9c2ab89c6f78b6dd2259f2e613a5429d635804af3e5aab17fa1d7a83ce57b",
                "8bbf095a9d40453b1a02a25a8e4b59165f3ccff8ba15f815b3d043044cded7fb",
                "0238c7d57c523b75252beeb6193e50e9d65a334075ebf7129739366a677231a3",
                "676a78ff50f2b4238a7288765c3b40c56f8305c22313d01ce6b1dc72256cb906",
                "29a8c4116f3f2cef2efe53a82b4cc8ffa409b73d9ca553fb906dd2ec80484412",
                "337a0f1ddd9abb76f2e353c951272b689ef374f8aceda8414d6cb187a3e884c2",
                "25370c3f178164e29189f43085c8399eb8f4230b63bbb144e2415879a3635ef9",
                "874d0e7b450b3b483c1b11587fb49dc5c0c8ce6442a69cbccbdb1d30bf216dca",
                "e739bbc9af391c702d6f4a4e42b07a66a69da0e693580df5a9768362f5ea2117",
                "e08a0aae87449dfdb1f9b9d12d46dd004a21f577b73ba802d35bb03ff3353bae"
            ],
            "type": "Script",
            "firstPartyCookies": {
                "_pnvl": {
                    "ttl": 863913603,
                    "length": 5,
                    "prevalence": 0.0009057059474690551,
                    "uniqueness": 0.1111111111111111
                },
                "pushly.user_puuid": {
                    "ttl": 863913603,
                    "length": 32,
                    "prevalence": 0.0009057059474690551,
                    "uniqueness": 1
                },
                "_pnxd": {
                    "ttl": -86398,
                    "length": 18,
                    "prevalence": 0.0009057059474690551,
                    "uniqueness": 0.5555555555555556
                },
                "_pnss": {
                    "ttl": 863913603,
                    "length": 7,
                    "prevalence": 0.0009057059474690551,
                    "uniqueness": 0.1111111111111111
                },
                "_pnlspid": {
                    "ttl": -86397,
                    "length": 4,
                    "prevalence": 0.0009057059474690551,
                    "uniqueness": 0.1111111111111111
                },
                "_pntx": {
                    "ttl": -86397,
                    "length": 4,
                    "prevalence": 0.0009057059474690551,
                    "uniqueness": 0.1111111111111111
                }
            },
            "firstPartyCookiesSent": {},
            "exampleSites": [
                "decider.com",
                "ew.com",
                "investorplace.com",
                "nypost.com",
                "people.com",
                "www.accuweather.com",
                "www.allrecipes.com",
                "www.astrology.com",
                "www.bhg.com",
                "www.digitaltrends.com",
                "www.health.com",
                "www.marthastewart.com",
                "www.shape.com"
            ]
        },
        {
            "rule": "p-n\\.io\\/pushly-sdk\\.min\\.css",
            "cookies": 0,
            "fingerprinting": 0,
            "subdomains": [
                "cdn"
            ],
            "apis": {},
            "sites": 12,
            "prevalence": 0.00121,
            "cnames": [],
            "responseHashes": [
                "5c29bdda3e8c266b397b65031398f817e097b53d3ed4e47444baba159a72a608"
            ],
            "type": "Stylesheet",
            "firstPartyCookies": {},
            "firstPartyCookiesSent": {},
            "exampleSites": [
                "decider.com",
                "ew.com",
                "investorplace.com",
                "nypost.com",
                "people.com",
                "www.accuweather.com",
                "www.allrecipes.com",
                "www.astrology.com",
                "www.bhg.com",
                "www.digitaltrends.com",
                "www.health.com",
                "www.shape.com"
            ]
        },
        {
            "rule": "p-n\\.io\\/pushly-sw\\.min\\.js",
            "cookies": 0,
            "fingerprinting": 0,
            "subdomains": [
                "cdn"
            ],
            "apis": {},
            "sites": 2,
            "prevalence": 0.000201,
            "cnames": [],
            "responseHashes": [
                "00118d0dd36b3fa7edfd02da79b7245896832726c38a501ba045112089cc18d4"
            ],
            "type": "Other",
            "firstPartyCookies": {},
            "firstPartyCookiesSent": {},
            "exampleSites": [
                "the-sun.com",
                "www.thesun.co.uk"
            ]
        }
    ],
    "categories": [],
    "performance": {
        "time": 1,
        "size": 1,
        "cpu": 0,
        "cache": 3
    },
    "cookies": 0.000906,
    "types": {
        "Script": 13,
        "Stylesheet": 12,
        "Other": 2
    },
    "nameservers": [
        "ns-1241.awsdns-27.org",
        "ns-1851.awsdns-39.co.uk",
        "ns-191.awsdns-23.com",
        "ns-972.awsdns-57.net"
    ]
}