{
    "domain": "p-n.io",
    "owner": {
        "name": "Pushly",
        "displayName": "Pushly"
    },
    "source": [
        "DuckDuckGo-FR"
    ],
    "prevalence": 0.00141,
    "sites": 14,
    "subdomains": [
        "cdn"
    ],
    "cnames": [],
    "fingerprinting": 2,
    "resources": [
        {
            "rule": "p-n\\.io\\/pushly-sdk\\.min\\.js",
            "cookies": 0.000908,
            "fingerprinting": 2,
            "subdomains": [
                "cdn"
            ],
            "apis": {
                "Navigator.prototype.plugins": 12,
                "window.sessionStorage": 12,
                "Navigator.prototype.cookieEnabled": 11,
                "Navigator.prototype.userAgent": 11,
                "Navigator.prototype.appVersion": 11,
                "Navigator.prototype.appCodeName": 11,
                "Navigator.prototype.product": 11,
                "Navigator.prototype.platform": 11,
                "Document.cookie getter": 9,
                "Document.cookie setter": 9,
                "Date.prototype.getTime": 11,
                "Notification.permission": 11
            },
            "sites": 12,
            "prevalence": 0.00121,
            "cnames": [],
            "responseHashes": [
                "a90cd3804e7690213074dda45645f4bb3b9a15049f6227e051a3badf2ca080ba",
                "1b08e8dddcee72e277bf0b7e99dbce797e27b754542e9d9f62400834a420f222",
                "73e870d8db1d621428eb715f72d9e9452fab87887944cc34c205765d51856ef8",
                "a6d6da3f513edec717d7217692b9dd4ea9583f5c7afcbdb71272987183c654ef",
                "8c2349247a81270f1a8b15eb896aad5f23e97243aee120e0efa2dc05e4c113c6",
                "4cd4a24eb20efd65831c4da2f2a7ebcfe0ab731ef8fd3dcde1f018abe711fdda",
                "f40aeab8f6d7c42083bf63ad95ddca9d9a1c5a79e26118fb8a438b885bafb4d0",
                "e45f2dbc2374bb98aee93a5236d1e78164613ed759c050cb98a60a350448790a",
                "b65453a7cf759585c568bb08c5b8ae76c6f81c1f3fd83f936c38e8331385a97e",
                "577e61550ee4f92763fecf535ebf7a9ebd638a94e7585c93d90eefc09aff8a5e",
                "590dddeca3731500dd0d6bd711b8f1b3b643d7f495b54894201a77fb43efb332"
            ],
            "type": "Script",
            "firstPartyCookies": {
                "_pnvl": {
                    "ttl": 863913603,
                    "length": 5,
                    "prevalence": 0.0009076240419524002,
                    "uniqueness": 0.1111111111111111
                },
                "pushly.user_puuid": {
                    "ttl": 863913603,
                    "length": 32,
                    "prevalence": 0.0009076240419524002,
                    "uniqueness": 1
                },
                "_pnxd": {
                    "ttl": -86397,
                    "length": 11,
                    "prevalence": 0.0009076240419524002,
                    "uniqueness": 0.3333333333333333
                },
                "_pnss": {
                    "ttl": 863913603,
                    "length": 7,
                    "prevalence": 0.0009076240419524002,
                    "uniqueness": 0.1111111111111111
                },
                "_pnlspid": {
                    "ttl": -86397,
                    "length": 4,
                    "prevalence": 0.0009076240419524002,
                    "uniqueness": 0.1111111111111111
                },
                "_pntx": {
                    "ttl": -86397,
                    "length": 4,
                    "prevalence": 0.0009076240419524002,
                    "uniqueness": 0.1111111111111111
                }
            },
            "firstPartyCookiesSent": {},
            "exampleSites": [
                "decider.com",
                "nypost.com",
                "pagesix.com",
                "people.com",
                "www.accuweather.com",
                "www.allrecipes.com",
                "www.astrology.com",
                "www.digitaltrends.com",
                "www.health.com",
                "www.horoscope.com",
                "www.marthastewart.com",
                "www.shape.com"
            ]
        },
        {
            "rule": "p-n\\.io\\/pushly-sdk\\.min\\.css",
            "cookies": 0,
            "fingerprinting": 0,
            "subdomains": [
                "cdn"
            ],
            "apis": {},
            "sites": 11,
            "prevalence": 0.00111,
            "cnames": [],
            "responseHashes": [
                "4a40193d6c3ac3a1a597e140064470e95c297a42c4a2cb8d35ab34bf4f1007cf"
            ],
            "type": "Stylesheet",
            "firstPartyCookies": {},
            "firstPartyCookiesSent": {},
            "exampleSites": [
                "decider.com",
                "nypost.com",
                "pagesix.com",
                "people.com",
                "www.accuweather.com",
                "www.allrecipes.com",
                "www.astrology.com",
                "www.digitaltrends.com",
                "www.health.com",
                "www.horoscope.com",
                "www.shape.com"
            ]
        },
        {
            "rule": "p-n\\.io\\/pushly-sw\\.min\\.js",
            "cookies": 0,
            "fingerprinting": 0,
            "subdomains": [
                "cdn"
            ],
            "apis": {},
            "sites": 2,
            "prevalence": 0.000202,
            "cnames": [],
            "responseHashes": [
                "00118d0dd36b3fa7edfd02da79b7245896832726c38a501ba045112089cc18d4"
            ],
            "type": "Other",
            "firstPartyCookies": {},
            "firstPartyCookiesSent": {},
            "exampleSites": [
                "the-sun.com",
                "www.thesun.co.uk"
            ]
        }
    ],
    "categories": [],
    "performance": {
        "time": 1,
        "size": 1,
        "cpu": 0,
        "cache": 3
    },
    "cookies": 0.000908,
    "types": {
        "Script": 12,
        "Stylesheet": 11,
        "Other": 2
    },
    "nameservers": [
        "ns-1851.awsdns-39.co.uk",
        "ns-191.awsdns-23.com",
        "ns-972.awsdns-57.net",
        "ns-1241.awsdns-27.org"
    ]
}