{
    "domain": "prmutv.co",
    "owner": {},
    "source": [
        "DuckDuckGo-FR"
    ],
    "prevalence": 0.00331,
    "sites": 33,
    "subdomains": [
        "0cf17917-395b-4f25-91cc-db3bdd6044b0",
        "5814efa5-d41d-4a89-b176-1cc26fae87cd",
        "0272ac85-5199-4024-a555-397c3d825d95",
        "e1c3fd73-dd41-4abd-b80b-4278d52bf7aa",
        "f3a06674-ebb9-4b9d-ba8f-0052018c0687",
        "3aba5292-ba75-422b-8715-bd21146f7836",
        "5642074a-7820-46d3-a3d9-f26f3cc6e800",
        "f5b3be27-f789-4ef1-8867-37c67da5b361",
        "a49795fb-5053-49b1-8c42-32306718829e",
        "2a28082a-de31-45fd-a00c-548117e422f7",
        "289d106c-df24-4cd9-a9fa-753e928c23ad",
        "6da7b56a-3097-4a8c-baaa-4a543536193b",
        "51f7b159-295e-4eeb-821b-565af794f8a6",
        "3d2fb0bd-52fc-4b75-aaf5-2d436c172540",
        "15f2ad6b-419e-4fad-afad-a5597d0617ca",
        "e43c8a90-d17b-4790-bfda-81b069b3b8c2",
        "67cbf6c5-d926-407b-a684-a0606570ff08",
        "d2fb08da-1c03-4c8a-978f-ad8a96b4c31f"
    ],
    "cnames": [],
    "fingerprinting": 0,
    "resources": [
        {
            "rule": "prmutv\\.co\\/v2\\.0\\/pxid",
            "cookies": 0.00271,
            "fingerprinting": 0,
            "subdomains": [
                "0cf17917-395b-4f25-91cc-db3bdd6044b0",
                "5814efa5-d41d-4a89-b176-1cc26fae87cd",
                "0272ac85-5199-4024-a555-397c3d825d95",
                "e1c3fd73-dd41-4abd-b80b-4278d52bf7aa",
                "f3a06674-ebb9-4b9d-ba8f-0052018c0687",
                "3aba5292-ba75-422b-8715-bd21146f7836",
                "5642074a-7820-46d3-a3d9-f26f3cc6e800",
                "f5b3be27-f789-4ef1-8867-37c67da5b361",
                "a49795fb-5053-49b1-8c42-32306718829e",
                "2a28082a-de31-45fd-a00c-548117e422f7",
                "289d106c-df24-4cd9-a9fa-753e928c23ad",
                "6da7b56a-3097-4a8c-baaa-4a543536193b",
                "51f7b159-295e-4eeb-821b-565af794f8a6",
                "3d2fb0bd-52fc-4b75-aaf5-2d436c172540",
                "15f2ad6b-419e-4fad-afad-a5597d0617ca",
                "e43c8a90-d17b-4790-bfda-81b069b3b8c2",
                "67cbf6c5-d926-407b-a684-a0606570ff08",
                "d2fb08da-1c03-4c8a-978f-ad8a96b4c31f"
            ],
            "apis": {},
            "sites": 33,
            "prevalence": 0.00331,
            "cnames": [],
            "responseHashes": [
                "8e4c1b8a97a0e9300a5cc31b585e9250f99c1687704c912c9de1961d73053f07",
                "90268e198d81ea2e6f8599992ca31b40a585f947d844da4f4d5c7150fc0a27aa",
                "481d77f5d1a9c24f102bb6af246ecbff595011e0d73e70b652c39d702565d47d",
                "64f4991f0f3da488c0a9657cea708237b790036a298fc1c69ccc0bc743929fc3",
                "3061f59af56192a39a5b9d74adbf10a56613ba15f6d54f8cf6f27675bdec0b08",
                "f6549cd420a7e7f876d6ed59866a2f3e883eae6987aaa606abbc867638b1abf7",
                "73579c082cab5582f0aa3127c5ed7669469a67ed3895b36422465991b02664c2",
                "1b4cf7e9621e97ab5b18ce911b8c812d6bc3e608522b40ec5a6b185262784f2b",
                "7ba2bd6d9df44fe792170476d0df3e904ce67a897d07e96607a41a7d885754af",
                "f385283b8caeee327d405ee05370d290944aa707a37ef474deba840d35b61bd2",
                "c26d11f20ea60c24d8224280f0dca68d1788c66d6786b1017477cd6c19f127ff",
                "f640eef9d4bce2ddae3e7c1f7fec5dbd77c262baeaa3f2b10525555620685886",
                "e43cc31e4e617469edc54b94fc5dcde645b8a029d13366597210aaa340204bb2",
                "7214d5fc04be17347a0c1faea775bc05c1b5cf4ecdb78dccb12879750a30dbde",
                "d73e969f00907337d0ddb0ac7819b83ca6d7dff896a17f73a12ae1aa46e9def5",
                "afa7900acc3305838c7c527bb585cbcb35808b759da45d5c54cfc511326b50ff",
                "1f93d568b51ac6c8259003224e27b5b0b1c1d01b737c4319a2d6a7c9eb98179c",
                "113249bff5d44e3b604bcda41e9a7441dce434b8a67804bb02753d59fb9353dd",
                "5acf868aae48ecb28289751d6cf2dbfac9afa7d3d57b46179cdeb70457bc6caa",
                "26e4495e6a0ce87b9aee759f7111b0676326656a124bc2bab0333f82ce41207d",
                "cce7e39eebf641d2d23c098730f9e2877751c4a9ce4fdf2f317f52fa46941b1b",
                "5de2d7a934b6aa0303001e33ae0c4bc8e15ee3d0c455830c6212e4bb126fc7c7",
                "7c9c71b556a9e3313c38fcf73fa02de92b5f1deb2e0836684961fab55193dec9",
                "81d7efe3452414badb5b84e1e92a5685aefe8b78799b4e98259a1a0747f98fb7",
                "a08b178cb0b3c452a1f67daebb1d275408f9345c8490f4d71d20af72d5540a30",
                "2cb9777e98af8100ba08d18ac5a2a0a1d04ebb07ae81714ccd0a3f6296ea2239",
                "1fb39f8bbaadd8329fd183a27c85c771d6299e9398d82cf360ab31d764861685",
                "7ba4e6bab9c25ab39f31785a19e62a9f83d301bd7bbd94b8ae0222152950ef4e"
            ],
            "type": "XHR",
            "firstPartyCookies": {},
            "firstPartyCookiesSent": {},
            "exampleSites": [
                "healthfully.com",
                "homeguides.sfgate.com",
                "www.digitaltrends.com",
                "www.hunker.com",
                "www.livestrong.com",
                "www.pcworld.com",
                "www.techwalla.com",
                "www.thekitchn.com",
                "www.csoonline.com",
                "www.lookdujour.ca",
                "www.computerworld.com",
                "www.timeout.com",
                "www.vulture.com",
                "www.macworld.co.uk",
                "www.economist.com",
                "www.hola.com",
                "www.autoexpress.co.uk",
                "mawdoo3.com",
                "www.popsugar.com",
                "www.fraichementpresse.ca"
            ]
        }
    ],
    "categories": [],
    "performance": {},
    "cookies": 0.00271,
    "types": {
        "XHR": 33
    },
    "nameservers": [
        "ns-cloud-d3.googledomains.com",
        "ns-cloud-d1.googledomains.com",
        "ns-cloud-d2.googledomains.com",
        "ns-cloud-d4.googledomains.com"
    ]
}