{
    "domain": "ptgncdn.com",
    "owner": {},
    "source": [
        "DuckDuckGo-FR"
    ],
    "prevalence": 0.000929,
    "sites": 9,
    "subdomains": [
        "deliver"
    ],
    "cnames": [],
    "fingerprinting": 0,
    "resources": [
        {
            "rule": "ptgncdn\\.com\\/cbdec",
            "cookies": 0.000825,
            "fingerprinting": 0,
            "subdomains": [
                "deliver"
            ],
            "apis": {},
            "sites": 8,
            "prevalence": 0.000825,
            "cnames": [],
            "responseHashes": [
                "3ec2c7c546a25ce0a27ca521a49391c70acbcdac7bfe2b27773c0c08775e9c19",
                "a63c315fd61b7f40630f5d1f510f6b8945a35378632f4918aeb9fa52b9cbde92",
                "c403341140b590bf0793cade8e9bd9797f2eb7d1ec49323c9c06abdc8681863d",
                "bf40c8be1e7117f2fbcdb3bd53ec543875c110bda269296b4c06bb21edf76d98",
                "88e7721e8add6c09c9d5529896b96d5b84e8365536961a4158b00162d96b84d8",
                "8e16b880ac2472ab35f45649a74973ca4a83f431ffe05ea8628be9fef9782518",
                "1229ff89f189b80870386093a4616ee6c233d993d9a7b799691207aadbb5662a"
            ],
            "type": "Document",
            "exampleSites": [
                "spankbang.com",
                "de.spankbang.com",
                "es.spankbang.com",
                "fr.spankbang.com",
                "it.spankbang.com",
                "jp.spankbang.com",
                "nl.spankbang.com",
                "ru.spankbang.com"
            ]
        }
    ],
    "categories": [],
    "performance": {
        "time": 1,
        "size": 1,
        "cpu": 0,
        "cache": 3
    },
    "cookies": 0.000929,
    "types": {
        "Document": 8
    },
    "nameservers": [
        "wally.ns.cloudflare.com",
        "jonah.ns.cloudflare.com"
    ]
}