{
    "domain": "riverpush.com",
    "owner": {},
    "source": [
        "DuckDuckGo-FR"
    ],
    "prevalence": 0.000608,
    "sites": 6,
    "subdomains": [],
    "cnames": [],
    "fingerprinting": 0,
    "resources": [
        {
            "rule": "riverpush\\.com\\/feed\\/",
            "cookies": 0.000608,
            "fingerprinting": 0,
            "subdomains": [],
            "apis": {},
            "sites": 6,
            "prevalence": 0.000608,
            "cnames": [],
            "responseHashes": [
                "03370992931fb172fc54df5de1966252c5a9608fa7972330e2030e5a5fe26e07",
                "e1a3f39718089292f9acc262d41e433c369cbd699f0c521f42399bd5458afcb9",
                "d8f859bdc6f12d55b2cf0ce9f10ec905b2cbee388c5b7a5fc5c3700652a65116",
                "b1d6d6daa97fef8d566e25ef714681df1b9df64f9dde9ef23d544cfdc7d07185",
                "5bb4edbf9dbfae282d78ec3db6f59ebbb77437c35cad01a24dab1473d05f0765"
            ]
        }
    ],
    "categories": [],
    "performance": {},
    "cookies": 0.000608,
    "types": {
        "XHR": 6
    }
}