{
    "domain": "speedcurve.com",
    "owner": {},
    "source": [
        "DuckDuckGo-FR"
    ],
    "prevalence": 0.00363,
    "sites": 36,
    "subdomains": [
        "cdn",
        "lux"
    ],
    "cnames": [],
    "fingerprinting": 1,
    "resources": [
        {
            "rule": "speedcurve\\.com\\/js\\/lux\\.js",
            "cookies": 0.00111,
            "fingerprinting": 2,
            "subdomains": [
                "cdn"
            ],
            "apis": {
                "Document.cookie getter": 11,
                "Document.cookie setter": 11,
                "PerformanceTiming.prototype.navigationStart": 27,
                "Navigator.prototype.connection": 3,
                "Navigator.prototype.deviceMemory": 3
            },
            "sites": 35,
            "prevalence": 0.00353,
            "cnames": [],
            "responseHashes": [
                "e05b92dcf7ea25b8197df1845c56b8aa0e0c9dc63aa9de5c3c6b1c1965a02654",
                "f6a1b7a12ea0900f6537b74ac24292835d64de3a4f52ab176827b46048a51436",
                "c9cb16f1ca69ece9452b6c3845b6f3c9df3f8bb4d0dc5a59001fbf5efb29d46b",
                "895eb06e051e7576e65da211e00d620cf8886e87f71de56583f8ccc4ffcbe799",
                "4b86d55e682e61891e771674a0d86238502ad65483d86374043c1ca3c11fb555",
                "eccc2ec415a62c04085c3a8ed0bed66d15d87b1c45cce979c679d12380b29910",
                "4798c8035be08bfd36e7a50009bc33b8a9c202a09c96e55132094bec1ab52481",
                "5a27b27c4ae043579c2bcf2f36d8d3dca9ff515625187fe4f99dfc19cc2909dd",
                "ce308d68090e645d82ab3a189e6c2ccd621a86e21065a2f73a71b01d27c3977a",
                "fdf15be9538d18a0efb93218f4adb133e8aedd90eb4259cd5d1550ad19b689f5",
                "5b756daf2bf1c88009a2ca0a6a1f6f23507af16a63e37f0923fedef7a20d0214",
                "8e0cf75c2cfcb35edbce8e01875f1690dc3ffbfbb3eff4f3e02f69da5a5d6846",
                "8bdf45b757f549c9005a611c03c3d71f9d5f2944a4bc7f8d3f068941e3094362",
                "8ce539cb845a1de1481bccff267ffedfa8a12f81ffee060c447992409a7bf73f",
                "fde4b976a0935c4ef0359cfaaf2f088702c847b8aade075ee6b7efa0ead13e5a"
            ],
            "type": "Script",
            "firstPartyCookies": {
                "lux_uid": {
                    "ttl": 1800,
                    "length": 18,
                    "prevalence": 0.001109318273497378,
                    "uniqueness": 1
                }
            },
            "firstPartyCookiesSent": {},
            "exampleSites": [
                "mozilla.org",
                "gizmodo.com",
                "lifehacker.com",
                "www.cosmopolitan.com",
                "www.redtube.com",
                "www.aarp.org",
                "www.dailyesports.gg",
                "unsplash.com",
                "www.adecco.fr",
                "m.focus.de",
                "www.pcinvasion.com",
                "www.redtube.com.br",
                "kotaku.com",
                "www.giga.de",
                "www.indiewire.com",
                "www.redbull.com",
                "fr.redtube.com",
                "ru.redtube.com",
                "www.radiotimes.com",
                "www.jeuneafrique.com"
            ]
        },
        {
            "rule": "speedcurve\\.com\\/lux\\/",
            "cookies": 0,
            "fingerprinting": 0,
            "subdomains": [
                "lux"
            ],
            "apis": {},
            "sites": 4,
            "prevalence": 0.000403,
            "cnames": [],
            "responseHashes": [
                "81c7145f88fe90de6256265a86e07fc06748f02e504ecdf00323861fb7e91f57"
            ],
            "type": "Script",
            "firstPartyCookies": {},
            "firstPartyCookiesSent": {},
            "exampleSites": [
                "adecco.fr",
                "www.gucci.com",
                "www.radiotimes.com",
                "www.shopify.fr"
            ]
        }
    ],
    "categories": [],
    "performance": {
        "time": 1,
        "size": 1,
        "cpu": 0,
        "cache": 3
    },
    "cookies": 0.00111,
    "types": {
        "Script": 39
    },
    "nameservers": [
        "ns3.dnsimple.com",
        "ns4.dnsimple.com",
        "ns1.dnsimple.com",
        "ns2.dnsimple.com"
    ]
}