{
    "domain": "tawk.to",
    "owner": {},
    "source": [
        "DuckDuckGo-FR"
    ],
    "prevalence": 0.00233,
    "sites": 23,
    "subdomains": [
        "static-v",
        "vsb37",
        "vsb24",
        "vsb83",
        "vsb8",
        "vsb82",
        "vsb68",
        "vsb18",
        "vsb53",
        "vsb32",
        "vsb74",
        "vsb80",
        "vsb98",
        "vsb51",
        "vsb85",
        "vsb21",
        "vsb27",
        "vsb47",
        "vsb110",
        "vsb45",
        "va"
    ],
    "cnames": [],
    "fingerprinting": 2,
    "resources": [
        {
            "rule": "tawk\\.to\\/a-v3\\/images\\/bubbles\\/168-r-br\\.svg",
            "cookies": 0.000304,
            "fingerprinting": 0,
            "subdomains": [
                "static-v"
            ],
            "apis": {},
            "sites": 3,
            "prevalence": 0.000304,
            "cnames": [],
            "responseHashes": [
                "7c6f118535c5bbca36246754dacad64fdbd01a7ce156f43a5438c63227cc1a32"
            ]
        },
        {
            "rule": "tawk\\.to\\/s\\/",
            "cookies": 0.00203,
            "fingerprinting": 0,
            "subdomains": [
                "vsb37",
                "vsb24",
                "vsb83",
                "vsb8",
                "vsb82",
                "vsb68",
                "vsb18",
                "vsb53",
                "vsb32",
                "vsb74",
                "vsb80",
                "vsb98",
                "vsb51",
                "vsb85",
                "vsb21",
                "vsb27",
                "vsb47",
                "vsb110",
                "vsb45"
            ],
            "apis": {},
            "sites": 20,
            "prevalence": 0.00203,
            "cnames": [],
            "responseHashes": [
                "7279a58a1fafe227aa0c7ea072feb71bdbdc49e2df16399e54ef0dc00b9a0c79",
                "39cafb47fe28c3f1e5ebc3ad82924efd400a106aeb07334c40d7bbc1ddaf2c24",
                "6e98eeb9406b51f8125830ee19a54239a8e1e09300225b2b6deb07fc95270483",
                "c6da55790dc64f1b78805206ca369697c8a3cc0f50377b1fb51310d647e0aca1",
                "a9af29bb437c07c2a164b0aa4fe885c69887c3f8a80ee01fa398e80948c791e0",
                "3cf8467ea47236c4e0eaba4ea13e372b5749fec6905da0c729767409985fd6be",
                "4d04eb71cbb92d883794fcc81962cff76130f763c480b9bab391b8f39997c92a",
                "086ec4a57e5e88b9dcf13e5d5c75daff5cc42b5260a8e2041ff25366a3a5383c",
                "d9c7f9cae3b5af1e36250a69c75b622f93224a3238d31dd1605ec57c7e203fe8",
                "016d9b55a88a9331fc9831afd3b773de503cfcd0164855f06370849c6576a0de",
                "42d80e8a80136ec3449a5ed1f6b09fd86090cbc1d38987a1b627306ed99a2561",
                "f8bca13e4a5a8c35dd428b4c55c0895519c9374ad2718ce3b097a5bd9b2144fd",
                "a4613f2eba772955976a9468552cb708c56f8a69618757c6f46508ccc2bcd505",
                "e2cc36c95b727387d1f7db92f87a42cab3d267805308ae9963a2aea1cdf56c31",
                "1826a8fb816f797858b5ae75ad34f7b7f5271ee754634b2fe1fb3429d782c893",
                "bb8b69c2e887ec5f4dff8fa829cd871fb8278811e6681ea8271c35e58066963d",
                "c18cbcfe89a724df362e747cfc1f4e1cd6b7d31796296fe9cb426bd20ba5c0e2",
                "c9b342062ded6eb3e8868a21aeadf541a889e4edc65966fb2d170f180eb77dca",
                "e9e0d87851783170ff13021187ef341e68a2db5e70533fdaed01e6336db3a0de"
            ]
        },
        {
            "rule": "tawk\\.to\\/log-performance\\/v3",
            "cookies": 0.00182,
            "fingerprinting": 0,
            "subdomains": [
                "va"
            ],
            "apis": {},
            "sites": 18,
            "prevalence": 0.00182,
            "cnames": [],
            "responseHashes": [
                "933b971c6388d594a23fa1559825db5bec8ade2db1240aa8fc9d0c684949e8c9"
            ]
        },
        {
            "rule": "tawk\\.to\\/a-v3\\/images\\/bubbles\\/174-r-cr\\.svg",
            "cookies": 0.000203,
            "fingerprinting": 0,
            "subdomains": [
                "static-v"
            ],
            "apis": {},
            "sites": 2,
            "prevalence": 0.000203,
            "cnames": [],
            "responseHashes": [
                "3109dc758a071a08f5e89c60cc463ead1213f2f943261caafba4a6dc3e123868"
            ]
        }
    ],
    "categories": [],
    "performance": {
        "time": 1,
        "size": 1,
        "cpu": 0,
        "cache": 3
    },
    "cookies": 0.00223,
    "types": {
        "Image": 5,
        "XHR": 38
    }
}