{
    "domain": "trackcmp.net",
    "owner": {
        "name": "ActiveCampaign, Inc.",
        "displayName": "ActiveCampaign"
    },
    "source": [
        "DuckDuckGo-FR"
    ],
    "prevalence": 0.00332,
    "sites": 33,
    "subdomains": [],
    "cnames": [],
    "fingerprinting": 0,
    "resources": [
        {
            "rule": "trackcmp\\.net\\/t_prism_sitemessages\\.php",
            "cookies": 0,
            "fingerprinting": 0,
            "subdomains": [],
            "apis": {},
            "sites": 18,
            "prevalence": 0.00181,
            "cnames": [],
            "responseHashes": [
                "e3b0c44298fc1c149afbf4c8996fb92427ae41e4649b934ca495991b7852b855"
            ],
            "type": "Script",
            "firstPartyCookies": {},
            "firstPartyCookiesSent": {
                "prism_798946631": 0.00010063399416322834,
                "prism_610281596": 0.00010063399416322834,
                "prism_649848035": 0.00010063399416322834,
                "prism_999687948": 0.00010063399416322834,
                "prism_66246712": 0.00010063399416322834,
                "prism_66562782": 0.00010063399416322834,
                "prism_650145765": 0.00010063399416322834,
                "prism_89661704": 0.00010063399416322834,
                "prism_67095182": 0.00010063399416322834,
                "prism_252567289": 0.00010063399416322834,
                "prism_799531281": 0.00010063399416322834,
                "prism_475614117": 0.00010063399416322834
            },
            "exampleSites": [
                "1000-idees-de-culture-generale.fr",
                "au-potager-bio.com",
                "greenowl.fr",
                "plantes-sauvages-comestibles.com",
                "protrainer.fr",
                "www.alexandrecormont.com",
                "www.anglaiscours.fr",
                "www.aladom.fr",
                "www.beauxarts.fr",
                "www.epargnant30.fr",
                "www.lechemindelanature.com",
                "www.lse.ac.uk",
                "www.michenaud.com",
                "www.pickupalliance.com",
                "www.raviday-piscine.com",
                "www.roland.com",
                "www.techopedia.com",
                "www.youtips.com"
            ]
        },
        {
            "rule": "trackcmp\\.net\\/visit",
            "cookies": 0.00141,
            "fingerprinting": 0,
            "subdomains": [],
            "apis": {},
            "sites": 15,
            "prevalence": 0.00151,
            "cnames": [],
            "responseHashes": [
                "e3b0c44298fc1c149afbf4c8996fb92427ae41e4649b934ca495991b7852b855"
            ],
            "type": "Script",
            "firstPartyCookies": {},
            "firstPartyCookiesSent": {},
            "exampleSites": [
                "bonheuretsante.fr",
                "ixtem-moto.com",
                "news.bitcoin.com",
                "rcf.fr",
                "www.dafy-moto.com",
                "www.fluentu.com",
                "www.interiors.fr",
                "www.le-chariot.com",
                "www.lemondeinformatique.fr",
                "www.lifehack.org",
                "www.myguitare.com",
                "www.objectifeco.com",
                "www.smbois.com",
                "www.therapeutes.com",
                "www.twil.fr"
            ]
        }
    ],
    "categories": [
        "Ad Motivated Tracking",
        "Advertising",
        "Action Pixels"
    ],
    "performance": {
        "time": 1,
        "size": 1,
        "cpu": 1,
        "cache": 3
    },
    "cookies": 0.00151,
    "types": {
        "Script": 33
    },
    "nameservers": [
        "ns-135.awsdns-16.com",
        "ns-2017.awsdns-60.co.uk",
        "ns-875.awsdns-45.net",
        "ns-1064.awsdns-05.org"
    ]
}