{
    "domain": "veoxa.com",
    "owner": {
        "name": "J S WEB PRODUCTION",
        "displayName": "J S WEB PRODUCTION"
    },
    "source": [
        "DuckDuckGo-FR"
    ],
    "prevalence": 0.000807,
    "sites": 8,
    "subdomains": [
        "profiling"
    ],
    "cnames": [],
    "fingerprinting": 1,
    "resources": [
        {
            "rule": "veoxa\\.com\\/boot\\/request\\/",
            "cookies": 0,
            "fingerprinting": 1,
            "subdomains": [
                "profiling"
            ],
            "apis": {
                "window.localStorage": 7,
                "Document.cookie getter": 5
            },
            "sites": 7,
            "prevalence": 0.000706,
            "cnames": [],
            "responseHashes": [
                "a328085f68d4df8826b2222f09e49454fb8ef1e08541da808e14f229f28599ac",
                "f4ff03c3d9a6b2b0cfa9d57d4e34525fa8a8cccef1eaa5c557e15c274147296a",
                "e8f225ede187120b48bf1f160466af072a7279a7f40b246ed3a441e10283446c",
                "911881dfc885344eb918ff2f41abfa3757fb5c31500f0752a76331a2154ad532",
                "5a88df8b0f7a37f732895e7e2b01184b75ee77df7e01d6779dc41a538ec40b6e",
                "fe8368be8532304609476c2d71d244ff4828853ff74b54536ebcbd1d626a16a5"
            ],
            "type": "Script",
            "firstPartyCookies": {},
            "firstPartyCookiesSent": {},
            "exampleSites": [
                "bricomarche.com",
                "www.bricorama.fr",
                "www.imusic-school.com",
                "www.pneus-online.fr",
                "www.relaiscolis.com",
                "www.samsung.com",
                "www.yakarouler.com"
            ]
        },
        {
            "rule": "veoxa\\.com\\/store\\/js",
            "cookies": 0.000706,
            "fingerprinting": 1,
            "subdomains": [
                "profiling"
            ],
            "apis": {
                "window.localStorage": 7,
                "Date.prototype.getTime": 7,
                "Document.cookie setter": 5
            },
            "sites": 7,
            "prevalence": 0.000706,
            "cnames": [],
            "responseHashes": [
                "768b35529e9b2f00cf61329079ef74b3b56962e241260bd3a7f3eafda9d28cf1",
                "96d54446393a6f3761ea2cf545b0a726674068f135a5b39bb5b3b826896157c4",
                "91c86665c4d36b022eebeeeec34303e3826c72e9a5d8e86e740bd636fe202042",
                "4bd0de022afa7b01fde71253b798b5b871c619c488e890ec986f6c76935a65bf",
                "e2d81c18bd20e3062a76220539f0b35895ee73446f3f3f0c0964a123010d213e",
                "bf124f021d020ee27bcc32983104276e0aa92e9ed262a99a6dba3de13824d0d0"
            ],
            "type": "Script",
            "firstPartyCookies": {
                "vuidck": {
                    "ttl": 7776005,
                    "length": 36,
                    "prevalence": 0.0005042355788624445,
                    "uniqueness": 1
                }
            },
            "firstPartyCookiesSent": {},
            "exampleSites": [
                "bricomarche.com",
                "www.bricorama.fr",
                "www.imusic-school.com",
                "www.pneus-online.fr",
                "www.relaiscolis.com",
                "www.samsung.com",
                "www.yakarouler.com"
            ]
        }
    ],
    "categories": [],
    "performance": {},
    "cookies": 0.000807,
    "types": {
        "Script": 14
    },
    "nameservers": [
        "ns-1729.awsdns-24.co.uk",
        "ns-475.awsdns-59.com",
        "ns-713.awsdns-25.net",
        "ns-1096.awsdns-09.org"
    ]
}