{
    "domain": "vivaclix.com",
    "owner": {},
    "source": [
        "DuckDuckGo-FR"
    ],
    "prevalence": 0.00123,
    "sites": 12,
    "subdomains": [
        "srv",
        "track",
        "media"
    ],
    "cnames": [],
    "fingerprinting": 2,
    "resources": [
        {
            "rule": "vivaclix\\.com\\/rotor",
            "cookies": 0.00123,
            "fingerprinting": 0,
            "subdomains": [
                "srv"
            ],
            "apis": {},
            "sites": 12,
            "prevalence": 0.00123,
            "cnames": [],
            "responseHashes": [
                "9bf588ee546079f0514f9cac0f01d16fa76c5bdc52b93fe293767c36de138b4e",
                "d9a088f4956e2f6a639ee201032036bace7b14c5547277c2c8de9d2377e3c0c8",
                "5fc5357e3d630e82eaafc66aa3bee48512298ac35b7c03ba5484f71104574f98",
                "5d78c3d5f652ee2a92f94c647c20608407a767db794ff30c598612e83c8d23c8",
                "210bbeb20fd4bd6d76473d489f00c2828c709df2302a39508938cd865c2c3fb8",
                "0b15d68c9cb915a5544e22365f6a6aef897efdabf9d23d7219222c5e379466fb",
                "923ed8a52be62b0c5882815f10734b07154b7e8fa4a2cc3e2a6b6a092df4bfbd",
                "fda44a559b74061b7cc5a23f29d38ca763a030e82a4d3d14c59744d1266fd193",
                "7eaa5b1dd49e5b2744b0deb5a52054fd974a935e0c48fe59a374877cc921221c",
                "d1eb58484b18d103ce5b36b0d600daa0ac0738c4584d6f45cad519e811bdbe88"
            ],
            "type": "Script",
            "exampleSites": [
                "bokepindo247.net",
                "bokepindonesia.net",
                "bokepaz321.net",
                "desixnxx2.net",
                "javphe.tv",
                "javphim.biz",
                "vidiobokepsex.com",
                "www.bestwifeporn.com",
                "www.rajahentai.club",
                "xhamster.pet"
            ]
        },
        {
            "rule": "vivaclix\\.com\\/wtf\\.js",
            "cookies": 0.00123,
            "fingerprinting": 0,
            "subdomains": [
                "track"
            ],
            "apis": {},
            "sites": 12,
            "prevalence": 0.00123,
            "cnames": [],
            "responseHashes": [
                "e3b0c44298fc1c149afbf4c8996fb92427ae41e4649b934ca495991b7852b855"
            ],
            "type": "Script",
            "exampleSites": [
                "bokepindo247.net",
                "bokepindonesia.net",
                "bokepaz321.net",
                "desixnxx2.net",
                "javphe.tv",
                "javphim.biz",
                "vidiobokepsex.com",
                "www.bestwifeporn.com",
                "www.rajahentai.club",
                "xhamster.pet"
            ]
        },
        {
            "rule": "vivaclix\\.com\\/storage\\/8\\/6\\/7\\/867dac7ef5eb00fb5830d859ff1d7798c2601e0f\\.gif",
            "cookies": 0.000409,
            "fingerprinting": 0,
            "subdomains": [
                "media"
            ],
            "apis": {},
            "sites": 4,
            "prevalence": 0.000409,
            "cnames": [],
            "responseHashes": [
                "9adb174d587de755b265d6fe9257caefb0781a4b6dcc3553f0cd651f46c9c4ac"
            ],
            "type": "Image",
            "exampleSites": [
                "bokepindonesia.net",
                "desixnxx2.net",
                "vidiobokepsex.com"
            ]
        },
        {
            "rule": "vivaclix\\.com\\/js\\/code\\.min\\.js",
            "cookies": 0.00092,
            "fingerprinting": 1,
            "subdomains": [
                "media"
            ],
            "apis": {
                "Navigator.prototype.languages": 9,
                "Navigator.prototype.language": 9,
                "Date.prototype.getTime": 9
            },
            "sites": 9,
            "prevalence": 0.00092,
            "cnames": [],
            "responseHashes": [
                "a948ed3e6e349eb173f6eb51790dba0125c96d2f74466e786b2d0dd4038b390b"
            ],
            "type": "Script",
            "exampleSites": [
                "bokepindo247.net",
                "bokepindonesia.net",
                "bokepaz321.net",
                "desixnxx2.net",
                "javphim.biz",
                "vidiobokepsex.com",
                "www.bestwifeporn.com",
                "xhamster.pet"
            ]
        },
        {
            "rule": "vivaclix\\.com\\/js\\/code\\.min\\.js",
            "cookies": 0.000204,
            "fingerprinting": 1,
            "subdomains": [
                "media"
            ],
            "apis": {
                "Navigator.prototype.languages": 2,
                "Navigator.prototype.language": 2,
                "Date.prototype.getTime": 2
            },
            "sites": 2,
            "prevalence": 0.000204,
            "cnames": [],
            "responseHashes": [
                "e3b0c44298fc1c149afbf4c8996fb92427ae41e4649b934ca495991b7852b855"
            ],
            "type": "Other",
            "exampleSites": [
                "bokepindo247.net",
                "bokepaz321.net"
            ]
        },
        {
            "rule": "vivaclix\\.com\\/storage\\/4\\/f\\/e\\/4fe2b726f409a2934133cb11661be6a35f22521b\\.gif",
            "cookies": 0.000307,
            "fingerprinting": 0,
            "subdomains": [
                "media"
            ],
            "apis": {},
            "sites": 3,
            "prevalence": 0.000307,
            "cnames": [],
            "responseHashes": [
                "26ff412719f6569453e1bf82f299404d1f35a64f3aaf6d06685ee0eb9266f37f"
            ],
            "type": "Image",
            "exampleSites": [
                "bokepindonesia.net",
                "desixnxx2.net",
                "www.bestwifeporn.com"
            ]
        },
        {
            "rule": "vivaclix\\.com\\/storage\\/0\\/5\\/b\\/05b3fd963ce86318cd6282d8590c717e81b8031b\\.gif",
            "cookies": 0.000409,
            "fingerprinting": 0,
            "subdomains": [
                "media"
            ],
            "apis": {},
            "sites": 4,
            "prevalence": 0.000409,
            "cnames": [],
            "responseHashes": [
                "7b911279b6bc5f9373c290c9fb1e2d5633a6ed6225e3f9d4a9e62ff537f5736f"
            ],
            "type": "Image",
            "exampleSites": [
                "bokepaz321.net",
                "javphe.tv",
                "javphim.biz",
                "xhamster.pet"
            ]
        },
        {
            "rule": "vivaclix\\.com\\/storage\\/9\\/2\\/d\\/92dfb0e2cdc2f90ff575c7bc619722d01b1246de\\.gif",
            "cookies": 0.000204,
            "fingerprinting": 0,
            "subdomains": [
                "media"
            ],
            "apis": {},
            "sites": 2,
            "prevalence": 0.000204,
            "cnames": [],
            "responseHashes": [
                "eb8126d505cb08e967af85cb167e4c753375cf03c9a4069307d4c57e6e66cbf0"
            ],
            "type": "Image",
            "exampleSites": [
                "bestwifeporn.com",
                "xhamster.pet"
            ]
        }
    ],
    "categories": [],
    "performance": {
        "time": 1,
        "size": 1,
        "cpu": 0,
        "cache": 1
    },
    "cookies": 0.00123,
    "types": {
        "Script": 33,
        "Image": 13,
        "Other": 2
    }
}