{
    "domain": "wisepops.com",
    "owner": {
        "name": "Benjamin Cahen",
        "displayName": "Benjamin Cahen"
    },
    "source": [
        "DuckDuckGo-FR"
    ],
    "prevalence": 0.00171,
    "sites": 17,
    "subdomains": [
        "loader",
        "popup",
        "tracking"
    ],
    "cnames": [],
    "fingerprinting": 1,
    "resources": [
        {
            "rule": "wisepops\\.com\\/get-loader\\.js",
            "cookies": 0.00171,
            "fingerprinting": 1,
            "subdomains": [
                "loader"
            ],
            "apis": {
                "window.localStorage": 13,
                "Document.cookie getter": 10,
                "Date.prototype.getTime": 13,
                "Document.cookie setter": 10,
                "Navigator.prototype.cookieEnabled": 13,
                "window.sessionStorage": 1
            },
            "sites": 17,
            "prevalence": 0.00171,
            "cnames": [],
            "responseHashes": [
                "84868c8ddbec6b179ed873057ef2bc0658c86b280ff95fdace67872bfbbc65a3",
                "6391f7c20efaa70bc67f814afac3243a049a9838b9d4b55f35c3fc185c78db07",
                "6bb55086ba935a86d248c7e078885f21607a198f7097626f40c6df89fc1ee0dc",
                "47c3b4c5f4ab6b78c4df81149b682b8e13e84b0fcc6380161a7094a0126608d7",
                "58c23725abbd49ac20f2f81e275c365acdf17ad96fa3c203b05f62f52eb6ef80",
                "c1fac33135da35c1e99bb50097015c1e6514abba5d10baea201ea991945d6967",
                "e3b0c44298fc1c149afbf4c8996fb92427ae41e4649b934ca495991b7852b855",
                "d0ecd6ef3ce55f0531b3f31daa2d572752f47abe8eba0fed5b46f1e7618b130a",
                "4f9e29a77b5a3ec833e19db8831d2f30195f07d5943b245d5c8496283d2c8d9f",
                "10cf8318bbefde3c013156fe3166efe1b5e88fdd9dcb494c8458987ba7732a72",
                "65d6064944db95cf47de80005d72c8261af58af198d2752bdb1590783d98c4b1",
                "5145facb53e48e5fa422a1475c28c40d4f5dca2f8caa87f82b8b273b951054c7"
            ],
            "type": "Script",
            "firstPartyCookies": {
                "wisepops": {
                    "ttl": 63072005,
                    "length": 179,
                    "prevalence": 0.0010049241282283187,
                    "uniqueness": 1
                },
                "wisepops_session": {
                    "ttl": null,
                    "length": 233,
                    "prevalence": 0.0010049241282283187,
                    "uniqueness": 1
                },
                "wisepops_props": {
                    "ttl": 63072005,
                    "length": 272,
                    "prevalence": 0.00030147723846849563,
                    "uniqueness": 0.6666666666666666
                },
                "wisepops_visits": {
                    "ttl": 63072005,
                    "length": 40,
                    "prevalence": 0.0010049241282283187,
                    "uniqueness": 1
                }
            },
            "firstPartyCookiesSent": {},
            "exampleSites": [
                "asphalte.com",
                "balzac-paris.fr",
                "www.brico-fenetre.com",
                "www.bluewin.ch",
                "www.cambridgeenglish.org",
                "www.dunod.com",
                "www.filae.com",
                "www.lanutrition.fr",
                "www.laboiterose.fr",
                "www.lelo.com",
                "www.lesoleil.com",
                "www.purevpn.fr",
                "www.purevpn.com",
                "www.santevet.com",
                "www.t-a-o.com",
                "www.twil.fr",
                "www.vinatis.com"
            ]
        },
        {
            "rule": "wisepops\\.com\\/my-wisepop",
            "cookies": 0,
            "fingerprinting": 0,
            "subdomains": [
                "popup"
            ],
            "apis": {},
            "sites": 13,
            "prevalence": 0.00131,
            "cnames": [],
            "responseHashes": [
                "e58180392d63360b11fb9693c12ba7bda68e1a502d7f4c85bac33d9127539dd4",
                "f4a4624a40acc2130e946ce333f68bb34f849e478fafbb3a379b13d58d2ce034",
                "7459578aa991d30d4a1cf02497b9a084246f1c88ee7f2557a9ae50dd26911233",
                "19792de32da3ade2ca3cd4c4d3a0bd70b14d3046ec73b5aa5ec56c946c3143ac",
                "888d2f2d368b951212ce2f9a3bcca02a0011a4cfb17feb5e147b4945b60830cd",
                "c00d31631f651c4dba4f84645b08b1a709b3ff59fa4dc9c834d6edbcada91993",
                "cf02145706d3082c58623a2746cff0fb802a6f3c61aabc7a4b040fa82c3e283c",
                "1986e75b0787510c6ced66681c70a3bb9201f19f76ee347b1b29a43ffe13c595",
                "f8e18fd7f90725742f8dde6bb13c24c24cbf214dd2f25737ed8f15ee047f4c7b",
                "0a0aba663bb5dd8867e1e6b8884c4b594d819af143a5325156912162b21ad29d",
                "a7cf4b223af17a9d41a705e5ad36f8c2a2f8e0978c4e0d3b3e480f1100e24baa",
                "83ec555d712ceac4f0bb882c64975f40fa86e26bc49535d708275fda7bbbbee4"
            ],
            "type": "XHR",
            "firstPartyCookies": {},
            "firstPartyCookiesSent": {},
            "exampleSites": [
                "asphalte.com",
                "balzac-paris.fr",
                "www.brico-fenetre.com",
                "www.bluewin.ch",
                "www.cambridgeenglish.org",
                "www.dunod.com",
                "www.filae.com",
                "www.laboiterose.fr",
                "www.lesoleil.com",
                "www.purevpn.fr",
                "www.purevpn.com",
                "www.twil.fr",
                "www.vinatis.com"
            ]
        },
        {
            "rule": "wisepops\\.com\\/_\\.gif",
            "cookies": 0,
            "fingerprinting": 0,
            "subdomains": [
                "tracking"
            ],
            "apis": {},
            "sites": 4,
            "prevalence": 0.000402,
            "cnames": [],
            "responseHashes": [
                "ef1955ae757c8b966c83248350331bd3a30f658ced11f387f8ebf05ab3368629"
            ],
            "type": "Other",
            "firstPartyCookies": {},
            "firstPartyCookiesSent": {},
            "exampleSites": [
                "balzac-paris.fr",
                "www.laboiterose.fr",
                "www.lesoleil.com",
                "www.vinatis.com"
            ]
        },
        {
            "rule": "wisepops\\.com\\/default\\/index\\/get-loader",
            "cookies": 0.000201,
            "fingerprinting": 0,
            "subdomains": [
                "loader"
            ],
            "apis": {},
            "sites": 2,
            "prevalence": 0.000201,
            "cnames": [],
            "responseHashes": [],
            "type": "Script",
            "firstPartyCookies": {},
            "firstPartyCookiesSent": {},
            "exampleSites": [
                "lelo.com",
                "www.t-a-o.com"
            ]
        }
    ],
    "categories": [],
    "performance": {
        "time": 1,
        "size": 1,
        "cpu": 1,
        "cache": 1
    },
    "cookies": 0.00171,
    "types": {
        "Script": 19,
        "XHR": 13,
        "Other": 4
    },
    "nameservers": [
        "wally.ns.cloudflare.com",
        "marek.ns.cloudflare.com"
    ]
}