{
    "domain": "yfetyg.com",
    "owner": {},
    "source": [
        "DuckDuckGo-FR"
    ],
    "prevalence": 0.00281,
    "sites": 28,
    "subdomains": [],
    "cnames": [],
    "fingerprinting": 0,
    "resources": [
        {
            "rule": "yfetyg\\.com\\/wnload",
            "cookies": 0,
            "fingerprinting": 0,
            "subdomains": [],
            "apis": {},
            "sites": 28,
            "prevalence": 0.00281,
            "cnames": [],
            "responseHashes": [
                "eb0b6a1ca1462b271e964833fee659af0c452e9e51185ea60bac5242ac40b296",
                "94a1afa18a01033e43bf8373f2e814f5eb9ac750a0b17a52a82fcb9c337a6013",
                "c839b347b09a5321c6ea739cad44244da0236061329567d0883c1b523450bc3e",
                "048023e906f851ba8d1bc334d2ca35c3a1c006a14f87495f4e43fd22eee538b5",
                "1f4137cf5ab84e23c40fba6f367ab482e654dea9f22fa9d119437ba780a82348",
                "bba90a4ea122a9240fa47f4d6fe3b1d5150b991ab6d4a23ec83c872ad9ddeb97",
                "5f5c93ea48ed46c53048c311b320dabcccb1d7c0c5a40c12bc0bd5cc8d473255",
                "b7e4b8f96295080ed51266363af066d5395a06e036e72cb6163d820ed4a24664",
                "44136fa355b3678a1146ad16f7e8649e94fb4fc21fe77e8310c060f61caaff8a",
                "4e890820fda55f4e8a0b34bec9e42e1a29d726ff5b1d3d5fc3ce4bd614f9539e",
                "f6259426d9ab8abcf092ed099dbb3873f508277d893f086f068051a212039039",
                "c544a2e2798c22ad9e5325dab16b1d3fdbd43e4e9b0b9b4e637751c168a637e4",
                "2096403095e44ad192dfd73ba82d61a4e59d526d8e9529416f66422a2a4d18ea",
                "5fec91a84e98fc950a1ac61ede1c549ac048b7a4635c81f4b8b091205188e4ee",
                "fc3ae0a4ab0d7e54d0fc9f665ec41906eebf0fabdc703b448201dab28017c01d",
                "987fe207188c576a210d7b8eeef3c1d9c454c845090625ac45053256cc6d6da9",
                "67632d0088a5482969b4b05d542ace287e4edfecadb81da4141418d52c197f63",
                "66f8cf9879a40bd3d8435ab4eb93996565a51c7333b338b2591ba0c177f0fe91",
                "99d5f4c986a2244ae88ac9961db0154d06af058c09f3f2b56f7ac2f10167d3e0",
                "396d195bdc79c0c0f582b506c211ddb3821fe8546a5f68f7cebc49f89dcb375a",
                "c13cfe21ba3f5bf83e8d2c0d738485e55836d96f524b4bf2f6bc5b73efe0ef43",
                "86abcbb5cb60297c28dc561fd45d571546d1682af8d98bfb6b4e4c15af1af42d",
                "7280453081c6c4c725fb8908e5b9b665848e24b4d986c5de7796d8762525ae99"
            ],
            "type": "Fetch",
            "firstPartyCookies": {},
            "firstPartyCookiesSent": {},
            "exampleSites": [
                "justpicsplease.com",
                "www3.javxxx.me",
                "www.pornrewind.com",
                "sex4arabxxx.com",
                "www.visitmama.com",
                "fullxcinema.com",
                "onlyanimalporn.com",
                "vip.pornbraze.com",
                "www.zoox18.com",
                "severeporn.com",
                "www.darkcategories.com",
                "leakedmodels.com",
                "www.mypornhere.com",
                "cyberleaks.to",
                "www.zooskoolvideos.com",
                "megapornx.com",
                "www.newarabsex.com",
                "nudostar.com",
                "influencersgonewild.com",
                "hotindiansexvideo.com"
            ]
        },
        {
            "rule": "yfetyg\\.com\\/wnrw",
            "cookies": 0,
            "fingerprinting": 0,
            "subdomains": [],
            "apis": {},
            "sites": 22,
            "prevalence": 0.00221,
            "cnames": [],
            "responseHashes": [],
            "type": "Fetch",
            "firstPartyCookies": {},
            "firstPartyCookiesSent": {},
            "exampleSites": [
                "justpicsplease.com",
                "www.visitmama.com",
                "leakedmodels.com",
                "www.hdready.xxx",
                "cyberleaks.to",
                "hypnoporn.net",
                "severeporn.com",
                "hotindiansexvideo.com",
                "megapornx.com",
                "www.pornrewind.com",
                "nudostar.com",
                "smutr.com",
                "fullxcinema.com",
                "www.zooskoolvideos.com",
                "rechub.tv",
                "influencersgonewild.com",
                "onlyanimalporn.com",
                "www.newarabsex.com",
                "www3.javxxx.me",
                "animalsexporn.net"
            ]
        }
    ],
    "categories": [],
    "performance": {},
    "cookies": 0,
    "types": {
        "Fetch": 50
    },
    "nameservers": []
}