{
    "domain": "adtarget.com.tr",
    "owner": {},
    "source": [
        "DuckDuckGo-CA"
    ],
    "prevalence": 0.00512,
    "sites": 51,
    "subdomains": [
        "s.console",
        "sync.console"
    ],
    "cnames": [],
    "fingerprinting": 0,
    "resources": [
        {
            "rule": "adtarget\\.com\\.tr\\/sync\\.html",
            "cookies": 0,
            "fingerprinting": 0,
            "subdomains": [
                "s.console"
            ],
            "apis": {},
            "sites": 51,
            "prevalence": 0.00512,
            "cnames": [],
            "responseHashes": [
                "f252173fdb427878ddc9f55595d7364ea0854cac15399188e89dee7456aec9bc",
                "0ccfc6fc0217fe6de444672088b530e3ab02a20a468c119ea8e3567046a54c8a",
                "6be11d672572f6e36879b3176f2cef760ae7484118acf77a4ca7ddab9bbe6cf3",
                "0fafb552a5b9db2173674985a5729d3deab8a986cf3c95b18858fbcb8af9d0cd",
                "2da0c162df4ff2a6a017cfb5c348980190d7212bf6450ca937debd569ca908d9",
                "19b676f82aa4edf382ed59e1267b59e846d527ab2e1e5ec0a7ce2d512705dc94",
                "d476c54fb3c2ee61d169b90226bb90ba3b7381265aa99afefea9acc5c0f7eee9",
                "d99a5d620473b33e0b2948ae3f50f8a7301865375603c3f889035449eeea773a",
                "7f75e79ec3f481ce050adc9b0e9fbc75ba3e8e70cdd02613b96477f4e1ccde77",
                "5f9ea262ddd239da4dda77110f9915230f6a933dbca09947a49aab76fc9345d1",
                "43804f1e3377bfb4d0c993059fc70149e96dc03f39ee71408497d2eafd47f5ed",
                "530bac61b38d0bf4300e371b4b0cbb2fca84b5504d9d9dd77665eca6f31e18ec",
                "9ef84304fbc18a451a6138591c8059e462a1d8ec0df5d668b579be57fe222197"
            ],
            "type": "Document",
            "firstPartyCookies": {},
            "firstPartyCookiesSent": {},
            "exampleSites": [
                "bulbapedia.bulbagarden.net",
                "darksouls.wiki.fextralife.com",
                "tfltruck.com",
                "www.speedrun.com",
                "divinityoriginalsin2.wiki.fextralife.com",
                "monsterhunterworld.wiki.fextralife.com",
                "helpdeskgeek.com",
                "www.celebdirtylaundry.com",
                "www.songkick.com",
                "www.doityourself.com",
                "www.golinuxcloud.com",
                "boingboing.net",
                "radiopaedia.org",
                "www.investing.com",
                "www.poftut.com",
                "www.oann.com",
                "www.carls-sims-4-guide.com",
                "randomwordgenerator.com",
                "ca.investing.com",
                "www.metronomeonline.com"
            ]
        },
        {
            "rule": "adtarget\\.com\\.tr\\/csync",
            "cookies": 0.00472,
            "fingerprinting": 0,
            "subdomains": [
                "sync.console"
            ],
            "apis": {},
            "sites": 48,
            "prevalence": 0.00482,
            "cnames": [],
            "responseHashes": [
                "a065920df8cc4016d67c3a464be90099c9d28ffe7c9e6ee3a18f257efc58cbd7"
            ],
            "type": "Image",
            "firstPartyCookies": {},
            "firstPartyCookiesSent": {},
            "exampleSites": [
                "bulbapedia.bulbagarden.net",
                "www.doityourself.com",
                "www.redvoicemedia.com",
                "www.metronomeonline.com",
                "www.oann.com",
                "www.poftut.com",
                "www.songkick.com",
                "www.online-tech-tips.com",
                "www.lyrics.com",
                "www.maketecheasier.com",
                "www.thefamouspeople.com",
                "www.unix.com",
                "www.pixwox.com",
                "www.speedrun.com",
                "tunebat.com",
                "monsterhunterworld.wiki.fextralife.com",
                "readysteadycut.com",
                "tfltruck.com",
                "www.crazydaysandnights.net",
                "geekflare.com"
            ]
        },
        {
            "rule": "adtarget\\.com\\.tr\\/csync",
            "cookies": 0.00472,
            "fingerprinting": 0,
            "subdomains": [
                "sync.console"
            ],
            "apis": {},
            "sites": 47,
            "prevalence": 0.00472,
            "cnames": [],
            "responseHashes": [
                "a065920df8cc4016d67c3a464be90099c9d28ffe7c9e6ee3a18f257efc58cbd7"
            ],
            "type": "Document",
            "firstPartyCookies": {},
            "firstPartyCookiesSent": {},
            "exampleSites": [
                "bulbapedia.bulbagarden.net",
                "www.speedrun.com",
                "darksouls2.wiki.fextralife.com",
                "monsterhunterworld.wiki.fextralife.com",
                "www.redvoicemedia.com",
                "www.phonearena.com",
                "randomwordgenerator.com",
                "www.online-tech-tips.com",
                "www.tvpassport.com",
                "www.oann.com",
                "www.iphoneincanada.ca",
                "www.boredpanda.com",
                "www.thefamouspeople.com",
                "helpdeskgeek.com",
                "www.doityourself.com",
                "tfltruck.com",
                "www.carls-sims-4-guide.com",
                "en.climate-data.org",
                "mediabiasfactcheck.com",
                "www.broadwayworld.com"
            ]
        }
    ],
    "categories": [],
    "performance": {
        "time": 1,
        "size": 1,
        "cpu": 0,
        "cache": 3
    },
    "cookies": 0.00472,
    "types": {
        "Document": 98,
        "Image": 48
    },
    "nameservers": [
        "ns1.adtarget.com.tr",
        "ns2.adtarget.com.tr"
    ]
}