{
    "domain": "app-us1.com",
    "owner": {
        "name": "ActiveCampaign, Inc.",
        "displayName": "ActiveCampaign"
    },
    "source": [
        "DuckDuckGo-CA"
    ],
    "prevalence": 0.00347,
    "sites": 34,
    "subdomains": [
        "diffuser-cdn",
        "prism"
    ],
    "cnames": [],
    "fingerprinting": 1,
    "resources": [
        {
            "rule": "app-us1\\.com\\/diffuser\\/diffuser\\.js",
            "cookies": 0.00347,
            "fingerprinting": 1,
            "subdomains": [
                "diffuser-cdn"
            ],
            "apis": {
                "Document.cookie getter": 20,
                "Date.prototype.getTime": 30,
                "Document.cookie setter": 24
            },
            "sites": 34,
            "prevalence": 0.00347,
            "cnames": [],
            "responseHashes": [
                "72058501f83c1ff78df7acc5b97b5be177d66c51cc29dad4dae7ab478ebff070"
            ],
            "type": "Script",
            "firstPartyCookies": {
                "prism_799438191": {
                    "ttl": 2592002,
                    "length": 36,
                    "prevalence": 0.0002043318348998774,
                    "uniqueness": 1
                },
                "prism_252750099": {
                    "ttl": 2592003,
                    "length": 36,
                    "prevalence": 0.0001021659174499387,
                    "uniqueness": 1
                },
                "prism_90305804": {
                    "ttl": 2592001,
                    "length": 36,
                    "prevalence": 0.0001021659174499387,
                    "uniqueness": 1
                },
                "prism_26278280": {
                    "ttl": 2592003,
                    "length": 36,
                    "prevalence": 0.0001021659174499387,
                    "uniqueness": 1
                },
                "prism_25900740": {
                    "ttl": 2592004,
                    "length": 36,
                    "prevalence": 0.0002043318348998774,
                    "uniqueness": 1
                },
                "prism_1000801328": {
                    "ttl": 2592002,
                    "length": 36,
                    "prevalence": 0.0001021659174499387,
                    "uniqueness": 1
                },
                "prism_25946650": {
                    "ttl": 2592005,
                    "length": 36,
                    "prevalence": 0.0001021659174499387,
                    "uniqueness": 1
                },
                "prism_799185101": {
                    "ttl": 2592003,
                    "length": 36,
                    "prevalence": 0.0001021659174499387,
                    "uniqueness": 1
                },
                "prism_476450327": {
                    "ttl": 2592004,
                    "length": 36,
                    "prevalence": 0.0001021659174499387,
                    "uniqueness": 1
                },
                "prism_90514724": {
                    "ttl": 2592006,
                    "length": 36,
                    "prevalence": 0.0001021659174499387,
                    "uniqueness": 1
                },
                "prism_89407414": {
                    "ttl": 2592002,
                    "length": 36,
                    "prevalence": 0.0001021659174499387,
                    "uniqueness": 1
                },
                "prism_610525326": {
                    "ttl": 2592002,
                    "length": 36,
                    "prevalence": 0.0001021659174499387,
                    "uniqueness": 1
                },
                "prism_26374210": {
                    "ttl": 2592005,
                    "length": 36,
                    "prevalence": 0.0001021659174499387,
                    "uniqueness": 1
                },
                "prism_89770874": {
                    "ttl": 2592003,
                    "length": 36,
                    "prevalence": 0.0001021659174499387,
                    "uniqueness": 1
                },
                "prism_89749924": {
                    "ttl": 2592002,
                    "length": 36,
                    "prevalence": 0.0001021659174499387,
                    "uniqueness": 1
                },
                "prism_26021260": {
                    "ttl": 2592003,
                    "length": 36,
                    "prevalence": 0.0001021659174499387,
                    "uniqueness": 1
                },
                "prism_799691191": {
                    "ttl": 2592001,
                    "length": 36,
                    "prevalence": 0.0001021659174499387,
                    "uniqueness": 1
                },
                "prism_90139634": {
                    "ttl": 2592002,
                    "length": 36,
                    "prevalence": 0.0001021659174499387,
                    "uniqueness": 1
                },
                "prism_475567127": {
                    "ttl": 2592003,
                    "length": 36,
                    "prevalence": 0.0001021659174499387,
                    "uniqueness": 1
                },
                "prism_799531281": {
                    "ttl": 2592002,
                    "length": 36,
                    "prevalence": 0.0001021659174499387,
                    "uniqueness": 1
                },
                "prism_252527009": {
                    "ttl": 2592001,
                    "length": 36,
                    "prevalence": 0.0001021659174499387,
                    "uniqueness": 1
                },
                "prism_610292066": {
                    "ttl": 2592002,
                    "length": 36,
                    "prevalence": 0.0001021659174499387,
                    "uniqueness": 1
                }
            },
            "firstPartyCookiesSent": {},
            "exampleSites": [
                "bestreviews.com",
                "seekingalpha.com",
                "www.boss.info",
                "www.nerdsandscoundrels.com",
                "www.aish.com",
                "www.thebikeshop.com",
                "www.christianitytoday.com",
                "www.soundsnap.com",
                "vocal.media",
                "m.jpost.com",
                "www.bikebandit.com",
                "fintel.io",
                "makezine.com",
                "joybileefarm.com",
                "www.jpost.com",
                "www.truity.com",
                "www.newyorkurologyspecialists.com",
                "www.techopedia.com",
                "www.gemsociety.org",
                "todayshomeowner.com"
            ]
        },
        {
            "rule": "app-us1\\.com\\/",
            "cookies": 0.00347,
            "fingerprinting": 0,
            "subdomains": [
                "prism"
            ],
            "apis": {},
            "sites": 34,
            "prevalence": 0.00347,
            "cnames": [],