{
    "domain": "app-us1.com",
    "owner": {
        "name": "ActiveCampaign, Inc.",
        "displayName": "ActiveCampaign"
    },
    "source": [
        "DuckDuckGo-CA"
    ],
    "prevalence": 0.00404,
    "sites": 40,
    "subdomains": [
        "diffuser-cdn",
        "prism"
    ],
    "cnames": [],
    "fingerprinting": 1,
    "resources": [
        {
            "rule": "app-us1\\.com\\/diffuser\\/diffuser\\.js",
            "cookies": 0.00273,
            "fingerprinting": 1,
            "subdomains": [
                "diffuser-cdn"
            ],
            "apis": {
                "Document.cookie getter": 29,
                "Date.prototype.getTime": 35,
                "Document.cookie setter": 27
            },
            "sites": 40,
            "prevalence": 0.00404,
            "cnames": [],
            "responseHashes": [
                "07ef661be38be006eb690a15613c557d418b8780900ff490545bb2b75d23fcd7"
            ],
            "type": "Script",
            "firstPartyCookies": {
                "prism_475746447": {
                    "ttl": 2592002,
                    "length": 36,
                    "prevalence": 0.00010096930533117933,
                    "uniqueness": 1
                },
                "prism_90305804": {
                    "ttl": 2592001,
                    "length": 36,
                    "prevalence": 0.00010096930533117933,
                    "uniqueness": 1
                },
                "prism_89246784": {
                    "ttl": 2592007,
                    "length": 36,
                    "prevalence": 0.00010096930533117933,
                    "uniqueness": 1
                },
                "prism_799414891": {
                    "ttl": 2592013,
                    "length": 36,
                    "prevalence": 0.00010096930533117933,
                    "uniqueness": 1
                },
                "prism_1000427358": {
                    "ttl": 2592030,
                    "length": 36,
                    "prevalence": 0.00010096930533117933,
                    "uniqueness": 1
                },
                "prism_224187563": {
                    "ttl": 2592015,
                    "length": 36,
                    "prevalence": 0.00010096930533117933,
                    "uniqueness": 1
                },
                "prism_650540625": {
                    "ttl": 2592025,
                    "length": 36,
                    "prevalence": 0.00010096930533117933,
                    "uniqueness": 1
                },
                "prism_26278280": {
                    "ttl": 2592003,
                    "length": 36,
                    "prevalence": 0.00010096930533117933,
                    "uniqueness": 1
                },
                "prism_25900740": {
                    "ttl": 2592003,
                    "length": 36,
                    "prevalence": 0.00020193861066235866,
                    "uniqueness": 1
                },
                "prism_1000801328": {
                    "ttl": 2592017,
                    "length": 36,
                    "prevalence": 0.00010096930533117933,
                    "uniqueness": 1
                },
                "prism_25946650": {
                    "ttl": 2592004,
                    "length": 36,
                    "prevalence": 0.00010096930533117933,
                    "uniqueness": 1
                },
                "prism_90057684": {
                    "ttl": 2592024,
                    "length": 36,
                    "prevalence": 0.00010096930533117933,
                    "uniqueness": 1
                },
                "prism_223686333": {
                    "ttl": 2592025,
                    "length": 36,
                    "prevalence": 0.00010096930533117933,
                    "uniqueness": 1
                },
                "prism_476450327": {
                    "ttl": 2592012,
                    "length": 36,
                    "prevalence": 0.00010096930533117933,
                    "uniqueness": 1
                },
                "prism_252294339": {
                    "ttl": 2592003,
                    "length": 36,
                    "prevalence": 0.00010096930533117933,
                    "uniqueness": 1
                },
                "prism_1000873838": {
                    "ttl": 2592012,
                    "length": 36,
                    "prevalence": 0.00010096930533117933,
                    "uniqueness": 1
                },
                "prism_66978442": {
                    "ttl": 2592032,
                    "length": 36,
                    "prevalence": 0.00020193861066235866,
                    "uniqueness": 1
                },
                "prism_26374210": {
                    "ttl": 2592015,
                    "length": 36,
                    "prevalence": 0.00010096930533117933,
                    "uniqueness": 1
                },
                "prism_90707624": {
                    "ttl": 2592023,
                    "length": 36,
                    "prevalence": 0.00010096930533117933,
                    "uniqueness": 1
                },
                "prism_89770874": {
                    "ttl": 2592012,
                    "length": 36,
                    "prevalence": 0.00010096930533117933,
                    "uniqueness": 1
                },
                "prism_475857827": {
                    "ttl": 2592002,
                    "length": 36,
                    "prevalence": 0.00010096930533117933,
                    "uniqueness": 1
                },
                "prism_90139634": {
                    "ttl": 2592034,
                    "length": 36,
                    "prevalence": 0.00010096930533117933,
                    "uniqueness": 1
                },
                "prism_799531281": {
                    "ttl": 2592031,
                    "length": 36,
                    "prevalence": 0.00010096930533117933,
                    "uniqueness": 1
                },
                "prism_611144216": {
                    "ttl": 2592004,
                    "length": 36,
                    "prevalence": 0.00010096930533117933,
                    "uniqueness": 1
                },
                "prism_610292066": {
                    "ttl": 2592002,
                    "length": 36,
                    "prevalence": 0.00010096930533117933,
                    "uniqueness": 1
                }
            },
            "firstPartyCookiesSent": {},
            "exampleSites": [
                "bestreviews.com",
                "seekingalpha.com",
                "www.dogster.com",
                "www.techopedia.com",
                "www.ask-angels.com",
                "www.boss.info",
                "cannabistraininguniversity.com",
                "www.classic.com",
                "www.nerdsandscoundrels.com",
                "sharylattkisson.com",
                "www.farmersalmanac.com",
                "www.jpost.com",
                "fintel.io",
                "www.israel365news.com",
                "boomerandecho.com",
                "www.roland.com",
                "daveasprey.com",
                "thewalrus.ca",
                "www.organicauthority.com",
                "www.aish.com"
            ]
        },
        {
            "rule": "app-us1\\.com\\/",
            "cookies": 0.00394,
            "fingerprinting": 0,
            "subdomains": [
                "prism"
            ],
            "apis": {},
            "sites": 40,
            "prevalence": 0.00404,
            "cnames": [],