{
    "domain": "bokep234.com",
    "owner": {},
    "source": [
        "DuckDuckGo-CA"
    ],
    "prevalence": 0.000411,
    "sites": 4,
    "subdomains": [
        "image-cdn"
    ],
    "cnames": [],
    "fingerprinting": 0,
    "resources": [
        {
            "rule": "bokep234\\.com\\/videos\\/thumbs169ll\\/01\\/4b\\/d9\\/014bd9c37f02da371ee59805db6c25bc\\/014bd9c37f02da371ee59805db6c25bc\\.30\\.jpg",
            "cookies": 0.000205,
            "fingerprinting": 0,
            "subdomains": [
                "image-cdn"
            ],
            "apis": {},
            "sites": 2,
            "prevalence": 0.000205,
            "cnames": [],
            "responseHashes": [
                "16d2e16fd260d1a2eb7fa06f19c337e769e249c116403e8d576db659618e070a"
            ],
            "type": "Image",
            "exampleSites": []
        },
        {
            "rule": "bokep234\\.com\\/videos\\/thumbs169ll\\/a5\\/7d\\/cf\\/a57dcf38910a2811aa98d703945ac2ca\\/a57dcf38910a2811aa98d703945ac2ca\\.21\\.jpg",
            "cookies": 0.000308,
            "fingerprinting": 0,
            "subdomains": [
                "image-cdn"
            ],
            "apis": {},
            "sites": 3,
            "prevalence": 0.000308,
            "cnames": [],
            "responseHashes": [
                "65339e7bc89d141bb453f83b9964bc3c6a14d69a0c1b95ad1c2e83cb92514ae4"
            ],
            "type": "Image",
            "exampleSites": []
        },
        {
            "rule": "bokep234\\.com\\/videos\\/thumbs169ll\\/d2\\/94\\/64\\/d2946477ab185c3952154f79b70915d1\\/d2946477ab185c3952154f79b70915d1\\.11\\.jpg",
            "cookies": 0.000308,
            "fingerprinting": 0,
            "subdomains": [
                "image-cdn"
            ],
            "apis": {},
            "sites": 3,
            "prevalence": 0.000308,
            "cnames": [],
            "responseHashes": [
                "756e729eaca26a7fe25f5c6ac7f555173216818daeb30ebf92a3289cf7623034"
            ],
            "type": "Image",
            "exampleSites": []
        },
        {
            "rule": "bokep234\\.com\\/videos\\/thumbs169ll\\/47\\/8a\\/26\\/478a2643815c5fea07cde55b28fe1401\\/478a2643815c5fea07cde55b28fe1401\\.23\\.jpg",
            "cookies": 0.000308,
            "fingerprinting": 0,
            "subdomains": [
                "image-cdn"
            ],
            "apis": {},
            "sites": 3,
            "prevalence": 0.000308,
            "cnames": [],
            "responseHashes": [
                "076089f26f69607c6c6ecbd60a97889eae97aef2b7a0bb36f773d551f92b9f64"
            ],
            "type": "Image",
            "exampleSites": []
        },
        {
            "rule": "bokep234\\.com\\/videos\\/thumbs169ll\\/dd\\/0e\\/b3\\/dd0eb31881928724307035ad17aa8cc5\\/dd0eb31881928724307035ad17aa8cc5\\.28\\.jpg",
            "cookies": 0.000308,
            "fingerprinting": 0,
            "subdomains": [
                "image-cdn"
            ],
            "apis": {},
            "sites": 3,
            "prevalence": 0.000308,
            "cnames": [],
            "responseHashes": [
                "afe620370636e8ca1a490cfd252b6fc768637fcba4f4e60d819c185286634bff"
            ],
            "type": "Image",
            "exampleSites": []
        },
        {
            "rule": "bokep234\\.com\\/videos\\/thumbs169ll\\/c3\\/b7\\/f0\\/c3b7f0d53f2a3614e5cf55be82efd2cf\\/c3b7f0d53f2a3614e5cf55be82efd2cf\\.27\\.jpg",
            "cookies": 0.000308,
            "fingerprinting": 0,
            "subdomains": [
                "image-cdn"
            ],
            "apis": {},
            "sites": 3,
            "prevalence": 0.000308,
            "cnames": [],
            "responseHashes": [
                "19f6c12c5ee2f5659d0c65f7271e36f9eca24ba59bc21ee6500c99cadcb197dd"
            ],
            "type": "Image",
            "exampleSites": []
        },
        {
            "rule": "bokep234\\.com\\/videos\\/thumbs169ll\\/ba\\/a1\\/d0\\/baa1d0e5735249cdb85ae6e27090691f\\/baa1d0e5735249cdb85ae6e27090691f\\.8\\.jpg",
            "cookies": 0.000308,
            "fingerprinting": 0,
            "subdomains": [
                "image-cdn"
            ],
            "apis": {},
            "sites": 3,
            "prevalence": 0.000308,
            "cnames": [],
            "responseHashes": [
                "d1ce1b817c6c6b47e6caf7c3acca80f20b01ac4a95d435fe994309822a4a0a80"
            ],
            "type": "Image",
            "exampleSites": []
        },
        {
            "rule": "bokep234\\.com\\/videos\\/thumbs169ll\\/17\\/9b\\/44\\/179b447a8ee22fb032dad61f24c0678a\\/179b447a8ee22fb032dad61f24c0678a\\.21\\.jpg",
            "cookies": 0.000205,
            "fingerprinting": 0,
            "subdomains": [
                "image-cdn"
            ],
            "apis": {},
            "sites": 2,
            "prevalence": 0.000205,
            "cnames": [],
            "responseHashes": [
                "7ea806624c90cad1f12795e4220f08630710168eb2cc25e7b8a979483388a39f"
            ],
            "type": "Image",
            "exampleSites": []
        },
        {
            "rule": "bokep234\\.com\\/videos\\/thumbs169ll\\/b9\\/fc\\/9f\\/b9fc9f7a0a47cddc5f228548d820b279\\/b9fc9f7a0a47cddc5f228548d820b279\\.14\\.jpg",
            "cookies": 0.000308,
            "fingerprinting": 0,
            "subdomains": [
                "image-cdn"
            ],
            "apis": {},
            "sites": 3,
            "prevalence": 0.000308,
            "cnames": [],
            "responseHashes": [
                "9c42575a7451037db09d99d139159f763a48b3385e857fef1849ba359ed95915"
            ],
            "type": "Image",
            "exampleSites": []
        },
        {
            "rule": "bokep234\\.com\\/videos\\/thumbs169ll\\/dc\\/52\\/d2\\/dc52d23e3a1f8aa0c8284a5795fbacc4\\/dc52d23e3a1f8aa0c8284a5795fbacc4\\.23\\.jpg",
            "cookies": 0.000308,
            "fingerprinting": 0,
            "subdomains": [
                "image-cdn"
            ],
            "apis": {},
            "sites": 3,
            "prevalence": 0.000308,
            "cnames": [],
            "responseHashes": [
                "d19bbc0f45a7985c20f5cec90d5c9d117941ab6cded35e66f976d4f69d146091"
            ],
            "type": "Image",
            "exampleSites": []
        },
        {
            "rule": "bokep234\\.com\\/videos\\/thumbs169ll\\/8c\\/6f\\/36\\/8c6f363cbc5270b0b53fa50c66c5fd98\\/8c6f363cbc5270b0b53fa50c66c5fd98\\.22\\.jpg",
            "cookies": 0.000205,
            "fingerprinting": 0,
            "subdomains": [
                "image-cdn"
            ],
            "apis": {},
            "sites": 2,
            "prevalence": 0.000205,
            "cnames": [],
            "responseHashes": [
                "aefa1c9231b8a83b7488d670d66909294cfdef7cff80f2c387789b3c8171899a"
            ],
            "type": "Image",
            "exampleSites": []
        },
        {
            "rule": "bokep234\\.com\\/videos\\/thumbs169ll\\/af\\/8a\\/d4\\/af8ad4d7fce542297fd0f1a073062687\\/af8ad4d7fce542297fd0f1a073062687\\.19\\.jpg",
            "cookies": 0.000308,
            "fingerprinting": 0,
            "subdomains": [
                "image-cdn"
            ],
            "apis": {},
            "sites": 3,
            "prevalence": 0.000308,
            "cnames": [],
            "responseHashes": [
                "e9bf555e8f2a1b62e08fad146730538f0b49448166e5803562574a5e40ec53f6"
            ],
            "type": "Image",
            "exampleSites": []
        },
        {
            "rule": "bokep234\\.com\\/videos\\/thumbs169ll\\/81\\/14\\/8f\\/81148fc78986f1b517bdf93bf69f9e71\\/81148fc78986f1b517bdf93bf69f9e71\\.7\\.jpg",
            "cookies": 0.000308,
            "fingerprinting": 0,
            "subdomains": [
                "image-cdn"
            ],
            "apis": {},
            "sites": 3,