{
    "domain": "bullionyield.com",
    "owner": {},
    "source": [
        "DuckDuckGo-CA"
    ],
    "prevalence": 0.00174,
    "sites": 17,
    "subdomains": [
        "ads"
    ],
    "cnames": [],
    "fingerprinting": 1,
    "resources": [
        {
            "rule": "bullionyield\\.com\\/resources\\/slider\\.min\\.js",
            "cookies": 0,
            "fingerprinting": 1,
            "subdomains": [
                "ads"
            ],
            "apis": {
                "Navigator.prototype.platform": 17,
                "window.localStorage": 17
            },
            "sites": 17,
            "prevalence": 0.00174,
            "cnames": [],
            "responseHashes": [
                "4d554af1197367de6ee56fdc5cde44da30279f6748ef67be196e57b6693f1709"
            ]
        },
        {
            "rule": "bullionyield\\.com\\/placements\\/settings",
            "cookies": 0.00164,
            "fingerprinting": 0,
            "subdomains": [
                "ads"
            ],
            "apis": {},
            "sites": 16,
            "prevalence": 0.00164,
            "cnames": [],
            "responseHashes": [
                "bf69a8871b5cb0c8e8a6d0a78f9778a74f721eca26fc5071a93195d705da54c8",
                "69b12e0297500ed2c318208ec3c57c2a0c0b71f7610e76fcdd27c996e5208237",
                "e0956b20397e7bb3d69a389730cfe88b9bd6053e0bfa2d6b6e55fa03bdc13fff",
                "5dcd9853480173dd9aba645487891fbbab42ea42024d58d3fb26982852112806",
                "4bcf51eb5bc76ebe3870daa90253393d17a99c5b60fd31e51e515ee23fde5896",
                "6f741496d167e6471a4cefbb4800cc5e2003d375234834e20b178b22740aa24d",
                "b695d024f172d6254db080de62e09b04073754ec143efafac9aeb5de8baaa90d",
                "58306ce14ea8a9ce1ac368a285afdfa30ed8874abfbf5f6e133163b2c6c66f43",
                "80f4e48be4b3ed7b0d702267fd88ab3648d304445bf364b271cb576460e94bbe"
            ]
        },
        {
            "rule": "bullionyield\\.com\\/show\\/std",
            "cookies": 0.00164,
            "fingerprinting": 0,
            "subdomains": [
                "ads"
            ],
            "apis": {},
            "sites": 16,
            "prevalence": 0.00164,
            "cnames": [],
            "responseHashes": [
                "118a7fe777676394571cafbd44916f26304716c1b2068b6264c3e14337b0b445",
                "288f915a0ddc45a3485389c164846a58ad1e573d40fbc732b87c4eb797ecdda8",
                "99561c95e13d3f9a13407c6b3e9cd8d93dd421eafb71957b691677a38ea6092c",
                "7f11e81fd7ba51fe5d32d1ed8d120db17ee847015ff6cb6ecd4ce9a87a3f40fc",
                "96940ad344c8a1018a23727f51395f9ee36c3f81b4f103f256c11ab545e103a8",
                "189d4974910c80cae5269a7093540d9c2b06f1f85f8c765cfc538bb384d9f988",
                "b1e51f737413e0394b6b35597d31fec077d86435dfd1ba9d216b4ee824fc7d5a",
                "b656b3e48bd292266e938ed81e8fbe354c54854efe43c6e7f6604c77971a419a",
                "108f82bbf6830a9c06e63ec5612fe0f2c68a5f8fe26bc73fcd8a080e394f40be",
                "ad4a4f7f7b717345a6e3180b2e7871dc76f8112f0704778be93485d769ebb1ac",
                "7c79be5711351847d878399e21a51861c19a6c9001ad7bf3ce8435f62a8822aa",
                "7e69ad22638b9c1a8ae6a5ddb93295012b84b55836b47343a72c4fb8a5fb21e1",
                "7d21035865b6dcaf0b52e88cbc2f3baf32a3c8643bbeaf77e435424f17000940",
                "efc9e110f437691ba37fd3e2acd5e1d7ff84b2e59aeeca1d3b103cfa7f24377c",
                "008ba6cd4ab091bf5d61dc7aa33aeb7b3ac4328374526719345ced7f6b97542e"
            ]
        },
        {
            "rule": "bullionyield\\.com\\/vast",
            "cookies": 0.00164,
            "fingerprinting": 0,
            "subdomains": [
                "ads"
            ],
            "apis": {},
            "sites": 16,
            "prevalence": 0.00164,
            "cnames": [],
            "responseHashes": [
                "41237a6cca057a7b6ad0f6e6d317c934429b5fad789073dd8fc4f2abf983fbc0",
                "c53f85836722b023901a300057b8b63d2dbc2675b69d89cbc6d80e283cd378e4",
                "9f885cea26ddd30d5c98d72e070688ccf5a54b075767ca6050537d0768d76bae",
                "f1fec46f382334992e00751011c5de432aaa4c4565e3636b69538d5115a8f78c",
                "dbd54b1a5c89733ec469104785593b6cddb30d49ade74e8170109ff0998a7108",
                "4025ae9c0a310895c5de1babeee78fc58dfeb48eb8786c327f4c3b9f0a3b1ce4",
                "12499793938736becbb887719b94d1c430fe8d044a449be54261b8543d98e219",
                "6e1ad78cf41c76ec261e376b56b4b165bce992b2c271099d82d9bd6bde73a5f4",
                "c0406a71f0405c0f86d2d6b1056932c5f2c570a04998915f253c825f21495fd1",
                "63b9fd68cbeb51e0a13cf4d08b9f86756da3c3409b07aa2b38e186dbe3fb3b47",
                "2285bec12f4cdfe760353529ae04f54f20e030623009f8f06815aa9ec7489558",
                "27a5b27eb7cdd1d886925484a61e3d27d43c918e6a167548ca450a4245911657",
                "795d9a82dd160619c288e4092d4f196a8438e5dfa1b6c09d898c91e3c01f5c65",
                "05b729793ee0e343fbec8af7eddfdbe0ea9454130ff0825e1b45109ab674976b",
                "e081520aedf1d6e117427d73683835ebcc3e04db289e6e4406d92a0ed65dfb7e"
            ]
        },
        {
            "rule": "bullionyield\\.com\\/impression",
            "cookies": 0.00164,
            "fingerprinting": 0,
            "subdomains": [
                "ads"
            ],
            "apis": {},
            "sites": 16,
            "prevalence": 0.00164,
            "cnames": [],
            "responseHashes": [
                "63ef318d96b5d0d0ceba6e04a4e622b1158335cdc67c49e27839132c6f655058"
            ]
        }
    ],
    "categories": [],
    "performance": {},
    "cookies": 0.00174,
    "types": {
        "Script": 17,
        "Fetch": 64
    }
}