{
    "domain": "clnmde.com",
    "owner": {},
    "source": [
        "DuckDuckGo-CA"
    ],
    "prevalence": 0.00143,
    "sites": 14,
    "subdomains": [
        "dt",
        "dt6"
    ],
    "cnames": [],
    "fingerprinting": 0,
    "resources": [
        {
            "rule": "clnmde\\.com\\/ptmdP",
            "cookies": 0,
            "fingerprinting": 0,
            "subdomains": [
                "dt"
            ],
            "apis": {},
            "sites": 13,
            "prevalence": 0.00133,
            "cnames": [],
            "responseHashes": [
                "aee408847d35e44e99430f0979c3357b85fe8dbb4535a494301198adbee85f27"
            ],
            "type": "Other",
            "firstPartyCookies": {},
            "firstPartyCookiesSent": {},
            "exampleSites": [
                "canadianobits.com",
                "madeinca.ca",
                "mds.servicerating.ca",
                "notopening.com",
                "researchmaniacs.com",
                "unitchefs.com",
                "www.2daygeek.com",
                "www.blu-ray.com",
                "www.calendarlabs.com",
                "www.dinarguru.com",
                "www.etonline.com",
                "www.investcom.com",
                "www.scpwiki.com"
            ]
        },
        {
            "rule": "clnmde\\.com\\/cenw\\.js",
            "cookies": 0,
            "fingerprinting": 0,
            "subdomains": [
                "dt"
            ],
            "apis": {},
            "sites": 14,
            "prevalence": 0.00143,
            "cnames": [],
            "responseHashes": [
                "9aafff400f215fe40f596c6e9934e014865b7d351caab2b1b00c85d68cb9cf53",
                "fe0243aeb2f48bc41b48c4c50ec4dec2ed723edcef39d782b9c877b8b97ea2b8",
                "0a6f08e947b7ab5e67e0d8c397af7c79c2c0d7697126cbc2f95f4a650e5244ed",
                "4a368edb784d912f17b760b53f0a781c10c9d4f778cc94935e376f99e78a2520",
                "4f468d48cdce9f293ab9d3863b4a5b0bbff8c37884dac9d30a90d1e3f7998167",
                "6c39a9540689fe8b8c36ce615bf147d08d377753beb74b485fd8d3419fc08e23",
                "dc8de02a4622e6da25a1af2f0a2a3879aef4317b77eae82a8cc3b5e1974fc434",
                "ec838f498fe8126e7ce88b8767f14b7c86926a82f7429c047116f604c586cba7",
                "553cbdebe50ac01473f52d1ab5afed7020e93bf949b045c3e48a3e9b4220c237",
                "9fefc8acb5d72e005120c05a2cecb014263724f6d526b4f0c4a2c927358b0ed2",
                "5bc728fd4c11eee15377850ab3260e26cb296bfe70bd926093130439234f8f11",
                "45aaa0d8a6946136655382c834975292d7e50731f1e5c6c0ea92082d76370f1e"
            ],
            "type": "XHR",
            "firstPartyCookies": {},
            "firstPartyCookiesSent": {},
            "exampleSites": [
                "canadianobits.com",
                "madeinca.ca",
                "mds.servicerating.ca",
                "notopening.com",
                "researchmaniacs.com",
                "unitchefs.com",
                "www.2daygeek.com",
                "www.blu-ray.com",
                "www.calendarlabs.com",
                "www.dinarguru.com",
                "www.etonline.com",
                "www.investcom.com",
                "www.myabandonware.com",
                "www.scpwiki.com"
            ]
        },
        {
            "rule": "clnmde\\.com\\/ptmdDual",
            "cookies": 0,
            "fingerprinting": 0,
            "subdomains": [
                "dt6"
            ],
            "apis": {},
            "sites": 14,
            "prevalence": 0.00143,
            "cnames": [],
            "responseHashes": [
                "c414cd0e204de974f73753c7e28d7638e7b3691bb8b1a2bab6b25bb7fed7ce77"
            ],
            "type": "Image",
            "firstPartyCookies": {},
            "firstPartyCookiesSent": {},
            "exampleSites": [
                "canadianobits.com",
                "madeinca.ca",
                "mds.servicerating.ca",
                "notopening.com",
                "researchmaniacs.com",
                "unitchefs.com",
                "www.2daygeek.com",
                "www.blu-ray.com",
                "www.calendarlabs.com",
                "www.dinarguru.com",
                "www.etonline.com",
                "www.investcom.com",
                "www.myabandonware.com",
                "www.scpwiki.com"
            ]
        },
        {
            "rule": "clnmde\\.com\\/ptmd",
            "cookies": 0,
            "fingerprinting": 0,
            "subdomains": [
                "dt"
            ],
            "apis": {},
            "sites": 14,
            "prevalence": 0.00143,
            "cnames": [],
            "responseHashes": [
                "c414cd0e204de974f73753c7e28d7638e7b3691bb8b1a2bab6b25bb7fed7ce77"
            ],
            "type": "Image",
            "firstPartyCookies": {},
            "firstPartyCookiesSent": {},
            "exampleSites": [
                "canadianobits.com",
                "madeinca.ca",
                "mds.servicerating.ca",
                "notopening.com",
                "researchmaniacs.com",
                "unitchefs.com",
                "www.2daygeek.com",
                "www.blu-ray.com",
                "www.calendarlabs.com",
                "www.dinarguru.com",
                "www.etonline.com",
                "www.investcom.com",
                "www.myabandonware.com",
                "www.scpwiki.com"
            ]
        }
    ],
    "categories": [],
    "performance": {
        "time": 1,
        "size": 1,
        "cpu": 0,
        "cache": 3
    },
    "cookies": 0,
    "types": {
        "Other": 13,
        "XHR": 14,
        "Image": 28
    },
    "nameservers": [
        "ns-196.awsdns-24.com",
        "ns-1971.awsdns-54.co.uk",
        "ns-833.awsdns-40.net",
        "ns-1527.awsdns-62.org"
    ]
}