{
    "domain": "consentframework.com",
    "owner": {},
    "source": [
        "DuckDuckGo-CA"
    ],
    "prevalence": 0.00151,
    "sites": 15,
    "subdomains": [
        "choices"
    ],
    "cnames": [],
    "fingerprinting": 1,
    "resources": [
        {
            "rule": "consentframework\\.com\\/api\\/v1\\/public\\/profile\\/check",
            "cookies": 0,
            "fingerprinting": 0,
            "subdomains": [
                "choices"
            ],
            "apis": {},
            "sites": 14,
            "prevalence": 0.00141,
            "cnames": [],
            "responseHashes": [
                "ab140244cd2fd2892fec183c503c0f9522f9935f5e6c5ace01e92924a7e2e90e"
            ],
            "type": "Fetch",
            "firstPartyCookies": {},
            "firstPartyCookiesSent": {},
            "exampleSites": [
                "chefsimon.com",
                "dailyhodl.com",
                "gamertweak.com",
                "local.infobel.ca",
                "tunebat.com",
                "www.clubic.com",
                "www.free-scores.com",
                "www.futura-sciences.com",
                "www.jardiner-malin.fr",
                "www.oom2.com",
                "www.paroles.net",
                "www.ptitchef.com",
                "www.senscritique.com",
                "www.thefreshloaf.com"
            ]
        },
        {
            "rule": "consentframework\\.com\\/api\\/v1\\/public\\/consent-string\\/user",
            "cookies": 0,
            "fingerprinting": 0,
            "subdomains": [
                "choices"
            ],
            "apis": {},
            "sites": 15,
            "prevalence": 0.00151,
            "cnames": [],
            "responseHashes": [
                "075039f29f728b8759c960848b36a8b3a1716e7f105e5e20bf6692161a277737",
                "5b5dbff6723fc28110f4a7a2336c211e0e02d1afcda874854516e83a1735d25d",
                "809dd9a9dfc026978db8431c5b307f5cec1640c9d524385110100dd28f9b28da",
                "2e3d447d8b2d882ef6cc7765808dbd0478350f72f4a9dffd47195c3f6b8f3265",
                "7129a5a2500eac07ab31f4d88c513729a534dcc26c203dc41361e4ba2177e80c",
                "43bd56ab08c04a52aa1965a1cb23ef5739d910a2e4eae008fc88e61f58cb44ca",
                "7bcdc7bbe61fe4214380a261bc645a77ff0d903837b59ce6667ebbd9cc682dfe",
                "3794283554e955ba871c5e12bf72e3da1bc0dbda2ce040ef88f77097b41beb8d",
                "13098a5c9226270c97a1813069f7748b661df3710a93332a5744ef1c09b7f655",
                "501e4d25684635bb0d7e331ea8ce3f099da81219b10b19548bdfe92433d48c64",
                "e17ad5dc19ba1b3e91466004ba2295b606d43a7a5768fa75a73db0bed575739a",
                "ddbdb5fa3d854b87c559971a9789656eafe62c1c1178acb745b9f97113153f4b",
                "4c29ad6696bfdd8de779c011be615e11805a6669524dd51cb31184f4e970ddc3",
                "844a1fd81ddbd1e60314de1a779f8383e8354822eb400bec7b4155d8b054bc5c"
            ],
            "type": "Fetch",
            "firstPartyCookies": {},
            "firstPartyCookiesSent": {},
            "exampleSites": [
                "chefsimon.com",
                "dailyhodl.com",
                "gamertweak.com",
                "local.infobel.ca",
                "tunebat.com",
                "www.clubic.com",
                "www.dafont.com",
                "www.free-scores.com",
                "www.futura-sciences.com",
                "www.jardiner-malin.fr",
                "www.oom2.com",
                "www.paroles.net",
                "www.ptitchef.com",
                "www.senscritique.com",
                "www.thefreshloaf.com"
            ]
        },
        {
            "rule": "consentframework\\.com\\/api\\/v1\\/public\\/v2\\/tcstring",
            "cookies": 0,
            "fingerprinting": 0,
            "subdomains": [
                "choices"
            ],
            "apis": {},
            "sites": 14,
            "prevalence": 0.00141,
            "cnames": [],
            "responseHashes": [
                "fcd4c0d68d77fa05f6b07831d9df4c56286788916c40399506d5fcbe87bb4a27"
            ],
            "type": "Fetch",
            "firstPartyCookies": {},
            "firstPartyCookiesSent": {},
            "exampleSites": [
                "chefsimon.com",
                "dailyhodl.com",
                "gamertweak.com",
                "local.infobel.ca",
                "tunebat.com",
                "www.clubic.com",
                "www.free-scores.com",
                "www.futura-sciences.com",
                "www.jardiner-malin.fr",
                "www.oom2.com",
                "www.paroles.net",
                "www.ptitchef.com",
                "www.senscritique.com",
                "www.thefreshloaf.com"
            ]
        },
        {
            "rule": "consentframework\\.com\\/api\\/v1\\/public\\/user-action",
            "cookies": 0,
            "fingerprinting": 0,
            "subdomains": [
                "choices"
            ],
            "apis": {},
            "sites": 15,
            "prevalence": 0.00151,
            "cnames": [],
            "responseHashes": [],
            "type": "Preflight",
            "firstPartyCookies": {},
            "firstPartyCookiesSent": {},
            "exampleSites": [
                "chefsimon.com",
                "dailyhodl.com",
                "gamertweak.com",
                "local.infobel.ca",
                "tunebat.com",
                "www.clubic.com",
                "www.dafont.com",
                "www.free-scores.com",
                "www.futura-sciences.com",
                "www.jardiner-malin.fr",
                "www.oom2.com",
                "www.paroles.net",
                "www.ptitchef.com",
                "www.senscritique.com",
                "www.thefreshloaf.com"
            ]
        },
        {
            "rule": "consentframework\\.com\\/api\\/v1\\/public\\/user-action",
            "cookies": 0,
            "fingerprinting": 0,
            "subdomains": [
                "choices"
            ],
            "apis": {},
            "sites": 15,
            "prevalence": 0.00151,
            "cnames": [],
            "responseHashes": [
                "e3b0c44298fc1c149afbf4c8996fb92427ae41e4649b934ca495991b7852b855"
            ],
            "type": "Fetch",
            "firstPartyCookies": {},
            "firstPartyCookiesSent": {},
            "exampleSites": [
                "chefsimon.com",
                "dailyhodl.com",
                "gamertweak.com",
                "local.infobel.ca",
                "tunebat.com",
                "www.clubic.com",
                "www.dafont.com",
                "www.free-scores.com",
                "www.futura-sciences.com",
                "www.jardiner-malin.fr",
                "www.oom2.com",
                "www.paroles.net",
                "www.ptitchef.com",
                "www.senscritique.com",
                "www.thefreshloaf.com"
            ]
        }
    ],
    "categories": [],
    "performance": {},
    "cookies": 0.00151,
    "types": {
        "Fetch": 58,
        "Preflight": 15
    },
    "nameservers": [
        "hal.ns.cloudflare.com",
        "kiki.ns.cloudflare.com"
    ]
}