{
    "domain": "cretgate.com",
    "owner": {},
    "source": [
        "DuckDuckGo-CA"
    ],
    "prevalence": 0.000514,
    "sites": 5,
    "subdomains": [],
    "cnames": [],
    "fingerprinting": 0,
    "resources": [
        {
            "rule": "cretgate\\.com\\/pu\\/",
            "cookies": 0.000617,
            "fingerprinting": 0,
            "subdomains": [],
            "apis": {},
            "sites": 6,
            "prevalence": 0.000617,
            "cnames": [],
            "responseHashes": [
                "f93a3dc53d07100b0ccbc313f9566f51daf2b6dd828bdf9a1879be2dca6b8a31",
                "9fbc5e767d6e7800f4ac751cc073f3a3a4348a883e69524f6b1b957d8fc9b4e5",
                "b931535b07b68385fee398a429e1c28ed4a50019d4ae506cdbe8946e512256a9",
                "19b0f9197f1005b1c6a5ed03fdf04f59e47a692b640544fa2081a8136e7c77b9",
                "4dfdde22d0f8335ab839a14e8336495bf5965db26714003cd698e4d6608260c4"
            ],
            "type": "Document",
            "exampleSites": [
                "spankbang.com",
                "la.spankbang.com",
                "ru.spankbang.com",
                "www.agedlust.com",
                "www.imagefap.com",
                "xnxx-films.com"
            ]
        }
    ],
    "categories": [],
    "performance": {},
    "cookies": 0.000514,
    "types": {
        "Document": 6
    }
}