{
    "domain": "dianomi.com",
    "owner": {
        "name": "Dianomi Ltd",
        "displayName": "Dianomi"
    },
    "source": [
        "DuckDuckGo-CA"
    ],
    "prevalence": 0.00102,
    "sites": 10,
    "subdomains": [
        "www",
        "data"
    ],
    "cnames": [],
    "fingerprinting": 0,
    "resources": [
        {
            "rule": "dianomi\\.com\\/smartads\\.epl",
            "cookies": 0.000716,
            "fingerprinting": 0,
            "subdomains": [
                "www"
            ],
            "apis": {},
            "sites": 7,
            "prevalence": 0.000716,
            "cnames": [],
            "responseHashes": [
                "d0f8e3e91fc2a5d4c823ee624a04de46a3d5d99e7c318ea1d214d4a0c92425ad",
                "a2e8a826fdd4599c6fe0e48a4b47c69cd5180c1e486445405ee80a275fc1348e",
                "aafa56d938991d74ad754a9a9901a58a4f0eea04faa6df37e0733124649ea8cd",
                "227a7b7755c056aa43cd09015644d2b3698a66c34ad5600f5b7bdd733d495a2d",
                "baeb81e226da567553c1a5b44fd4efdb3dffb5e8cded51ce65e870ac62ad8208",
                "8c52880bb8548dbf97567e87afc459b07629ffe65412571ba74d9312d9e18664"
            ]
        },
        {
            "rule": "dianomi\\.com\\/img\\/dianomi-max-200x38\\.png",
            "cookies": 0.000716,
            "fingerprinting": 0,
            "subdomains": [
                "www"
            ],
            "apis": {},
            "sites": 7,
            "prevalence": 0.000716,
            "cnames": [],
            "responseHashes": [
                "70503c92bcbb8105d95ec4de2012f23098c3383586e95323e4b3384b56af4beb"
            ]
        },
        {
            "rule": "dianomi\\.com\\/partner\\/abp\\/px\\.gif",
            "cookies": 0.000819,
            "fingerprinting": 0,
            "subdomains": [
                "www"
            ],
            "apis": {},
            "sites": 8,
            "prevalence": 0.000819,
            "cnames": [],
            "responseHashes": [
                "86be52bdb7547413cafb3ed175a806a798c65de98b40849e0b974c47d187de65"
            ]
        },
        {
            "rule": "dianomi\\.com\\/frontend\\/pixeljs",
            "cookies": 0.000614,
            "fingerprinting": 0,
            "subdomains": [
                "data"
            ],
            "apis": {},
            "sites": 6,
            "prevalence": 0.000614,
            "cnames": [],
            "responseHashes": [
                "35bf21f272d9fd2d0011e8afdf278e59292674fb760deb52369add26b48c7d66",
                "b3b2b1ae455fd6420c20e3692b7a67b7bc562ad8baf7fe0bab194c8762fc7f4c",
                "5f2ece83eabccaeb21142dfe43322826f584822b5de78e6ffe1b2d12ec09ab57",
                "8e61c737829ae57792221e9cc8d0e0d6ee8c7a30aca0cf41abedbdaf187b99c3",
                "e5e1a96ec5403592a0ce531d85f974f012a4defd8bc3b600cf204ed5a488085b"
            ]
        },
        {
            "rule": "dianomi\\.com\\/js\\/contextfeed\\.js",
            "cookies": 0.000307,
            "fingerprinting": 0,
            "subdomains": [
                "www"
            ],
            "apis": {},
            "sites": 3,
            "prevalence": 0.000307,
            "cnames": [],
            "responseHashes": [
                "3334a185c10da9c89a5fea4a89d4ff6106933e2befe4e9fade1b430b7e059f8d"
            ]
        },
        {
            "rule": "dianomi\\.com\\/cgi-bin\\/context\\.pl",
            "cookies": 0.000307,
            "fingerprinting": 0,
            "subdomains": [
                "www"
            ],
            "apis": {},
            "sites": 3,
            "prevalence": 0.000307,
            "cnames": [],
            "responseHashes": [
                "e9a1eb740ab2c80bc05d5e5b199134888539e5a9c88e4be920d58ea0bf976a95",
                "d9e47402ace5900a262f2930e2bdaaf84d57b470515686097a4463ca536ee1b4"
            ]
        },
        {
            "rule": "dianomi\\.com\\/partner\\/dianomi\\/css\\/dianomi-context\\.css",
            "cookies": 0.000205,
            "fingerprinting": 0,
            "subdomains": [
                "www"
            ],
            "apis": {},
            "sites": 2,
            "prevalence": 0.000205,
            "cnames": [],
            "responseHashes": [
                "99781410070a5dd4d753fdb8a46f4272082b5be64541dcfcb1b2d3c4aea09c6c"
            ]
        },
        {
            "rule": "dianomi\\.com\\/cgi-bin\\/pixeltrack\\.pl",
            "cookies": 0.000307,
            "fingerprinting": 0,
            "subdomains": [
                "www"
            ],
            "apis": {},
            "sites": 3,
            "prevalence": 0.000307,
            "cnames": [],
            "responseHashes": [
                "d4fa79afcf5a5cc5a0f12dedaf825f11530e6397d723fe7044cd37ba3c248e57"
            ]
        },
        {
            "rule": "dianomi\\.com\\/frontend\\/pixel2",
            "cookies": 0.000307,
            "fingerprinting": 0,
            "subdomains": [
                "data"
            ],
            "apis": {},
            "sites": 3,
            "prevalence": 0.000307,
            "cnames": [],
            "responseHashes": [
                "93ae7d494fad0fb30cbf3ae746a39c4bc7a0f8bbf87fbb587a3f3c01f3c5ce20"
            ]
        },
        {
            "rule": "dianomi\\.com\\/cgi-bin\\/pixeltrack\\.pl",
            "cookies": 0.000205,
            "fingerprinting": 0,
            "subdomains": [
                "www"
            ],
            "apis": {},
            "sites": 2,
            "prevalence": 0.000205,
            "cnames": [],
            "responseHashes": [
                "2fb46fbb3363d97fbeb90b5f84bd30e2b7e8b5cfb53403386f3f398252ccafde"
            ]
        }
    ],
    "categories": [],
    "performance": {
        "time": 1,
        "size": 1,
        "cpu": 0,
        "cache": 1
    },
    "cookies": 0.00102,
    "types": {
        "Document": 7,
        "Image": 21,
        "Script": 9,
        "XHR": 5,
        "Stylesheet": 2
    }
}