{
    "domain": "dpmsrv.com",
    "owner": {},
    "source": [
        "DuckDuckGo-CA"
    ],
    "prevalence": 0.000823,
    "sites": 8,
    "subdomains": [
        "a",
        "s"
    ],
    "cnames": [],
    "fingerprinting": 1,
    "resources": [
        {
            "rule": "dpmsrv\\.com\\/dpmpxl\\/index\\.php",
            "cookies": 0.000926,
            "fingerprinting": 0,
            "subdomains": [
                "a"
            ],
            "apis": {},
            "sites": 9,
            "prevalence": 0.000926,
            "cnames": [],
            "responseHashes": [
                "08b43701a937b3b50cc1f73f8d01e578458d9c24e57aa30a851fd77c51571628",
                "4b114722269cbef9dddbab5a9f4fa4a1e850da2c1de32c74fd6d7d1ba8abe57b",
                "a9f927a1ce5624e866eddba4ec583d461c149d8ff66bec95869349b24e2ae9ae",
                "97219a7b74376f94a4916a47fa49451d550c056e965259d5c6354d89bb55bbda",
                "90d697af3d1ddd3ab676796f180754bf4eace8d60f8a9ad0aa4542e59aa9a67e",
                "fb86ffc1f8af82f0cd4bdcf4da50e6875688af79023dda0ee90edcbc50518343",
                "71420989d5a4cc47ebe3553a3401fdeab82d10e08bc5f7170e806fbe5aca907e",
                "35c79bb1d7a3a1000d461c0f79c83a10f66c3b811a5ee35bc694ab5ca90922d9"
            ],
            "type": "Script",
            "exampleSites": [
                "spiceworks.com",
                "community.spiceworks.com",
                "forum.notebookreview.com",
                "www.boston.com",
                "www.finewoodworking.com",
                "www.finehomebuilding.com",
                "www.greenbuildingadvisor.com",
                "www.law.com",
                "www.monster.ca"
            ]
        },
        {
            "rule": "dpmsrv\\.com\\/dpm_b888b29826bb53dc531437e723738383d8339b56\\.min\\.js",
            "cookies": 0.000309,
            "fingerprinting": 1,
            "subdomains": [
                "s"
            ],
            "apis": {
                "Date.prototype.getTime": 3,
                "Document.cookie getter": 3,
                "Document.cookie setter": 3,
                "Date.prototype.getTimezoneOffset": 3
            },
            "sites": 3,
            "prevalence": 0.000309,
            "cnames": [],
            "responseHashes": [
                "b5cfe3f79f65714cb01f70209efaea9d03e5c95a78044cb3468de33df6e25b14"
            ],
            "type": "Script",
            "exampleSites": [
                "finewoodworking.com",
                "www.finehomebuilding.com",
                "www.greenbuildingadvisor.com"
            ]
        },
        {
            "rule": "dpmsrv\\.com\\/dpmpxl\\/index\\.php",
            "cookies": 0.000309,
            "fingerprinting": 0,
            "subdomains": [
                "a"
            ],
            "apis": {},
            "sites": 3,
            "prevalence": 0.000309,
            "cnames": [],
            "responseHashes": [
                "aa03dc59bdca72631d2301e4297cfa030bd31b907dc138e7b973d12311c90a22"
            ],
            "type": "Image",
            "exampleSites": [
                "finewoodworking.com",
                "www.finehomebuilding.com",
                "www.greenbuildingadvisor.com"
            ]
        }
    ],
    "categories": [],
    "performance": {
        "time": 1,
        "size": 1,
        "cpu": 0,
        "cache": 3
    },
    "cookies": 0.000823,
    "types": {
        "Script": 12,
        "Image": 3
    }
}