{
    "domain": "eqads.com",
    "owner": {
        "name": "EQ Works",
        "displayName": "EQ Works"
    },
    "source": [
        "DuckDuckGo-CA"
    ],
    "prevalence": 0.0166,
    "sites": 162,
    "subdomains": [
        "um2",
        "ads3",
        "ads2"
    ],
    "cnames": [],
    "fingerprinting": 1,
    "resources": [
        {
            "rule": "eqads\\.com\\/um\\/cs",
            "cookies": 0.0153,
            "fingerprinting": 0,
            "subdomains": [
                "um2"
            ],
            "apis": {},
            "sites": 153,
            "prevalence": 0.0157,
            "cnames": [],
            "responseHashes": [
                "2cdc939d790626e657120f7b514788bf230c14252fd248379a7d968e335d40dc",
                "3ab92cedb00e7d0fbc74323d7a66d14d9eb63bb5ea8a1615d614349f29a9f29c",
                "29d1c44da0f73c0c2ab9027809fed3c28f7475bc73e26d8e8dbadac894fe69f3",
                "0157e5e681fdddd65c8815f9838f746bb3d72a208b082fe79f96aa9ae0976c20",
                "da5c0a4c004e00516b6ad950d6a5956da457ec5e9f31d3cc6cdac4f9a68c6bbd",
                "e52e97b53730c43296d6aadc385895811255cb54d39b5668f8c5469ac9e2c6cb",
                "8f8a848d8f77a302d591d0bc5f3c20275108490e397be869c63fb3682f4fa118",
                "85e70ce48a4a01e59db97680a03773040d8569339b3f52d91d9734d3f2586393",
                "6a609b2e2fd0271947f08560dedf3adcdad3adb5f9a0f875e7a19d79ebcfcfcf",
                "7c6ed44c3d3f66101a924fd15b443489faa87e8f5097a80d3279e0e08a820098",
                "2006f45b6ac4ad83f799fa152eeb6bfeeca8e0cd5a36f9893aec0826f662e2e3",
                "9cc50636dcd18bd8808f716528549b65f26bda5ecf78c814f972d80f247770f1"
            ]
        },
        {
            "rule": "eqads\\.com\\/beacon",
            "cookies": 0.000307,
            "fingerprinting": 0,
            "subdomains": [
                "ads3"
            ],
            "apis": {},
            "sites": 3,
            "prevalence": 0.000307,
            "cnames": [],
            "responseHashes": [
                "4b5b6b15c6255109e06720cce42a06d3aead8b7874423d9c52cb0303212c25ef"
            ]
        },
        {
            "rule": "eqads\\.com\\/pt",
            "cookies": 0,
            "fingerprinting": 1,
            "subdomains": [
                "ads3",
                "ads2"
            ],
            "apis": {
                "Navigator.prototype.userAgent": 4,
                "Date.prototype.getTime": 4
            },
            "sites": 4,
            "prevalence": 0.000409,
            "cnames": [],
            "responseHashes": [
                "e7be5edd301934d0843ac4e819269770bd19a97eaadefdfe17bfb74dc0979142",
                "413e06be4fcdd4aa92c9618303e77837f711de65b350f4f4f57c53c52ea60db1",
                "1610ec1e7eef76866cd7cc85b752b8bf8ba069b6ba60ee1514ffe9b4656df070"
            ]
        },
        {
            "rule": "eqads\\.com\\/pt",
            "cookies": 0.000512,
            "fingerprinting": 0,
            "subdomains": [
                "ads3"
            ],
            "apis": {},
            "sites": 5,
            "prevalence": 0.000512,
            "cnames": [],
            "responseHashes": [
                "4b5b6b15c6255109e06720cce42a06d3aead8b7874423d9c52cb0303212c25ef"
            ]
        }
    ],
    "categories": [],
    "performance": {
        "time": 1,
        "size": 1,
        "cpu": 0,
        "cache": 3
    },
    "cookies": 0.0163,
    "types": {
        "Document": 153,
        "Image": 8,
        "Script": 4
    }
}