{
    "domain": "h-cdn.com",
    "owner": {
        "name": "Hola Networks Ltd.",
        "displayName": "Hola Networks"
    },
    "source": [
        "DuckDuckGo-CA"
    ],
    "prevalence": 0.00101,
    "sites": 10,
    "subdomains": [
        "player"
    ],
    "cnames": [],
    "fingerprinting": 2,
    "resources": [
        {
            "rule": "h-cdn\\.com\\/loader\\.js",
            "cookies": 0,
            "fingerprinting": 2,
            "subdomains": [
                "player"
            ],
            "apis": {
                "window.localStorage": 10,
                "Navigator.prototype.userAgent": 10,
                "Navigator.prototype.product": 1,
                "Navigator.prototype.platform": 1,
                "Navigator.prototype.maxTouchPoints": 1,
                "window.sessionStorage": 1,
                "PerformanceTiming.prototype.navigationStart": 1,
                "window.devicePixelRatio": 1
            },
            "sites": 10,
            "prevalence": 0.00101,
            "cnames": [],
            "responseHashes": [
                "033f082991e93ed0070b0381b371fac34cf5ca954f0b12a26da9095fe7193bbf",
                "857567892274a62d86fbb198a7867428c17a84e17d8fcb9d9df3a900c9e50130",
                "ec73126604d2cb6fa8de11827d1a2a18d5f4d8a3522edb3782b42c4e00de5230",
                "37347713823ae633558d1a09cab0e3eff916375fbb751789b98926107e68308a",
                "895d4ebaf7665b0a30acd0099814dfa0d1963fbf3c8c432fa74647d14d923705",
                "d0ee18bac923d576d0b208da4d6c30990a3ffbaea225bb9618795b78f9d01443",
                "3bd88f7948729f56697ef158f276eafd5e609318a5257a53c6a6b30d78622957",
                "cf6b2346cb378af8744901802f2946b27b060c5b99d93e166bf1a9f91ae744c9"
            ],
            "type": "Script",
            "exampleSites": [
                "fcbayern.com",
                "m.dw.com",
                "m.sport1.de",
                "sport.sky.de",
                "www.bild.de",
                "www.bluewin.ch",
                "www.blick.ch",
                "www.dw.com",
                "www.rtl2.de",
                "www.sport1.de"
            ]
        },
        {
            "rule": "h-cdn\\.com\\/config\\.js",
            "cookies": 0,
            "fingerprinting": 1,
            "subdomains": [
                "player"
            ],
            "apis": {
                "Navigator.prototype.userAgent": 8
            },
            "sites": 8,
            "prevalence": 0.000811,
            "cnames": [],
            "responseHashes": [
                "57f4062bc5ab4de5e0f6be6f2e00ac4e0cc6c6608a757ea48fe67915cd1073db",
                "a90f3cf1dee4a0ead9b32aaa72dbc83facf1df501b9041b6e4e4340d988ccac0",
                "a90a206c83cd6e734b9585e78b806f1cd53f55f8482c36d1dcdf5453390a2700",
                "738c8c13dc08be720874c4ab2ce2a97090b5b77dd8513a3d8423154e454f2609",
                "34a3871bb2fbb32fe3c6bab08795bd4e86f1945cca423341963dd4141742b15d",
                "7195824235faf34c09a67f34dc09dd8ee177e3cb79725dedd5aac633051be739"
            ],
            "type": "Script",
            "exampleSites": [
                "fcbayern.com",
                "m.dw.com",
                "sport.sky.de",
                "www.bild.de",
                "www.bluewin.ch",
                "www.blick.ch",
                "www.dw.com",
                "www.rtl2.de"
            ]
        }
    ],
    "categories": [],
    "performance": {
        "time": 1,
        "size": 1,
        "cpu": 0,
        "cache": 1
    },
    "cookies": 0,
    "types": {
        "Script": 18
    }
}