{
    "domain": "iadvize.com",
    "owner": {
        "name": "iAdvize",
        "displayName": "iAdvize"
    },
    "source": [
        "DuckDuckGo-CA"
    ],
    "prevalence": 0.000512,
    "sites": 5,
    "subdomains": [
        "halc",
        "static"
    ],
    "cnames": [],
    "fingerprinting": 1,
    "resources": [
        {
            "rule": "iadvize\\.com\\/iadvize\\.js",
            "cookies": 0,
            "fingerprinting": 1,
            "subdomains": [
                "halc"
            ],
            "apis": {
                "Navigator.prototype.userAgent": 5,
                "window.localStorage": 5
            },
            "sites": 5,
            "prevalence": 0.000512,
            "cnames": [],
            "responseHashes": []
        },
        {
            "rule": "iadvize\\.com\\/storage\\.php",
            "cookies": 0,
            "fingerprinting": 1,
            "subdomains": [
                "halc"
            ],
            "apis": {
                "window.localStorage": 5
            },
            "sites": 5,
            "prevalence": 0.000512,
            "cnames": [],
            "responseHashes": [
                "2e842d3dec203c572aa57ddcbf2cc1af59e4f734a98556f905f0b1bbd509bf42",
                "a4df09cc120aec97858023ac4b5de428f38e2e760d89151e2228909b9e05ed97",
                "d00d0420e039d92f37c7f44d53907f6878000e2cd22917e32e0848c6d6ead94b",
                "06dac4e02937b50bf4a5ff7814bfdbdb8951e1c39f971ec42c7ccb2eb7cbe26a"
            ]
        },
        {
            "rule": "iadvize\\.com\\/rpc\\/live\\.2\\.php",
            "cookies": 0.000512,
            "fingerprinting": 0,
            "subdomains": [
                "halc"
            ],
            "apis": {},
            "sites": 5,
            "prevalence": 0.000512,
            "cnames": [],
            "responseHashes": [
                "b614025f60bcc5215142e4e30172cdee1accc1b6d31f87303f2ee00d2c8ef5c0",
                "a2f9008a5c3051e7e2e2c94868ff32d2307463aa63be282d70158c5ac431e1b0",
                "74fd8b8b32a92acd540bd621f1fa84b7b974a027fe1815aad200c760991e029b",
                "594d7cd96ad251d43a2de472bfec92382620f7d6f61e49d772f0215aac38fd2f"
            ]
        },
        {
            "rule": "iadvize\\.com\\/livechat\\/3\\.152\\.0\\/targeting\\.44679c2d\\.js",
            "cookies": 0,
            "fingerprinting": 1,
            "subdomains": [
                "static"
            ],
            "apis": {
                "Navigator.prototype.userAgent": 4,
                "Date.prototype.getTime": 4
            },
            "sites": 5,
            "prevalence": 0.000512,
            "cnames": [],
            "responseHashes": [
                "d5f17db0c791f024179bfec289c6861a7087aa4b61f3038e67c22c61f0d3ecc8"
            ]
        },
        {
            "rule": "iadvize\\.com\\/livechat\\/3\\.152\\.0\\/orchestrator\\.671d809e\\.js",
            "cookies": 0,
            "fingerprinting": 1,
            "subdomains": [
                "static"
            ],
            "apis": {
                "window.matchMedia(\"prefers-reduced-motion\")": 4
            },
            "sites": 4,
            "prevalence": 0.000409,
            "cnames": [],
            "responseHashes": [
                "64b52e84775d28dcd3942cc2a6b848148c4cf122f5c8e8c0e2cfe4dcea1632cd"
            ]
        }
    ],
    "categories": [],
    "performance": {
        "time": 1,
        "size": 1,
        "cpu": 0,
        "cache": 3
    },
    "cookies": 0.000512,
    "types": {
        "Script": 14,
        "Document": 5,
        "XHR": 5
    }
}