{
    "domain": "ipify.org",
    "owner": {},
    "source": [
        "DuckDuckGo-CA"
    ],
    "prevalence": 0.00531,
    "sites": 52,
    "subdomains": [
        "api",
        "api64",
        "geo"
    ],
    "cnames": [],
    "fingerprinting": 0,
    "resources": [
        {
            "rule": "ipify\\.org\\/",
            "cookies": 0,
            "fingerprinting": 0,
            "subdomains": [
                "api"
            ],
            "apis": {},
            "sites": 27,
            "prevalence": 0.00276,
            "cnames": [],
            "responseHashes": [
                "d3f9e52ef30d6453ee1f719af6e2cfc03a86813fd5ce3940df9219b180cfba17",
                "b9724393310f55ec089af8c9070c5493cf98d8d9d698f1e07a117682056e0b55",
                "4399e84564cc2ea9e60414f194448cc40b12efdcbede9be225a23c2809f78022",
                "10caeeab80cec941c77f4cb103d60c94d4055b4a71b4a8d3395e30e3fa38d503",
                "4c70f1176ff647bae962dcc2910cc1242bc0d63095a63494494d75f2936b9392",
                "3e79ac44e8f8098278973e52477ffebed0b4b0ae7d56afc491cea56a7df6ecbf",
                "cf955570316b3487f164a70558f7704df1c4ce3d1145e8e86e52405834579fcd",
                "ad1dba6d6a0f4c857e06fc019aa10778bfa179448cfd197f71ccf3f466612635",
                "d30fc2b71a09cee5d0cb01ab48c257a7d61bd955cfbd2eda002c476c4115bd49",
                "8a8fe8887d6ac2120c0431032dc08b03595ab168d7c2fee6882ff3fb2836144e",
                "ffc22a5f82325fd99976a7d342ae84b979e3b410fdf1a911226ab585bf1e6051",
                "9eb23ec0347f65f51838ff0de1426590213f814dbf268f0ed989d40682e6627a",
                "b0d376a2dee7aac13db6c0ea9f68c447bffef80569e0a24443922631a65ea6d5"
            ],
            "type": "Script",
            "firstPartyCookies": {},
            "firstPartyCookiesSent": {},
            "exampleSites": [
                "www.pcworld.com",
                "asana.com",
                "www.teamviewer.com",
                "illicoweb.videotron.com",
                "forum.bodybuilding.com",
                "epson.ca",
                "www.networkworld.com",
                "www.realclearpolitics.com",
                "www.shure.com",
                "www.computerworld.com",
                "www.infoworld.com",
                "www.businesswire.com",
                "www.lumens.com",
                "www.comptia.org",
                "epson.com",
                "www.dandb.com",
                "www.bodybuilding.com",
                "soutien.videotron.com",
                "www.keen.com",
                "www.techhive.com"
            ]
        },
        {
            "rule": "ipify\\.org\\/",
            "cookies": 0,
            "fingerprinting": 0,
            "subdomains": [
                "api",
                "api64"
            ],
            "apis": {},
            "sites": 20,
            "prevalence": 0.00204,
            "cnames": [],
            "responseHashes": [
                "475bca810a5cad82491fc0e38aa23b76affb2a44392ebb66753423d697a6599b",
                "fcffa959177e96aa958c903d0c6b7129f60d75cd7008440e47cf57aba05a0a44",
                "9de16b6fab6b713de746fda342597d8d963cad2c3854a65b98950cda9b70e0e9"
            ],
            "type": "XHR",
            "firstPartyCookies": {},
            "firstPartyCookiesSent": {},
            "exampleSites": [
                "barbend.com",
                "blog.paleohacks.com",
                "flixed.io",
                "voyeur-house.tv",
                "www.adweek.com",
                "www.americamagazine.org",
                "www.bdo.ca",
                "www.berkeyfilters.com",
                "www.bmoharris.com",
                "www.lci.fr",
                "www.miamiherald.com",
                "www.opc.gouv.qc.ca",
                "www.peacocktv.com",
                "www.republicworld.com",
                "www.sigmaaldrich.com",
                "www.shutterfly.com",
                "www.sirved.com",
                "www.weightwatchers.com",
                "www.wendys.com",
                "www.zennioptical.com"
            ]
        },
        {
            "rule": "ipify\\.org\\/api\\/v1",
            "cookies": 0.000511,
            "fingerprinting": 0,
            "subdomains": [
                "geo"
            ],
            "apis": {},
            "sites": 5,
            "prevalence": 0.000511,
            "cnames": [],
            "responseHashes": [
                "88be43c3cb085fb09e1fbcb30a14105a98c5fd2db2f73beafa4480b687b26e73"
            ],
            "type": "XHR",
            "firstPartyCookies": {},
            "firstPartyCookiesSent": {},
            "exampleSites": [
                "allfreecrochet.com",
                "www.allfreeknitting.com",
                "www.mathwarehouse.com",
                "www.planetofthevapes.com",
                "www.rokslide.com"
            ]
        }
    ],
    "categories": [],
    "performance": {
        "time": 1,
        "size": 1,
        "cpu": 1,
        "cache": 3
    },
    "cookies": 0.000511,
    "types": {
        "Script": 27,
        "XHR": 25
    },
    "nameservers": [
        "ns28.domaincontrol.com",
        "ns27.domaincontrol.com"
    ]
}