{
    "domain": "itransitauthority.com",
    "owner": {},
    "source": [
        "DuckDuckGo-CA"
    ],
    "prevalence": 0.000409,
    "sites": 4,
    "subdomains": [],
    "cnames": [],
    "fingerprinting": 0,
    "resources": [
        {
            "rule": "itransitauthority\\.com\\/www\\/delivery\\/spc\\.php",
            "cookies": 0.000409,
            "fingerprinting": 0,
            "subdomains": [],
            "apis": {},
            "sites": 4,
            "prevalence": 0.000409,
            "cnames": [],
            "responseHashes": [
                "3d58c25f40c3429d0b79198d50736e672edb542b998f63063f1b46819e57d725",
                "0887f726613ae4940925e8ac4703ecf36476522580ea1ba4f76801d64648de1e",
                "c7643ad416465a63325bf1fcf5643e693b1da36d92e04a24646dd4aab53ba5cb"
            ]
        }
    ],
    "categories": [],
    "performance": {
        "time": 1,
        "size": 1,
        "cpu": 1,
        "cache": 1
    },
    "cookies": 0.000409,
    "types": {
        "Script": 4
    }
}