{
    "domain": "klarnauserservices.com",
    "owner": {},
    "source": [
        "DuckDuckGo-CA"
    ],
    "prevalence": 0.00151,
    "sites": 15,
    "subdomains": [
        "cafea271"
    ],
    "cnames": [],
    "fingerprinting": 0,
    "resources": [
        {
            "rule": "klarnauserservices\\.com\\/match\\/",
            "cookies": 0.00151,
            "fingerprinting": 0,
            "subdomains": [
                "cafea271"
            ],
            "apis": {},
            "sites": 15,
            "prevalence": 0.00151,
            "cnames": [],
            "responseHashes": [
                "7e1861a56823d0619b204b2350a7d4f7e4e841f9a83df800b72e210923bd5228",
                "cc3ef5ccb8fe841b08a96c0ad40e2b4bce7c757e573fc6ae8dee45126a6c722b",
                "3e28f0893a71c4435f529d2c9983cb66684b024a256833e81e4bdfb960c61d85",
                "dc5d5e590290dd9d1afc63a38ffb927ed80ccba696a8fa9968b0ab2cdbf4eb93",
                "061d7a9d5e1506b0f8b5ca60f6be516cc8a40d3add16388acb39a593a2662e2c",
                "db83ace034120edfaf4d745e94be49896f1e83a044778e7555824f3c4852cc11",
                "39892e1eca5338218db28668080a3da190445c2eab034e073a1b73463f2375ba",
                "3175155ea67138f2564a82e92e36cad5e1706fc8f5040bc1089ef9ca7f72f2e1",
                "b339fe8735db4a484d50f0b2ef5d00571b60a5adc525f0f0018537808a721fb1",
                "26cdbf3f0d5ea42bf49f69fdf022f0ba5b34b0beac8d3b49a90875617bd5afa2",
                "3cabd6f0392ef96e54afdd05230a28ea0d7c5e7ca2340f56302bfa3d72813e84",
                "144a5d2f2957570116ffae4ccdc0b20eaaac90af428363a46909996479becad3",
                "61b7301dfe8e56447ebbb77d68d804a38a7d8a42c0cb79154db62c1a8c8a7aef",
                "50df1067e07bf20433ff8cd69100cb096c33c96a56a4ea716d6a25e3ec1dd13c"
            ],
            "type": "Fetch",
            "firstPartyCookies": {},
            "firstPartyCookiesSent": {
                "ku1-vid": 0.0012048192771084338
            },
            "exampleSites": [
                "rockabilia.com",
                "www.babylist.com",
                "www.backcountry.com",
                "www.breville.com",
                "www.competitivecyclist.com",
                "www.corsair.com",
                "www.dynamiteclothing.com",
                "www.elgato.com",
                "www.garageclothing.com",
                "www.hottopic.com",
                "www.littleburgundyshoes.com",
                "www.modcloth.com",
                "www.outdoorresearch.com",
                "www.torrid.com",
                "www.wholesalemarine.com"
            ]
        }
    ],
    "categories": [],
    "performance": {
        "time": 1,
        "size": 1,
        "cpu": 0,
        "cache": 1
    },
    "cookies": 0.00151,
    "types": {
        "Fetch": 15
    },
    "nameservers": [
        "ns-1430.awsdns-50.org",
        "ns-1568.awsdns-04.co.uk",
        "ns-442.awsdns-55.com",
        "ns-759.awsdns-30.net"
    ]
}