{
    "domain": "mantisadnetwork.com",
    "owner": {},
    "source": [
        "DuckDuckGo-CA"
    ],
    "prevalence": 0.00306,
    "sites": 30,
    "subdomains": [
        "mantodea",
        "ecs",
        "assets",
        "resizer"
    ],
    "cnames": [],
    "fingerprinting": 1,
    "resources": [
        {
            "rule": "mantisadnetwork\\.com\\/prebid\\/display",
            "cookies": 0.00235,
            "fingerprinting": 0,
            "subdomains": [
                "mantodea"
            ],
            "apis": {},
            "sites": 26,
            "prevalence": 0.00266,
            "cnames": [],
            "responseHashes": [
                "704be927f2a2222dedf76df9179636d643fb49228f30279592d0d0d5044d9133",
                "290294f86a601b8f17e51318dae5a9cf4395145a2c086f58cadf9ff354a69be7",
                "ead2fc145ab36b94ad395d79c4d1d6f14fa5d87a71753b9a5426d022b0e08bf9",
                "9333fb1c29d5462fe6db3212231a7f83167b1561b7846144956135b655eaa4ed",
                "704c4737754e46286983169ea709fe186cc14270544fa7f3e41f1e32cd1557b5",
                "fe235d89e483b34968aa29cb1f343899ce69854234bffa4a6887421a71336588",
                "a22d3f2f4b1a1ea5408614e8b37186c4d7c3d622cb5433aa7a72bcd6efc2a00b",
                "24a9a386429c326e3e1713c713a17dc44916541756563b84cc0c8802328d0d5f",
                "363af649c5608c172a140c86a2757cbd1830b6e2948ed863d7699b3c837f2a6a",
                "76f3200ddd8a9227010d459f57e8e60832a4c7712b3eb8aa969601806ee4a201",
                "405d28f977bf6cfdf5c9cd7f587b29f3d7139832e23e760b8fc92843075d49e9",
                "5a02abc9447fd27131511ab876ecb6f629a1c729c01a5d35fbd3361a08136e93",
                "ddb0e783ff97ceb61db55764f84a575ef09694dbf527cc24678c9531b1e4927d",
                "fb0cbe4b40440aa3965b2384b939c18c3c51a7d68802a35d3fb4492cc33d0ec0",
                "e88c4ec09c988c8c11bfdf23de51139efae88577b6be82d1ef33c92312071d2a",
                "4764a0af732d017d174a9408b4d3c1459ceccf01d22c919d7ec1201cbe9e1f4a",
                "5352720a5ffb778e42dbb1d4b81c975c02018dd660e1fe9c430cbf13dba78762",
                "5670c45b5008ae59ef31dfe4ccbb57f5b3c5dccf7e916547e8b99f0710d1877d",
                "7409947e0e7f29899b802387b012613c319cdbd8670dee6d293c1e7992399b66",
                "a4e0a48d629221f2c29271f4f1523cb81f0025ea86f038f2fa74772232885c3f",
                "165626702b0fb42b2d7b1ef1e6c96d76c3a26551ab8693419f97bcf5f12400f2",
                "eb6c2c2ae0f990ccbe6292b639446182c45b509439ba6eac403663e2cea2927b",
                "e265f07c3eaec2fedd4df8d580e91a340b62ffbac26c0340791b9b508c7716a9"
            ],
            "type": "XHR",
            "firstPartyCookies": {},
            "firstPartyCookiesSent": {},
            "exampleSites": [
                "reason.com",
                "www.eventhubs.com",
                "www.thewrap.com",
                "androidforums.com",
                "ca.camelcamelcamel.com",
                "www.celebdirtylaundry.com",
                "www.crimeonline.com",
                "uproxx.com",
                "www.mixedmartialarts.com",
                "www.goalcast.com",
                "forums.prosportsdaily.com",
                "thegrio.com",
                "www.slant.co",
                "www.barstoolsports.com",
                "fstoppers.com",
                "hannity.com",
                "www.quanthockey.com",
                "www.songfacts.com",
                "bongino.com",
                "www.bleepingcomputer.com"
            ]
        },
        {
            "rule": "mantisadnetwork\\.com\\/prebid\\/iframe",
            "cookies": 0,
            "fingerprinting": 0,
            "subdomains": [
                "mantodea"
            ],
            "apis": {},
            "sites": 22,
            "prevalence": 0.00225,
            "cnames": [],
            "responseHashes": [
                "09a7f8c26e4d5aa387e1309766209cae4e9920f067fee70cc59fa4fcf80af772",
                "8f18327c5914c56103bc49a30234dbc8f29ac83df2cd24ebd23d661e45c8cbd7",
                "cd3932e6b0ddd8d98d131c954212bebe75ff5319a34047c190aaae66f5076fb2",
                "29d06a1ee199262949c940e01c1a77d56e9c37f328b15ccf9c1c82913e810157",
                "c3178113c2735d5ba0a8ab53d1fd32b2657b6106b12107ad93e5e94dd462f75c",
                "a7d5f7740f3e772f63c0a0c313540082eb49b16c7202c9a9a8a451e41e38dba4",
                "ae92ca4eef011e92b3c34b2ddb21e7e88262e32aa0226d72e8f13cbaa1b2e918",
                "37c99339f2201ee2f2acdfa408a6c1d40282116eadbabf328f51ec93500a5c3e",
                "3fc1ada2089fa37ce6dd867167e632fa5caade691a2e8c543887efb9a0cd581a",
                "c0e1652a28f894e2a03cc968e696d5f1a73e7aac5643c9c8aab029bbcf438201",
                "b5d91478bd31889e15f6220a1bcb66808aa75d359ef0a8624c33f2e6b8c9a72b",
                "27d0cab60b43131859e8e6654c42ffd9220423c3e33134c26d554950b2942b54",
                "5e2c57b95dc2aba2552ae694001bea240ce1a927ee779c0f70501c5fee597a71",
                "70ad335a0d45693dd41c6040fbdf58d04a10487717ee1c27ef2ae6381a3a987e",
                "4c4d223f5230c6f631b2fb840010c0ac52a5158d41362fbe63af3e74a6fb85d9",
                "dd4cd09314591fd3c06186d242b9753097840b7dcf5eba45976d134413d6f603",
                "3e47d005796ea0b3d2cc357aa9f1028b779cf722dca7ac2107b6b84731b17a69"
            ],
            "type": "Document",
            "firstPartyCookies": {},
            "firstPartyCookiesSent": {},
            "exampleSites": [
                "chinesenewyear.net",
                "uproxx.com",
                "www.barstoolsports.com",
                "www.thewrap.com",
                "fstoppers.com",
                "hannity.com",
                "www.mixedmartialarts.com",
                "www.eventhubs.com",
                "www.quanthockey.com",
                "www.bleepingcomputer.com",
                "bongino.com",
                "www.crimeonline.com",
                "wakeup-world.com",
                "www.goalcast.com",
                "www.fossmint.com",
                "www.thecourierdaily.com",
                "reason.com",
                "camelcamelcamel.com",
                "forums.prosportsdaily.com",
                "www.slant.co"
            ]
        },
        {
            "rule": "mantisadnetwork\\.com\\/sync\\/pixel\\/query",
            "cookies": 0.00225,
            "fingerprinting": 0,
            "subdomains": [
                "ecs"
            ],
            "apis": {},
            "sites": 22,
            "prevalence": 0.00225,
            "cnames": [],
            "responseHashes": [
                "6adc3d4c1056996e4e8b765a62604c78b1f867cceb3b15d0b9bedb7c4857f992"
            ],
            "type": "Image",
            "firstPartyCookies": {},
            "firstPartyCookiesSent": {},
            "exampleSites": [
                "forum.grasscity.com",
                "www.slant.co",
                "www.fossmint.com",
                "www.thcfarmer.com",
                "www.eventhubs.com",
                "androidforums.com",
                "www.quanthockey.com",
                "bongino.com",
                "www.mixedmartialarts.com",
                "fstoppers.com",
                "www.bleepingcomputer.com",
                "chinesenewyear.net",
                "www.barstoolsports.com",
                "hannity.com",
                "camelcamelcamel.com",
                "reason.com",
                "www.crimeonline.com",
                "www.celebdirtylaundry.com",
                "wakeup-world.com",
                "www.goalcast.com"
            ]
        },
        {
            "rule": "mantisadnetwork\\.com\\/mantodea\\.min\\.js",
            "cookies": 0,
            "fingerprinting": 1,
            "subdomains": [
                "assets"
            ],
            "apis": {
                "Date.prototype.getTimezoneOffset": 2,
                "Date.prototype.getTime": 2,
                "window.localStorage": 2
            },
            "sites": 3,
            "prevalence": 0.000306,