{
    "domain": "mantisadnetwork.com",
    "owner": {},
    "source": [
        "DuckDuckGo-CA"
    ],
    "prevalence": 0.00289,
    "sites": 28,
    "subdomains": [
        "mantodea",
        "ecs"
    ],
    "cnames": [],
    "fingerprinting": 1,
    "resources": [
        {
            "rule": "mantisadnetwork\\.com\\/prebid\\/display",
            "cookies": 0.00217,
            "fingerprinting": 0,
            "subdomains": [
                "mantodea"
            ],
            "apis": {},
            "sites": 25,
            "prevalence": 0.00258,
            "cnames": [],
            "responseHashes": [
                "c67f299392b2aa5feba5c0bb2cbb5f66f61913f580ad66ea790767ce606a1fd8",
                "ec0f686a6ae60f2c2f1411e95773cacf157731e7e16d08a5c7ce53ecffa3c682",
                "2c9ed8650dd37787b0f2e2220ab7f846c83f188de371f73922af5e6aa3799a89",
                "e4e73c2a7880c95199a4ed7b0b016855f9684fea9a0231dcc5aeca5a676a8635",
                "6c2cf564346e66ca17294641ce545171e51e1b59dbded5b693f67cbe4e79c6b1",
                "800388f28492ce048bf8b597067b80e0b87bc8c00b2d84296764895e006875c1",
                "48ad47852445fca7fe28ecb915537e4b87b2d7d63ae353ea701812b26ac45433",
                "b886d195bfc0319fc561b00afd3b11f187c7058089aa1b5c454e2fd55858844f",
                "45424c822656645c34216bf4c63dc626922dd7e67e704aefc40c532fe7285e86",
                "4430473c14d62eae30fc67ee749c2be58aef2e53661219672f1866c5834866fd",
                "b4e583e854ad853b01261aa3da27284ef03d314a953927de0a05639dc6b49131",
                "a4bca2ccd64ae0044e12e4040396116a40d0464718cef57b4588f84ae5ebd041",
                "87dfa4d753bbe834736f33749a9edb38b3299f7205a03b4c205e2bb191cd7ff0",
                "5352720a5ffb778e42dbb1d4b81c975c02018dd660e1fe9c430cbf13dba78762",
                "242b14ce843c4bebb08ce65e19228fdbc62329f98e9bdc4c0671f3088f27632e",
                "f3f18cf9c1bd23ff9abb0049c627cd69295a40cc9abc700f7aa5de17a009b07e",
                "38f490d1bf636801108dc2891c576acb3bbb962c38eba17e4d8bd293a1e63e05",
                "36ca378b9ab61067d2525e06a17df3b89500084a5dc6d5af50b1deecb3335ee6",
                "36c49b7b2332185a7e9f6c3668f80d22e4224272afbcd146a4e535e367e5969b",
                "1dc322bbce07de570ba556a03fc721207bd460a2bf1d85f26208fbe62a2da748",
                "1f8afd8a6c90f7919f58fa909320013216af18c2d10a4da263c951eacdf3dee5"
            ],
            "type": "XHR",
            "exampleSites": [
                "tabs.ultimate-guitar.com",
                "www.thecourierdaily.com",
                "www.ultimate-guitar.com",
                "www.celebdirtylaundry.com",
                "wakeup-world.com",
                "camelcamelcamel.com",
                "www.eventhubs.com",
                "www.androidauthority.com",
                "theblacksphere.net",
                "androidforums.com",
                "www.mixedmartialarts.com",
                "chinesenewyear.net",
                "www.bleepingcomputer.com",
                "fstoppers.com",
                "www.thewrap.com",
                "www.slant.co",
                "www.barstoolsports.com",
                "bongino.com",
                "www.quanthockey.com",
                "www.songfacts.com"
            ]
        },
        {
            "rule": "mantisadnetwork\\.com\\/sync\\/pixel\\/query",
            "cookies": 0.000103,
            "fingerprinting": 0,
            "subdomains": [
                "ecs"
            ],
            "apis": {},
            "sites": 6,
            "prevalence": 0.00062,
            "cnames": [],
            "responseHashes": [
                "6adc3d4c1056996e4e8b765a62604c78b1f867cceb3b15d0b9bedb7c4857f992"
            ],
            "type": "Image",
            "exampleSites": [
                "camelcamelcamel.com",
                "chinesenewyear.net",
                "forum.grasscity.com",
                "hannity.com",
                "www.goalcast.com",
                "www.ultimate-guitar.com"
            ]
        },
        {
            "rule": "mantisadnetwork\\.com\\/website\\/ads",
            "cookies": 0.000207,
            "fingerprinting": 0,
            "subdomains": [
                "ecs"
            ],
            "apis": {},
            "sites": 3,
            "prevalence": 0.00031,
            "cnames": [],
            "responseHashes": [],
            "type": "Script",
            "exampleSites": [
                "grasscity.com",
                "www.allbud.com",
                "www.thcfarmer.com"
            ]
        }
    ],
    "categories": [],
    "performance": {
        "time": 1,
        "size": 1,
        "cpu": 1,
        "cache": 1
    },
    "cookies": 0.00248,
    "types": {
        "XHR": 25,
        "Image": 6,
        "Script": 3
    },
    "nameservers": [
        "brad.ns.cloudflare.com",
        "pat.ns.cloudflare.com"
    ]
}