{
    "domain": "mantisadnetwork.com",
    "owner": {},
    "source": [
        "DuckDuckGo-CA"
    ],
    "prevalence": 0.00319,
    "sites": 31,
    "subdomains": [
        "mantodea",
        "ecs",
        "resizer",
        "assets"
    ],
    "cnames": [],
    "fingerprinting": 1,
    "resources": [
        {
            "rule": "mantisadnetwork\\.com\\/prebid\\/display",
            "cookies": 0.00247,
            "fingerprinting": 0,
            "subdomains": [
                "mantodea"
            ],
            "apis": {},
            "sites": 27,
            "prevalence": 0.00278,
            "cnames": [],
            "responseHashes": [
                "96b5a9bf09e8b8d6819ba43e90a946e0df13a4b90cdf45e76bcc8d4e5e21cad8",
                "45191f94e0fc5b2886dba68f04582591a5e69796c7e538338be3297c533449cc",
                "bab477696ee43cdbcd31d3761a36d437d3fc86ec8148b243fe6d60bafb5f3cfe",
                "ca7fe10f087a7bb6ac6801b2d1f0291c2ca7b07631e4a35a4c938aaccdc2e621",
                "6f425a2f5e731beb14cdc215e4f879441fff5ee3b96c5216d6a3546b84cd21f8",
                "09e7f1d8a5267cce77ef62d2ea876903f8376c992b48db5c7f1aca623cdbe632",
                "c5b9d71978eeba8260e74d3126056389eff3abec01eb52279ee2e8c1b9e043fe",
                "78d09e165cefd1619b967be7ba623142989359e942acbf7544dcc03376c51659",
                "f3b42ecb5f9a85f1111596d2ee191a0d27b5f94cde6b166cb3e60d22b1ba174c",
                "8491009bb67ea9996de3a4ae78be01d56e611973ba05f7fae13c6900116cbf64",
                "875d1cbeaee6d8c0db1f5327a1fd236542bdcc78e7f635aa6d109e055fa9f9fe",
                "c26e6fa1f9759510237ae3e69f78a285b0f91a0f74b493d806a873c0a5d2b763",
                "6c16a3b8748070d97d52b3a5c98cd7dac3cc870924122c051789356694989c5c",
                "680927f289e63b32cc45dc1b6d9ebe36bd03e1a79d95112606768def323ed48a",
                "34d5f94d982c36f881677a648dc867d18a43592e32fa728c36b4ed94853bd614",
                "5352720a5ffb778e42dbb1d4b81c975c02018dd660e1fe9c430cbf13dba78762",
                "793cd38d31a53eaf41e5002251d1e940edd194f8095db2e26fe787de54b34b4c",
                "1b7013bc37cd6084165f43a75d712e3302f65de92d3f618ccaf686f4d13cc3a9",
                "1e1b788219e44f74de5ac9afe6b638fb5ffb10575e3213ccf9c9f859a6ea381b",
                "2693e7ae206686e0661924eca8a260eb738fbddee22bf3e6e55bdc541662c378",
                "cb5b2f85249ac43fad0ca5d431fa7777f6acbd771907a6a10a12ed5628220f0e",
                "1f285125304fbfaf64fedb7ecb3cc8d5c30615f24bb1f56291c3ce480cdf96e7",
                "66315906a2f7bd206c04c926472ef8a7747ff55d2f0b8f1c1487f0203663f0b8",
                "a16812506b3fd2ae2c45b13867e7e6464fa91054c86e103fc4d935b4eca7d0be"
            ],
            "type": "XHR",
            "exampleSites": [
                "androidforums.com",
                "tabs.ultimate-guitar.com",
                "www.celebdirtylaundry.com",
                "www.androidauthority.com",
                "www.prosportsdaily.com",
                "bongino.com",
                "humanbenchmark.com",
                "www.ultimate-guitar.com",
                "uproxx.com",
                "www.thewrap.com",
                "ca.camelcamelcamel.com",
                "www.crimeonline.com",
                "www.mixedmartialarts.com",
                "nextshark.com",
                "theblacksphere.net",
                "www.songfacts.com",
                "www.pajiba.com",
                "camelcamelcamel.com",
                "reason.com",
                "hannity.com"
            ]
        },
        {
            "rule": "mantisadnetwork\\.com\\/website\\/ads",
            "cookies": 0.000309,
            "fingerprinting": 0,
            "subdomains": [
                "ecs"
            ],
            "apis": {},
            "sites": 3,
            "prevalence": 0.000309,
            "cnames": [],
            "responseHashes": [
                "483158dfdd8ce544df023fcbd91427d2ca5185020785c73b9fec4dbb34904cbf"
            ],
            "type": "Script",
            "exampleSites": [
                "grasscity.com",
                "www.allbud.com",
                "www.thcfarmer.com"
            ]
        },
        {
            "rule": "mantisadnetwork\\.com\\/track\\/visible",
            "cookies": 0.000103,
            "fingerprinting": 0,
            "subdomains": [
                "ecs"
            ],
            "apis": {},
            "sites": 2,
            "prevalence": 0.000206,
            "cnames": [],
            "responseHashes": [
                "6adc3d4c1056996e4e8b765a62604c78b1f867cceb3b15d0b9bedb7c4857f992"
            ],
            "type": "Image",
            "exampleSites": [
                "grasscity.com",
                "www.allbud.com"
            ]
        },
        {
            "rule": "mantisadnetwork\\.com\\/mantis-ad-network\\/image\\/fetch\\/f_jpg,q_90\\/https:\\/\\/images\\.mantisadnetwork\\.com\\/0edc3fed4be6b81cb373cc49e602df9e\\.jpg",
            "cookies": 0.000103,
            "fingerprinting": 0,
            "subdomains": [
                "resizer"
            ],
            "apis": {},
            "sites": 2,
            "prevalence": 0.000206,
            "cnames": [],
            "responseHashes": [
                "5e7837a46b16f35f8ed5f193139c98a1642543834e6a920d143e3341ffcf764a"
            ],
            "type": "Image",
            "exampleSites": [
                "allbud.com",
                "www.allbud.com"
            ]
        },
        {
            "rule": "mantisadnetwork\\.com\\/mantis-ad-network\\/image\\/fetch\\/f_jpg,q_90\\/https:\\/\\/images\\.mantisadnetwork\\.com\\/e79efbc60337075b899b5c4ab552b4ad\\.jpg",
            "cookies": 0.000103,
            "fingerprinting": 0,
            "subdomains": [
                "resizer"
            ],
            "apis": {},
            "sites": 2,
            "prevalence": 0.000206,
            "cnames": [],
            "responseHashes": [
                "de893baaf05d959a055c20ee16d89fb76971bbb4001d688955550b81b69f5ac9"
            ],
            "type": "Image",
            "exampleSites": [
                "allbud.com",
                "www.allbud.com"
            ]
        },
        {
            "rule": "mantisadnetwork\\.com\\/mantodea\\.min\\.js",
            "cookies": 0,
            "fingerprinting": 1,
            "subdomains": [
                "assets"
            ],
            "apis": {
                "Date.prototype.getTimezoneOffset": 1,
                "Date.prototype.getTime": 1,
                "window.localStorage": 1
            },
            "sites": 2,
            "prevalence": 0.000206,
            "cnames": [],
            "responseHashes": [
                "dc7b766c7bcbb4ac3f1af5fb67357b603da17606bfccdc36136c7ec3f129edb6"
            ],
            "type": "Script",
            "exampleSites": [
                "thcfarmer.com",
                "www.wikileaf.com"
            ]
        }
    ],
    "categories": [],
    "performance": {
        "time": 1,
        "size": 1,
        "cpu": 1,
        "cache": 1
    },
    "cookies": 0.00288,
    "types": {
        "XHR": 27,
        "Script": 5,
        "Image": 6
    }
}