{
    "domain": "medtargetsystem.com",
    "owner": {},
    "source": [
        "DuckDuckGo-CA"
    ],
    "prevalence": 0.000803,
    "sites": 8,
    "subdomains": [
        "www"
    ],
    "cnames": [],
    "fingerprinting": 3,
    "resources": [
        {
            "rule": "medtargetsystem\\.com\\/javascript\\/beacon\\.js",
            "cookies": 0.000904,
            "fingerprinting": 1,
            "subdomains": [
                "www"
            ],
            "apis": {
                "window.localStorage": 9,
                "Navigator.prototype.userAgent": 9,
                "Navigator.prototype.product": 9,
                "window.sessionStorage": 9,
                "Document.cookie getter": 8,
                "Date.prototype.getTime": 8,
                "window.name": 9,
                "Document.cookie setter": 9
            },
            "sites": 9,
            "prevalence": 0.000904,
            "cnames": [],
            "responseHashes": [
                "5e62c22c2e21924b4a136ba3724a399d300ceb166f818015f149cb0928db0a7c",
                "971e780fc90a919f07f7d25d526ba2058ca211c4f7a80f8f99402b7bc69933ae",
                "d4d899d46fee42efe235b3fae64ea0e56a8f73374fc562b24e3ce32ffc3d15e3"
            ],
            "type": "Script",
            "firstPartyCookies": {
                "_sess": {
                    "ttl": 1804,
                    "length": 86,
                    "prevalence": 0.0007028112449799197,
                    "uniqueness": 1
                },
                "dmd-vid": {
                    "ttl": 1804,
                    "length": 36,
                    "prevalence": 0.0007028112449799197,
                    "uniqueness": 1
                },
                "dmd-sid": {
                    "ttl": 1804,
                    "length": 36,
                    "prevalence": 0.0007028112449799197,
                    "uniqueness": 1
                },
                "dmd-ahk": {
                    "ttl": 1802,
                    "length": 10,
                    "prevalence": 0.0009036144578313253,
                    "uniqueness": 0.1111111111111111
                },
                "dmd-signal-160-2655-D7D48E5B-334a9c4f-b03e-4a80-8cc3-aacf3d0aa399": {
                    "ttl": 1802,
                    "length": 3,
                    "prevalence": 0.00010040160642570282,
                    "uniqueness": 1
                },
                "dmd-signal-126-610-A5ECBB04-334a9c4f-b03e-4a80-8cc3-aacf3d0aa399": {
                    "ttl": 1802,
                    "length": 3,
                    "prevalence": 0.00010040160642570282,
                    "uniqueness": 1
                },
                "dmd-signal-118-503-EA8A36BD-7b6395d1-e651-4615-a8a8-0f971ee63a86": {
                    "ttl": 1802,
                    "length": 3,
                    "prevalence": 0.00010040160642570282,
                    "uniqueness": 1
                },
                "dmd-signal-44-266-4994C961-d68881c9-71f2-40e2-a61f-b045c9e11a98": {
                    "ttl": 1806,
                    "length": 3,
                    "prevalence": 0.00010040160642570282,
                    "uniqueness": 1
                },
                "dmd-signal-102-456-06EED9C9-36361f49-d819-451d-97e7-42eb9e19167b": {
                    "ttl": 1800,
                    "length": 3,
                    "prevalence": 0.00010040160642570282,
                    "uniqueness": 1
                },
                "dmd-signal-104-477-DCF729D3-98e3c311-27e7-40ea-85ca-fee0bccddceb": {
                    "ttl": 1802,
                    "length": 3,
                    "prevalence": 0.00010040160642570282,
                    "uniqueness": 1
                },
                "dmd-signal-92-415-68E6CFFE-fe5faedb-2559-4f21-9594-96704f1fc018": {
                    "ttl": 1808,
                    "length": 3,
                    "prevalence": 0.00010040160642570282,
                    "uniqueness": 1
                },
                "dmd-signal-105-478-061A5F57-d5359bd2-0582-41ca-b90a-0a91f3a2de0a": {
                    "ttl": 1804,
                    "length": 3,
                    "prevalence": 0.00010040160642570282,
                    "uniqueness": 1
                },
                "dmd-signal-92-416-E000ADFC-f0cb4047-270b-4010-bbed-39f157d55a1c": {
                    "ttl": 1811,
                    "length": 3,
                    "prevalence": 0.00010040160642570282,
                    "uniqueness": 1
                }
            },
            "firstPartyCookiesSent": {},
            "exampleSites": [
                "sagepub.com",
                "journals.sagepub.com",
                "radiopaedia.org",
                "www.healio.com",
                "www.healthgrades.com",
                "www.hopkinsmedicine.org",
                "www.kevinmd.com",
                "www.mayoclinic.org",
                "www.medpagetoday.com"
            ]
        },
        {
            "rule": "medtargetsystem\\.com\\/beacon\\/portal\\/",
            "cookies": 0.000904,
            "fingerprinting": 0,
            "subdomains": [
                "www"
            ],
            "apis": {},
            "sites": 9,
            "prevalence": 0.000904,
            "cnames": [],
            "responseHashes": [
                "b071d8ae470dfdd6bdb0946b3b06ba488bd50de1c45951f8195332a5b899116c",
                "1d0a065bc28034d7c4b6c205449126382ae1f43eae0514d423858091978c3373",
                "416af8d9b415675d5519206b2626d71665274f4ff511ccab8cfc15c26f98cd12"
            ],
            "type": "Document",
            "firstPartyCookies": {},
            "firstPartyCookiesSent": {
                "dmd-vid": 0.0008032128514056225,
                "dmd-sid": 0.0008032128514056225
            },
            "exampleSites": [
                "sagepub.com",
                "journals.sagepub.com",
                "radiopaedia.org",
                "www.healio.com",
                "www.healthgrades.com",
                "www.hopkinsmedicine.org",
                "www.kevinmd.com",
                "www.mayoclinic.org",
                "www.medpagetoday.com"
            ]
        },
        {
            "rule": "medtargetsystem\\.com\\/analytics\\/collect\\.gif",
            "cookies": 0.000904,
            "fingerprinting": 0,
            "subdomains": [
                "www"
            ],
            "apis": {},
            "sites": 9,
            "prevalence": 0.000904,
            "cnames": [],
            "responseHashes": [
                "e3b0c44298fc1c149afbf4c8996fb92427ae41e4649b934ca495991b7852b855"
            ],
            "type": "Image",
            "firstPartyCookies": {},
            "firstPartyCookiesSent": {
                "dmd-vid": 0.0008032128514056225,
                "dmd-sid": 0.0008032128514056225
            },
            "exampleSites": [
                "sagepub.com",
                "journals.sagepub.com",
                "radiopaedia.org",
                "www.healio.com",
                "www.healthgrades.com",
                "www.hopkinsmedicine.org",
                "www.kevinmd.com",
                "www.mayoclinic.org",
                "www.medpagetoday.com"
            ]
        },
        {
            "rule": "medtargetsystem\\.com\\/javascript\\/portal\\.js",
            "cookies": 0,
            "fingerprinting": 1,
            "subdomains": [
                "www"
            ],
            "apis": {
                "Navigator.prototype.product": 7,
                "Navigator.prototype.userAgent": 7,
                "Document.cookie getter": 3
            },
            "sites": 9,
            "prevalence": 0.000904,
            "cnames": [],