{
    "domain": "riverpush.com",
    "owner": {},
    "source": [
        "DuckDuckGo-CA"
    ],
    "prevalence": 0.00207,
    "sites": 20,
    "subdomains": [
        "cdn-2",
        "cdn-3"
    ],
    "cnames": [],
    "fingerprinting": 0,
    "resources": [
        {
            "rule": "riverpush\\.com\\/feed\\/",
            "cookies": 0.00165,
            "fingerprinting": 0,
            "subdomains": [],
            "apis": {},
            "sites": 20,
            "prevalence": 0.00207,
            "cnames": [],
            "responseHashes": [
                "1216931b64993c9325a7ae35524ad170f371457dcebbed02016076c12bb0a61d",
                "415d857c16350eab7d63760dbe43c8e96ba9a0f9284c24259936391f7c0ec8cd",
                "11d6f3acf5eea3eb21ded50e1b24331b559a05b0e431ebfd1be487ba0398fa2b",
                "29cbcb8e974264b5072a9044f166ff1c5551d1a0df30356186553802dfbebfb2",
                "b70d3b3f01b9633950434b4b7bd12e6738cffeab25b7bac422d565e7ad619c9a",
                "b320347d93568b7f3a6fb02a234d83338b02f47830cee285d18f46f37a52deec",
                "93ec0d15e63afba11375b99288a2bad6df8f0601c95903571630657f3c122df1",
                "fbe63b224d21616e83dc66504a693fd544df227259865231b5209f9d845266e6",
                "75da0ff40c9335a7f6e42dd60dec32bd4fbac3b8e37b2a0ee5edaf80dfe9be8f",
                "3b8c6aba9c76fddf81cebc5b50f83c2f32f28da45b42f4e7ece066b033374dad"
            ],
            "type": "XHR",
            "exampleSites": [
                "pornzoovideos.com",
                "www.bestialitysextaboo.net",
                "www.bestialitysextaboo.com",
                "www.japmoms.com",
                "www.myzoowife.com",
                "www.zooskoolvideos.com",
                "xnxx-zoo.com",
                "xxxsexzoo.com",
                "xxxvideoszoo.com",
                "xnxxbest.pro",
                "xnxxcomvideos.com",
                "xnxx.news",
                "xnxx.bike",
                "xnxx-films.com",
                "zoo-xnxx.com",
                "zoo-tube8.com",
                "zoo-xvideos.com",
                "zooxhamster.com",
                "zooredtube.com",
                "zooyouporn.com"
            ]
        },
        {
            "rule": "riverpush\\.com\\/pgo\\/3-8234\\/BGyyB2CCVxYAQ0EAAAAAjbggBT_yUCgCKiAAAAEAAAAAAAAAAA",
            "cookies": 0.000207,
            "fingerprinting": 0,
            "subdomains": [
                "cdn-2"
            ],
            "apis": {},
            "sites": 2,
            "prevalence": 0.000207,
            "cnames": [],
            "responseHashes": [
                "3b31e730d5ca05adc74151ace542715b43191f03df692baf9230ab02daaabcc5"
            ],
            "type": "Document",
            "exampleSites": [
                "bestialitysextaboo.com",
                "www.bestialitysextaboo.com"
            ]
        },
        {
            "rule": "riverpush\\.com\\/pgo\\/4-8234\\/BGyyB2CCVxYAQ0EAAAAAjbggBT_yUCgCKiAAAAEAAAAAAAAAAA",
            "cookies": 0.000207,
            "fingerprinting": 0,
            "subdomains": [
                "cdn-2"
            ],
            "apis": {},
            "sites": 2,
            "prevalence": 0.000207,
            "cnames": [],
            "responseHashes": [],
            "type": "Image",
            "exampleSites": [
                "bestialitysextaboo.com",
                "www.bestialitysextaboo.com"
            ]
        },
        {
            "rule": "riverpush\\.com\\/pgo\\/4-8137\\/BF6_B2A4FhYAQ0EAAAAAvYWtBT_yUCgCyR8AAAEAAAAAAAAAAA",
            "cookies": 0.000207,
            "fingerprinting": 0,
            "subdomains": [
                "cdn-2"
            ],
            "apis": {},
            "sites": 2,
            "prevalence": 0.000207,
            "cnames": [],
            "responseHashes": [],
            "type": "Image",
            "exampleSites": [
                "japmoms.com",
                "www.japmoms.com"
            ]
        },
        {
            "rule": "riverpush\\.com\\/pgo\\/4-7417\\/BI_LB2CYdREAQ0EAAAAAXTQrBT_yUCgD-RwAAAEAAAAAAAAAAA",
            "cookies": 0.000207,
            "fingerprinting": 0,
            "subdomains": [
                "cdn-3"
            ],
            "apis": {},
            "sites": 2,
            "prevalence": 0.000207,
            "cnames": [],
            "responseHashes": [],
            "type": "Image",
            "exampleSites": [
                "myzoowife.com",
                "www.myzoowife.com"
            ]
        }
    ],
    "categories": [],
    "performance": {},
    "cookies": 0.00165,
    "types": {
        "XHR": 20,
        "Document": 2,
        "Image": 6
    },
    "nameservers": [
        "ray.ns.cloudflare.com",
        "dell.ns.cloudflare.com"
    ]
}