{
    "domain": "rlets.com",
    "owner": {
        "name": "Gannett Co., Inc.",
        "displayName": "Gannett"
    },
    "source": [
        "DuckDuckGo-CA"
    ],
    "prevalence": 0.000409,
    "sites": 4,
    "subdomains": [
        "74ecc0f2-fdbb-4e92-bd9f-36c9498c0d50",
        "44cf802e-33ee-42c0-aedc-84117cbc0cbe",
        "3ced4a0c-1532-4dc0-be4c-d7dc04586354",
        "0bac5697-4208-4c97-96bd-2182c1690042"
    ],
    "cnames": [],
    "fingerprinting": 1,
    "resources": [
        {
            "rule": "rlets\\.com\\/static\\/storage\\.html",
            "cookies": 0,
            "fingerprinting": 1,
            "subdomains": [
                "74ecc0f2-fdbb-4e92-bd9f-36c9498c0d50",
                "44cf802e-33ee-42c0-aedc-84117cbc0cbe",
                "3ced4a0c-1532-4dc0-be4c-d7dc04586354",
                "0bac5697-4208-4c97-96bd-2182c1690042"
            ],
            "apis": {
                "window.sessionStorage": 4,
                "window.localStorage": 4,
                "Date.prototype.getTime": 4
            },
            "sites": 4,
            "prevalence": 0.000409,
            "cnames": [],
            "responseHashes": [
                "4f2811181f643abb00bb91566dfb65505a66532a056f7081851b7885ec44e7b1"
            ]
        },
        {
            "rule": "rlets\\.com\\/api\\/v1\\/visits",
            "cookies": 0.000409,
            "fingerprinting": 0,
            "subdomains": [
                "74ecc0f2-fdbb-4e92-bd9f-36c9498c0d50",
                "44cf802e-33ee-42c0-aedc-84117cbc0cbe",
                "3ced4a0c-1532-4dc0-be4c-d7dc04586354",
                "0bac5697-4208-4c97-96bd-2182c1690042"
            ],
            "apis": {},
            "sites": 4,
            "prevalence": 0.000409,
            "cnames": [],
            "responseHashes": [
                "edf0d472c685cd309754f6a1798e8e2c40df686bd3a01cc17c7d030c21736d5e",
                "97dc880d596bcdad061fe444c8b30ac45d0a7623c8a77faf007bb0df4383d931",
                "39463700391b07bf8ebd2540f405d717fb5f82917188680681eb06564af61c14"
            ]
        }
    ],
    "categories": [],
    "performance": {
        "time": 1,
        "size": 1,
        "cpu": 0,
        "cache": 3
    },
    "cookies": 0.000409,
    "types": {
        "Document": 4,
        "XHR": 4
    }
}