{
    "domain": "rongcand.club",
    "owner": {},
    "source": [
        "DuckDuckGo-CA"
    ],
    "prevalence": 0.00392,
    "sites": 39,
    "subdomains": [],
    "cnames": [],
    "fingerprinting": 0,
    "resources": [
        {
            "rule": "rongcand\\.club\\/utx",
            "cookies": 0.00382,
            "fingerprinting": 0,
            "subdomains": [],
            "apis": {},
            "sites": 39,
            "prevalence": 0.00392,
            "cnames": [],
            "responseHashes": [
                "e3b0c44298fc1c149afbf4c8996fb92427ae41e4649b934ca495991b7852b855"
            ],
            "type": "XHR",
            "firstPartyCookies": {},
            "firstPartyCookiesSent": {
                "lotame_domain_check": 0.0002008838891120932
            },
            "exampleSites": [
                "justpicsplease.com",
                "www.heavy-r.com",
                "www.homemoviestube.com",
                "www.fmovies.top",
                "m.fuqer.com",
                "daftsex.com",
                "sss.xxx",
                "123movies4u.io",
                "www.4tube.com",
                "animeporn.xxx",
                "m.4tube.com",
                "rapepornvideo.net",
                "m.smutty.com",
                "hentaisea.com",
                "putlockers.works",
                "www.reference-sexe.com",
                "swingerpornfun.com",
                "www.nonktube.com",
                "biqle.org",
                "pornsearchengine.com"
            ]
        },
        {
            "rule": "rongcand\\.club\\/floater",
            "cookies": 0.00181,
            "fingerprinting": 0,
            "subdomains": [],
            "apis": {},
            "sites": 20,
            "prevalence": 0.00201,
            "cnames": [],
            "responseHashes": [
                "7e0a15d63202932bde884b834b85f27c78938a35f4f2de45ac10129ef793e53c",
                "4ba64bb7f159aeb95e30c9c3a87a2be5896493f02dd3a2e2586100faf46f703f",
                "3427a40855f44713148d9c5b5d66d19dac98ecc2dad95653efba2c994a26d1b9",
                "b23ab9efb90801d13fb94fc83a41c2e753ba6cc8fe7389bea39db85e42408a81",
                "f7152de846fcbb38d82453d8fffde7b54a7557c5b9ad7162cdf84f4221c5b255",
                "7d9de601a5d588f18faf80cc4e97bdd5dccc380cf59bbdb4a8209931b0c0ed2e",
                "eb9431197d95dcb09386d33bf4c7b507f1562746252fe5c4d7cd8afacdca9e9c",
                "d4408b3e6dd3c970cce7a43214ab28487319ef38c9f30d15f048a8f99831a4db",
                "9e334483a11d4463d454f37cd56db4c1906d487836ce7cdba12071e9a34efdb3",
                "e330ca6cc6fae81a9cbbf8d6e0eec0e042c546672df7e54924fdf6848c843874",
                "3bf0ee79c5b02afa047b5bf5be88b730e5530329bc42f57097d67946f95d7eab",
                "400781da00fce553970335f1a424fdb043db5d1448e63eb42a7b3ab450484ac5",
                "1b72ae9f80a56b0a92c46ae6ef5c5c7feaec771b613bac5c9865bb0d0812ceb5",
                "5adae828156db41b5945d11c4a45dc2c5c615872fa5fb80bfc3a4a26e4b22848",
                "644d0a08e2ca9b6c14f1c86700f4bf238e3f2a63599a5b6e853b2521fe99afa6",
                "cd3a114e7e5a4b1e4820b3abe0ebcc8c2d57f431302c350c3f5193a10fdf57a6",
                "6a74498cecdf1b0297623136cb225279f0a8bf57e8f97f3ca5a947a524b06017"
            ],
            "type": "XHR",
            "firstPartyCookies": {},
            "firstPartyCookiesSent": {
                "lotame_domain_check": 0.0001004419445560466
            },
            "exampleSites": [
                "animeporn.xxx",
                "biqle.org",
                "cartoonprn.com",
                "filme-xxx.org",
                "hentaisea.com",
                "homemade.porn",
                "javtivi.com",
                "justpicsplease.com",
                "m.smutty.com",
                "pornsearchengine.com",
                "rapepornvideo.net",
                "swingerpornfun.com",
                "ww.mangakakalot.tv",
                "www.heavy-r.com",
                "www.homemoviestube.com",
                "www.mypornhere.com",
                "www.reference-sexe.com",
                "www.xpee.com",
                "www.xrares.com"
            ]
        }
    ],
    "categories": [],
    "performance": {},
    "cookies": 0.00382,
    "types": {
        "XHR": 59
    },
    "nameservers": [
        "aiden.ns.cloudflare.com",
        "demi.ns.cloudflare.com"
    ]
}