{
    "domain": "tctm.co",
    "owner": {
        "name": "Call Tracking Metrics LLC",
        "displayName": "Call Tracking Metrics"
    },
    "source": [
        "DuckDuckGo-CA"
    ],
    "prevalence": 0.000614,
    "sites": 6,
    "subdomains": [
        "94058",
        "33750",
        "162503",
        "23492",
        "125420",
        "44625"
    ],
    "cnames": [],
    "fingerprinting": 1,
    "resources": [
        {
            "rule": "tctm\\.co\\/t\\.js",
            "cookies": 0.000614,
            "fingerprinting": 1,
            "subdomains": [
                "94058",
                "33750",
                "162503",
                "23492",
                "125420",
                "44625"
            ],
            "apis": {
                "Navigator.prototype.userAgent": 4,
                "window.localStorage": 4,
                "Date.prototype.getTime": 4,
                "Document.cookie getter": 1,
                "Document.cookie setter": 1
            },
            "sites": 6,
            "prevalence": 0.000614,
            "cnames": [],
            "responseHashes": [
                "6a864ad55990f130eaf14c3e1728bb8d337a9c01aede60102064dc1aed044c47",
                "01ba4719c80b6fe911b091a7c05124b64eeece964e09c058ef8f9805daca546b",
                "6434dbdd48b989234ee184a25e4bbc7c077640f03cd79e5f6261e7a83542b639",
                "69148b82db2a87c5af9ad2c2d48d44e41348800f7df5d0a10a6cbbd7bd20f20b"
            ]
        }
    ],
    "categories": [],
    "performance": {
        "time": 1,
        "size": 1,
        "cpu": 1,
        "cache": 3
    },
    "cookies": 0.000614,
    "types": {
        "Script": 6
    }
}