{
    "domain": "wzrkt.com",
    "owner": {
        "name": "Wizrocket Inc",
        "displayName": "Wizrocket"
    },
    "source": [
        "DuckDuckGo-CA"
    ],
    "prevalence": 0.000817,
    "sites": 8,
    "subdomains": [
        "in"
    ],
    "cnames": [],
    "fingerprinting": 0,
    "resources": [
        {
            "rule": "wzrkt\\.com\\/a",
            "cookies": 0,
            "fingerprinting": 0,
            "subdomains": [
                "in"
            ],
            "apis": {},
            "sites": 8,
            "prevalence": 0.000817,
            "cnames": [],
            "responseHashes": [
                "4bfb8e72f63538f55a7706059fb170a9064914c20fff4ccfe2ab5c8bf7f043e7",
                "77817af19ad2e7ddb866758d61ad1c1378441bb9a06ca6cc68e8375461a0fe8e",
                "e0c7a870a623bf4f73ce00ec3e95b4c0bf81587d7636195baaabcf73be7e212e",
                "97566255db66525a5baff5281db3db1707990dda166a608922d01019c0444337",
                "27e3336d63bd0381de3b084c846f821d7418199f96aa6d5d2d2d6af77b684e7a",
                "461e2da32ab72832a3957c249c2672612a4ca3a914bfca2169164edd3cc93bab",
                "89e5d7fbe039759cb56d4f805c80974537b4139355b620da6e6b7985ac751fa0"
            ],
            "type": "Script",
            "firstPartyCookies": {},
            "firstPartyCookiesSent": {},
            "exampleSites": [
                "byjus.com",
                "english.alarabiya.net",
                "indianexpress.com",
                "isha.sadhguru.org",
                "www.espncricinfo.com",
                "www.ganeshaspeaks.com",
                "www.practo.com",
                "www.thehindu.com"
            ]
        }
    ],
    "categories": [],
    "performance": {
        "time": 1,
        "size": 1,
        "cpu": 0,
        "cache": 3
    },
    "cookies": 0,
    "types": {
        "Script": 8
    },
    "nameservers": [
        "ns-1370.awsdns-43.org",
        "ns-1732.awsdns-24.co.uk",
        "ns-468.awsdns-58.com",
        "ns-602.awsdns-11.net"
    ]
}