{
    "domain": "zeotap.com",
    "owner": {
        "name": "Zeotap GmbH",
        "displayName": "Zeotap"
    },
    "source": [
        "DuckDuckGo-CA"
    ],
    "prevalence": 0.0386,
    "sites": 377,
    "subdomains": [
        "spl",
        "mwzeom"
    ],
    "cnames": [],
    "fingerprinting": 0,
    "resources": [
        {
            "rule": "zeotap\\.com\\/z\\.png",
            "cookies": 0.0232,
            "fingerprinting": 0,
            "subdomains": [
                "spl"
            ],
            "apis": {},
            "sites": 228,
            "prevalence": 0.0233,
            "cnames": [],
            "responseHashes": [
                "3eb10792d1f0c7e07e7248273540f1952d9a5a2996f4b5df70ab026cd9f05517"
            ]
        },
        {
            "rule": "zeotap\\.com\\/mw",
            "cookies": 0.0301,
            "fingerprinting": 0,
            "subdomains": [
                "mwzeom"
            ],
            "apis": {},
            "sites": 299,
            "prevalence": 0.0306,
            "cnames": [],
            "responseHashes": [
                "3eb10792d1f0c7e07e7248273540f1952d9a5a2996f4b5df70ab026cd9f05517",
                "e3b0c44298fc1c149afbf4c8996fb92427ae41e4649b934ca495991b7852b855"
            ]
        },
        {
            "rule": "zeotap\\.com\\/",
            "cookies": 0.0122,
            "fingerprinting": 0,
            "subdomains": [
                "spl"
            ],
            "apis": {},
            "sites": 124,
            "prevalence": 0.0127,
            "cnames": [],
            "responseHashes": [
                "e3b0c44298fc1c149afbf4c8996fb92427ae41e4649b934ca495991b7852b855",
                "3eb10792d1f0c7e07e7248273540f1952d9a5a2996f4b5df70ab026cd9f05517"
            ]
        },
        {
            "rule": "zeotap\\.com\\/",
            "cookies": 0.00348,
            "fingerprinting": 0,
            "subdomains": [
                "spl"
            ],
            "apis": {},
            "sites": 34,
            "prevalence": 0.00348,
            "cnames": [],
            "responseHashes": [
                "cb126dff594f9284671361a636e34b33a4c7da1bdb193082c4dc23bead60115a",
                "bd2ef808218db55d471638817045d492edf44f15c576f022fc9272fbfebd214a",
                "098e569b0297209ba5036b11b18601dfe168ebabfdb6c282a1f71b0857ff088f",
                "a3b5164cbda7a4ca26a1b0d3dcff1eb91978a2e06f61cf7e2dc9545663c98510",
                "e9b19e3400bcde802fe26012a8dca37b79f31a7f4b4ee89cf234faaabab936e1",
                "5592ae609568f844b41430a40c7377bef58401bddbf7d1940a104d9e7db71259",
                "d7a6e1495f8c699aaec9d6ffc40796ca2488d236b85225c932dbe37fe5ab9819",
                "a0c276225652a038170204414f0fa45f23ebe90e474e562ab4cd0ce42f957e64",
                "b45f57759d0c2bbd1a2ea33637d8c3c94ccc052795f5918f6614a65aad4fd74f",
                "8bc25fc43827667d983397be4a673553466d1c56d5b157f29a30cf6cb876d9d0",
                "8c22d2b29dcefae0ec879f5212d104b5c8b052954485292186c6a8358084d8cf",
                "0d01a1999f6ae0280065f6452e4b0507b280a2710e9e352038e030047153df3c",
                "c05517f50d948ffb499cfb500a043884079900f39c0d2d090e42c455eb9b1218",
                "99e50b604a2160a37001314c93083b3a502cfb71db8a999251b2e1270e37f3de",
                "8b03316a82d3115d20bed00f6644b4263cfd59e568a2eac12b98e814154cfb1b",
                "23751b4e7c511254bc4de6111a704ffdd35c0f6d88305c1e0034692379066a92",
                "75de859f8ad1577f5673499207aa2ed1921f9dd516d298cbd004302d141e043a",
                "767b15efd9261579623f93cbf7122e1b9ca5b2bd0b02d0ebb509eb7b9f8beb8e",
                "03579a67bf57db4b6677468119e290fbf0f3c5f16c7f114a993ba60e07032e8f",
                "16378190613c2e21c881fcb7792721e69fb15fbc55ec1c542ecbe9f6fbac12a1",
                "75d99519c5e43fb77add9f78a378c1653a2dd6dbdc5805b5a789f2d2b7cfe102",
                "a297404a14a81da2b866ace954c03f352ce3f7011c4821185bec4170560de920",
                "f66127cd5ea737ba15a4cf660fad5ec62d8b30c5b533107983aab46fd272b10a",
                "09f611ed3e2de12cca2a35b2e0c2b78220897eb2dce2b11bf65def97d38bf9f3",
                "bf131638fb6024d1d845909eb1511179b84cc4309b8f0ab693bbb19a53263d63",
                "457141bbcde5734bc98392790dbbb74b91d27ce09818d1b7d3bdb877b8f5795e",
                "bee8ad3528377aedaf101740fa6aae9b042ce4cdebe33c9bd9aa2aace82d03b4",
                "b91d11ebf91a2d54e725e39260c9c0bbcb15f38b6dfdec50c080ec8d79b315a9"
            ]
        }
    ],
    "categories": [],
    "performance": {
        "time": 1,
        "size": 1,
        "cpu": 0,
        "cache": 3
    },
    "cookies": 0.0382,
    "types": {
        "Image": 651,
        "Document": 34
    }
}