{
    "domain": "adalyser.com",
    "owner": {
        "name": "OneSoon Ltd",
        "displayName": "OneSoon"
    },
    "source": [
        "DuckDuckGo-GB"
    ],
    "prevalence": 0.00562,
    "sites": 56,
    "subdomains": [
        "c0",
        "c5",
        "c1",
        "tracking",
        "s1-tracking",
        "c3"
    ],
    "cnames": [],
    "fingerprinting": 1,
    "resources": [
        {
            "rule": "adalyser\\.com\\/adalyser\\.js",
            "cookies": 0.00331,
            "fingerprinting": 1,
            "subdomains": [
                "c0",
                "c5",
                "c1"
            ],
            "apis": {
                "Navigator.prototype.userAgent": 41,
                "Navigator.prototype.language": 41,
                "Date.prototype.getTime": 41,
                "window.localStorage": 41,
                "Document.cookie setter": 33,
                "Document.cookie getter": 33
            },
            "sites": 45,
            "prevalence": 0.00452,
            "cnames": [],
            "responseHashes": [
                "4a9b6603ef41adb1bea50a3b32b75d3cb2b3b836e78bcbdbcb2b71ac41b882a9",
                "c1b356f3f76ac3ce3f19997f63fa181cb9d05cd531eb1ee612ce69a2a57fa56f",
                "250755cc5ede9311a8db013b4c58a45d08c3239af3341c8aa2287cc5e4a9b7b5",
                "8a8beec5e0c5d2e3d4071a8c532dd315c8a22e30fcdf570946a360e19809aace",
                "fd2c07b20d515291e0c7a3dd9f31f1fb211f6e027bfe25559b34e2c10642d4ac"
            ],
            "type": "Script",
            "firstPartyCookies": {
                "__adal_ses": {
                    "ttl": 1812,
                    "length": 1,
                    "prevalence": 0.0033135857013756403,
                    "uniqueness": 0.030303030303030304
                },
                "__adal_id": {
                    "ttl": 63072012,
                    "length": 108,
                    "prevalence": 0.0033135857013756403,
                    "uniqueness": 1
                },
                "__adal_ca": {
                    "ttl": 15552012,
                    "length": 89,
                    "prevalence": 0.0033135857013756403,
                    "uniqueness": 0.06060606060606061
                },
                "__adal_cw": {
                    "ttl": 604811,
                    "length": 13,
                    "prevalence": 0.0033135857013756403,
                    "uniqueness": 1
                },
                "__adal_lp": {
                    "ttl": 2592012,
                    "length": 24,
                    "prevalence": 0.00010041168792047395,
                    "uniqueness": 1
                }
            },
            "firstPartyCookiesSent": {
                "gpv_c11": 0.0003012350637614218
            },
            "exampleSites": [
                "www.samsung.com",
                "postcodefinder.postoffice.co.uk",
                "www.forestholidays.co.uk",
                "www.scottishpower.co.uk",
                "www.wwf.org.uk",
                "www.yopa.co.uk",
                "www.etoro.com",
                "www.bensonsforbeds.co.uk",
                "www.blf.org.uk",
                "www.everest.co.uk",
                "www.kaleidoscope.co.uk",
                "www.landc.co.uk",
                "www.duolingo.com",
                "www.morphyrichards.co.uk",
                "www.sykescottages.co.uk",
                "www.chipsaway.co.uk",
                "smolproducts.com",
                "www.uswitch.com",
                "www.bullionbypost.co.uk",
                "www.selectcarleasing.co.uk"
            ]
        },
        {
            "rule": "adalyser\\.com\\/tracking\\/track\\/v3\\/p",
            "cookies": 0,
            "fingerprinting": 0,
            "subdomains": [
                "c0",
                "c5"
            ],
            "apis": {},
            "sites": 38,
            "prevalence": 0.00382,
            "cnames": [],
            "responseHashes": [
                "a065920df8cc4016d67c3a464be90099c9d28ffe7c9e6ee3a18f257efc58cbd7"
            ],
            "type": "Image",
            "firstPartyCookies": {},
            "firstPartyCookiesSent": {
                "__adal_cw": 0.0029119389496937444,
                "gpv_c11": 0.0003012350637614218,
                "IR_gbd": 0.00010041168792047395
            },
            "exampleSites": [
                "www.samsung.com",
                "www.boohooman.com",
                "www.curvissa.co.uk",
                "www.bullionbypost.co.uk",
                "mydieselclaim.com",
                "www.morphyrichards.co.uk",
                "www.talktalk.co.uk",
                "talktalk.co.uk",
                "www.chipsaway.co.uk",
                "www.checkmyfile.com",
                "www.redcross.org.uk",
                "www.wwf.org.uk",
                "smolproducts.com",
                "www.rac.co.uk",
                "www.selectcarleasing.co.uk",
                "www.parkdeanresorts.co.uk",
                "postcodefinder.postoffice.co.uk",
                "www.scottishpower.co.uk",
                "www.etoro.com",
                "www.landc.co.uk"
            ]
        },
        {
            "rule": "adalyser\\.com\\/tracking\\/track\\/v4\\/p",
            "cookies": 0,
            "fingerprinting": 0,
            "subdomains": [
                "c1"
            ],
            "apis": {},
            "sites": 4,
            "prevalence": 0.000402,
            "cnames": [],
            "responseHashes": [
                "a065920df8cc4016d67c3a464be90099c9d28ffe7c9e6ee3a18f257efc58cbd7"
            ],
            "type": "Image",
            "firstPartyCookies": {},
            "firstPartyCookiesSent": {
                "__adal_cw": 0.0004016467516818958
            },
            "exampleSites": [
                "32red.com",
                "www.forestholidays.co.uk",
                "www.unibet.co.uk",
                "www.uswitch.com"
            ]
        },
        {
            "rule": "adalyser\\.com\\/",
            "cookies": 0,
            "fingerprinting": 0,
            "subdomains": [
                "tracking",
                "s1-tracking",
                "c3",
                "c0",
                "c5"
            ],
            "apis": {},
            "sites": 8,
            "prevalence": 0.000803,
            "cnames": [],
            "responseHashes": [
                "e3b0c44298fc1c149afbf4c8996fb92427ae41e4649b934ca495991b7852b855"
            ],
            "type": "XHR",
            "firstPartyCookies": {},
            "firstPartyCookiesSent": {
                "__adal_first_visit": 0.0005020584396023697,
                "__adal_session_start": 0.0005020584396023697,
                "__adal_last_visit": 0.0005020584396023697,
                "__adal_conversion_window_start": 0.00010041168792047395
            },
            "exampleSites": [
                "boohoo.com",
                "www.bonmarche.co.uk",
                "www.brittany-ferries.co.uk",
                "www.funkypigeon.com",
                "www.just-eat.co.uk",
                "www.movehut.co.uk",
                "www.watchfinder.co.uk",
                "www.watchshop.com"
            ]
        },
        {
            "rule": "adalyser\\.com\\/adalyser-tracking-tag-v2\\.js",
            "cookies": 0.000301,
            "fingerprinting": 1,
            "subdomains": [
                "c3",
                "c5"
            ],
            "apis": {
                "Navigator.prototype.userAgent": 3,
                "Navigator.prototype.language": 3,
                "Date.prototype.getTime": 3,
                "window.localStorage": 3,
                "Document.cookie setter": 3,
                "Document.cookie getter": 3
            },
            "sites": 3,
            "prevalence": 0.000301,
            "cnames": [],