{
    "domain": "baidu.com",
    "owner": {
        "name": "Baidu, Inc.",
        "displayName": "Baidu"
    },
    "source": [
        "DuckDuckGo-GB"
    ],
    "prevalence": 0.00123,
    "sites": 12,
    "subdomains": [
        "hm"
    ],
    "cnames": [],
    "fingerprinting": 2,
    "resources": [
        {
            "rule": "baidu\\.com\\/hm\\.js",
            "cookies": 0.00112,
            "fingerprinting": 2,
            "subdomains": [
                "hm"
            ],
            "apis": {
                "Navigator.prototype.userAgent": 11,
                "Navigator.prototype.cookieEnabled": 11,
                "Navigator.prototype.javaEnabled": 11,
                "Navigator.prototype.language": 11,
                "Screen.prototype.width": 11,
                "Screen.prototype.height": 11,
                "Screen.prototype.colorDepth": 11,
                "Screen.prototype.orientation": 11,
                "Document.cookie getter": 9,
                "window.sessionStorage": 11,
                "window.localStorage": 11,
                "Date.prototype.getTime": 11,
                "Document.cookie setter": 9,
                "Navigator.prototype.plugins": 11,
                "Navigator.prototype.mimeTypes": 11
            },
            "sites": 12,
            "prevalence": 0.00123,
            "cnames": [],
            "responseHashes": [
                "299cfdb16f8db5bce7487c65ec7ba474b6f12806252e26141d549f52979b7e82",
                "5f9e059be87e1857fe3f20acf6cc02f6a133a40edbde77e5b1705ba5665cd1d0",
                "a6a8e143afd17be9fc3fa718baf238283e28da8ebb5332778b9a79cd0cbf2147",
                "242b5c7ef9e491b7e7edfb1c9d05535471ae60f81c07c388ec01831b1f857b6e",
                "a2f396608713d84565a7d777bfa41ae2f7be9d0bdfa485cd81b85354b000cef8",
                "0632c00955372cc8b8d95d5cd49913df4325c35f285657353e104bd4d3cb157e",
                "b56d17404077c04b8fbe73e1ea7a696c844fa34a2b3f621ff5d8266e5d741084",
                "b25a20671355ebf47077ac279075b9d6de18c70e49e110480a541f5fe0b585de",
                "d48f5e7130adc93a1c11b29f987a704f0b5567d2889f43f7ad230157d2745920",
                "74f686b28bb54311307346d8ce03e314212737daa1c65e48232585962d2ca0d8"
            ],
            "type": "Script",
            "exampleSites": [
                "csdn.net",
                "downloadcenter.intel.com",
                "link.springer.com",
                "mangapark.net",
                "www.huawei.com",
                "www.nature.com",
                "www.onsemi.com",
                "www.op.gg",
                "www.qub.ac.uk",
                "www.topuniversities.com",
                "www.victorinox.com",
                "www.zhihu.com"
            ]
        }
    ],
    "categories": [],
    "performance": {
        "time": 1,
        "size": 1,
        "cpu": 2,
        "cache": 3
    },
    "cookies": 0.00112,
    "types": {
        "Script": 12
    }
}