{
    "domain": "consentmanager.net",
    "owner": {},
    "source": [
        "DuckDuckGo-GB"
    ],
    "prevalence": 0.00101,
    "sites": 10,
    "subdomains": [
        "www"
    ],
    "cnames": [],
    "fingerprinting": 1,
    "resources": [
        {
            "rule": "consentmanager\\.net\\/delivery\\/cmp\\.php",
            "cookies": 0.000203,
            "fingerprinting": 1,
            "subdomains": [
                "www"
            ],
            "apis": {
                "Date.prototype.getTime": 6,
                "Document.cookie getter": 4
            },
            "sites": 10,
            "prevalence": 0.00101,
            "cnames": [],
            "responseHashes": [
                "1ed56b5c3dc99327dd83df667389c5cbcec8b77ea7ebf276e9053bfbfb0bac72",
                "fd1f4c69b44f4ce46d27c4bb0ec73922e22666a7a9a38fe66c9d5f661c523ca9",
                "a44dc48bf15664869e3f07970e6b651a55287b1422bb3e5d52fadc8ae3c2e9ae",
                "5fe30eab64fff4e4a9624591d8703861822d98aa5d9e25bed8325e4a11b58fab",
                "68b272d6d4cd90057f3cf77cb5a934224fe506b2e063e5131a7b289f1f25ee1a",
                "b761326ab5cf83c1c5acb4c24c71384a20e4a3983d494adb52d6d4af78ea7d3e",
                "0b6eb627809c8f67aed47aa8849f22244a6a0a841fdaa6abc751d7f6fb874f75",
                "3242ee7faa4fc536eeef2231a6cf7f3d30201f1df2cb78499c597b6fc18a9e61",
                "f3b18e1421e44ec0f4d9b92cefc53ba6d87d520ba7ba95ec6660f9d9905e01bf"
            ]
        }
    ],
    "categories": [],
    "performance": {},
    "cookies": 0.000203,
    "types": {
        "Script": 10
    }
}