{
    "domain": "floors.dev",
    "owner": {},
    "source": [
        "DuckDuckGo-GB"
    ],
    "prevalence": 0.00111,
    "sites": 11,
    "subdomains": [
        "api"
    ],
    "cnames": [],
    "fingerprinting": 0,
    "resources": [
        {
            "rule": "floors\\.dev\\/sgw\\/v1\\/floors",
            "cookies": 0,
            "fingerprinting": 0,
            "subdomains": [
                "api"
            ],
            "apis": {},
            "sites": 11,
            "prevalence": 0.00111,
            "cnames": [],
            "responseHashes": [],
            "type": "Preflight",
            "firstPartyCookies": {},
            "firstPartyCookiesSent": {},
            "exampleSites": [
                "flashbak.com",
                "off.road.cc",
                "road.cc",
                "www.accountingweb.co.uk",
                "www.amateurphotographer.co.uk",
                "www.homeswapper.co.uk",
                "www.readersdigest.co.uk",
                "www.rpgsite.net",
                "www.themiddlesizedgarden.co.uk",
                "www.translate.com",
                "www.ukbusinessforums.co.uk"
            ]
        },
        {
            "rule": "floors\\.dev\\/sgw\\/v1\\/floors",
            "cookies": 0,
            "fingerprinting": 0,
            "subdomains": [
                "api"
            ],
            "apis": {},
            "sites": 11,
            "prevalence": 0.00111,
            "cnames": [],
            "responseHashes": [
                "a7a1b2381a41588289c107aeb6995906854b1d50e5a362d4d81ddd584c9c862d",
                "fea8473c3d5c82e13a5c219241b107d36d5662299012ab13953fc9a589932697",
                "aa433d4c7fbb96040bfa0088f6b37e69f828b1cc6b6074bef88fc794a4889936",
                "1cde372c1306c4935dd7fd322600103e5a4a421195b11bf4603c86fa7aa9e49e",
                "464e889b5a55d7700ca018d329bd68184209b124fd8ba1bc6b5c53ec5d60cd2b",
                "c2d398c7ccec748350a62e618fe3920fa2913cc0a93e6af3c8006fb82ebd7f6f",
                "49f0cbef96de48a4b7a3477311f336b03bb2e84117f1cf86abb27099b17cf203",
                "4302e2356202a0a8d7b03bb440249b38b2e3d12f670f9362f96710785e35b4af",
                "832c80f71c92fe8f2fcd1b80c579e6a0b60f0f230a5fcd853e021fc7ec1d4a0c",
                "fb5843c8a5bedcc84ae035e6a22037676141740071faaac4a87e2b2e3a159df0"
            ],
            "type": "Fetch",
            "firstPartyCookies": {},
            "firstPartyCookiesSent": {},
            "exampleSites": [
                "flashbak.com",
                "off.road.cc",
                "road.cc",
                "www.accountingweb.co.uk",
                "www.amateurphotographer.co.uk",
                "www.homeswapper.co.uk",
                "www.readersdigest.co.uk",
                "www.rpgsite.net",
                "www.themiddlesizedgarden.co.uk",
                "www.translate.com",
                "www.ukbusinessforums.co.uk"
            ]
        }
    ],
    "categories": [],
    "performance": {
        "time": 1,
        "size": 1,
        "cpu": 0,
        "cache": 3
    },
    "cookies": 0,
    "types": {
        "Preflight": 11,
        "Fetch": 11
    },
    "nameservers": [
        "ns-cloud-d1.googledomains.com",
        "ns-cloud-d4.googledomains.com",
        "ns-cloud-d2.googledomains.com",
        "ns-cloud-d3.googledomains.com"
    ]
}