{
    "domain": "geoip-js.com",
    "owner": {},
    "source": [
        "DuckDuckGo-GB"
    ],
    "prevalence": 0.00113,
    "sites": 11,
    "subdomains": [],
    "cnames": [],
    "fingerprinting": 0,
    "resources": [
        {
            "rule": "geoip-js\\.com\\/js\\/apis\\/geoip2\\/v2\\.1\\/geoip2\\.js",
            "cookies": 0.000205,
            "fingerprinting": 0,
            "subdomains": [],
            "apis": {},
            "sites": 2,
            "prevalence": 0.000205,
            "cnames": [],
            "responseHashes": [
                "c3b1cf19770719801574ad3b639f639406c72458057748ae064a229fbcee7c9a"
            ],
            "type": "Script",
            "exampleSites": [
                "epson.com",
                "numerologist.com"
            ]
        },
        {
            "rule": "geoip-js\\.com\\/geoip\\/v2\\.1\\/country\\/me",
            "cookies": 0.000822,
            "fingerprinting": 0,
            "subdomains": [],
            "apis": {},
            "sites": 8,
            "prevalence": 0.000822,
            "cnames": [],
            "responseHashes": [
                "96e96387c1c7bd9339c9d17524f61a8060cddede931f84b2064d52e5be1a82c7",
                "420cb1127cfdefa2bb7e1b9cf7edb91cd515c5136904ff1d4e13495b7437cf2f",
                "e185530d93499dc8a31612f006e827607ef1b27b1b54d06c9f5b3cb09e30d317",
                "be820d52b83c3a50831433c2745f935a05005aabf9db6c2662e4ca176df102df",
                "a8978de4d6447b4e3bffc7bab64ca7bff34a885169a6c5c210601408d0fcdcaf",
                "42110680e61b1c98bce99401d77c2d9d1471d671148353ebdca3e9ad74a07dfa",
                "0c116e1e590798dc5bb314b1f41e07c02c3d78290c2cf52d70f6806420d470fb"
            ],
            "type": "XHR",
            "exampleSites": [
                "epson.com",
                "hbr.org",
                "ledhut.co.uk",
                "numerologist.com",
                "www.bsigroup.com",
                "www.denbypottery.com",
                "www.directferries.co.uk",
                "www.emmabridgewater.co.uk"
            ]
        }
    ],
    "categories": [],
    "performance": {
        "time": 1,
        "size": 1,
        "cpu": 0,
        "cache": 3
    },
    "cookies": 0.00113,
    "types": {
        "Script": 2,
        "XHR": 8
    },
    "nameservers": [
        "josh.ns.cloudflare.com",
        "kim.ns.cloudflare.com"
    ]
}