{
    "domain": "hostigr.com",
    "owner": {},
    "source": [
        "DuckDuckGo-GB"
    ],
    "prevalence": 0.000608,
    "sites": 6,
    "subdomains": [],
    "cnames": [],
    "fingerprinting": 0,
    "resources": [
        {
            "rule": "hostigr\\.com\\/dfbea",
            "cookies": 0.000608,
            "fingerprinting": 0,
            "subdomains": [],
            "apis": {},
            "sites": 6,
            "prevalence": 0.000608,
            "cnames": [],
            "responseHashes": [
                "c839a2faf935bd8dbb9e50f5f83fd94c6ee1435d0deb471478e4d1baa3cf837b",
                "f99ec801c70d8a401680c5f37cba6b6a17752ee7df62b17c02f48314da83f187",
                "00ea4cedc2dd561fe4d1f72935ad0c89bdb0ac51ef927d2b96de73eb8d63968b",
                "488c25cbea3937f48bc4ff7e116c32dd940f2e5b64746452a1b9d6f6ac530d7a",
                "24808301d26047e52a0f887bed22056bbbc3f5ae3b77c8a1dd2cf3781cd16466"
            ]
        }
    ],
    "categories": [],
    "performance": {},
    "cookies": 0.000608,
    "types": {
        "Document": 6
    }
}