{
    "domain": "intergient.com",
    "owner": {
        "name": "Intergi Entertainment",
        "displayName": "Intergi Entertainment"
    },
    "source": [
        "DuckDuckGo-GB"
    ],
    "prevalence": 0.00211,
    "sites": 21,
    "subdomains": [
        "cdn"
    ],
    "cnames": [],
    "fingerprinting": 2,
    "resources": [
        {
            "rule": "intergient\\.com\\/pageos\\/pageos\\.js",
            "cookies": 0.000703,
            "fingerprinting": 2,
            "subdomains": [
                "cdn"
            ],
            "apis": {
                "Navigator.prototype.userAgent": 13,
                "window.localStorage": 13,
                "window.sessionStorage": 13,
                "Navigator.prototype.cookieEnabled": 3,
                "Navigator.prototype.javaEnabled": 3,
                "Screen.prototype.width": 3,
                "Screen.prototype.height": 3,
                "Document.cookie setter": 7,
                "Document.cookie getter": 10,
                "Date.prototype.getTime": 7,
                "Navigator.prototype.connection": 1
            },
            "sites": 14,
            "prevalence": 0.00141,
            "cnames": [],
            "responseHashes": [
                "64e2f45fd16d683995781725d20a2cfc27ff67ccc20183650661c86a602adcf3",
                "85143ee76a616a1231433f4d9522306cb4969f89e9f9e9cf1b1d13a78838fdf2",
                "4bab63e12d28374b3e2317ee117bbfe7ad005759439d90005f4b1e8f48f3041d",
                "3c7f7d69dc720183832b0ccae3d52d8ff5442eb96193dcd340d28f19160502e9",
                "a8da8c727f06344c891ec88939de380a2265cdeb4acd10643b1bdc30b7d46551",
                "9a478b9fbf33798bb8d37f2f96a2964cd0baa171c99f8f3d2e735954d061fef9",
                "738abce7f53e0a5fdbddd29eab5f65afde08aa94e86ca1ca266a15d3bbc44e84",
                "743a57b62ca9ca01d3d22a9e375b4beea2a219371643a8fcc1080d4185498873",
                "e3e12c2d6ba4d53ba47ff95c7cf280de246615524cebd964d98f3700f3085a8f"
            ],
            "type": "Script",
            "firstPartyCookies": {
                "usprivacy": {
                    "ttl": 33696000,
                    "length": 4,
                    "prevalence": 0.0007028818154433176,
                    "uniqueness": 0.14285714285714285
                }
            },
            "firstPartyCookiesSent": {},
            "exampleSites": [
                "bleedingcool.com",
                "brickset.com",
                "brobible.com",
                "gbatemp.net",
                "letterboxd.com",
                "levvvel.com",
                "gamebanana.com",
                "www.albumoftheyear.org",
                "www.appgamer.com",
                "www.familyeducation.com",
                "www.gtplanet.net",
                "www.monstersandcritics.com",
                "www.supercheats.com",
                "www.yekbot.com"
            ]
        },
        {
            "rule": "intergient\\.com\\/pageos\\/1\\.6\\.8\\/videoCard\\.1451368a7b5e945a3252\\.js",
            "cookies": 0,
            "fingerprinting": 1,
            "subdomains": [
                "cdn"
            ],
            "apis": {
                "WebGLRenderingContext.prototype.getExtension": 20,
                "WebGLRenderingContext.prototype.getParameter": 20,
                "window.localStorage": 20
            },
            "sites": 21,
            "prevalence": 0.00211,
            "cnames": [],
            "responseHashes": [
                "411626d5e8eb3616fad95e39e91afe59dcfd424b9492c2c43c76a5199dc69768"
            ],
            "type": "Script",
            "firstPartyCookies": {},
            "firstPartyCookiesSent": {},
            "exampleSites": [
                "brickset.com",
                "www.appgamer.com",
                "www.tasteofcinema.com",
                "gbatemp.net",
                "letterboxd.com",
                "www.yekbot.com",
                "levvvel.com",
                "www.albumoftheyear.org",
                "www.gtplanet.net",
                "www.planetminecraft.com",
                "bleedingcool.com",
                "www.supercheats.com",
                "www.familyeducation.com",
                "brobible.com",
                "www.psu.com",
                "www.monstersandcritics.com",
                "www.sparknotes.com",
                "gamebanana.com",
                "n4g.com",
                "www.coolmathgames.com"
            ]
        },
        {
            "rule": "intergient\\.com\\/pageos\\/1\\.6\\.8\\/batchHandler\\.04bb1e00ea7004ed29f9\\.js",
            "cookies": 0,
            "fingerprinting": 1,
            "subdomains": [
                "cdn"
            ],
            "apis": {
                "window.localStorage": 20
            },
            "sites": 21,
            "prevalence": 0.00211,
            "cnames": [],
            "responseHashes": [
                "8f9956662164470f37e794bff85cf1ba6ba7e363db1f8d770de3b81bb978eddb"
            ],
            "type": "Script",
            "firstPartyCookies": {},
            "firstPartyCookiesSent": {},
            "exampleSites": [
                "www.onmsft.com",
                "letterboxd.com",
                "gbatemp.net",
                "www.familyeducation.com",
                "www.tasteofcinema.com",
                "bleedingcool.com",
                "www.psu.com",
                "gamebanana.com",
                "www.yekbot.com",
                "n4g.com",
                "www.planetminecraft.com",
                "www.albumoftheyear.org",
                "www.sparknotes.com",
                "www.gtplanet.net",
                "brickset.com",
                "levvvel.com",
                "www.supercheats.com",
                "www.appgamer.com",
                "www.coolmathgames.com",
                "www.monstersandcritics.com"
            ]
        },
        {
            "rule": "intergient\\.com\\/pageos\\/1\\.6\\.8\\/vendors~gdpr\\.18a55d374aebd4cf3382\\.js",
            "cookies": 0,
            "fingerprinting": 0,
            "subdomains": [
                "cdn"
            ],
            "apis": {},
            "sites": 20,
            "prevalence": 0.00201,
            "cnames": [],
            "responseHashes": [
                "3b84693ac7e66fe9ac6885072358e93b9a630b829d980ae66e75f9f022619603"
            ],
            "type": "Script",
            "firstPartyCookies": {},
            "firstPartyCookiesSent": {},
            "exampleSites": [
                "bleedingcool.com",
                "brickset.com",
                "brobible.com",
                "gbatemp.net",
                "letterboxd.com",
                "levvvel.com",
                "gamebanana.com",
                "n4g.com",
                "www.albumoftheyear.org",
                "www.appgamer.com",
                "www.coolmathgames.com",
                "www.gtplanet.net",
                "www.monstersandcritics.com",
                "www.onmsft.com",
                "www.planetminecraft.com",
                "www.psu.com",
                "www.sparknotes.com",
                "www.supercheats.com",
                "www.tasteofcinema.com",
                "www.yekbot.com"
            ]
        },
        {
            "rule": "intergient\\.com\\/pageos\\/1\\.6\\.8\\/gdpr\\.44c036b8435a72722413\\.js",
            "cookies": 0,
            "fingerprinting": 1,
            "subdomains": [
                "cdn"
            ],
            "apis": {
                "window.localStorage": 11
            },
            "sites": 20,
            "prevalence": 0.00201,
            "cnames": [],
            "responseHashes": [
                "07e2fac0fee9a696daf5eed8ba6300a90fb1084d6e03e3029e9dd2ee7948304c"
            ],
            "type": "Script",
            "firstPartyCookies": {},
            "firstPartyCookiesSent": {},