{
    "domain": "leadintel.io",
    "owner": {},
    "source": [
        "DuckDuckGo-GB"
    ],
    "prevalence": 0.00131,
    "sites": 13,
    "subdomains": [],
    "cnames": [],
    "fingerprinting": 1,
    "resources": [
        {
            "rule": "leadintel\\.io\\/login-check",
            "cookies": 0,
            "fingerprinting": 1,
            "subdomains": [],
            "apis": {
                "Document.cookie getter": 2
            },
            "sites": 13,
            "prevalence": 0.00131,
            "cnames": [],
            "responseHashes": [
                "d600dd343d523908392205243c52f8cf2b09e75995a58aa265ee8009a7238506",
                "710b379ace0dc08700ba0f35e7f201218a8cb279fb2b24c1ab2bc4655be92130",
                "0a3fcdb673b65ef904cc73b823b0a12fe2d6ff0fb353fa98625a097bb93b0fd2",
                "f8d88a03e752c8894153123f99c82c23d61d2bd4248e12a8b9011b5ff7057082",
                "6050860e23f678b12cafdb6d965cf465828197fbc095e4b114aa375aa7bf202c",
                "2beb9f379e472ae38eaa6ff3715d1e8bedd9dcf00e7cf40f88c88e03cf38c022",
                "0fc36d880d79e05c8a1b4e6c5f1c1d398180450d3069357be6904b751b68b1c2",
                "f0a81026cce579dd5a249ac446a7e560e9e8a9cac6fc763f313f77301fa8f939",
                "49d6d08d20e20237ddff83d0ba0b3634a956828e5f3c23858b0fe34a41df388f",
                "ebb686ad9977399bdf97c61abe68e49de43399478d8e1b869016c347d25f7527"
            ],
            "type": "Script",
            "firstPartyCookies": {},
            "firstPartyCookiesSent": {
                "cookies.js_dtest": 0.0008032935033637916,
                "parsely_uuid": 0.0008032935033637916
            },
            "exampleSites": [
                "horseandhound.co.uk",
                "forums.ybw.com",
                "www.countrylife.co.uk",
                "www.decanter.com",
                "www.golfmonthly.com",
                "www.goodto.com",
                "www.horseandhound.co.uk",
                "www.idealhome.co.uk",
                "www.marieclaire.co.uk",
                "www.mbr.co.uk",
                "www.pbo.co.uk",
                "www.shootinguk.co.uk",
                "www.whatsontv.co.uk"
            ]
        },
        {
            "rule": "leadintel\\.io\\/track",
            "cookies": 0.00131,
            "fingerprinting": 0,
            "subdomains": [],
            "apis": {},
            "sites": 13,
            "prevalence": 0.00131,
            "cnames": [],
            "responseHashes": [
                "cd45b744247af3d3694c2ccf84f89bf84a263e555af19c78b21dd8d62dd53efc",
                "a310f83e449c963f0e88a94b866dd766e2f77689b0e07fddd79c98f202be06b3",
                "d75b6f917515b2010a0f1387afd8ff12a1786a1016d8e3fe4dd0794f8738b55d",
                "fd5f4da740383d048dbd78083f6902fe7756386ca1db624f6bc0be6f1c41fc6a",
                "514750838c24d7f6bfc981f8bae93350ff3ba6345ee5a1b954253edc0f63a50e",
                "d5998f3ccb6b03c69369d0adeb7efc5e700b5cb92186ec2585d965f6e80142d4",
                "ea2741cf78f1d75bf78aeae103347726f8cbfe8630bfc0e87c6fcb73303ce7a5",
                "6ab8d92b52449bb82e012bb521d875f4099d9c3e96126c925b7c5fdaf045858f",
                "dc7d8ba82a9be7fdb88bc20387d70e16931bea186ccacd58895ce9fa65d11432",
                "1f4fbc50f238cea094b8fae7074c7e3ddec3743e089741ecf7ebb1c4f0bc4683",
                "03e2d678689a6f1effd905723205a8a8e28a918f62dcad8227dff7c9c5a08e06",
                "1828c5015089cf78c80f33a5b81f8c06a1b1d530a4d13ab636fb881b668253bd"
            ],
            "type": "Script",
            "firstPartyCookies": {},
            "firstPartyCookiesSent": {
                "cookies.js_dtest": 0.0008032935033637916,
                "parsely_uuid": 0.0008032935033637916,
                "get_top_level_domain_cookie": 0.0002008233758409479,
                "_cats": 0.0002008233758409479
            },
            "exampleSites": [
                "horseandhound.co.uk",
                "forums.ybw.com",
                "www.countrylife.co.uk",
                "www.decanter.com",
                "www.golfmonthly.com",
                "www.goodto.com",
                "www.horseandhound.co.uk",
                "www.idealhome.co.uk",
                "www.marieclaire.co.uk",
                "www.mbr.co.uk",
                "www.pbo.co.uk",
                "www.shootinguk.co.uk",
                "www.whatsontv.co.uk"
            ]
        }
    ],
    "categories": [],
    "performance": {
        "time": 0,
        "size": 0,
        "cpu": 0,
        "cache": 0
    },
    "cookies": 0.00131,
    "types": {
        "Script": 26
    },
    "nameservers": [
        "ns-31.awsdns-03.com",
        "ns-887.awsdns-46.net",
        "ns-1508.awsdns-60.org",
        "ns-1841.awsdns-38.co.uk"
    ]
}