{
    "domain": "lngtd.com",
    "owner": {},
    "source": [
        "DuckDuckGo-GB"
    ],
    "prevalence": 0.00101,
    "sites": 10,
    "subdomains": [
        "conf"
    ],
    "cnames": [],
    "fingerprinting": 1,
    "resources": [
        {
            "rule": "lngtd\\.com\\/lngtd-config",
            "cookies": 0,
            "fingerprinting": 0,
            "subdomains": [
                "conf"
            ],
            "apis": {},
            "sites": 10,
            "prevalence": 0.00101,
            "cnames": [],
            "responseHashes": [
                "028d8e22e1264829788c4b9ad1828140affc1a7d7cdd1fa29f644425b31e8988",
                "8ef90c9f8e0d7178b2b9d4e7d7bcd8653cf32df8f31ec47002b1e271dc227b2a",
                "9ea862b7aa8beeccb212d63643a3a8a937fad5d00831a081eaeac2e19b147384",
                "6f98c51c0b96c895ad849842ae0bdf65383315fd307cda27175a35b868eae3af",
                "b3fe4e4c7352409f0d832ccee95fc7b627f0618fa144a9032295d7840cdcfb2a",
                "cb7f1f65f45091e85ca484dfa9d71211255c2e331bce2027352b31c29866f197",
                "56d90fe24e800fd3a5bb7f4949625d679c2ed2ef9ef34cd30952347f28d5fdb9",
                "1db21b24250df67cfb4e09d19cdbfdac68687f1c962b8868df4b83c27cf919cd",
                "79b52eb41c297a26b595b72f1645ff2b9df380c8f716981284cd4290eab96fbf"
            ],
            "type": "XHR",
            "firstPartyCookies": {},
            "firstPartyCookiesSent": {},
            "exampleSites": [
                "westeros.org",
                "en.uesp.net",
                "files.minecraftforge.net",
                "foreignpolicy.com",
                "forums.civfanatics.com",
                "socialblade.com",
                "www.discogs.com",
                "www.goal.com",
                "www.gradesaver.com",
                "www.speedrun.com"
            ]
        },
        {
            "rule": "lngtd\\.com\\/prebid\\/prebid4\\.15\\.0\\.min\\.js",
            "cookies": 0,
            "fingerprinting": 1,
            "subdomains": [],
            "apis": {
                "Navigator.prototype.userAgent": 2,
                "Navigator.prototype.cookieEnabled": 2,
                "window.sessionStorage": 2,
                "Navigator.prototype.appName": 2,
                "window.localStorage": 2,
                "Document.cookie getter": 2
            },
            "sites": 2,
            "prevalence": 0.000201,
            "cnames": [],
            "responseHashes": [
                "8da6053eee78660a327f8d4a27a5d58f78dbb251c6b2f8830fcaeb64cdd597cf"
            ],
            "type": "Script",
            "firstPartyCookies": {},
            "firstPartyCookiesSent": {},
            "exampleSites": [
                "discogs.com",
                "www.goal.com"
            ]
        }
    ],
    "categories": [],
    "performance": {
        "time": 0,
        "size": 0,
        "cpu": 0,
        "cache": 3
    },
    "cookies": 0.000603,
    "types": {
        "XHR": 10,
        "Script": 2
    },
    "nameservers": [
        "ns-304.awsdns-38.com",
        "ns-758.awsdns-30.net",
        "ns-1407.awsdns-47.org",
        "ns-1916.awsdns-47.co.uk"
    ]
}