{
    "domain": "meredithcorp.io",
    "owner": {},
    "source": [
        "DuckDuckGo-GB"
    ],
    "prevalence": 0.00141,
    "sites": 14,
    "subdomains": [
        "imagesvc",
        "analytics.video"
    ],
    "cnames": [],
    "fingerprinting": 0,
    "resources": [
        {
            "rule": "meredithcorp\\.io\\/v3\\/mm\\/image",
            "cookies": 0,
            "fingerprinting": 0,
            "subdomains": [
                "imagesvc"
            ],
            "apis": {},
            "sites": 14,
            "prevalence": 0.00141,
            "cnames": [],
            "responseHashes": [
                "3edcdf4c41384eb5a78783f707a6b02a2588bfb4bcfdab0d1e2d7625655c8c00",
                "a2a4d84c340efcd92c1d22156fc010c681af1685c7bd7880da0d188d22dc97af",
                "81dea672559d58600ffe10f4ee5b580d915c2db4c110e626db3b07759cad960f",
                "256a6553c76229d0ad3ecb110c44accca6199e67fab4a400231bd3841123aa31",
                "24029ceb75d177f5c8a5fb5859fecc091548b37abd6849f4d1083670482aaad5",
                "d756fc753b9a06be69dbc70c3f401053db81de443c56896338e131b9834c7112",
                "fe4b3845d149dc29e352c4d2dcd41b587cf71ef70292ab9bac8669f0bc3112bc",
                "3d7cb3fc67b71f933b90f8445823fee9e8a68fe9f29ca08bd4a5fe08f35b637d",
                "d47508b1cb895d88b68873f29fea1651c433e9d37668e7f2a53cfe79af854ab4",
                "f652031e405f83e73f858cff3f056b736f518e3c87b25bf1c92f026082a375f2",
                "0e707f1a4ee5518756123ef49fdd2c563c62ab16082e5b23fcf91222a58106d8",
                "4dfffd41f9f8248abd1fe04be1c590ce063cc9eda1f68b200c1b2e91be8e5682",
                "e591522479b167c2c979df530e7edcce028345f1bbd8a182f8721be0602f6951"
            ],
            "type": "Image",
            "firstPartyCookies": {},
            "firstPartyCookiesSent": {},
            "exampleSites": [
                "ew.com",
                "hellogiggles.com",
                "people.com",
                "www.allrecipes.com",
                "www.bhg.com",
                "www.foodandwine.com",
                "www.health.com",
                "www.instyle.com",
                "www.marthastewart.com",
                "www.parents.com",
                "www.realsimple.com",
                "www.shape.com",
                "www.southernliving.com",
                "www.travelandleisure.com"
            ]
        },
        {
            "rule": "meredithcorp\\.io\\/v3\\/jumpstartpure\\/image",
            "cookies": 0,
            "fingerprinting": 0,
            "subdomains": [
                "imagesvc"
            ],
            "apis": {},
            "sites": 2,
            "prevalence": 0.000202,
            "cnames": [],
            "responseHashes": [
                "66e90ffcc12bc4c9357f321af6d40ec544399b6e16634ca2a12de40e661963d8"
            ],
            "type": "Image",
            "firstPartyCookies": {},
            "firstPartyCookiesSent": {},
            "exampleSites": [
                "ew.com",
                "people.com"
            ]
        },
        {
            "rule": "meredithcorp\\.io\\/count_videoError",
            "cookies": 0.000101,
            "fingerprinting": 0,
            "subdomains": [
                "analytics.video"
            ],
            "apis": {},
            "sites": 2,
            "prevalence": 0.000202,
            "cnames": [],
            "responseHashes": [],
            "type": "XHR",
            "firstPartyCookies": {},
            "firstPartyCookiesSent": {},
            "exampleSites": [
                "ew.com",
                "people.com"
            ]
        }
    ],
    "categories": [],
    "performance": {
        "time": 0,
        "size": 0,
        "cpu": 0,
        "cache": 1
    },
    "cookies": 0.000202,
    "types": {
        "Image": 16,
        "XHR": 2
    },
    "nameservers": [
        "ns-1420.awsdns-49.org",
        "ns-1840.awsdns-38.co.uk",
        "ns-61.awsdns-07.com",
        "ns-912.awsdns-50.net"
    ]
}