{
    "domain": "prmutv.co",
    "owner": {},
    "source": [
        "DuckDuckGo-GB"
    ],
    "prevalence": 0.00853,
    "sites": 85,
    "subdomains": [
        "5814efa5-d41d-4a89-b176-1cc26fae87cd",
        "0cf17917-395b-4f25-91cc-db3bdd6044b0",
        "a49795fb-5053-49b1-8c42-32306718829e",
        "e43c8a90-d17b-4790-bfda-81b069b3b8c2",
        "0272ac85-5199-4024-a555-397c3d825d95",
        "e1c3fd73-dd41-4abd-b80b-4278d52bf7aa",
        "3aba5292-ba75-422b-8715-bd21146f7836",
        "5642074a-7820-46d3-a3d9-f26f3cc6e800",
        "3b5c18b9-96b7-48e4-a3ef-011eb84a970d",
        "d2fb08da-1c03-4c8a-978f-ad8a96b4c31f",
        "02469357-27fd-49a7-9dbc-f0d94ae65faa",
        "15f2ad6b-419e-4fad-afad-a5597d0617ca",
        "f30d1d15-2d0a-4c02-84f4-705f135e03f7",
        "f5b3be27-f789-4ef1-8867-37c67da5b361",
        "99db7a95-b06a-4ea9-857c-f73ba0a25c19",
        "2a28082a-de31-45fd-a00c-548117e422f7",
        "b611f626-25c2-4182-ad7f-50a0ba61117b",
        "b2b1c7dc-8c2f-47f0-aa08-aa84ac0e9602",
        "d82f7a30-751a-4689-b7e9-19336a89ab46",
        "6da7b56a-3097-4a8c-baaa-4a543536193b",
        "e82dc6a7-79a5-49b7-b1ed-a89a37f2fe8b",
        "51f7b159-295e-4eeb-821b-565af794f8a6",
        "f62e1eca-bd18-4eab-8865-b7574cd54ff3",
        "3d2fb0bd-52fc-4b75-aaf5-2d436c172540",
        "09be22d8-6df7-4c6d-ab33-8a27eca648f4",
        "6b6b990e-d9d8-4116-a028-76da837d7607",
        "67cbf6c5-d926-407b-a684-a0606570ff08"
    ],
    "cnames": [],
    "fingerprinting": 0,
    "resources": [
        {
            "rule": "prmutv\\.co\\/v2\\.0\\/pxid",
            "cookies": 0.00763,
            "fingerprinting": 0,
            "subdomains": [
                "5814efa5-d41d-4a89-b176-1cc26fae87cd",
                "0cf17917-395b-4f25-91cc-db3bdd6044b0",
                "a49795fb-5053-49b1-8c42-32306718829e",
                "e43c8a90-d17b-4790-bfda-81b069b3b8c2",
                "0272ac85-5199-4024-a555-397c3d825d95",
                "e1c3fd73-dd41-4abd-b80b-4278d52bf7aa",
                "3aba5292-ba75-422b-8715-bd21146f7836",
                "5642074a-7820-46d3-a3d9-f26f3cc6e800",
                "3b5c18b9-96b7-48e4-a3ef-011eb84a970d",
                "d2fb08da-1c03-4c8a-978f-ad8a96b4c31f",
                "02469357-27fd-49a7-9dbc-f0d94ae65faa",
                "15f2ad6b-419e-4fad-afad-a5597d0617ca",
                "f30d1d15-2d0a-4c02-84f4-705f135e03f7",
                "f5b3be27-f789-4ef1-8867-37c67da5b361",
                "99db7a95-b06a-4ea9-857c-f73ba0a25c19",
                "2a28082a-de31-45fd-a00c-548117e422f7",
                "b611f626-25c2-4182-ad7f-50a0ba61117b",
                "b2b1c7dc-8c2f-47f0-aa08-aa84ac0e9602",
                "d82f7a30-751a-4689-b7e9-19336a89ab46",
                "6da7b56a-3097-4a8c-baaa-4a543536193b",
                "e82dc6a7-79a5-49b7-b1ed-a89a37f2fe8b",
                "51f7b159-295e-4eeb-821b-565af794f8a6",
                "f62e1eca-bd18-4eab-8865-b7574cd54ff3",
                "3d2fb0bd-52fc-4b75-aaf5-2d436c172540",
                "09be22d8-6df7-4c6d-ab33-8a27eca648f4",
                "6b6b990e-d9d8-4116-a028-76da837d7607",
                "67cbf6c5-d926-407b-a684-a0606570ff08"
            ],
            "apis": {},
            "sites": 85,
            "prevalence": 0.00853,
            "cnames": [],
            "responseHashes": [
                "ab08cc6b40708ce26cd23efbce21eef6c363354f48d61e23330983dd36623cae",
                "b690dc7bb2aaa5e271e4de9e186d31f540314c903aa534bb1ed8fa508a114477",
                "481d77f5d1a9c24f102bb6af246ecbff595011e0d73e70b652c39d702565d47d",
                "7944769fe60f774c456893816b34ff6556466f1006d98b3a735407e8836eead2",
                "a7bc84d3bfc81fc9758efa1eb41b9e98a0abc30fdaf0e7b81d53a8d097d1ae62",
                "a02952fa0e88ef07aa39dc893ea93e678eeb8bdc4226856f134ffecb82b0825c",
                "6000c7da6d48a158c7d2474e67322195a8874f8ddfdfbaacdde4100f8353b39a",
                "fc323cfcb06768196cbe57617163d9e838479ca14ebe58b79253f73b048bf2a3",
                "a46fb7b4eaeb99c1d0f35a1d32a7f695d3896685f8cc5e0823d71f4332d9a68f",
                "f2d4c939de6973b64cbcbc5eab847aec429640a6ea86348afd9185cf5d57482e",
                "4a32fa26d6459457efdbe6a63907584c763f18a155fcbab84373229341d9cec3",
                "7abd151bb96f2658910a8cd723a338f23652001bca4272bdff8de9dfc11eaffb",
                "2f9311040ca01defddcfb7e1fde16d61cede9482a59166140254e635700a2ad5",
                "7314b98e5fc169bf662f6858f217b5de0758bb41df5bef6777be5416aea62e13",
                "1137feba950a276487f6c5306b78a749dd97913df6d9a436442ca20fb83d197c",
                "0b013b2eaf452f4d0404bc236e92029caea0c0182845da49d6b658bed3d1cc27",
                "36f88065f391d91bf72782baae57b12329f20bcca3ffd53b5ea95ab5eafa496e",
                "d650ce5d1b65a4c85737479754b15783d6f4893069956b7a583679b36d8d126d",
                "89f44ca953de78023d72dbde48def43fc32e1da0cb4e5e55fed8e8941816bcc9",
                "93923e2824a1c5abf94fe2b6a8d5e747993a8ffc4ed5898295392b03d54566c9",
                "c4bfd12564e21163f2b1227469c510b9246aaa2fa8d196eb91a0f613a5217171",
                "b5d7c87b4574bc5af4b269bdb9b18e759500e3952710e85c104feccbf3898ae4",
                "999d927b5c306d73de6ff28f391c2e626144147d6ba0ec00a6f97217ac065d7c",
                "656982506c44f905a1711dfa075a39d271f2e7a76ffc08dbe15603705d165ecc",
                "218cff373382a108a4d754f41947216c5e6b3ea9dee948117a3c9b5969697f24",
                "b8eed54c51955591d6c33b5d9044f04cb7c6d1f23e7d79005b9eb2b641f76718",
                "dd171ccf23892aac040b6ee51174993285ae6ae4d2f9cb926d728353cb701db3",
                "e9e41d661c7a09dd4f3b00a022b85ab12d2b082be0d797f2b1a7ab1424bfacae",
                "be152aeef5c2afcf1e35f815b0e2a5f758352ebb344607f51e9b4ba05983d1c9",
                "f8cfae7b075fc88ee45016676c07aac428fe1787c0d4a81ab7201d095b88d7d0",
                "1c845b8e94216465d348ae355fd65535eb7776304432ab31351c36d8e206059f",
                "cbc2e93943e61deda9ce891f3e588029122b35dbaa26e4fa6ca405ff50b41b67",
                "bf75b85243f71dfa54203bcc17e2d9f3cdb2c4aadd85f20f7ffc7a09856afa1b",
                "c211080427aa8a114becc7fc62b8973548402803bfbdd36ec4cb1efaa8c0c0c6",
                "546da72d5281d72ae07e2f3629b8150545ca6afd95e75f466b849fe8a3cd157a",
                "b22cc1adbd2617296dfc41aab6f086384a4f6917a0969c98ad57f6149e156d1e",
                "4f845fae15b8c2c8ec8bf3e7b5149b74ca3979fab862227d30507ca21be682a0",
                "48dda80367138b36b4a3125f952be002b31c37701f33b32450d567a2bf7246fa",
                "3602df4b2492f206fc7290dadaf894b1319eecba84b1630fd44f4fe9e9d7e045",
                "8f72fc2131edf0c3ecdf2b8deed789cd808eda5ec1400e018f2c29e02e99f49a",
                "5fa7366ead27cd123811124717727af28a261380389e51c57ed4b649571539d2",
                "c516dcc53cb40aec0c7b767821bc083b2e91dbf90ed07252de44bf44b67224ef",
                "aa93757436370d1fadd7bb3b1a2542fd3caf6e87a5e5fdca045e975bce34cc9a",
                "6b15c717c51c00ec58dde5a1a55bd86ab8eee6518294f5174b67d9c63dfe0ecf",
                "62723abc955eebddff1f49bf57192c74420c58bb6fd6519cdb9722cd5e313a94",
                "a99191b40db0060fa0d86dd399579a0b7e90cda49bf2ae9c8eb52fff02b90cf2",
                "a29f8946967434e456291264d2bcd23250245c73c44239be48a2191a2cffda69",
                "b7be31a0636306054a740bb481cd4c2fee10374bc421be3e85c8018333c3cb2b",
                "4788df7ff78e032e6939371d8520a79e9494f94c3de00421bf46cb2a42aa8bbc",
                "0812ac22bf073ee5c627290a85aea7aa6aff23864e004d33d64b5e3e7052be25",
                "ddbdedef28380d05b0ab60a8d947c30adee8dcfc47657357eaa330f137fa4341",
                "cdb339e77a9530378c18e9684c68ceb709f28ff3133e368dc9a4e79449f0a27e",
                "8699348f18278dba21ee1a2b4f1cfd1b8cfbdad2955e97a574a45bcfec40a83a",
                "4ff96419fdb6afda165b1a3cd06c8d1cf723728b1191c49ad1ba9495d2c4349d",
                "ecbb0831cf18524d69e794001d57e78071510265156fb27dd1df01911964ab2d",
