{
    "domain": "promo-bc.com",
    "owner": {
        "name": "BongaCams",
        "displayName": "BongaCams"
    },
    "source": [
        "DuckDuckGo-GB"
    ],
    "prevalence": 0.00743,
    "sites": 74,
    "subdomains": [],
    "cnames": [],
    "fingerprinting": 1,
    "resources": [
        {
            "rule": "promo-bc\\.com\\/promo\\.php",
            "cookies": 0,
            "fingerprinting": 1,
            "subdomains": [],
            "apis": {
                "Navigator.prototype.userAgent": 65
            },
            "sites": 74,
            "prevalence": 0.00743,
            "cnames": [],
            "responseHashes": [
                "6535d416533cc239966d490f8588b1a262fe8f70ffbf7ba34f0bc532c02383fa",
                "3ddaeb9c7e716c262a83e265e36782d03aa5125fe1afb59338f2e07c6b5dd0b0",
                "0d0be891586b08303d4d38a1a0bb8becfbf140144b9fbc347b9597139ca1103a",
                "9897716f83badaf63a335da44cd23d3b66588b54438ab84fff4a111932daa765",
                "53ed185699f25ce733a9b5b50df5e6589c2f39b1f10e5b78739afaf74ba02715",
                "baae27da35b99fe4766cae7d9d8faa3b36166dd4320a466484ca5f3adb5570a8",
                "b7e9a84d4899dccf670cd32b5a771aefd141dbf8182fff3c09a9ec663c540400",
                "f91c2a853d6f914017ba3142339a37ffd896d7a85a54832304f673c4dc986bd8",
                "a853910e5c58872bca01b94c80b1c811272dba32bcb6a47ee2f3985652650842",
                "00efbe3b0aa8e63e7d4333d022d4bd134fab71c0af634e84419a8691883e71f3",
                "9ddc82e2b98b7f36b30df254951beb8481c7469d240cb5620607c5ba1e3afba4",
                "2f6623002bb32904ffc7ce0edbcbd12b4ab1b9324e37df64ebd791725a5e6799",
                "abc72166ddd1b9b3b5579392bb483a108e9a0c96bdc92ecfe6a03792aad77b64",
                "21466c876c3d114571c70ae1c94adc2bd9a7ea24d1d57dcb513809242b661dc1",
                "5d5197ccd1a32687c957b1ab993f15c07a3bc8bfa4cc6bd58dbe204f28913aea",
                "81ba1522eed9d2d4c3493f4145b237162e1adbd8d631ba76319fbed48574b300",
                "6b98b7993ec9ff85ae9c58c50cbbd6ae109f38a7458ddfb46dce24740b914ef1",
                "9975300c91e70bc7e0071e42e434dad0001265b61c7ba5ec3d0266499aeecb56",
                "c924d9bb23e64b752c0cfc28fb77a76203560287e80b92efdb0db0bdc390db4e",
                "a1b68b61000df47f47bfab8de30985ed0c6eb6afc7644b9c5c663613387f087a",
                "ff867ac356113df3dd4eced2f53dc336d80200a08102148f1a458afe2136588f",
                "2334198ca1e8da19fe83b1d0b559c69fe59084a2df5df317da2b6c54a904f005",
                "6468ad804ce142f3b9475fda0a3772e5a0e137a29dbd06c405876cbf69ba1fed",
                "73a048e03c056a17292989137e69c08c6fb9b1204d3a74599273e402035a056c",
                "e898f9be8d2a45ea2613a6334cbadca6fbfeb7c1783ed3093added2d6d66d2ab",
                "b2c47b384e533d94021943cf8008af99f1dec198f1f6bcc49e11b8f039da444d",
                "12773ec64ebbe3b931dc73cd9433cc2ead956fa8a87c11f9a40818f3d760c2b7",
                "61fd475ae78b741ab914b434748bb93e3d77bb945b0110870e23bd9381a7e93e",
                "a5dfe7c5c8cefa6c7a9895386e05a5f4b5b1a24661c6ceb85845b02362b1f962",
                "584b4b0d39ece0f8eb047633b502b1eac59c019831a4dadeaa458c3983e9ea59",
                "2ebcde2d3d623ce7874f37588d97923bf636b371ee8ff315bcb9b53bf8fde0f4",
                "3052a17b1cb491faaa66d9958373efdff5854a6866199d213f5381a1d2ea37c6",
                "0b14bc53be3dc95371ef4c32c35a197fbf259ca865962ee5528a0b54c20b0ba3",
                "2725aaf8a863b3c5a94e689d6af2d9ca229019388d0d8023600548f06e8c8000",
                "d82faf2586ff7d29733e97fef05e5883e8a344cd7143df022c4b4f485c7f395e",
                "c91abbb967f8f48ef1f2737e4e11e94ec745c78b626faa15cbea372232c3cda0",
                "c9588ade5ca836189bbb548f9c4654980a81e75c117c84880a637980e2fbfd06",
                "c64226c0619ed8f1211a124bfb2b8d492af306be2109eba8d4bc58ff0a58b386",
                "1e80363c2c8c220919f37b174ee68a795d59ce4f6357f20e2463eea16a88f66a",
                "761e8550b6c9a3e5df638d207eff5d88f1a1c4f10bf9e90db36bd85d78b07c76",
                "8de28eac739d87c5a2efe879b854d8c790c6e2ee15e4f2681628ddbb7d2a5b13",
                "82c725d9fb5c7e19d26b0ac44c5d7689eaeae39f111dde13273155d4cb3c46ad",
                "811e6ca3a9a8b01555f3644c9fa0b4b08c2cd0c91421f0f7f61ae8056079e7cc",
                "eda13229cf6c9efa806d1e48b28a3ec18b31df3409213d0697fe607c1b317e5f",
                "4a0f5b0c0a5bcc980188a8a0625bbc9bc5e97d2b37bad1e43c4f9870f2116a32",
                "90b76e9a800e43fd78cec885954381cf9063807fba73ac5fb525e8dd336d1276",
                "70da63531c1b114c16f00cf347c8cc9c9f7ca0c69266ed5dc8e13485a5dad7d5",
                "843f6b7ae2005f32aa94a12ea5f3de594165cd84471b05fbd9306d0eeeea38c5",
                "8a79584129ce1766e0dd6b10bacb740339acadc4645daae5e2077aa0299bacdb",
                "c640a65df857b6c6fdd9fec840f7a0c84774ed5a8ab97ccb73fc24cfe40be270",
                "eb6549b03b272d3a758cd50b8fe0c3cb685d9ab8ad298c9e667c609abf66ed6d",
                "5c403540e3f6cfae0a68d862b07738034983365a1e3a19aee5f2f8fb7524ce0a",
                "3e4ed83c7d88f55937120c85eaf90c2ddde93d41745c1469cec3089f66f53fb4",
                "b6d7dcb2bd9b162b0ab2d09e3388f9da4c4e515c1c52a908e8234e2816a847e7",
                "5bf6c6c5980a95aac2f2a23d143c08918ca8b229101364f05325b4f3c86a99fe",
                "e86c98108181945f1277d8546058b2932900b9ce6674390e1940e9674e77c97c",
                "1ccd0f9a25fcbd71b5a7f1527e667a1f6fcd3c294284eb9a870eec8fe1cc2328",
                "597e3ee4b24eea1051450ddbf771eda9ab06efd194987d29ac7404e43f8d915a",
                "27e14ee6dd98b214636073b601af6e6fc91812dab6c87421d0d79858476f8328",
                "80d8dbc02ebb78f117ea5da5e9a065b4f17b8e33360b1024d6c2a67372d60da5",
                "b94bb3d63f53cc0dc0a2c48893ae9d2bfca57ae055fb9d9fbcba4b7d82886994",
                "58dce561c854795698d642e4522ddd83f2b1393725b9c84045663b5b7c62b3a5",
                "40f862bb386708290923ba638a46b18d79a5a97fa43f9ae5762a0accf00f45e1",
                "87507f5fd81635a8f87ceb83a1f7feb38e31b71bb2b487ca94744688896f1c1d",
                "d696683ec2f877d7c6ca3c7e80dd3f3543ab7980d8dc0cb493298064dbf2e06c",
                "77de5980e056035e0fa627f206f07cbd22a107318a5650abfa629ec3b5b133fe",
                "605a639f16f7eba1ce077f757ad2bcc48fa4b90113acb4b39f5d428a65aadb06",
                "30c99411f97cc443b1a758b691e7b840ee7d039080c01f615174c50c8563ce00",
                "746e7ffdf8c03d5528f81f342d560185330efea2ffae03a9afee0d2ee3e5f760",
                "62674bb5e659cd6e4fb9a1384bb01c1b87b199a275ccfa190227d086082b595c",
                "bbb63b729394ab7ebfffba27b457a4e450d94c45e8855fa4a01c997aacccb007",
                "723be00ddd78969a9a68323fb1d6c7d45bdfb407ea1617d2d76509fbf9311880"
            ],
            "type": "Document",
            "firstPartyCookies": {},
            "firstPartyCookiesSent": {},
            "exampleSites": [
                "m.mylust.com",
                "www.nudematureladies.com",
                "artserotica.com",
                "www.hdready.xxx",
                "www.iceporncasting.com",
                "pornhub.com.do",
                "m.porn555.com",
                "www.nudecollect.com",
                "xredxx.com",
                "www.pornhits.com",
                "sexualstories.club",
                "www.grannymommy.com",
                "real-movies.net",
                "pornmz.com",
                "justfullporn.org",
                "fullxcinema.com",
                "www.fuqer.com",
                "tubegold.xxx",
                "www.matureladiespics.com",
                "twinkertube.com"
            ]
        }
    ],
    "categories": [
        "Advertising",
        "Embedded Content"
    ],
    "performance": {
        "time": 1,
        "size": 1,
        "cpu": 1,
        "cache": 3
    },
    "cookies": 0,
    "types": {
        "Document": 74
    },
    "nameservers": [
        "ns3.gnsbc.com",
        "ns2.gnsbc.com",
        "ns1.gnsbc.com"
    ]
}