{
    "domain": "res-x.com",
    "owner": {
        "name": "Kibo Software, Inc.",
        "displayName": "Kibo Software"
    },
    "source": [
        "DuckDuckGo-GB"
    ],
    "prevalence": 0.000905,
    "sites": 9,
    "subdomains": [
        "www"
    ],
    "cnames": [],
    "fingerprinting": 0,
    "resources": [
        {
            "rule": "res-x\\.com\\/ws\\/r2\\/resonance\\.aspx",
            "cookies": 0,
            "fingerprinting": 0,
            "subdomains": [
                "www"
            ],
            "apis": {},
            "sites": 2,
            "prevalence": 0.000201,
            "cnames": [],
            "responseHashes": [
                "e3b0c44298fc1c149afbf4c8996fb92427ae41e4649b934ca495991b7852b855"
            ],
            "type": "Fetch",
            "firstPartyCookies": {},
            "firstPartyCookiesSent": {},
            "exampleSites": [
                "adidas.co.uk",
                "www.reebok.co.uk"
            ]
        },
        {
            "rule": "res-x\\.com\\/ws\\/r2\\/Resonance\\.aspx",
            "cookies": 0,
            "fingerprinting": 0,
            "subdomains": [
                "www"
            ],
            "apis": {},
            "sites": 9,
            "prevalence": 0.000905,
            "cnames": [],
            "responseHashes": [
                "6247f73292ec2318c883fcee58bde57b70556e73b95406b88f6c172f7b1d63dd",
                "e3b0c44298fc1c149afbf4c8996fb92427ae41e4649b934ca495991b7852b855",
                "94f350f805175f08aee59d4a42bbd617311d967a60b0401b97477d38579f79e4",
                "fbdc5a801c93790e79adab9b3737fcaca512ff34175021258c1c5370bea05ba1",
                "ef5c0e42d3dc00830537351d36d579e431a80a6f869d3c1adf65f21899f85336",
                "05c367d186f3bd3750179fad4c8bcd6c05ad22995c9b4b748036613d1ea47ad8"
            ],
            "type": "Script",
            "firstPartyCookies": {},
            "firstPartyCookiesSent": {
                "RES_TRACKINGID": 0.0008041009146647904,
                "RES_SESSIONID": 0.0007035883003316916,
                "dy_fs_page": 0.0002010252286661976
            },
            "exampleSites": [
                "adidas.co.uk",
                "www.asics.com",
                "www.bodybuilding.com",
                "www.diy.com",
                "www.gucci.com",
                "www.jdsports.com",
                "www.mountainwarehouse.com",
                "www.reebok.co.uk",
                "www.trade-point.co.uk"
            ]
        }
    ],
    "categories": [],
    "performance": {
        "time": 1,
        "size": 1,
        "cpu": 0,
        "cache": 3
    },
    "cookies": 0,
    "types": {
        "Fetch": 2,
        "Script": 9
    },
    "nameservers": [
        "edns1.ultradns.net",
        "edns1.ultradns.biz",
        "edns1.ultradns.com",
        "edns1.ultradns.org"
    ]
}