{
    "domain": "riverhit.com",
    "owner": {},
    "source": [
        "DuckDuckGo-GB"
    ],
    "prevalence": 0.00151,
    "sites": 15,
    "subdomains": [
        "cdn",
        "t"
    ],
    "cnames": [],
    "fingerprinting": 2,
    "resources": [
        {
            "rule": "riverhit\\.com\\/sdk\\/push_web\\/",
            "cookies": 0.001,
            "fingerprinting": 2,
            "subdomains": [
                "cdn"
            ],
            "apis": {
                "Navigator.prototype.userAgent": 12,
                "Document.cookie getter": 10,
                "Date.prototype.getTime": 12,
                "Document.cookie setter": 10,
                "window.devicePixelRatio": 12,
                "Navigator.prototype.appName": 12,
                "window.localStorage": 6,
                "Navigator.prototype.platform": 6
            },
            "sites": 12,
            "prevalence": 0.0012,
            "cnames": [],
            "responseHashes": [
                "30d27cb27f564092b030bc0bef5f551a071c0adfc014f73173df443711ec5bc6",
                "57fab7bcee908666eda5a3a5b0f2271582cbd76711dea1c5a7bbb77bf1466b2b",
                "1f31cc07f3cef01a619fa20231b2f749452b3edeab7570e547bf6978c51629cc",
                "77772ea2d491dc0d277cdf132433987e3ec0d5c114dbcb4224efb6c9729b7413",
                "d7def98ccd2d338657357e0b6bbad729e750c975de1c40498f48a2ebbcec3b05",
                "ad09e4d34aab24a55521bf06ec44c5e72a4d562fb86d51fd74781f2f14213387",
                "dce6f95d7e86ad5456165696c335209e22ce3d59e9aa7d28c9e5084f82623a3f"
            ],
            "type": "Script",
            "firstPartyCookies": {
                "rvt_inlpush_cnt_5445": {
                    "ttl": 86402,
                    "length": 1,
                    "prevalence": 0.0002007226013649137,
                    "uniqueness": 0.5
                },
                "rvt_inlpush_shown_5445": {
                    "ttl": 86404,
                    "length": 1,
                    "prevalence": 0.0002007226013649137,
                    "uniqueness": 0.5
                },
                "rvt_inlpush_cnt_4156": {
                    "ttl": 86402,
                    "length": 1,
                    "prevalence": 0.0005018065034122842,
                    "uniqueness": 0.2
                },
                "rvt_inlpush_shown_4156": {
                    "ttl": 86403,
                    "length": 1,
                    "prevalence": 0.0005018065034122842,
                    "uniqueness": 0.2
                },
                "rvt_inlpush_cnt_5096": {
                    "ttl": 86403,
                    "length": 1,
                    "prevalence": 0.00010036130068245685,
                    "uniqueness": 1
                },
                "rvt_inlpush_shown_5096": {
                    "ttl": 86405,
                    "length": 1,
                    "prevalence": 0.00010036130068245685,
                    "uniqueness": 1
                },
                "rvt_inlpush_shown_5510": {
                    "ttl": 86403,
                    "length": 1,
                    "prevalence": 0.00010036130068245685,
                    "uniqueness": 1
                },
                "rvt_inlpush_cnt_4687": {
                    "ttl": 86404,
                    "length": 1,
                    "prevalence": 0.00010036130068245685,
                    "uniqueness": 1
                },
                "rvt_inlpush_shown_4687": {
                    "ttl": 86405,
                    "length": 1,
                    "prevalence": 0.00010036130068245685,
                    "uniqueness": 1
                }
            },
            "firstPartyCookiesSent": {},
            "exampleSites": [
                "adultvideotop.com",
                "filmporno.top",
                "indian-sex.me",
                "www.bestialitysextaboo.com",
                "www.bestialitysextaboo.net",
                "www.dirtyxnxx.com",
                "www.xxnx.kim",
                "www.zooskoolvideos.com",
                "xnxxporn.top",
                "xnxxcomvideos.com",
                "xnxxx.space",
                "xxxx.kim"
            ]
        },
        {
            "rule": "riverhit\\.com\\/vast\\/",
            "cookies": 0.000301,
            "fingerprinting": 0,
            "subdomains": [
                "t"
            ],
            "apis": {},
            "sites": 3,
            "prevalence": 0.000301,
            "cnames": [],
            "responseHashes": [
                "d55bac4afff7d96e0e811bba670bd48cb4ca93e581f79f6e50aceeca9d2ba673",
                "1d7ff7c8fb98ec1f8a2bf96c3e7a2b6ee6a2d1c6cf2019c269e6fa86e3774e91"
            ],
            "type": "Fetch",
            "firstPartyCookies": {},
            "firstPartyCookiesSent": {},
            "exampleSites": [
                "hdsex.org",
                "jizzbunker.com",
                "xxxdan.com"
            ]
        },
        {
            "rule": "riverhit\\.com\\/vast\\/",
            "cookies": 0.000301,
            "fingerprinting": 0,
            "subdomains": [
                "t"
            ],
            "apis": {},
            "sites": 3,
            "prevalence": 0.000301,
            "cnames": [],
            "responseHashes": [
                "e3b0c44298fc1c149afbf4c8996fb92427ae41e4649b934ca495991b7852b855"
            ],
            "type": "Image",
            "firstPartyCookies": {},
            "firstPartyCookiesSent": {},
            "exampleSites": [
                "hdsex.org",
                "jizzbunker.com",
                "xxxdan.com"
            ]
        }
    ],
    "categories": [],
    "performance": {
        "time": 1,
        "size": 1,
        "cpu": 0,
        "cache": 3
    },
    "cookies": 0.0013,
    "types": {
        "Script": 12,
        "Fetch": 3,
        "Image": 3
    },
    "nameservers": [
        "ray.ns.cloudflare.com",
        "dell.ns.cloudflare.com"
    ]
}