{
    "domain": "smct.co",
    "owner": {
        "name": "SMARTER CLICK TECHNOLOGY LTD",
        "displayName": "SMARTER CLICK"
    },
    "source": [
        "DuckDuckGo-GB"
    ],
    "prevalence": 0.00503,
    "sites": 49,
    "subdomains": [],
    "cnames": [],
    "fingerprinting": 1,
    "resources": [
        {
            "rule": "smct\\.co\\/tm",
            "cookies": 0.000103,
            "fingerprinting": 1,
            "subdomains": [],
            "apis": {
                "window.sessionStorage": 12,
                "window.localStorage": 2
            },
            "sites": 27,
            "prevalence": 0.00277,
            "cnames": [],
            "responseHashes": [
                "b91ba6f51555bd99f19f284fc06f36313fe47e53e911f43cb6e98ebda61b5e96",
                "0ccc1b98cc45ca16684e7a7feb1af09a101296a58849d9529de80c44445208f5",
                "7331dbaa5cad7de4a95cd330e73d77d1c33637b0610de8f0d51d2776101af013",
                "63903e52d6d6ded811bb3cc0014560ce34f3c8d2a9814edfa40c960f1bea65d2",
                "237298d71bbd0cc6d57a642a7404f5dbe9a14a641522fc30fa6d81d709fc00c9",
                "b0ca77884c717a9c5f5954ab6db0732c5cf83dbe97ac6769f5e157fc060e82dd",
                "72b2d4211c88818e15f7da0d664875432e78dbb040ed197c78a9c9684b05de7c",
                "0ca8eb75bf6f29184f318f555282c2c0e098a9059f1c4ff634390f797eaa2244",
                "d814609625fa327d00136d0d384483fd06de8138dd6062e238c9a4c2be76c478",
                "a48945704560f042c593f2924575178db7d8b0722c3c54bb0dbedbf3ad66efb9",
                "0346a3114a7718e9bb05406c23d7274ea11bd7c68aa57797edba6afb9776f666",
                "a9cb82290b19de088ddb0dcfe04a0889fa7eb624a0bed6d6814000227e9d198b",
                "528dd843f5d6e5919e025a0266a5cb4c9d36fb9627c7f7ac3da35d1bb788f019",
                "f315da1eb83a1a22a41db9c62b954d67faf9551f4500619b82b61e7cdc6d29ac",
                "65e7d78f052bbcf1a980221ecd5ec380f53dd8167416578568a1a3b9a82deb01",
                "5112cf24e03c5343a981feadebb8e007b9f4cc641b08479279abd2ceac69857d",
                "3d5c61b4d46fab161e0cc178242ac875154646908c236e066da166cd550fcb9d",
                "c5af10dfab3941ce8e689fbeaeb836d2b71c9bda4f9e73503af5fb72bc1434d6",
                "ada5847f9f519658f50b45ad0b4a38aa0b74c8dbfb950b982c2959acd8dddbaa",
                "3440575671e9e247d1da0b98055f66da1a8511d2c6b4c7baacc71a67139e3e85",
                "e9325bb39319ceb68445a49b1a261578346593cc3ce7fd6b38ac2eaa7e537260",
                "95b290de705c81d90261f05306cf6409f8a9fbb63c33bd8d91adb88000d0b572",
                "6d886d2c462f8b86f5dcb0da6cdabbebf9e34a1ae0311addc07de7db5eb26b80",
                "4eea811149c37cc245f976e5702bdc00eb8783e8b7421c3c0b7f20e53fe7dac1"
            ],
            "type": "Script",
            "exampleSites": [
                "www.brewdog.com",
                "www.carphonewarehouse.com",
                "www.goldsmiths.co.uk",
                "www.musicmagpie.co.uk",
                "www.japancentre.com",
                "www.national.co.uk",
                "www.hamleys.com",
                "ledhut.co.uk",
                "helpforum.sky.com",
                "shop.ordnancesurvey.co.uk",
                "talktalk.co.uk",
                "www.mountainwarehouse.com",
                "www.scribbler.com",
                "www.admiral.com",
                "www.furniturevillage.co.uk",
                "firebox.com",
                "www.sky.com",
                "www.rhs.org.uk",
                "www.dorothyperkins.com",
                "www.talktalk.co.uk"
            ]
        },
        {
            "rule": "smct\\.co\\/lse1\\.0\\.html",
            "cookies": 0,
            "fingerprinting": 1,
            "subdomains": [],
            "apis": {
                "window.localStorage": 21
            },
            "sites": 26,
            "prevalence": 0.00267,
            "cnames": [],
            "responseHashes": [
                "dce009260c83128b674841cb92b03faf749468dceca09a813fdadd318c4bfbd2"
            ],
            "type": "Document",
            "exampleSites": [
                "talktalk.co.uk",
                "www.sportsshoes.com",
                "www.prettylittlething.com",
                "www.musicmagpie.co.uk",
                "www.ffx.co.uk",
                "www.claires.com",
                "www.furniturevillage.co.uk",
                "www.hamleys.com",
                "savers.co.uk",
                "www.annsummers.com",
                "www.savers.co.uk",
                "www.hotelchocolat.com",
                "www.railcard.co.uk",
                "www.hive.co.uk",
                "www.marieclaire.co.uk",
                "firebox.com",
                "shop.ordnancesurvey.co.uk",
                "www.hughes.co.uk",
                "ledhut.co.uk",
                "www.ratedpeople.com"
            ]
        },
        {
            "rule": "smct\\.co\\/tm\\/",
            "cookies": 0,
            "fingerprinting": 1,
            "subdomains": [],
            "apis": {
                "window.sessionStorage": 15,
                "window.localStorage": 4,
                "Document.cookie getter": 1
            },
            "sites": 22,
            "prevalence": 0.00226,
            "cnames": [],
            "responseHashes": [
                "7bb3c1479a424c21717a9a3361c59864f723ff5ada66e8f8ee155d0edaeb1aee",
                "cfe87beda26fa0633e3bdfe4747e865bf3e5b69cf4fd17f3a64b36acc792f376",
                "91faa99f293c466846ba5a385ff14f5b8f3eed54d541396f6f7aa0063bc283dd",
                "a67ffe578484f79ad1267e3383b19550721feeaa040d47ab6759ab2f0f6c2a3b",
                "a5b7fdc8f00124b523e91c5afb30e558300be381d8376a298d8c0dd165f3a868",
                "da35bf9c0ed2b9f01210173a450ce98cfd36788437dc9f3da34c8d3534bd5f96",
                "22f914f593f0c912c1dd3fb5faa13c582a9a8c139207794236b0ac33e3ab8efb",
                "3561eef658b2bd48a55ff55c2db4106525ee7c322a49f180431fa189478ddd82",
                "a569768320598fb415674419dc2a6c1823ae56325e71912e778fcf6c23a0b953",
                "faaf783de72b27db9f3b6c7e8a3251e4743ab39c7d2108b40d8485ad1d13ad07",
                "7591f6d80753cf1be1a035f39957facc9fed77fff3325442ce7ef8eab1219714",
                "dcfd6705990595facd4c62e0c0c725cca5d7ca9b0720104308ea48d08d5c6721",
                "ee8a6a3d2b3138a270b911c31764d8c4d7c5bde26736ba4ae2b4177793ae0dce",
                "e488839170d7a768b2b1e2a0073545a9406f936600171a551d1997987615c13a",
                "2d7356f4bb422bf50c20bf8c5df209c0f37e7a5e818df932d51a30012294e7e2",
                "b1b2fd12d3e9d235735c16b0b530afc7480bc6e415fa6c48703cf3876acaa21c",
                "308df53fd9d97a19749dbfede29429a62818e394feddc7bc905c4ae5979d6497",
                "fc89c08e01338ef94e20214a1621698cf575d5986e19244cffb2d1466dc01f63",
                "0307dfa479910da9c14f89be80f20a02fecbacd0decfd032298b38afdd8b7ab9"
            ],
            "type": "Script",
            "exampleSites": [
                "www.boohooman.com",
                "www.yoursclothing.co.uk",
                "www.superdrug.com",
                "www.annsummers.com",
                "www.lovehoney.com.au",
                "www.claires.com",
                "savers.co.uk",
                "www.sportsshoes.com",
                "www.justminiatures.co.uk",
                "www.hive.co.uk",
                "www.marieclaire.co.uk",
                "www.annsummers.co.uk",
                "www.coombefarmorganic.co.uk",
                "www.feelunique.com",
                "www.savers.co.uk",
                "www.ffx.co.uk",
                "www.hotelchocolat.com",
                "www.virginwines.co.uk",
                "www.dominos.co.uk",
                "nowtv.com"
            ]
        }
    ],
    "categories": [],
    "performance": {
        "time": 1,
        "size": 1,
        "cpu": 0,
        "cache": 3
    },
    "cookies": 0.000205,
    "types": {
        "Script": 49,
        "Document": 26
    },