{
    "domain": "speedcurve.com",
    "owner": {},
    "source": [
        "DuckDuckGo-GB"
    ],
    "prevalence": 0.00703,
    "sites": 70,
    "subdomains": [
        "cdn",
        "lux"
    ],
    "cnames": [],
    "fingerprinting": 2,
    "resources": [
        {
            "rule": "speedcurve\\.com\\/js\\/lux\\.js",
            "cookies": 0.001,
            "fingerprinting": 2,
            "subdomains": [
                "cdn"
            ],
            "apis": {
                "PerformanceTiming.prototype.navigationStart": 63,
                "Navigator.prototype.connection": 11,
                "Navigator.prototype.deviceMemory": 10,
                "Document.cookie getter": 10,
                "Document.cookie setter": 10
            },
            "sites": 69,
            "prevalence": 0.00693,
            "cnames": [],
            "responseHashes": [
                "f1e206665f2eb3706a97a68f996d52afc57916db3992a17c710ab6af5bd081ef",
                "eccc2ec415a62c04085c3a8ed0bed66d15d87b1c45cce979c679d12380b29910",
                "f6a1b7a12ea0900f6537b74ac24292835d64de3a4f52ab176827b46048a51436",
                "895eb06e051e7576e65da211e00d620cf8886e87f71de56583f8ccc4ffcbe799",
                "c9cb16f1ca69ece9452b6c3845b6f3c9df3f8bb4d0dc5a59001fbf5efb29d46b",
                "21fb81a568da5f8bab78d681b89b57d7817ec2b5327514bcc09c58f025ca7d85",
                "e05b92dcf7ea25b8197df1845c56b8aa0e0c9dc63aa9de5c3c6b1c1965a02654",
                "8e0cf75c2cfcb35edbce8e01875f1690dc3ffbfbb3eff4f3e02f69da5a5d6846",
                "aa2375ce59752b1bc0fb66e61f2f572c31ae42d0e8b835b579868b1d7e986a8d",
                "0f8491a1e914e704cdd81e425ee7627383de8d175a84a6d51c7a228281a6a81c",
                "ce308d68090e645d82ab3a189e6c2ccd621a86e21065a2f73a71b01d27c3977a",
                "fdf15be9538d18a0efb93218f4adb133e8aedd90eb4259cd5d1550ad19b689f5",
                "f55387e77d95fa3c0261ffb45e840f3fd71778dd9a8ee9ed8c9225bd103ca81c",
                "5b756daf2bf1c88009a2ca0a6a1f6f23507af16a63e37f0923fedef7a20d0214",
                "4798c8035be08bfd36e7a50009bc33b8a9c202a09c96e55132094bec1ab52481",
                "8ce539cb845a1de1481bccff267ffedfa8a12f81ffee060c447992409a7bf73f",
                "fde4b976a0935c4ef0359cfaaf2f088702c847b8aade075ee6b7efa0ead13e5a"
            ],
            "type": "Script",
            "firstPartyCookies": {
                "lux_uid": {
                    "ttl": 1800,
                    "length": 18,
                    "prevalence": 0.0010046212577858146,
                    "uniqueness": 1
                }
            },
            "firstPartyCookiesSent": {},
            "exampleSites": [
                "developer.mozilla.org",
                "gizmodo.com",
                "lifehacker.com",
                "www.cosmopolitan.com",
                "www.edmunds.com",
                "www.skyscrapercity.com",
                "www.laithwaites.co.uk",
                "www.theonion.com",
                "www.vauxhallownersnetwork.co.uk",
                "www.notino.co.uk",
                "www.redbull.com",
                "www.speakev.com",
                "www.overclock.net",
                "loaf.com",
                "www.practo.com",
                "www.websitebuilderexpert.com",
                "www.bikeradar.com",
                "www.boden.co.uk",
                "www.dailytelegraph.com.au",
                "www.bodyandsoul.com.au"
            ]
        },
        {
            "rule": "speedcurve\\.com\\/lux\\/",
            "cookies": 0,
            "fingerprinting": 0,
            "subdomains": [
                "lux"
            ],
            "apis": {},
            "sites": 12,
            "prevalence": 0.00121,
            "cnames": [],
            "responseHashes": [
                "81c7145f88fe90de6256265a86e07fc06748f02e504ecdf00323861fb7e91f57"
            ],
            "type": "Script",
            "firstPartyCookies": {},
            "firstPartyCookiesSent": {
                "lux_uid": 0.0003013863773357444
            },
            "exampleSites": [
                "zocdoc.com",
                "developer.mozilla.org",
                "loaf.com",
                "www.bbcgoodfood.com",
                "www.iphonelife.com",
                "www.ironmongerydirect.co.uk",
                "www.laithwaites.co.uk",
                "www.patchplants.com",
                "www.purplebricks.co.uk",
                "www.shopify.com",
                "www.vouchercodes.co.uk",
                "www.websitebuilderexpert.com"
            ]
        }
    ],
    "categories": [],
    "performance": {
        "time": 1,
        "size": 1,
        "cpu": 0,
        "cache": 3
    },
    "cookies": 0.001,
    "types": {
        "Script": 81
    },
    "nameservers": [
        "ns3.dnsimple.com",
        "ns4.dnsimple.com",
        "ns1.dnsimple.com",
        "ns2.dnsimple.com"
    ]
}