{
    "domain": "thebrighttag.com",
    "owner": {
        "name": "TransUnion LLC",
        "displayName": "TransUnion"
    },
    "source": [
        "DuckDuckGo-GB"
    ],
    "prevalence": 0.00264,
    "sites": 26,
    "subdomains": [
        "s"
    ],
    "cnames": [],
    "fingerprinting": 1,
    "resources": [
        {
            "rule": "thebrighttag\\.com\\/tag",
            "cookies": 0.000608,
            "fingerprinting": 1,
            "subdomains": [
                "s"
            ],
            "apis": {
                "Date.prototype.getTime": 2,
                "Date.prototype.getTimezoneOffset": 2,
                "Screen.prototype.width": 2,
                "Screen.prototype.height": 2,
                "Screen.prototype.colorDepth": 2,
                "Navigator.prototype.cookieEnabled": 2,
                "Navigator.prototype.plugins": 2
            },
            "sites": 24,
            "prevalence": 0.00243,
            "cnames": [],
            "responseHashes": [
                "ca4f6c5d0c6625b097c6db364146ad494c2cf34251dabf69b19739dbea534101",
                "1a68e06741a35e3a17ff7fbf1acbd4e223856b08b669fb81fe7cd23d723641f5",
                "e3b0c44298fc1c149afbf4c8996fb92427ae41e4649b934ca495991b7852b855",
                "330f2d356bde7696f0cd855fa7efe5caff6d6d4769e14c068cf9094cd46af775",
                "f423cd73160a230ab9bfa3ad6f36e6faebaad6261818aa27377f05f2194d7c7d",
                "85db9690ab54009f371ae8e9eadabda87e578f0cde9b18f83c32dc9e0869aa9f",
                "b2eccfb47b33affae9524adbce9c28723e93b5d77b4a9eecdcc195af510edb1e",
                "7fe6280df7d32352378cd8e0febbe9b379b6513aea9d24bd637db6271218045e",
                "1e44e9e67165d8a50f5c50a6785ec016de72c24d5873cbd6337abb2b859bc5bf",
                "35f2524ce716a0309f42713f790d5e0cff2e695b9633d513adf67243b61cb49c",
                "18b5354f68c05fed964bc060b4a3c504c441d22547da764fbe09b896fde0a5bc",
                "c0a7043be6fbe936381e7cb78ac37d7412a5a6419f5946321fc6ce843011c8d3",
                "af0e571a02a63ca45c4ff11d3f20c49048d177f4cc2efcd784ecfc06b47029d2",
                "6c7f7db962d5206a48c5e9004b1b36e1af85c5d2c2191aa908654c46da48bb43",
                "dd0b77c1b161c48483c5eb8172573850ea587127e08ec509e08cf33ed8b39435",
                "4db5ce801f4a31c7112d35b35c0e05853b32bc24276d8cbae7494f769e5ffa3d",
                "0d813dc960930cd9b848267f5bfe5f450eecfda2acf36db5b391d67939f5445b",
                "1f8ebe71779c9f6d8c8ebd3df7adcce5c1703bd55b1f21260b19db1c1f29e900"
            ]
        },
        {
            "rule": "thebrighttag\\.com\\/cs",
            "cookies": 0.000608,
            "fingerprinting": 0,
            "subdomains": [
                "s"
            ],
            "apis": {},
            "sites": 6,
            "prevalence": 0.000608,
            "cnames": [],
            "responseHashes": [
                "8337212354871836e6763a41e615916c89bac5b3f1f0adf60ba43c7c806e1015"
            ]
        }
    ],
    "categories": [
        "Ad Motivated Tracking",
        "Advertising",
        "Third-Party Analytics Marketing"
    ],
    "performance": {
        "time": 1,
        "size": 1,
        "cpu": 1,
        "cache": 3
    },
    "cookies": 0.000913,
    "types": {
        "Script": 24,
        "Image": 6
    }
}