{
    "domain": "thebrighttag.com",
    "owner": {
        "name": "TransUnion LLC",
        "displayName": "TransUnion"
    },
    "source": [
        "DuckDuckGo-GB"
    ],
    "prevalence": 0.00181,
    "sites": 18,
    "subdomains": [
        "s"
    ],
    "cnames": [],
    "fingerprinting": 1,
    "resources": [
        {
            "rule": "thebrighttag\\.com\\/tag",
            "cookies": 0.000605,
            "fingerprinting": 1,
            "subdomains": [
                "s"
            ],
            "apis": {
                "Date.prototype.getTime": 3,
                "Date.prototype.getTimezoneOffset": 3,
                "Screen.prototype.width": 3,
                "Screen.prototype.height": 3,
                "Screen.prototype.colorDepth": 3,
                "Navigator.prototype.cookieEnabled": 3,
                "Navigator.prototype.plugins": 3
            },
            "sites": 17,
            "prevalence": 0.00171,
            "cnames": [],
            "responseHashes": [
                "feaecae1843bda5e4715c67b858ed3650a860e77373102cbf3b0ae557368fd97",
                "320976f4d62a4661abe8a70b004a3d2cb29fd9b81621a5c5e2fb9c85e5bcb49b",
                "e3b0c44298fc1c149afbf4c8996fb92427ae41e4649b934ca495991b7852b855",
                "e486d5d4d41c719ac1175a037c7ee9f39a9783b60cf993c7570224d257b3fd91",
                "ebd327fb5f99e5ae95f45c935c6cf44106fe2d3864d70d50b1360f1305d76c35",
                "3a070923eab8e7bd861298dea5fcccd0d9d247b9d5c73a3b75b0a39f6eebf250",
                "0208c767dd135daaa1920aeb694a7e08d2bd12002273eb8fef005a7c618f1f3e",
                "15023148c0e61e0a245a9ad89eae05562c1a80f6d3d3df662d26b5005fa70abf",
                "a558e7bd6e3f8a3f989ec30209d50046039f6f579c33b43b1983dc07fcf396a2"
            ],
            "type": "Script",
            "firstPartyCookies": {},
            "firstPartyCookiesSent": {
                "IR_gbd": 0.00010081661457808247
            },
            "exampleSites": [
                "game.co.uk",
                "groceries.asda.com",
                "itv7.itv.com",
                "m.skybet.com",
                "super6.skysports.com",
                "tuclothing.sainsburys.co.uk",
                "www.asda.co.uk",
                "www.asos.com",
                "www.asda.com",
                "www.game.co.uk",
                "www.hollisterco.com",
                "www.johnlewisfinance.com",
                "www.opentable.co.uk",
                "www.skybet.com",
                "www.skyvegasgames.co.uk",
                "www.sportinglife.com",
                "www.zappos.com"
            ]
        },
        {
            "rule": "thebrighttag\\.com\\/tag",
            "cookies": 0,
            "fingerprinting": 0,
            "subdomains": [
                "s"
            ],
            "apis": {},
            "sites": 2,
            "prevalence": 0.000202,
            "cnames": [],
            "responseHashes": [
                "e3b0c44298fc1c149afbf4c8996fb92427ae41e4649b934ca495991b7852b855"
            ],
            "type": "XHR",
            "firstPartyCookies": {},
            "firstPartyCookiesSent": {},
            "exampleSites": [
                "asda.com",
                "groceries.asda.com"
            ]
        },
        {
            "rule": "thebrighttag\\.com\\/cs",
            "cookies": 0.000706,
            "fingerprinting": 0,
            "subdomains": [
                "s"
            ],
            "apis": {},
            "sites": 7,
            "prevalence": 0.000706,
            "cnames": [],
            "responseHashes": [
                "8337212354871836e6763a41e615916c89bac5b3f1f0adf60ba43c7c806e1015"
            ],
            "type": "Image",
            "firstPartyCookies": {},
            "firstPartyCookiesSent": {},
            "exampleSites": [
                "itv.com",
                "itv7.itv.com",
                "m.skybet.com",
                "super6.skysports.com",
                "www.skybet.com",
                "www.skyvegasgames.co.uk",
                "www.sportinglife.com"
            ]
        }
    ],
    "categories": [
        "Ad Motivated Tracking",
        "Advertising",
        "Third-Party Analytics Marketing"
    ],
    "performance": {
        "time": 1,
        "size": 1,
        "cpu": 1,
        "cache": 3
    },
    "cookies": 0.000807,
    "types": {
        "Script": 17,
        "XHR": 2,
        "Image": 7
    },
    "nameservers": [
        "ns21.constellix.com",
        "ns31.constellix.com",
        "ns41.constellix.net",
        "ns51.constellix.net",
        "ns61.constellix.net",
        "ns11.constellix.com"
    ]
}