{
    "domain": "wisepops.com",
    "owner": {
        "name": "Benjamin Cahen",
        "displayName": "Benjamin Cahen"
    },
    "source": [
        "DuckDuckGo-GB"
    ],
    "prevalence": 0.00271,
    "sites": 27,
    "subdomains": [
        "loader",
        "popup",
        "tracking"
    ],
    "cnames": [],
    "fingerprinting": 1,
    "resources": [
        {
            "rule": "wisepops\\.com\\/get-loader\\.js",
            "cookies": 0.00141,
            "fingerprinting": 1,
            "subdomains": [
                "loader"
            ],
            "apis": {
                "window.localStorage": 16,
                "Document.cookie getter": 13,
                "Date.prototype.getTime": 16,
                "Document.cookie setter": 14,
                "Navigator.prototype.cookieEnabled": 16
            },
            "sites": 28,
            "prevalence": 0.00281,
            "cnames": [],
            "responseHashes": [
                "735277c5ca7f37d4fa3f661c6eb37a362e27fb1c8fb9a244d6f2c9d2114ad172",
                "356900884b2a6e7b5e73e6d654c72276cf8a93cb4f81325db20a6ee6275fee91",
                "ec765665434c5fafbc626bfc82f55688d04920a719059326bcd36ff24096b1b9",
                "e3b0c44298fc1c149afbf4c8996fb92427ae41e4649b934ca495991b7852b855",
                "83c4e79883d6c0ca346da3446ad3e5d070041ddb86c8fcc14ef45b00e88bca8e",
                "9f11e7061c246d0a3f9bc1cefed08186e98fee15c4bbedc56c09c626770197d9",
                "58dc745021d4edce59167d7f57efd5017df88920cf317e1812e1b51c6d5c0193",
                "a0201e0e6782c62669e5cd5c4c810171145978080b657918596038900132c902",
                "0bcff160ee67a05c406c2dffb4ef7ceee7556ec17d512ca8a2e3452ffff0c12c",
                "0509445c3d30436552b324bbec0f105f68e8b215565fa185f81f703533528525",
                "4be6427644bc7c36b103ecc9db3370bd00374f89c0bf62da22a8674275d13d8c",
                "7c0046a3c9a7b7c6d6565026e70c04cd6774d4b6fa292dcf214c9e5be37f1bf3",
                "1f74b5f514744b0e968f337a928a87ceabebf919864f83b5a0efd0848e10cd35",
                "2e65a6119bde26dccdf6040a5e04370848443103f86013aad6dfbb748dbdb46a",
                "623b948914c26f694f553001903069d3c7081af669bcfa2462fa5c24d2e5695b",
                "c6d7274770a74e61869d0a0ac9330a0e6a1570190e8e9927b13efd92a470b87e",
                "d38f4a5dd785eac4d72cff8ec5f86b4ff36a55470ceed631f4103bc806134e07"
            ],
            "type": "Script",
            "firstPartyCookies": {
                "wisepops": {
                    "ttl": 63072019,
                    "length": 173,
                    "prevalence": 0.0014057636308866352,
                    "uniqueness": 1
                },
                "wisepops_session": {
                    "ttl": null,
                    "length": 231,
                    "prevalence": 0.0014057636308866352,
                    "uniqueness": 1
                },
                "wisepops_visits": {
                    "ttl": 63072016,
                    "length": 40,
                    "prevalence": 0.0013053519429661613,
                    "uniqueness": 1
                },
                "wisepops_props": {
                    "ttl": 63072004,
                    "length": 126,
                    "prevalence": 0.00010041168792047395,
                    "uniqueness": 1
                }
            },
            "firstPartyCookiesSent": {},
            "exampleSites": [
                "www.holidaycottages.co.uk",
                "www.jacksons-fencing.co.uk",
                "www.swansea.ac.uk",
                "uk.russellhobbs.com",
                "www.greatbritishchefs.com",
                "bmjopen.bmj.com",
                "www.cargiant.co.uk",
                "www.taxationweb.co.uk",
                "www.thefishsociety.co.uk",
                "www.ashridgetrees.co.uk",
                "www.alibris.co.uk",
                "www.ellis-brigham.com",
                "www.gosh.nhs.uk",
                "www.energymuse.com",
                "www.bolde.com",
                "www.gardeningdirect.co.uk",
                "www.shoesinternational.co.uk",
                "www.scs.co.uk",
                "welovetrump.com",
                "www.bristolairport.co.uk"
            ]
        },
        {
            "rule": "wisepops\\.com\\/my-wisepop",
            "cookies": 0,
            "fingerprinting": 0,
            "subdomains": [
                "popup"
            ],
            "apis": {},
            "sites": 18,
            "prevalence": 0.00181,
            "cnames": [],
            "responseHashes": [
                "38b904a1cf83df048360fb2480571b749fd98d57e11f1afdffb5a74a78166fea",
                "50f97b55bc54f3319fe925a816b85f73281f9777ec1d36456d7804fe7908d891",
                "4423bf61b383a1200e6c1af19cf9dc90cda1e12a024f04b390237de4d2e46430",
                "fff7eb6913dc2133ec52e7b5918f2ec9dbe8b23cf715e7f08965d62ac6b5b083",
                "511928b6f73392698a75c46d49d70baa6f92522c025a38395354ce283e63f66d",
                "82a8878bf3c8e9a65422538b175885794bf43a958a2e23e218553be5542ce92a",
                "23992dbf10c9f8e36e1a56b99c11d3f413236e993f019facc9b391bfc2a0a6c1",
                "fbe100ff8c25a335e9132f05d90185a6e9de0dddbeb79f08d00d3b46043d4d2e",
                "16ccb80ac12280757721dc8d3ddcd9e7d416409be7301b5a565b4a7e1dac308e",
                "2c63f46f98009167b58ff96b9b500fc3472df09adbd6c712d072cac09b7774bf",
                "29186b25fc506a6192138b611f3f73552b78d4589a60be929a193080af03e652",
                "182145143b118e742d360b3c5ba0c67af0bed7b36c869d534947a83cbeb0166b"
            ],
            "type": "XHR",
            "firstPartyCookies": {},
            "firstPartyCookiesSent": {},
            "exampleSites": [
                "bmj.com",
                "bestpractice.bmj.com",
                "bmjopen.bmj.com",
                "haynes.com",
                "www.ashridgetrees.co.uk",
                "www.bristolairport.co.uk",
                "www.cargiant.co.uk",
                "www.clickmechanic.com",
                "www.ellis-brigham.com",
                "www.energymuse.com",
                "www.gosh.nhs.uk",
                "www.greatbritishchefs.com",
                "www.holidaycottages.co.uk",
                "www.jacksons-fencing.co.uk",
                "www.purevpn.com",
                "www.scs.co.uk",
                "www.swansea.ac.uk",
                "www.taxationweb.co.uk"
            ]
        },
        {
            "rule": "wisepops\\.com\\/_\\.gif",
            "cookies": 0,
            "fingerprinting": 0,
            "subdomains": [
                "tracking"
            ],
            "apis": {},
            "sites": 3,
            "prevalence": 0.000301,
            "cnames": [],
            "responseHashes": [
                "ef1955ae757c8b966c83248350331bd3a30f658ced11f387f8ebf05ab3368629"
            ],
            "type": "Other",
            "firstPartyCookies": {},
            "firstPartyCookiesSent": {
                "RefTrackGroup": 0.00010041168792047395
            },
            "exampleSites": [
                "bmj.com",
                "www.bristolairport.co.uk",
                "www.gosh.nhs.uk"
            ]
        }
    ],
    "categories": [],
    "performance": {
        "time": 1,
        "size": 1,
        "cpu": 1,
        "cache": 1
    },
    "cookies": 0.00141,
    "types": {
        "Script": 28,
        "XHR": 18,
        "Other": 3
    },
    "nameservers": [
        "wally.ns.cloudflare.com",
        "marek.ns.cloudflare.com"
    ]
}