{
    "domain": "yfetyg.com",
    "owner": {},
    "source": [
        "DuckDuckGo-GB"
    ],
    "prevalence": 0.00261,
    "sites": 26,
    "subdomains": [],
    "cnames": [],
    "fingerprinting": 0,
    "resources": [
        {
            "rule": "yfetyg\\.com\\/wnload",
            "cookies": 0,
            "fingerprinting": 0,
            "subdomains": [],
            "apis": {},
            "sites": 26,
            "prevalence": 0.00261,
            "cnames": [],
            "responseHashes": [
                "ced5b632f5b425aa7819cf009e7172ffff92f71ca87baf48823da6ce03e9fbb9",
                "24ea6378be3a6d0db23b13282799049746a9e39e5386b959d46eecab42323e26",
                "9241f97f4ddfba945dff2decb85d7e7504c5e8468a188b32a0f824b72170e284",
                "0e8242941c631945a276906f09bd371ccb23b8c49db2b5867c6adc6cd0e34ca2",
                "19a760f8b5c7986003382f233f78bf2d49a1256598986045b7333188673a972c",
                "a8cdc2aa0108edbc2f93e219f37da6773d94d3856e648eab83f3d68ca1bf1bbd",
                "bfb9da2849cdf21d242ad0b33ce4fe6664ba55e612f563eb4184ef404af780b7",
                "a75ae2770bad839f9ae71002acfc3cf1b155ce035c3b81cf99a7bf5a8c3d766f",
                "9f9325a5b4e7ea9a2718c4efd829646e1b172b54f6ced5afc0d01ba5fb4162e4",
                "4fd7ef62077d08d2218f33948ce9838e8896d346042a400f58dcd05f00de7fe0",
                "7356053400908c6a968b9cf9b618ba658c3c5fff27a94b0e5b161ba9bf05c65b",
                "44136fa355b3678a1146ad16f7e8649e94fb4fc21fe77e8310c060f61caaff8a",
                "6578897c0525d88158ff0e1c0483752be54e0136e936cca124cf5213a13c2e25",
                "01db20d961f3b3d3e2c61676d73b0c66cade11407682bc8135bd55305013e46b",
                "c59b65d5215bdf2e512cba36812ebce6ed81fc63f2b3c1dc2f6b0a3f738d7a24",
                "8468bee810e07753ebb789cf07ca58627796288c314239dc37ed38efc5a60a1e",
                "697edb9aeaef5c6fad64160c391b5944c66c8c3b5312f9b5deea06b61b6910e5",
                "95c8fbeedc4a8ac64f6213e20bed55d5068a141356b1ccd5e20f8436a0dd8195",
                "ad0a0f90ecef27e9673b77cbd158aa2f8ca553ff283b0829aa48f3b80a66373e",
                "4a9d3073795b548dd2975ef86b8aa6f2a414cbb18437eeab12231419e4c56e2b",
                "b3f739f9e3edd1e2ff28f514340fbdfadaabd65d571a1dacc0a74c5c68652d2f",
                "3f1b87a192b1b0df8ab2ec0af30277d7e4fdcea23f662fcb9346c380497c9167",
                "ef085afdcb60ed45366b730642e21900e247997111144f15caae2d9a47a9940a",
                "4e23ce005a6cc13e27e4d369ce41ab144909236c9e80e746c3c3bdef12d0f9f4"
            ],
            "type": "Fetch",
            "firstPartyCookies": {},
            "firstPartyCookiesSent": {},
            "exampleSites": [
                "justpicsplease.com",
                "www.homemoviestube.com",
                "chan.sankakucomplex.com",
                "wtfdaddy.com",
                "www.spermyporn.com",
                "www.pornrewind.com",
                "leakemup.com",
                "readfrom.net",
                "www.xpee.com",
                "nudostar.com",
                "megapornx.com",
                "www.zoox18.com",
                "fullxcinema.com",
                "leaknudes.com",
                "www.gradeuptube.com",
                "www.xmegadrive.com",
                "thothub.to",
                "beastiality.tv",
                "slutpad.com",
                "onlyanimalporn.com"
            ]
        },
        {
            "rule": "yfetyg\\.com\\/wnrw",
            "cookies": 0,
            "fingerprinting": 0,
            "subdomains": [],
            "apis": {},
            "sites": 25,
            "prevalence": 0.00251,
            "cnames": [],
            "responseHashes": [],
            "type": "Fetch",
            "firstPartyCookies": {},
            "firstPartyCookiesSent": {},
            "exampleSites": [
                "justpicsplease.com",
                "www.homemoviestube.com",
                "megapornx.com",
                "www.zoox18.com",
                "nudostar.com",
                "leakemup.com",
                "www.spermyporn.com",
                "www.mypornhere.com",
                "www.gradeuptube.com",
                "chan.sankakucomplex.com",
                "readfrom.net",
                "www.pornrewind.com",
                "beastiality.tv",
                "smutr.com",
                "www.xpee.com",
                "wtfdaddy.com",
                "slutpad.com",
                "www.hdready.xxx",
                "www.shittytube.com",
                "www.camarchive.tv"
            ]
        }
    ],
    "categories": [],
    "performance": {},
    "cookies": 0,
    "types": {
        "Fetch": 51
    },
    "nameservers": []
}