{
    "domain": "yieldify.com",
    "owner": {
        "name": "Yieldify",
        "displayName": "Yieldify"
    },
    "source": [
        "DuckDuckGo-GB"
    ],
    "prevalence": 0.00232,
    "sites": 23,
    "subdomains": [
        "app",
        "td",
        "v2.dc",
        "edge",
        "assets",
        "assets-v2"
    ],
    "cnames": [],
    "fingerprinting": 2,
    "resources": [
        {
            "rule": "yieldify\\.com\\/yieldify\\/code\\.js",
            "cookies": 0.00121,
            "fingerprinting": 1,
            "subdomains": [
                "app",
                "td"
            ],
            "apis": {
                "Navigator.prototype.appVersion": 12,
                "Document.cookie getter": 12,
                "Date.prototype.getTime": 12,
                "window.localStorage": 12,
                "window.devicePixelRatio": 12,
                "window.name": 12,
                "Document.cookie setter": 12,
                "Navigator.prototype.userAgent": 1
            },
            "sites": 23,
            "prevalence": 0.00232,
            "cnames": [],
            "responseHashes": [
                "e3b0c44298fc1c149afbf4c8996fb92427ae41e4649b934ca495991b7852b855",
                "6759541aa93dc6da73012babe62801d39df5e394b909cf71f31092a730ddc70b",
                "eb9f95fded186d0cfe0e130f1c41a0c1732e371f354e57e278f662cdd9aab65a",
                "10e013b255d341c992bf4224b4d18dfe3fa937ea4c67894761ddac8120dc38c2",
                "0f102d0db10713b4c9d2668c5bbc128d89900fd7eb119b3abb6a210dca8d352b",
                "c5f8e0e4e7503eb7013d07474d06af625cb1d330a8f19d971fe39a0753ec285c",
                "2b84157333b290208d7e93eaa82e715f652f1ee2987a1dc4938bb1ab1cadf7a5",
                "91ad41a2fd1983344b200c853b8fbd738f93c51f9acb2cf4ef08d064f910a381",
                "93e742a1019c8bbd0f59e5c48ba382e212f1244a36627a6e38741a48600abbdc",
                "672d5eae5ff07d8140c90d68cc6908d1267dc93bf70ef4ea8c7cd148041a58cb",
                "f0083305322278527373e435d0fd4a9a12bbe1cc6aca195c5144904d4f26842d",
                "7bcd1717d6b7511167efa65fed32f87ae563b8573b395c3a2563940fac207210",
                "2d7cd7d28c7d96a3492acaaf77f69dcb72877d7884a0e628cc3e1345b12585be",
                "03977d0d9aa920a07e0b6697ad04ec804e3da5b09da2fde570bfb371d84dd3e2",
                "9be1b70bdcd620d85bbadb6bae89c4421a41d6455880b14b6749386223b63e62",
                "3f051c700469d08ac41028529993bf20ecc257d4dd083846bd1a66875bdac527"
            ],
            "type": "Script",
            "firstPartyCookies": {
                "_y2": {
                    "ttl": 31536003,
                    "length": 255,
                    "prevalence": 0.0011089827603589072,
                    "uniqueness": 0.9090909090909091
                },
                "_yi": {
                    "ttl": 31536009,
                    "length": 214,
                    "prevalence": 0.0011089827603589072,
                    "uniqueness": 1
                }
            },
            "firstPartyCookiesSent": {},
            "exampleSites": [
                "www.farmison.com",
                "www.harmonystore.co.uk",
                "www.ncp.co.uk",
                "store.nintendo.co.uk",
                "www.retailgazette.co.uk",
                "www.patrolbase.co.uk",
                "www.northernrailway.co.uk",
                "teespring.com",
                "www.finecheese.co.uk",
                "tamebay.com",
                "www.serenataflowers.com",
                "www.scribbler.com",
                "nintendo.co.uk",
                "www.mpb.com",
                "www.officestationery.co.uk",
                "www.dominos.co.uk",
                "www.batterystation.co.uk",
                "www.laithwaites.co.uk",
                "uk.megabus.com",
                "www.thewatchhut.co.uk"
            ]
        },
        {
            "rule": "yieldify\\.com\\/0\\.0\\.1\\/tag\\/1\\.216\\.0\\/main\\.html",
            "cookies": 0,
            "fingerprinting": 1,
            "subdomains": [
                "td"
            ],
            "apis": {
                "Navigator.prototype.appVersion": 12,
                "Navigator.prototype.userAgent": 14,
                "Date.prototype.getTime": 14,
                "window.localStorage": 14,
                "window.sessionStorage": 14,
                "Navigator.prototype.platform": 14
            },
            "sites": 14,
            "prevalence": 0.00141,
            "cnames": [],
            "responseHashes": [
                "392fa83c26c708ab56689c61590d523be9a7ba2c135f27c042af818e1e01bbd2"
            ],
            "type": "Document",
            "firstPartyCookies": {},
            "firstPartyCookiesSent": {},
            "exampleSites": [
                "teespring.com",
                "uk.megabus.com",
                "www.batterystation.co.uk",
                "www.farmison.com",
                "www.heals.com",
                "www.laithwaites.co.uk",
                "www.morphyrichards.co.uk",
                "www.ncp.co.uk",
                "www.northernrailway.co.uk",
                "www.officestationery.co.uk",
                "www.patrolbase.co.uk",
                "www.retailgazette.co.uk",
                "www.serenataflowers.com",
                "www.thewatchhut.co.uk"
            ]
        },
        {
            "rule": "yieldify\\.com\\/i",
            "cookies": 0.00131,
            "fingerprinting": 0,
            "subdomains": [
                "v2.dc"
            ],
            "apis": {},
            "sites": 14,
            "prevalence": 0.00141,
            "cnames": [],
            "responseHashes": [
                "caa849b179befa2645a8e2c474d2e82a76777a3305315ece911013e8ee9a916c"
            ],
            "type": "Image",
            "firstPartyCookies": {},
            "firstPartyCookiesSent": {
                "__lotl": 0.00010081661457808247
            },
            "exampleSites": [
                "teespring.com",
                "uk.megabus.com",
                "www.batterystation.co.uk",
                "www.farmison.com",
                "www.heals.com",
                "www.laithwaites.co.uk",
                "www.morphyrichards.co.uk",
                "www.ncp.co.uk",
                "www.northernrailway.co.uk",
                "www.officestationery.co.uk",
                "www.patrolbase.co.uk",
                "www.retailgazette.co.uk",
                "www.serenataflowers.com",
                "www.thewatchhut.co.uk"
            ]
        },
        {
            "rule": "yieldify\\.com\\/0\\.0\\.1\\/tag\\/1\\.216\\.0\\/main-ec\\.js",
            "cookies": 0,
            "fingerprinting": 1,
            "subdomains": [
                "td"
            ],
            "apis": {
                "Navigator.prototype.appVersion": 4,
                "window.localStorage": 4
            },
            "sites": 4,
            "prevalence": 0.000403,
            "cnames": [],
            "responseHashes": [
                "c2cfa1c89d871bf85b17453d61d190294e0f2e6087870305e045fb3a7dd23c1c"
            ],
            "type": "Script",
            "firstPartyCookies": {},
            "firstPartyCookiesSent": {},
            "exampleSites": [
                "teespring.com",
                "uk.megabus.com",
                "www.heals.com",
                "www.patrolbase.co.uk"
            ]
        },
        {
            "rule": "yieldify\\.com\\/",
            "cookies": 0,
            "fingerprinting": 0,
            "subdomains": [
                "edge"
            ],
            "apis": {},
            "sites": 4,
            "prevalence": 0.000403,
            "cnames": [],
            "responseHashes": [],
            "type": "Fetch",
            "firstPartyCookies": {},
            "firstPartyCookiesSent": {},