{
    "domain": "yieldify.com",
    "owner": {
        "name": "Yieldify",
        "displayName": "Yieldify"
    },
    "source": [
        "DuckDuckGo-GB"
    ],
    "prevalence": 0.00215,
    "sites": 21,
    "subdomains": [
        "app",
        "td",
        "v2.dc",
        "dc"
    ],
    "cnames": [],
    "fingerprinting": 2,
    "resources": [
        {
            "rule": "yieldify\\.com\\/yieldify\\/code\\.js",
            "cookies": 0.00133,
            "fingerprinting": 1,
            "subdomains": [
                "app",
                "td"
            ],
            "apis": {
                "Navigator.prototype.appVersion": 13,
                "Document.cookie getter": 13,
                "Date.prototype.getTime": 13,
                "window.localStorage": 13,
                "window.devicePixelRatio": 13,
                "window.name": 13,
                "Document.cookie setter": 13,
                "CSSStyleDeclaration.setProperty(\"fontFamily\",…)": 5,
                "Navigator.prototype.userAgent": 1
            },
            "sites": 21,
            "prevalence": 0.00215,
            "cnames": [],
            "responseHashes": [
                "e3b0c44298fc1c149afbf4c8996fb92427ae41e4649b934ca495991b7852b855",
                "cd3beefe7033998566d6858ea0c3820749a610fd638a1dff98cbf671135261f5",
                "6b8039398e423931d3e45a9c9f207f9947751c065ce80e108422738907b448c6",
                "227617ca7d4989fa87a44f1dbdd802f6302118896190ef22251f5925cf18cb4e",
                "b1fd152d1362432b2ecae9ca8ff2b2b6ab630e56558e6fdbca3d737db14dd951",
                "bb62ad1fa0e16ec840caba5f3ba79497b7af9208b8ffd56940e32131734cc5d3",
                "c3ded0feadfede2ed8a87fbaeabd2ac73608ff672b5ff650a7768bbfd74fdbf6",
                "1668c24bcb3d023c0606cebe6bf659dc4c5d0f880782d3b2732de5d96bac4209",
                "e9f6ddb708a979e902626e8dae9267349a2ad8c8ba8e1418a32fa29e58ceb385",
                "e9c12bf9dadad16254f981b656acc1198bf53b1d64cb0f39397bc33f618aa888",
                "eb40cb8ae79d9d104cf1f1a0fcb50c3b7a547a404b15d03955d434f72997552e",
                "53a0a3cdd5224650300545621adc86867f3cc1463f39ac5897dbbb2b5330ed96",
                "20735ef52b2ee8e7ca99fdaf38b6337cfce6df5457034ea1dec9e65ace8bc29a",
                "15325f0589fc95cc50f7da50609af483c979c3cea960645c2e047c16e19adee4",
                "972543a8314d0b1abfb2125fd7b4c2c4ea9c0e5c1ba60ed0ca8f250e4676e715",
                "33db2efda75a6c63674c7989066e10a56ecd7858e7ab5141504dc3c123934e3d"
            ],
            "type": "Script",
            "exampleSites": [
                "www.rics.org",
                "www.hayesgardenworld.co.uk",
                "www.mpb.com",
                "www.heals.com",
                "www.patrolbase.co.uk",
                "www.serenataflowers.com",
                "www.officestationery.co.uk",
                "www.farmison.com",
                "www.morphyrichards.co.uk",
                "nintendo.co.uk",
                "store.nintendo.co.uk",
                "www.retailgazette.co.uk",
                "teespring.com",
                "www.laithwaites.co.uk",
                "www.thewatchhut.co.uk",
                "www.stenaline.co.uk",
                "www.dominos.co.uk",
                "www.harmonystore.co.uk",
                "uk.megabus.com",
                "www.finecheese.co.uk"
            ]
        },
        {
            "rule": "yieldify\\.com\\/0\\.0\\.1\\/tag\\/1\\.203\\.3\\/main\\.html",
            "cookies": 0,
            "fingerprinting": 1,
            "subdomains": [
                "td"
            ],
            "apis": {
                "Navigator.prototype.appVersion": 7,
                "Navigator.prototype.userAgent": 8,
                "Date.prototype.getTime": 15,
                "window.localStorage": 15,
                "window.sessionStorage": 15,
                "Navigator.prototype.platform": 8
            },
            "sites": 15,
            "prevalence": 0.00153,
            "cnames": [],
            "responseHashes": [
                "e66533d0e0c29a1be4616c41b520ce00b0e5bc389e813d791b198cb59b8e514d"
            ],
            "type": "Document",
            "exampleSites": [
                "teespring.com",
                "uk.megabus.com",
                "www.campingandcaravanningclub.co.uk",
                "www.dominos.co.uk",
                "www.farmison.com",
                "www.hayesgardenworld.co.uk",
                "www.harmonystore.co.uk",
                "www.laithwaites.co.uk",
                "www.morphyrichards.co.uk",
                "www.officestationery.co.uk",
                "www.patrolbase.co.uk",
                "www.retailgazette.co.uk",
                "www.serenataflowers.com",
                "www.stenaline.co.uk",
                "www.thewatchhut.co.uk"
            ]
        },
        {
            "rule": "yieldify\\.com\\/i",
            "cookies": 0.00143,
            "fingerprinting": 0,
            "subdomains": [
                "v2.dc",
                "dc"
            ],
            "apis": {},
            "sites": 15,
            "prevalence": 0.00153,
            "cnames": [],
            "responseHashes": [
                "caa849b179befa2645a8e2c474d2e82a76777a3305315ece911013e8ee9a916c"
            ],
            "type": "Image",
            "exampleSites": [
                "teespring.com",
                "uk.megabus.com",
                "www.campingandcaravanningclub.co.uk",
                "www.dominos.co.uk",
                "www.farmison.com",
                "www.hayesgardenworld.co.uk",
                "www.harmonystore.co.uk",
                "www.laithwaites.co.uk",
                "www.morphyrichards.co.uk",
                "www.officestationery.co.uk",
                "www.patrolbase.co.uk",
                "www.retailgazette.co.uk",
                "www.serenataflowers.com",
                "www.stenaline.co.uk",
                "www.thewatchhut.co.uk"
            ]
        },
        {
            "rule": "yieldify\\.com\\/0\\.0\\.1\\/tag\\/1\\.203\\.3\\/main-ec\\.js",
            "cookies": 0,
            "fingerprinting": 1,
            "subdomains": [
                "td"
            ],
            "apis": {
                "Navigator.prototype.appVersion": 4,
                "window.localStorage": 5,
                "Event.prototype.timeStamp": 2
            },
            "sites": 5,
            "prevalence": 0.000511,
            "cnames": [],
            "responseHashes": [
                "e6b1839120b747234484989ffca5f1ba15891f310e19f74e9648dd419d4f5a25"
            ],
            "type": "Script",
            "exampleSites": [
                "teespring.com",
                "uk.megabus.com",
                "www.harmonystore.co.uk",
                "www.laithwaites.co.uk",
                "www.patrolbase.co.uk"
            ]
        }
    ],
    "categories": [],
    "performance": {
        "time": 1,
        "size": 1,
        "cpu": 0,
        "cache": 1
    },
    "cookies": 0.00153,
    "types": {
        "Script": 26,
        "Document": 15,
        "Image": 15
    }
}