{
    "domain": "zeddit.com",
    "owner": {},
    "source": [
        "DuckDuckGo-GB"
    ],
    "prevalence": 0.000804,
    "sites": 8,
    "subdomains": [
        "initiate",
        "entry",
        "datatracking"
    ],
    "cnames": [],
    "fingerprinting": 0,
    "resources": [
        {
            "rule": "zeddit\\.com\\/SetPermissionWithData",
            "cookies": 0.000804,
            "fingerprinting": 0,
            "subdomains": [
                "initiate"
            ],
            "apis": {},
            "sites": 8,
            "prevalence": 0.000804,
            "cnames": [],
            "responseHashes": [
                "c767b1775ea2a62e0bb35d6a790ffab8faa3df2c8b8f260ec1ed5eb0e81cf3fc",
                "f68af45b824680c18cba53d82cabde42f9bf75b78e955da0164c8d3c84a4e3a9",
                "37265cc8af96d4840f5f5dedcd1dd8c067a706ca4b53a00f064bb0043f971884",
                "e09074978d60bbe802651074915be2d162ad265817448a17da352b8d89e3f182",
                "d757e49a1d5ff021ba3a856a9f7b7ce9caf224a4369d2683e0013390665ac2a2",
                "f3356c0cf59febde4f130826cc01e177847cc0f69e89da350f44ad4a54d071c9",
                "2d548c33a83dc2cdd268983064423e9d9fab7c2b43a9b3817eba922af7e7d3fe"
            ],
            "type": "Script",
            "firstPartyCookies": {},
            "firstPartyCookiesSent": {},
            "exampleSites": [
                "moneyweek.com",
                "theweek.com",
                "www.autoexpress.co.uk",
                "www.hellomagazine.com",
                "www.sciencefocus.com",
                "www.skyatnightmagazine.com",
                "www.theenglishgarden.co.uk",
                "www.theweek.co.uk"
            ]
        },
        {
            "rule": "zeddit\\.com\\/widget\\/GetCustomDataWidget",
            "cookies": 0.000301,
            "fingerprinting": 0,
            "subdomains": [
                "entry"
            ],
            "apis": {},
            "sites": 3,
            "prevalence": 0.000301,
            "cnames": [],
            "responseHashes": [
                "a6e9fe3949e58923838597fb0a872fe310588fad8eef1d7ea3993552eef9906f",
                "9aab17d1fb8147323a1ef0ee717f3eee5d3b5742d5832c30851cd6f153ecd53d"
            ],
            "type": "Script",
            "firstPartyCookies": {},
            "firstPartyCookiesSent": {
                "sessionId": 0.0003013863773357444
            },
            "exampleSites": [
                "theweek.com",
                "www.autoexpress.co.uk",
                "www.theweek.co.uk"
            ]
        },
        {
            "rule": "zeddit\\.com\\/SaveDataWithCheckPermission",
            "cookies": 0.000603,
            "fingerprinting": 0,
            "subdomains": [
                "datatracking"
            ],
            "apis": {},
            "sites": 6,
            "prevalence": 0.000603,
            "cnames": [],
            "responseHashes": [
                "3ebe2a1fe4b991e81b1867af00aee623283bf82a59d40040f3d8fb502239af16",
                "bfaae5cfe6ca88ec4d1b7b35edd075f40919d3490249d74c1d01863665c1f6ca",
                "1c81f1b7074765ae4ab70be58454bf4c67f24c5828548df520c9f94aacbb3142",
                "2408c4584a1a57b489b4b0af2a861db6bc4f4c2c0ebd7930b1c00c6bd7f5a226",
                "7f005e66716baee6c597f398b777ef2130ee9a7e5922482b0656c5005ed7c57a"
            ],
            "type": "Script",
            "firstPartyCookies": {},
            "firstPartyCookiesSent": {
                "sessionId": 0.0006027727546714888
            },
            "exampleSites": [
                "theweek.com",
                "www.autoexpress.co.uk",
                "www.sciencefocus.com",
                "www.skyatnightmagazine.com",
                "www.theenglishgarden.co.uk",
                "www.theweek.co.uk"
            ]
        },
        {
            "rule": "zeddit\\.com\\/widget\\/GetCustomWidget",
            "cookies": 0.000301,
            "fingerprinting": 0,
            "subdomains": [
                "entry"
            ],
            "apis": {},
            "sites": 3,
            "prevalence": 0.000301,
            "cnames": [],
            "responseHashes": [
                "e3b0c44298fc1c149afbf4c8996fb92427ae41e4649b934ca495991b7852b855",
                "5365e2f96f1225eb2ce8528921517d341b2a87090c8d9773a168a62518fec0a9"
            ],
            "type": "Script",
            "firstPartyCookies": {},
            "firstPartyCookiesSent": {
                "sessionId": 0.0003013863773357444
            },
            "exampleSites": [
                "sciencefocus.com",
                "www.skyatnightmagazine.com",
                "www.theenglishgarden.co.uk"
            ]
        }
    ],
    "categories": [],
    "performance": {
        "time": 0,
        "size": 0,
        "cpu": 0,
        "cache": 0
    },
    "cookies": 0.000804,
    "types": {
        "Script": 20
    },
    "nameservers": [
        "simon.ns.cloudflare.com",
        "sofia.ns.cloudflare.com"
    ]
}