{
    "domain": "zeotap.com",
    "owner": {
        "name": "Zeotap GmbH",
        "displayName": "Zeotap"
    },
    "source": [
        "DuckDuckGo-GB"
    ],
    "prevalence": 0.0075,
    "sites": 74,
    "subdomains": [
        "spl",
        "mwzeom"
    ],
    "cnames": [],
    "fingerprinting": 0,
    "resources": [
        {
            "rule": "zeotap\\.com\\/",
            "cookies": 0.00639,
            "fingerprinting": 0,
            "subdomains": [
                "spl"
            ],
            "apis": {},
            "sites": 63,
            "prevalence": 0.00639,
            "cnames": [],
            "responseHashes": [
                "e3b0c44298fc1c149afbf4c8996fb92427ae41e4649b934ca495991b7852b855",
                "3eb10792d1f0c7e07e7248273540f1952d9a5a2996f4b5df70ab026cd9f05517"
            ]
        },
        {
            "rule": "zeotap\\.com\\/mw",
            "cookies": 0.00375,
            "fingerprinting": 0,
            "subdomains": [
                "mwzeom"
            ],
            "apis": {},
            "sites": 37,
            "prevalence": 0.00375,
            "cnames": [],
            "responseHashes": [
                "3eb10792d1f0c7e07e7248273540f1952d9a5a2996f4b5df70ab026cd9f05517"
            ]
        },
        {
            "rule": "zeotap\\.com\\/",
            "cookies": 0.00071,
            "fingerprinting": 0,
            "subdomains": [
                "spl"
            ],
            "apis": {},
            "sites": 8,
            "prevalence": 0.000811,
            "cnames": [],
            "responseHashes": [
                "2c966282f097913fc6fa122e33572f3187231b4e4caeda56be8341621a53bd28",
                "b1156caed44d24221d7baede75940a4ef5b263b8ff6782c96bb24e528cba9d55",
                "687f1aa75ed3f8cbe14840ced538c0e986a22984aec8087bc6ebf8da598c0581",
                "83ea1a26d66866222cd665063b698d527451fe8a5dcfde8158c1a44431a123e9",
                "944c87def3e810eb4de6e4cbd5e6472e2444b331d5886fbdbe8be8d3a42e6bb6"
            ]
        },
        {
            "rule": "zeotap\\.com\\/cmp\\.min\\.js",
            "cookies": 0.000608,
            "fingerprinting": 0,
            "subdomains": [
                "spl"
            ],
            "apis": {},
            "sites": 6,
            "prevalence": 0.000608,
            "cnames": [],
            "responseHashes": [
                "31f6a2ed419398be41e25af61cfe6138d35a5fa3dde60e0265f601814ec3872f",
                "7e5eb2531be5fa179b3f4f7d4a4b29673e2e32760dedf8994c0e14834274215a",
                "88f1aa788c52da852759b9288ee9e86993de8bde5bb218bc30d382481d636ebd",
                "b5280f028cfc6b943b01c8e8f86f6b243322a6e95442bfbea6cba3f21743430a"
            ]
        },
        {
            "rule": "zeotap\\.com\\/cmp",
            "cookies": 0.000406,
            "fingerprinting": 0,
            "subdomains": [
                "spl"
            ],
            "apis": {},
            "sites": 6,
            "prevalence": 0.000608,
            "cnames": [],
            "responseHashes": []
        }
    ],
    "categories": [],
    "performance": {
        "time": 1,
        "size": 1,
        "cpu": 0,
        "cache": 3
    },
    "cookies": 0.0074,
    "types": {
        "Image": 100,
        "Document": 14,
        "Script": 6
    }
}