{
    "domain": "zergnet.com",
    "owner": {
        "name": "7hops.com Inc.",
        "displayName": "7hops.com"
    },
    "source": [
        "DuckDuckGo-GB"
    ],
    "prevalence": 0.00131,
    "sites": 13,
    "subdomains": [
        "www",
        "img1",
        "img4",
        "img5"
    ],
    "cnames": [],
    "fingerprinting": 1,
    "resources": [
        {
            "rule": "zergnet\\.com\\/zerg\\.js",
            "cookies": 0,
            "fingerprinting": 1,
            "subdomains": [
                "www"
            ],
            "apis": {
                "Date.prototype.getTime": 10
            },
            "sites": 10,
            "prevalence": 0.00101,
            "cnames": [],
            "responseHashes": [
                "3da4dfbf533061fc955f7c4708fcc22b6df3f5f4041e87b942a9eda304d86521",
                "e70a45cdf7bffe972a028567157581ff9d20af43eb65905ededc1940755eb3b8",
                "329ac0ee2e8454d909c05f5ad0e5af295035c0c1893a6cd54f1099c9abd5857d",
                "73a8798feba8db2688efd80781fc8ed3fa569846f00d611059cb6e8dcdb0f0ab",
                "a684fc42d39a9357956aa26f6a76f797dacf5b9768f49764249140947b3e8240",
                "84fff7035a6fd5e38f0189d21d7e7cf46961e14c347e22d33b4009d8e27ccde9",
                "e03ef4a165572f9b9afc2eda847497cfaab508b155ef5915efbad3db836d75e7",
                "49fc14ca0935d8709fd1c53c1b600cd44f567894712ed2079c278021c284abf1",
                "8a1f3018f1c2fd147788e1d3b339104c56513e7a9c8d59c6936b774faa82600e"
            ],
            "type": "Script",
            "firstPartyCookies": {},
            "firstPartyCookiesSent": {},
            "exampleSites": [
                "rottentomatoes.com",
                "theduran.com",
                "thrillblender.com",
                "wegotthiscovered.com",
                "www.gameshedge.com",
                "www.irishcentral.com",
                "www.justjared.com",
                "www.mediaite.com",
                "www.sgtreport.com",
                "www.theburningplatform.com"
            ]
        },
        {
            "rule": "zergnet\\.com\\/output\\.js",
            "cookies": 0.00101,
            "fingerprinting": 0,
            "subdomains": [
                "www"
            ],
            "apis": {},
            "sites": 10,
            "prevalence": 0.00101,
            "cnames": [],
            "responseHashes": [
                "b643038c62885ce4eb56c8223e8fe6973b3f08f747ff86501b5e0944c7600fad",
                "4cadf1f1260d4bc9ad0a4573cb467c1142a8e78e7b5434c257d36c883137621b",
                "e2d7e7d500a6298d926b345ab8d7414073e946b23fb67ceab8146e39a684d501",
                "c7171d2be547aef374b00caf592284b663d91f9926c06416b7881eb14f71ba26",
                "8b66faa4e4d6db2e21c87cbd23cb005ea1eaf981969805d7d0b9b37f1cc3e3ea",
                "290f4d533f8875aeb261df96add0cbc9f33061c84cd3db7d7b9343477bc54981",
                "41ee552dca4a14a1a7b054ecb2e248740d44072562b7bc86e360ac6f17de68a5",
                "7aae6ba5b4fb0488296d3fcbfcc0a7dd18fc19878c4c36449f043bf736d8cfc0",
                "3247d29e59c407aa918a9a473e836d3f2eac32d3b1c903d7862f6c12a61c0b90"
            ],
            "type": "Script",
            "firstPartyCookies": {},
            "firstPartyCookiesSent": {},
            "exampleSites": [
                "rottentomatoes.com",
                "theduran.com",
                "thrillblender.com",
                "wegotthiscovered.com",
                "www.gameshedge.com",
                "www.irishcentral.com",
                "www.justjared.com",
                "www.mediaite.com",
                "www.sgtreport.com",
                "www.theburningplatform.com"
            ]
        },
        {
            "rule": "zergnet\\.com\\/zerg-inf-multi\\.js",
            "cookies": 0,
            "fingerprinting": 0,
            "subdomains": [
                "www"
            ],
            "apis": {},
            "sites": 2,
            "prevalence": 0.000202,
            "cnames": [],
            "responseHashes": [
                "cef9b12871895b66a7a4eaff0b76c0e39e0742553560478ae81cb589cc78fcea"
            ],
            "type": "Script",
            "firstPartyCookies": {},
            "firstPartyCookiesSent": {},
            "exampleSites": [
                "knowyourmeme.com",
                "www.essentiallysports.com"
            ]
        },
        {
            "rule": "zergnet\\.com\\/6235656_300\\.jpg",
            "cookies": 0,
            "fingerprinting": 0,
            "subdomains": [
                "img1"
            ],
            "apis": {},
            "sites": 2,
            "prevalence": 0.000202,
            "cnames": [],
            "responseHashes": [
                "874e385c1be0ffd5c22a3ee01adc5a26bee12b3aa420f0f0a13afcbec20b5569"
            ],
            "type": "Image",
            "firstPartyCookies": {},
            "firstPartyCookiesSent": {},
            "exampleSites": [
                "theduran.com",
                "www.sgtreport.com"
            ]
        },
        {
            "rule": "zergnet\\.com\\/6270923_300\\.jpg",
            "cookies": 0,
            "fingerprinting": 0,
            "subdomains": [
                "img4"
            ],
            "apis": {},
            "sites": 2,
            "prevalence": 0.000202,
            "cnames": [],
            "responseHashes": [
                "3ca0c32ff9cee521fc387a82b89f0099b7c442ac60897d891284cfebd9cb0d2f"
            ],
            "type": "Image",
            "firstPartyCookies": {},
            "firstPartyCookiesSent": {},
            "exampleSites": [
                "sgtreport.com",
                "www.theburningplatform.com"
            ]
        },
        {
            "rule": "zergnet\\.com\\/6243650_300\\.jpg",
            "cookies": 0,
            "fingerprinting": 0,
            "subdomains": [
                "img5"
            ],
            "apis": {},
            "sites": 2,
            "prevalence": 0.000202,
            "cnames": [],
            "responseHashes": [
                "1c87c4a6da38b47b110d5f9821cccc280c5a2714a07dad2c539177542a0b8541"
            ],
            "type": "Image",
            "firstPartyCookies": {},
            "firstPartyCookiesSent": {},
            "exampleSites": [
                "sgtreport.com",
                "www.theburningplatform.com"
            ]
        },
        {
            "rule": "zergnet\\.com\\/4503338_300\\.jpg",
            "cookies": 0,
            "fingerprinting": 0,
            "subdomains": [
                "img5"
            ],
            "apis": {},
            "sites": 2,
            "prevalence": 0.000202,
            "cnames": [],
            "responseHashes": [
                "14c07768ee3fdaa8175e6a472651957d17ef8950b545e25cdc966eff997da8af"
            ],
            "type": "Image",
            "firstPartyCookies": {},
            "firstPartyCookiesSent": {},
            "exampleSites": [
                "sgtreport.com",
                "www.theburningplatform.com"
            ]
        }
    ],
    "categories": [],
    "performance": {
        "time": 1,
        "size": 1,
        "cpu": 0,
        "cache": 1
    },
    "cookies": 0.00101,
    "types": {
        "Script": 22,
        "Image": 8
    },
    "nameservers": [
        "ns-494.awsdns-61.com",
        "ns-586.awsdns-09.net",
        "ns-1354.awsdns-41.org",
        "ns-1710.awsdns-21.co.uk"
    ]
}