Entity,Total Prevalence,Tracking Prevalence,Non-tracking Prevalence
"Google LLC",0.675,0.599,0.0763
"Cloudflare, Inc.",0.441,0.245,0.196
"Microsoft Corporation",0.263,0.245,0.0181
"Amazon Technologies, Inc.",0.218,0.137,0.0812
"Facebook, Inc.",0.181,0.173,0.00874
"Adobe Inc.",0.149,0.101,0.0481
"The Trade Desk Inc",0.149,0.146,0.00315
"Prospect One",0.123,0.0439,0.079
"Magnite, Inc.",0.11,0.107,0.00333
"LiveRamp Holdings, Inc.",0.105,0.0824,0.0229
"Criteo SA",0.103,0.0947,0.00804
"Index Exchange, Inc.",0.0994,0.0845,0.0149
"PubMatic, Inc.",0.0967,0.086,0.0107
"ID5 Technology Ltd",0.094,0.0868,0.00719
"OpenX Technologies Inc",0.0934,0.0789,0.0145
"Lotame Solutions, Inc.",0.0889,0.0829,0.00607
"Yahoo Inc.",0.0885,0.0849,0.00357
"Tapad, Inc.",0.086,0.0844,0.00164
"LiveIntent Inc.",0.0792,0.0742,0.00499
"OneTrust LLC",0.0664,0.0623,0.00406
"TripleLift",0.0653,0.0583,0.00698
"IPONWEB GmbH",0.0646,0.0623,0.0023
"33Across, Inc.",0.0643,0.0356,0.0288
"Conversant LLC",0.0636,0.0599,0.00372
"RTB House S.A.",0.0633,0.059,0.00429
"Smartadserver S.A.S",0.063,0.053,0.01
"Collective Roll",0.0621,0.0592,0.00291
"Amobee, Inc",0.0617,0.0607,0.00107
"Sovrn Holdings",0.0547,0.0165,0.0382
"Sharethrough, Inc.",0.0522,0.0431,0.00913
"comScore, Inc",0.0513,0.0482,0.00307
"Media.net Advertising FZ-LLC",0.0508,0.0489,0.00188
"Beeswax",0.0496,0.047,0.00259
"Outbrain",0.0486,0.0432,0.00545
"ByteDance Ltd.",0.0484,0.0478,0.00059
"OneTag Limited",0.047,0.00000686,0.047
"Zeta Global",0.0458,0.0437,0.00206
"RhythmOne",0.0444,0.041,0.00339
"Improve Digital BV",0.0442,0.0423,0.00194
"Pinterest, Inc.",0.0442,0.0413,0.00283
"Akamai Technologies",0.0436,0.0296,0.014
"Centro, Inc.",0.0435,0.0405,0.00303
"Shopify Inc.",0.0431,0.0405,0.00262
"Blis Global Ltd",0.043,0.0393,0.00371
"GumGum",0.0427,0.0362,0.00649
"Teads ( Luxenbourg ) SA",0.0417,0.0343,0.00739
"Nativo, Inc",0.0414,0.0273,0.0141
"Adform A/S",0.0408,0.0369,0.00384
"Monet Engine Inc.",0.0398,0.038,0.00178
"Klaviyo",0.0392,0.0363,0.00287
"Pulsepoint, Inc.",0.0388,0.0361,0.00275
"Pinduoduo Inc.",0.0387,0.0366,0.00204
"Opera Software AS",0.0386,0.0355,0.00309
"Simplifi Holdings Inc.",0.0385,0.0369,0.00164
"Quantcast Corporation",0.0383,0.0351,0.0032
"InMobi Pte Ltd",0.038,0.032,0.00597
"Adelphic, Inc.",0.0371,0.0343,0.00282
"Sonobi, Inc",0.037,0.0355,0.00146
"YieldMo, Inc.",0.0366,0.0348,0.00178
"Automattic, Inc.",0.0362,0.0213,0.015
"Twitter, Inc.",0.0362,0.0343,0.00196
"Unruly Group Limited",0.0362,0.0309,0.00532
"Fonticons Inc",0.036,0.00625,0.0297
"OpenJS Foundation",0.036,0.0192,0.0168
"unpkg",0.0357,0.0124,0.0233
"Almondnet Group",0.0355,0.033,0.00252
"Online Media Solutions Ltd. dba Brightcom",0.0351,0.0305,0.0047
"SEEDTAG ADVERTISING S.L.",0.0344,0.032,0.00234
"ADman Media",0.0342,0.0322,0.00198
"Kargo Global, Inc.",0.0334,0.0328,0.000597
"consentmanager AB",0.0332,0.033,0.000192
"Mediavine, Inc.",0.0319,0.0313,0.000631
"TransUnion LLC",0.0316,0.028,0.00358
"Reddit Inc.",0.0314,0.0293,0.00206
"Taboola, Inc.",0.0303,0.0243,0.006
"The Nielsen Company",0.0296,0.0277,0.00192
"DeepIntent Inc",0.0296,0.027,0.00252
"Rich Audience Technologies",0.0287,0.0237,0.005
"Smaato Inc.",0.0283,0.0238,0.00443
"eyeota Limited",0.0283,0.027,0.00128
"FreeWheel",0.0277,0.0252,0.00254
"Hotjar Ltd",0.0275,0.0265,0.00107
"Unity Software Inc.",0.0272,0.0229,0.00426
"Adkernel, LLC",0.0269,0.00843,0.0184
"Ogury Limited",0.0262,0.0245,0.00168
"Blockthrough Inc.",0.0258,0.0204,0.0054
"Audigent",0.0252,0.0185,0.00669
"StackPath, LLC",0.025,0.000597,0.0244
"Functional Software, Inc.",0.0248,0.00476,0.0201
"Adyoulike",0.0235,0.0207,0.0028
"Disqus, Inc.",0.0227,0.0186,0.00413
"Insticator",0.0226,0.02,0.00263
"easyAd Deutschland GmbH",0.0226,0,0.0226
"LongTail Ad Solutions, Inc.",0.0223,0.00371,0.0186
"Clicksco FZ",0.0222,0.0214,0.000789
"Merkle Inc",0.0217,0.0213,0.000453
"New Relic",0.0216,0.0207,0.000892
"Usercentrics GmbH",0.0211,0.0202,0.000953
"Salesforce.com, Inc.",0.0203,0.0143,0.00601
"Assertive Yield B.V.",0.0199,0.0183,0.00158
"HubSpot, Inc.",0.0196,0.0195,0.000103
"Vidazoo Ltd",0.0192,0.0114,0.0078
"AdThrive, LLC",0.0189,0.0188,0.00013
"MediaMath, Inc.",0.0181,0.0162,0.00185
"Undertone Networks",0.018,0.0156,0.00247
"Connatix",0.0178,0.00822,0.0096
"Bombora Inc.",0.0172,0.0152,0.00203
"Snap Inc.",0.0166,0.0165,0.0000754
"Integral Ad Science, Inc.",0.0161,0.00723,0.00884
"DoubleVerify",0.016,0.0117,0.00431
"AdTheorent Inc",0.0155,0,0.0155
"Fastly, Inc.",0.0153,0.00264,0.0127
"Throtle",0.0147,0.0142,0.000556
"Yandex LLC",0.0137,0.0135,0.000206
"BunnyCDN",0.0133,0.00309,0.0102
"Impact",0.0131,0.0124,0.000693
"AdRoll, Inc.",0.0127,0.0117,0.000926
"McCann Disciplines Ltd.",0.0124,0.0121,0.000329
"ShareThis, Inc",0.0123,0.0103,0.002
"Confiant, Inc.",0.0121,0.0108,0.00126
"Datadog, Inc.",0.012,0.0085,0.00351
"Adagio",0.012,0.0103,0.00167
"Siteimprove A/S",0.012,0.0114,0.000652
"Ahrefs Pte Ltd",0.0118,0.011,0.000768
"OnAudience Ltd.",0.0116,0.00505,0.00658
"Trustpilot A/S",0.0114,0.00593,0.00552
"Intimate Merger, Inc.",0.0113,0.0106,0.000624
"Vimeo, LLC",0.0113,0.00993,0.00136
"Oracle Corporation",0.0111,0.00412,0.00695
"Yotpo Ltd",0.011,0.0104,0.000597
"Crazy Egg, Inc.",0.0108,0.00876,0.002
"Mountain Digital, Inc.",0.0107,0.00934,0.00138
"Exponential Interactive Inc.",0.0107,0.0101,0.000617
"Human Security, Inc.",0.0106,0.00962,0.00094
"Chartbeat",0.0106,0.0104,0.000178
"Wingify",0.0103,0.00409,0.00623
"Attentive Mobile",0.0103,0.00792,0.00237
"Vdopia Inc.",0.0101,0,0.0101
"Appier Group, Inc.",0.01,0.00957,0.000432
"Osano, Inc.",0.00999,0.00969,0.000295
"ANIVIEW LTD",0.0099,0.00587,0.00403
"Zendesk, Inc.",0.00983,0.00875,0.00108
"Ezoic Inc.",0.00973,0.00881,0.000926
"Crimtan Holdings Ltd",0.00971,0.00836,0.00135
"Roq.ad",0.00968,0.00906,0.000624
"AddToAny",0.00967,0.00945,0.000219
"PayPal, Inc.",0.00954,0.00743,0.00211
"Intuit Inc.",0.00938,0.00518,0.0042
"accessiBe Inc.",0.00937,0.00881,0.000556
"AcuityAds",0.00935,0.00804,0.00132
"Silver Lake Technology Management, L.L.C.",0.00932,0.00883,0.000487
"Tealium Inc.",0.00927,0.00853,0.000741
"Prebid.org",0.00925,0.00298,0.00626
"Stripe, Inc",0.0092,0.00881,0.000398
"Demandbase, Inc.",0.00911,0.00625,0.00285
"AppLovin Corporation",0.00903,0.00676,0.00227
"Telaria",0.00884,0.00468,0.00416
"Cognitiv Corp.",0.00882,0.00815,0.000665
"Mediaocean LLC",0.00869,0.00754,0.00115
"ConnectAd",0.00856,0.0073,0.00126
"Amplitude",0.00855,0.00477,0.00377
"Spotify AB",0.0085,0.00627,0.00224
"Claritas LLC",0.00846,0.0084,0.0000617
"Optimizely, Inc.",0.00837,0.00704,0.00134
"ContentSquare",0.00835,0.00774,0.00061
"Moloco Inc.",0.00834,0.00821,0.00013
"Parsely, Inc.",0.00829,0.00756,0.00072
"OpenWeb Technologies Ltd.",0.00826,0.000796,0.00747
"Marlin Equity Partners",0.00804,0.00758,0.000466
"MGID Inc",0.008,0.00235,0.00565
"Dstillery Inc.",0.00791,0.00748,0.000432
"Sourcepoint Technologies Inc",0.0077,0.00729,0.000405
"TMT Digital Inc.",0.00766,0.00688,0.000782
"Engine USA LLC",0.00742,0,0.00742
"Marfeel Solutions, S.L.",0.00738,0.00713,0.000247
"Segment.io, Inc.",0.00736,0.00632,0.00104
"Permutive, Inc.",0.00727,0.00577,0.0015
"OneSignal",0.00726,0.00726,0
"Synacor, Inc.",0.00715,0.00349,0.00366
"Cloudinary Ltd",0.00713,0.000261,0.00687
"Leven Labs, Inc. DBA Admiral",0.0071,0.00273,0.00437
"Sportradar AG",0.00706,0.00667,0.000391
"Beachfront Media LLC",0.00706,0.00667,0.000391
"GitHub, Inc.",0.00706,0.000871,0.00619
"ipify.org",0.00706,0.0000823,0.00698
"SpringServe, LLC",0.007,0.000645,0.00635
"Awin AG",0.00682,0.00569,0.00113
"Piano Software",0.00672,0.00636,0.000363
"Contentful GmbH",0.00666,0.00000686,0.00665
"The Ozone Project",0.00653,0.00436,0.00217
"SundaySky Ltd.",0.00641,0.00586,0.000549
"TowerData, Inc.",0.00628,0.0062,0.0000823
"Bidtellect, Inc",0.00627,0.0053,0.000967
"Apple Inc.",0.00622,0.00481,0.00141
"Didomi",0.00619,0.00602,0.000165
"TrustArc Inc.",0.00618,0.00527,0.000912
"Duration Media LLC",0.00608,0.000267,0.00581
"Semasio GmbH",0.00601,0.00478,0.00123
"DataDome",0.0059,0.00567,0.000226
"Plausible Analytics",0.00586,0.00529,0.000576
"Infolink Media LLC",0.00585,0.00514,0.000706
"Brightcove, Inc.",0.00571,0.00403,0.00168
"AudioEye, Inc.",0.00571,0.00562,0.0000892
"DTS Technology",0.00569,0.00567,0.0000137
"TVSquared",0.00567,0.00516,0.000501
"Virtual Minds AG",0.00564,0.00139,0.00425
"Traffic Stars",0.00561,0.00547,0.000137
"Bulbit Inc",0.0056,0.00527,0.000329
"Bigcommerce Pty Ltd",0.00559,0.00559,0
"Baidu, Inc.",0.00553,0.000761,0.00477
"Webflow, Inc.",0.00549,0.00462,0.000871
"OOO ECO PC - Complex Solutions",0.00546,0.0000137,0.00545
"wisecode s.r.l.",0.00542,0.00506,0.000357
"Kit, Inc.",0.00528,0.00528,0
"SSP Network Ltd",0.00521,0.00488,0.000322
"Platform161",0.00516,0.00483,0.000329
"Ad Lightning, Inc.",0.00516,0.00484,0.000322
"Tappcelator Media S.L.",0.00509,0.00295,0.00214
"LY-Corporation",0.0049,0.00442,0.00048
"Rakuten, Inc.",0.0049,0.0046,0.000309
"Ketch Kloud, Inc.",0.00489,0.00484,0.000048
"Publisher First, Inc. dba Freestar",0.00489,0.00396,0.000926
"Braze, Inc.",0.00475,0.00309,0.00167
"Retyp LLC",0.00465,0.00457,0.0000823
"Rebuy, LLC",0.00462,0.00438,0.000233
"4Cite Marketing",0.00454,0.00324,0.0013
"Roxr Software Ltd",0.00446,0,0.00446
"Zebrafish Labs",0.00442,0.0000206,0.0044
"U.S. General Services Administration",0.0044,0.00000686,0.0044
"FullStory",0.00436,0.00407,0.000281
"Symplify Technologies AB",0.00431,0.0000617,0.00425
"DigitalOcean, LLC",0.00427,0.00352,0.000754
"Pubstack",0.00426,0.00187,0.00239
"Social Audience B.V.",0.00423,0.00104,0.00319
"Adscore Technologies DMCC",0.00422,0.00368,0.000542
"StatCounter",0.00419,0.00412,0.0000754
"ExoClick, S.L.",0.00416,0.00299,0.00117
"CM Group",0.00411,0.00276,0.00135
"VidTitan Pty Ltd",0.00409,0.00204,0.00205
"WPP plc",0.00409,0.0037,0.000391
"Bounce Exchange",0.00407,0.00308,0.000988
"Dynatrace LLC",0.00402,0.00263,0.00139
"Zoom Information, Inc.",0.00399,0.00397,0.0000206
"Convert Insights Inc",0.00398,0.00297,0.00102
"Affirm Holdings, Inc.",0.00395,0.00395,0
"Intercom",0.00394,0.00386,0.0000754
"Dynamic Web Source, Inc.",0.00392,0.000734,0.00318
"SpotX, Inc.",0.00392,0,0.00392
"Five Media Marketing Limited",0.00391,0.00346,0.000453
"Skimbit LTD",0.00389,0.0037,0.000185
"Forter Inc.",0.00387,0.00372,0.000144
"Mixpanel, Inc.",0.00384,0.00294,0.000898
"Klarna Bank AB",0.00383,0.00332,0.000508
"ActiveCampaign, Inc.",0.00379,0.00368,0.000103
"Axon Enterprise, Inc.",0.00378,0.00372,0.0000617
"Quantum Metric Inc.",0.00377,0.00342,0.00035
"proinity GmbH",0.00376,0.00291,0.00085
"Add Shoppers",0.00372,0.00316,0.000556
"Digioh, LLC",0.0037,0.00368,0.0000206
"Mintt Studio",0.00369,0.00305,0.000645
"Pushly",0.00368,0.00339,0.000281
"BrightEdge Technologies Inc.",0.00366,0.00318,0.00048
"MailerLite, Inc.",0.00363,0.00194,0.00169
"Kantar Operations",0.00363,0.00355,0.0000823
"Bugsnag Inc.",0.0036,0.00000686,0.00359
"Medallia Inc.",0.00359,0.00324,0.00035
"Monotype Imaging Inc.",0.00357,0.00353,0.000048
"Monsido Inc.",0.00355,0.00324,0.000309
"Catamorphic Co.",0.0035,0,0.0035
"LiveChat Inc",0.00348,0.00339,0.000096
"Judge.me Ltd",0.00337,0.000473,0.00289
"AdGear Technologies Inc.",0.00336,0.00316,0.000199
"ClarityAd",0.00335,0,0.00335
"RevContent, LLC",0.00328,0.00303,0.000247
"Adtelligent Inc.",0.00323,0.00186,0.00137
"RELX Group",0.00322,0.00208,0.00113
"Nextdoor, Inc.",0.00317,0.00304,0.00013
"AdStanding",0.00316,0.00298,0.000185
"AB Tasty",0.00316,0.00283,0.000329
"Browsi Mobile LLC",0.00313,0.00258,0.000549
"Swym Corporation",0.00311,0.000343,0.00276
"Ensighten, Inc",0.00309,0.0025,0.00059
"USI Technologies, Inc.",0.00302,0.002,0.00102
"iubenda s.r.l.",0.00301,0.00291,0.000096
"Digital Millennium Copyright Act Services Ltd.",0.00301,0.000048,0.00296
"Opti Digital",0.003,0.00191,0.00108
"Intergi Entertainment",0.00298,0.00298,0
"Lucky Orange LLC",0.00298,0.00202,0.000953
"Geniee, inc.",0.00293,0.00213,0.000796
"GOVX",0.00289,0.000247,0.00264
"Sanity",0.00286,0,0.00286
"Algolia Inc",0.00283,0.0000206,0.00281
"BlueConic, Inc.",0.00282,0.00276,0.0000549
"YOC AG",0.00281,0.00163,0.00117
"Mouseflow",0.00281,0.00228,0.000528
"Bloomreach, Inc.",0.00279,0.00254,0.000247
"Clickagy",0.00279,0.00265,0.000144
"Voltn LLC",0.00274,0.00254,0.000206
"Vladimir Fedotov",0.00274,0.00215,0.000597
"iSpot.tv",0.0027,0.00267,0.0000206
"CallRail, Inc.",0.0027,0.00211,0.00059
"Brandmetrics",0.00268,0.00247,0.000213
"Pingdom AB",0.00265,0.00232,0.000336
"Valassis Digital",0.00263,0.00248,0.000144
"Listrak",0.00263,0.00258,0.0000549
"Captify Technologies Ltd.",0.00262,0.00257,0.000048
"Technius Ltd",0.00261,0.00259,0.0000137
"Digital Advertising Consortium Inc.",0.00258,0.00219,0.000384
"AppsFlyer",0.00255,0.0023,0.000247
"VK Company Ltd.",0.00252,0.00206,0.000466
"Invoca",0.00252,0.00224,0.000274
"Branch Metrics, Inc.",0.00252,0.00245,0.0000686
"Stamped TECHNOLOGIES PTE. LTD.",0.00249,0.00235,0.000144
"Mapbox Inc.",0.00246,0.000967,0.00149
"Signifyd Inc.",0.00246,0.00237,0.0000892
"Smile Inc.",0.00246,0.002,0.000453
"Squarespace, Inc",0.00245,0.0023,0.000151
"JuicyAds",0.00242,0.00235,0.0000686
"N.Rich Technologies",0.00242,0.00228,0.000137
"Resonate Networks",0.00241,0.00236,0.000048
"Wistia",0.00241,0.00219,0.000226
"Semcasting, Inc.",0.0024,0,0.0024
"Block, Inc.",0.0024,0.00239,0.0000137
"Wirtualna Polska",0.00237,0.00119,0.00118
"Roku, Inc.",0.00237,0.0023,0.0000617
"WordPress Foundation",0.00235,0,0.00235
"Adnami ApS",0.00235,0.0000549,0.0023
"Warner Bros. Discovery, Inc.",0.00234,0.00198,0.000363
"Intuition Machines, Inc.",0.00228,0.00228,0.00000686
"Dotmetrics",0.00227,0.00208,0.000185
"Sojern, Inc.",0.00226,0.00222,0.0000412
"Teroa S.A.",0.00224,0.00202,0.000219
"Rudderstack Inc.",0.00223,0.0018,0.000432
"A.Mob SAS",0.00222,0.00197,0.000254
"Quora",0.00222,0.000789,0.00143
"Sirius XM Holdings Inc.",0.0022,0.00123,0.000974
"Rockerbox, Inc.",0.00219,0.0019,0.000295
"OpenStreetMap Foundation",0.00219,0.0000549,0.00214
"CDNWIDGET.COM",0.00219,0.0015,0.000686
"CacheNetworks, LLC",0.00216,0.00155,0.00061
"GrowthBook, Inc.",0.00215,0,0.00215
"Storygize",0.00215,0.000919,0.00123
"Alibaba Group",0.00213,0.000597,0.00154
"Near Pte. Ltd.",0.00213,0.002,0.000123
"Council of Better Business Bureaus",0.00212,0.0000274,0.00209
"Omnisend, UAB",0.00211,0.00211,0
"ZOHO Corporation",0.00211,0.00177,0.000336
"CyberAgent, Inc.",0.0021,0.002,0.000096
"Piwik PRO Sp. z o.o.",0.00209,0.002,0.0000892
"MobileFuse LLC",0.00206,0.00176,0.000302
"6 Sense Insights Inc.",0.00206,0.00198,0.0000754
"mediarithmics SAS",0.00206,0.00183,0.000226
"Constant Contact, Inc",0.00206,0.00202,0.0000412
"Verwertungsgesellschaft WORT",0.00206,0.00204,0.0000206
"Vault Ad Solutions, Inc.",0.00206,0,0.00206
"Gemius S.A.",0.00204,0.00199,0.0000549
"Next Millennium Media, Inc.",0.00204,0.00189,0.000144
"TAPTAP DIGITAL, S.L.",0.00202,0.00196,0.0000617
"AT Internet",0.00202,0.00179,0.000233
"Queryly LLC",0.00202,0,0.00202
"Riskified Ltd.",0.00199,0.00192,0.0000686
"Treasure Data, Inc",0.00199,0.00182,0.000165
"Dynamic Yield",0.00198,0.0018,0.000185
"Viafoura Inc.",0.00195,0.00154,0.000412
"DataCamp Limited",0.00195,0.000514,0.00143
"Sam Potts",0.00195,0.000521,0.00143
"Clinch Labs ltd",0.00193,0.00158,0.000357
"Podsights",0.00193,0.00167,0.000261
"IDB, LLC",0.00189,0,0.00189
"NoFraud LLC",0.00187,0.00171,0.000165
"CHEQ AI Technologies Ltd.",0.00187,0.00182,0.000048
"Coveo Solutions Inc.",0.00184,0.00137,0.000473
"GoDaddy Inc.",0.00182,0.00035,0.00147
"mParticle, Inc",0.00182,0.000898,0.000926
"Content Pass GmbH",0.00182,0.00000686,0.00181
"So-net Media Networks Corporation.",0.00181,0.00122,0.00059
"Raw Engineering LLC",0.00178,0.0000137,0.00176
"AdTarget Medya A.Ş.",0.00178,0.00128,0.000494
"Consumable, Inc.",0.00177,0.00166,0.00011
"Visually CRM",0.00177,0.00166,0.00011
"Flodesk, Inc.",0.00176,0.00168,0.0000754
"Yottaa Inc",0.00172,0.00162,0.000103
"trueAnthem Corp",0.00171,0.00124,0.000473
"Monetate, Inc.",0.00171,0.00165,0.0000617
"Perfect Sense Operations",0.00167,0.00152,0.000158
"MicroAd, Inc.",0.00166,0.00163,0.0000343
"Supership Inc",0.00165,0.000103,0.00154
"Reset Digital LLC",0.00164,0.00145,0.000192
"Matomo",0.00164,0.00135,0.000288
"LivePerson, Inc",0.00164,0.00159,0.000048
"Aylo",0.00163,0.000981,0.000652
"fluct,Inc.",0.00163,0.00046,0.00117
"PathDefender",0.00161,0.00143,0.000185
"Freshworks Inc",0.00161,0.00147,0.000137
"Affectv",0.0016,0.00104,0.000556
"GG Software LLC",0.00159,0.00159,0
"Sagan Systems, Inc.",0.00156,0.00155,0.0000137
"Starfield Technologies, LLC",0.00156,0.00152,0.0000343
"POWR Inc.",0.00155,0.00151,0.0000412
"EQ Works",0.00154,0.00146,0.0000823
"Wix.com, Inc.",0.00154,0.00142,0.000117
"Yozo, Kaneko",0.00153,0.00141,0.000117
"Unbounce",0.00153,0.0015,0.0000343
"6Sense Insights, Inc.",0.00153,0,0.00153
"Partnerize",0.00153,0.00147,0.0000617
"GetWebCraft Limited",0.00153,0.00094,0.00059
"Auth0, Inc.",0.00152,0.00134,0.000178
"Rokt Entities",0.00152,0.00152,0.00000686
"Zeotap GmbH",0.00151,0.0000206,0.00149
"Dual Technologies Services",0.0015,0.00142,0.0000754
"The Hoefler Type Foundry, Inc",0.0015,0,0.0015
"whos.amung.us Inc",0.00149,0.00059,0.000898
"SpeedCurve Limited",0.00149,0.00111,0.000377
"Global Marketing Strategies",0.00148,0.000679,0.000802
"Genesys Telecommunications Laboratories, Inc.",0.00148,0.00145,0.0000274
"Pro Sportority (Israel) Ltd",0.00147,0.000466,0.00101
"AdSpyglass",0.00146,0.00024,0.00122
"International Business Machines Corporation",0.00145,0.00119,0.000267
"Tactics Network, LLC",0.00145,0.000206,0.00125
"Liquid New Media Limited",0.00145,0.00145,0
"Chaturbate, LLC",0.00145,0.00135,0.000103
"SAP SE",0.00139,0.0013,0.000096
"MaxMind Inc.",0.00139,0.000343,0.00105
"Weborama",0.00137,0.00132,0.0000549
"Ströer Group",0.00137,0.000837,0.000535
"TrackJS LLC",0.00136,0.000405,0.00096
"gskinner",0.00136,0.00121,0.000144
"Klevu Oy",0.00136,0.00118,0.000178
"Data Plus Math",0.00136,0.00133,0.0000274
"Crownpeak Technology",0.00136,0.000864,0.000494
"MyFonts Inc.",0.00136,0.00136,0
"Benjamin Cahen",0.00134,0.000652,0.000693
"Hunch Manifest Inc",0.00132,0,0.00132
"Gannett Co., Inc.",0.00132,0.00124,0.0000823
"PriceSpider (NeuIntel, LLC)",0.00131,0.000754,0.000556
"Broadstreet Ads, Inc",0.0013,0.00126,0.0000343
"Movable Ink",0.0013,0.00118,0.000123
"KBM Group LLC",0.0013,0.00126,0.000048
"Simpleview LLC",0.0013,0,0.0013
"Sirdata SAS",0.00129,0.00121,0.0000754
"Mather Economics",0.00129,0.00126,0.0000343
"WonderPush",0.00126,0.00121,0.000048
"Civic Computing Limited",0.00125,0.00114,0.00011
"Cookie Information A/S",0.00124,0.00121,0.0000343
"Tailwind Labs",0.00124,0,0.00124
"Green Hills",0.00123,0.00108,0.000144
"Decibel Insight Ltd",0.00123,0.00108,0.000151
"Browser Update",0.00121,0.00112,0.0000892
"Propeller Ads",0.00119,0.00115,0.0000412
"EPiServer AB",0.00119,0.00104,0.000144
"Wikimedia Foundation, Inc.",0.00119,0.00108,0.000103
"NinthDecimal, Inc",0.00118,0.00117,0.0000137
"Extreme Reach, Inc.",0.00117,0.000103,0.00106
"Nosto Solutions Ltd",0.00117,0.000741,0.000432
"Lucid Holdings, LLC",0.00117,0.000233,0.00094
"BidTheatre AB",0.00116,0.0011,0.0000549
"PebblePost, Inc.",0.00115,0.000802,0.00035
"Sosyo Plus Bilgi Bilişim Tekn. Dan. Hiz. Tic. A.Ş.",0.00114,0.000967,0.000171
"Hybrid Adtech, Inc.",0.00113,0.001,0.00013
"Dailymotion SA",0.00112,0.000562,0.000562
"The Globe and Mail Inc.",0.00112,0.00112,0
"Shareasale.com",0.00111,0.000377,0.000734
"Yieldlove GmbH",0.0011,0.00102,0.0000892
"Environmental Systems Research Institute, Inc.",0.0011,0.000329,0.000775
"Survicate Sp. z o.o.",0.00109,0.000802,0.000288
"Eris Networks SAS",0.00109,0,0.00109
"Gigya Inc",0.00109,0.00109,0
"Venatus Media Limited",0.00108,0.000754,0.000322
"ucfunnel Co., Ltd.",0.00108,0.001,0.0000823
"FreakOut Holdings, inc.",0.00106,0.000919,0.000137
"Rackspace US, Inc.",0.00106,0.000425,0.000631
"Consult IT Nordic AB",0.00106,0.00105,0.00000686
"Prizgo",0.00106,0.00106,0.00000686
"Bliss Point Media",0.00105,0.00102,0.0000343
"Refersion, Inc.",0.00105,0.000274,0.000775
"Granicus, LLC",0.00105,0.000878,0.000171
"Momentive Inc.",0.00105,0.000782,0.000267
"NaviStone",0.00104,0.00102,0.0000206
"Kenshoo TLD",0.00104,0.0000137,0.00103
"Amplience (UK) Limited",0.00103,0.0000754,0.000953
"It Concepts",0.00103,0,0.00103
"Black Crow AI, Inc",0.00102,0.000631,0.000384
"GetIntent",0.00102,0.000912,0.00011
"SIDEARM Sports",0.00102,0.000693,0.000329
"Doofinder",0.00102,0.000933,0.0000823
"SaaSquatch.com Inc.",0.00101,0,0.00101
"Buzzoola Inc.",0.001,0.00094,0.0000617
"VideoAmp, Inc.",0.001,0.000933,0.0000686
"Trackonomics Ltd.",0.000994,0.000967,0.0000274
"Help Scout Inc.",0.000994,0.000967,0.0000274
"RTBsystem",0.000994,0,0.000994
"Cisco Systems, Inc.",0.000994,0.000926,0.0000686
"Trusted Shops GmbH",0.000988,0.000672,0.000315
"GeistM",0.000981,0.0000274,0.000953
"Free Stream Media Corp",0.000981,0.0000412,0.00094
"Ada Support Inc.",0.000974,0.000933,0.0000412
"Surecom Corporation N.V.",0.000974,0.0000549,0.000919
"DigiCert, Inc.",0.000974,0.00072,0.000254
"The Washington Post",0.000974,0.000123,0.00085
"INFOnline GmbH",0.000967,0.0000412,0.000926
"Pendo.io, Inc.",0.00096,0.000844,0.000117
"EX.CO Technologies Ltd.",0.000953,0.000823,0.00013
"Digital Data Solutions B.V.",0.000953,0.000926,0.0000274
"Research Now Limited",0.00094,0,0.00094
"PowerReviews, Inc.",0.00094,0.00085,0.0000892
"DCN",0.000933,0.000905,0.0000274
"ALZ Software Limited",0.000933,0.000501,0.000432
"GetYourGuide AG",0.000926,0.000878,0.000048
"Yext, Inc.",0.000926,0.000926,0
"SaaS.group LLC",0.000926,0.000549,0.000377
"AudienceProject",0.000926,0.000583,0.000343
"Bluecore Inc.",0.000926,0.000761,0.000165
"LLC Internest-holding",0.000919,0.000706,0.000213
"Q2 Software, Inc.",0.000919,0.000919,0
"Fjord Technologies",0.000912,0.000816,0.000096
"Queue-it Inc.",0.000905,0.000638,0.000267
"HulkApps Inc.",0.000898,0.0000754,0.000823
"CrowdRiff Inc.",0.000898,0.000864,0.0000343
"Glassbox Ltd.",0.000892,0.000796,0.000096
"Peaberry Software Inc.",0.000885,0.000706,0.000178
"User Local, Inc.",0.000885,0.000864,0.0000206
"Kameleoon",0.000878,0.000761,0.000117
"Okta, Inc.",0.000871,0.000727,0.000144
"WGCZ a.s.",0.000864,0.0000892,0.000775
"ReadSpeaker Holding BV",0.000864,0.000837,0.0000274
"Quality Unit LLC",0.000857,0.000741,0.000117
"Extole",0.000857,0.000453,0.000405
"Lantirn Incorporated",0.000857,0.000802,0.0000549
"Prismic.io Inc.",0.000857,0.000322,0.000535
"Nippon Telegraph and Telephone Corporation",0.00085,0.000535,0.000315
"ADN-Advanced Digital Network Distribution GmbH",0.00085,0.000802,0.000048
"4strokemedia",0.000844,0.000171,0.000672
"Triton Digital, Inc.",0.000844,0.000802,0.0000412
"Call Tracking Metrics LLC",0.000837,0.000693,0.000144
"VIDEOSTEP NV",0.000837,0.0000206,0.000816
"Axeptio, Ltd",0.00083,0.000823,0.00000686
"IPROM, d.o.o.",0.00083,0.0000274,0.000802
"National Public Radio, Inc.",0.00083,0.000754,0.0000754
"Shashank Kumar",0.00083,0.0007,0.00013
"Crisp IM SARL",0.000823,0.000809,0.0000137
"Blue Triangle Technologies",0.000823,0.000713,0.00011
"Rumble Inc.",0.000816,0.0007,0.000117
"CatchPoint Systems Inc",0.000796,0.000645,0.000151
"Delta Projects AB",0.000796,0,0.000796
"Admixer Technologies",0.000796,0.000768,0.0000274
"MediaLab.Ai",0.000789,0.00000686,0.000782
"Reflected Networks, LLC",0.000789,0.00048,0.000309
"Pixlee TurnTo, Inc.",0.000789,0.000597,0.000192
"Naver Corporation",0.000775,0.000727,0.000048
"GMO AD Marketing Inc.",0.000768,0.000233,0.000535
"SmartNews, Inc.",0.000768,0.000754,0.0000137
"WebShop Marketing Kft.",0.000768,0.00072,0.000048
"Online Technology and Media",0.000761,0.000665,0.000096
"Imperva Inc.",0.000761,0.000727,0.0000343
"i-mobile co. LTD",0.000754,0.000727,0.0000274
"AnyMind Group Inc.",0.000754,0.000734,0.0000206
"Discord, Inc.",0.000748,0.000734,0.0000137
"AntVoice",0.000748,0.000686,0.0000617
"Nexstar Media Group",0.000748,0,0.000748
"Fanhattan LLC",0.000741,0.0000137,0.000727
"Internet Brands Inc",0.000741,0.000103,0.000638
"Verint Systems",0.000734,0.000679,0.0000549
"Purch Group, Inc.",0.000734,0.000734,0
"Flipp Corp.",0.00072,0.00072,0
"BuySellAds",0.00072,0.00061,0.00011
"Vidyard",0.00072,0.000631,0.0000892
"ALC",0.00072,0.000706,0.0000137
"Kilkaya AS",0.00072,0.000652,0.0000686
"Poshibalov Evgeny Vasilyevich",0.000713,0.000706,0.00000686
"AdButler",0.000713,0.000583,0.00013
"Rollbar, Inc.",0.000713,0.000686,0.0000274
"Lytics",0.000713,0.0007,0.0000137
"Act-On Software, Inc.",0.000713,0.000597,0.000117
"Marketing Science Consulting Group, Inc.",0.000706,0.000665,0.0000412
"Future Plc",0.000706,0.000652,0.0000549
"Mux, Inc.",0.000686,0.0000686,0.000617
"Kakao Corp.",0.000686,0.000672,0.0000137
"NitroPack Ltd.",0.000679,0.000679,0
"Vox Media, Inc.",0.000679,0.00046,0.000219
"JSC ADFACT",0.000679,0.000665,0.0000137
"MediaSniper",0.000665,0.000432,0.000233
"Iris.TV, Inc.",0.000665,0,0.000665
"LegitScript LLC",0.000665,0,0.000665
"Atlassian Corporation plc",0.000658,0.000261,0.000398
"Olark",0.000645,0.00061,0.0000343
"LTD Sape",0.000645,0.000556,0.0000892
"Sift Science, Inc.",0.000645,0.000604,0.0000412
"Monumetric (The Blogger Network, LLC)",0.000645,0.000617,0.0000274
"BlogHer, Inc.",0.000645,0.00059,0.0000549
"DOCLER IP S.A R.L.",0.000638,0.000384,0.000254
"Easy Click Worldwide Network Technology Co., Ltd.",0.000638,0.000562,0.0000754
"Patreon, Inc.",0.000638,0.000638,0
"DigitalPoint",0.000638,0.000562,0.0000754
"Kaltura Inc",0.000631,0.00046,0.000171
"iGlobal Stores",0.000631,0.000412,0.000219
"FLUX Inc.",0.000631,0.000604,0.0000274
"XXXLutz KG",0.000631,0.00000686,0.000624
"Authorize.Net",0.000624,0.00000686,0.000617
"PDQ Logistics Ltd.",0.000624,0.000158,0.000466
"eBay, Inc.",0.000624,0.000446,0.000178
"Otto (GmbH & Co KG)",0.000624,0.00000686,0.000617
"Equifax Inc.",0.000617,0.000542,0.0000754
"SMARTER CLICK TECHNOLOGY LTD",0.000617,0.000315,0.000302
"Swiftype, Inc.",0.00061,0.000562,0.000048
"CivicPlus",0.00061,0.000178,0.000432
"Inmar, Inc.",0.00061,0.00000686,0.000604
"Arrivalist Co",0.00061,0.000604,0.00000686
"Ninja Tools Inc.",0.000604,0.000446,0.000158
"Hexagon Data, S.A.P.I. de C.V.",0.000604,0,0.000604
"Avenue 81, Inc.",0.000604,0.000412,0.000192
"FreeBit Co, Ltd.",0.000604,0.000562,0.0000412
"Plaid Inc",0.000604,0.00059,0.0000137
"Webtrekk GmbH",0.000604,0.000569,0.0000343
"SoundCloud Global Limited & Co. KG",0.000604,0.000233,0.00037
"SixMix LLC",0.000597,0.00059,0.00000686
"Tencent Holdings Ltd.",0.000597,0.000185,0.000412
"AWEBER SYSTEMS, INC.",0.000597,0.00059,0.00000686
"Innovid Media",0.000597,0.000425,0.000171
"Aidata",0.00059,0.000583,0.00000686
"Clicktripz",0.000583,0.000569,0.0000137
"Icons8 LLC",0.000583,0,0.000583
"DMM.com Co.,Ltd",0.000576,0.000199,0.000377
"Narrative I/O, Inc.",0.000576,0.000569,0.00000686
"Embed.ly Inc",0.000569,0.00024,0.000329
"Report-URI Ltd.",0.000569,0.000556,0.0000137
"CleverPush GmbH",0.000569,0.000521,0.000048
"Airbrake Technologies",0.000562,0,0.000562
"MoEngage, Inc.",0.000562,0.000535,0.0000274
"etracker GmbH",0.000562,0.000521,0.0000412
"KOL",0.000556,0.000556,0
"ValueCommerce Co., Ltd.",0.000556,0.000542,0.0000137
"Shareaholic Inc",0.000556,0.000439,0.000117
"Telmetrics Inc.",0.000556,0.00048,0.0000754
"Pusher Ltd",0.000549,0.0000549,0.000494
"Zoom Video Communications, Inc.",0.000549,0.000514,0.0000343
"Dheera Media",0.000549,0,0.000549
"Kustomer, Inc.",0.000549,0.000528,0.0000206
"sourcedefense",0.000542,0.000501,0.0000412
"Hostinger International Ltd.",0.000542,0.000542,0
"Sharpspring Inc",0.000542,0.000281,0.000261
"Uploadcare, LLC",0.000542,0.00013,0.000412
"ORDERGROOVE INC",0.000542,0.000535,0.00000686
"Swaven SAS",0.000542,0.000261,0.000281
"Minute Spoteam Ltd.",0.000535,0,0.000535
"Brandsmind",0.000535,0.000391,0.000144
"Creative Commons",0.000535,0,0.000535
"Particle Media, Inc.",0.000535,0.000473,0.0000617
"SolarWinds Worldwide, LLC",0.000535,0.000453,0.0000823
"Hatena Co., Ltd.",0.000535,0.0000549,0.00048
"RawGit",0.000528,0.000151,0.000377
"Motif Tools B.V.",0.000521,0.000521,0
"Logos Research Systems, Inc.",0.000521,0.000487,0.0000343
"emetriq GmbH",0.000521,0.0000206,0.000501
"Conviva, Inc.",0.000514,0,0.000514
"Typeform S.L.",0.000514,0.000247,0.000267
"smartclip Europe GmbH",0.000514,0.000446,0.0000686
"apilayer GmbH",0.000514,0,0.000514
"Ravi Trivedi",0.000514,0.000439,0.0000754
"Ko-Fi Labs Limited",0.000508,0.0000137,0.000494
"Adloox SAS",0.000508,0.0000274,0.00048
"Qualaroo",0.000508,0.000309,0.000199
"Widen",0.000508,0.00000686,0.000501
"Surecom Corp NV",0.000508,0.0000137,0.000494
"SETUPAD Inc.",0.000501,0.000418,0.0000823
"TripAdvisor LLC",0.000501,0.000267,0.000233
"ecpm",0.000501,0.000487,0.0000137
"Ziff Davis LLC",0.000501,0.000487,0.0000137
"Unbxd Software Private Limited",0.000494,0.000473,0.0000206
"Paddle.com Market Ltd",0.000494,0.000494,0
"Omeda Communications",0.000494,0.000453,0.0000412
"Longitude Ads, LLC",0.000487,0.00048,0.00000686
"Booking Holdings Inc.",0.000487,0.000357,0.00013
"SalesLoft",0.000487,0.000487,0
"Urban Airship, Inc.",0.00048,0.000391,0.0000892
"Glance Networks Inc",0.00048,0.000473,0.00000686
"Logly, Inc.",0.00048,0.000418,0.0000617
"Radware Ltd.",0.00048,0.000309,0.000171
"LLC AmberData",0.000473,0.00046,0.0000137
"AVPlayer",0.000473,0.000412,0.0000617
"ClickTale Ltd",0.000473,0.000336,0.000137
"Clickadu s.r.o.",0.000473,0.000473,0
"Clever Advertising",0.000473,0.000391,0.0000823
"The Walt Disney Company",0.000466,0.000158,0.000309
"Postcode Anywhere",0.000466,0,0.000466
"Formstack",0.000466,0.000398,0.0000686
"Research and Analysis of Media in Sweden AB",0.000466,0,0.000466
"Underdog Media LLC",0.00046,0.000446,0.0000137
"VRTCAL Markets, Inc.",0.00046,0.000405,0.0000549
"Marketizator Friends SRL",0.000453,0.000384,0.0000686
"Dun & Bradstreet, Inc.",0.000453,0.000446,0.00000686
"Stylitics, Inc.",0.000453,0.000453,0
"Sublime Skinz Labs",0.000446,0.000432,0.0000137
"Tecnavia Press, Inc.",0.000446,0.000171,0.000274
"ImageKit Private Limited",0.000439,0.0000137,0.000425
"CleverTap",0.000439,0.0000137,0.000425
"Mindscape Limited",0.000439,0.000439,0
"Colossus Media, LLC",0.000439,0.00037,0.0000686
"ForeSee Results, Inc.",0.000432,0.0000549,0.000377
"GrowSumo Inc.",0.000432,0.0000823,0.00035
"Comcast Corporation",0.000432,0.000281,0.000151
"Adyen N.V.",0.000432,0.000418,0.0000137
"Ano Nymous",0.000432,0.000363,0.0000686
"Horizon Media, LLC",0.000425,0.000343,0.0000823
"Zaius, Inc.",0.000425,0,0.000425
"primeNumber Inc.",0.000418,0.000418,0
"Inspectlet",0.000412,0.000405,0.00000686
"GuideStar USA, Inc.",0.000412,0.000412,0
"ICF Technology, Inc",0.000412,0.000206,0.000206
"TEN  A Discovery Communications Company",0.000412,0.0000137,0.000398
"Saambaa LLC",0.000412,0.000192,0.000219
"ID.fr",0.000412,0.000412,0
"Advanced Hosters B.V.",0.000412,0.000363,0.000048
"bitmovin GmbH",0.000405,0.000048,0.000357
"spoteam.com",0.000405,0.000398,0.00000686
"Traffic Haus, LLC",0.000398,0.000398,0
"Sinclair Broadcast Group Inc",0.000398,0,0.000398
"Sargents, Inc.",0.000398,0.000391,0.00000686
"CommerceHub",0.000391,0.000322,0.0000686
"EMX Digital, LLC",0.000391,0.000151,0.00024
"Soluciones Corporativas IP, SL",0.000384,0.000302,0.0000823
"Adara Inc.",0.000384,0.000377,0.00000686
"Moarty",0.000384,0,0.000384
"Exit Bee",0.000384,0.000363,0.0000206
"Split Software, Inc.",0.000377,0.0000343,0.000343
"Zip Co US, Inc.",0.000377,0.000377,0
"The Moneytizer",0.000377,0.000377,0
"SmugMug, Inc.",0.00037,0.000144,0.000226
"Optimize LLC",0.00037,0.000267,0.000103
"IO Technologies Inc.",0.000363,0.000309,0.0000549
"Mobile TeleSystems Public Joint Stock Company",0.000363,0.000343,0.0000206
"InsurAds",0.000363,0.000247,0.000117
"Ringier AG",0.000363,0.000329,0.0000343
"Trumba Corporation",0.000363,0.000274,0.0000892
"ADLEAD",0.000363,0.000363,0
"GetResponse sp. z o.o.",0.000363,0.000357,0.00000686
"WPEngine, Inc.",0.000363,0.0000206,0.000343
"TradeDoubler AB",0.000357,0.000247,0.00011
"iPerceptions Inc.",0.000357,0.00035,0.00000686
"F@N Communications, Inc",0.000357,0.000123,0.000233
"Zucks,Inc.",0.00035,0.000274,0.0000754
"Singular Labs, Inc.",0.00035,0.000295,0.0000549
"Drift.com, Inc.",0.00035,0.000336,0.0000137
"Pantheon Systems, Inc.",0.00035,0.0000274,0.000322
"Rave Wireless",0.00035,0,0.00035
"LCN.com Ltd",0.00035,0.000336,0.0000137
"Adzerk",0.00035,0.000302,0.000048
"Inform, Inc.",0.00035,0,0.00035
"SFBX SAS",0.000343,0.000343,0
"Stackla",0.000343,0.000329,0.0000137
"Five9, Inc",0.000343,0.000336,0.00000686
"Boost Commerce",0.000343,0,0.000343
"Rebel Idealist",0.000343,0.000158,0.000185
"The E.W. Scripps Company",0.000343,0.0000686,0.000274
"popIn Inc.",0.000336,0.000315,0.0000206
"Feefo Holdings Limited",0.000336,0.000336,0
"ImgBB",0.000329,0,0.000329
"Bibliocommons Inc.",0.000329,0.000329,0
"Acceptable Ads Exchange",0.000329,0.000302,0.0000274
"iAdvize",0.000329,0.000302,0.0000274
"Canva Pty Ltd",0.000329,0.000329,0
"Seznam.cz, a.s.",0.000329,0.000322,0.00000686
"Finalsite",0.000329,0,0.000329
"TOPlist s.r.o",0.000329,0,0.000329
"PAGELY, INC",0.000322,0.000274,0.000048
"Smartsheet Inc.",0.000322,0.0000206,0.000302
"Seattle Technology",0.000322,0.00000686,0.000315
"OpenWeather Ltd",0.000322,0.0000343,0.000288
"Synchrony Financial",0.000322,0.000309,0.0000137
"Michael Browitt",0.000322,0.000261,0.0000617
"Townsquare Media",0.000315,0.000302,0.0000137
"alex yastrebenetsky",0.000315,0,0.000315
"Freepik Company",0.000315,0.0000137,0.000302
"SaleCycle Limited",0.000315,0.000226,0.0000892
"Cross Pixel Media, Inc.",0.000309,0.000247,0.0000617
"Macromill, Inc.",0.000309,0.000295,0.0000137
"REDFAST, INC.",0.000309,0,0.000309
"APIHub, Inc.",0.000309,0.0000412,0.000267
"buySAFE Inc",0.000309,0.000247,0.0000617
"PR Newswire Association LLC",0.000309,0.0000823,0.000226
"PushPushGo Sp. z o. o.",0.000309,0.000261,0.000048
"MySpace LLC",0.000309,0,0.000309
"AdSupply, Inc.",0.000302,0.000302,0
"Weigel Broadcasting Co",0.000302,0,0.000302
"Max Lynch",0.000302,0,0.000302
"Faber Technology,inc",0.000302,0.000288,0.0000137
"PTMIND INC.",0.000302,0.000226,0.0000754
"GoFundme, Inc.",0.000302,0.000199,0.000103
"7hops.com Inc.",0.000302,0.000261,0.0000412
"Dianomi Ltd",0.000302,0.000137,0.000165
"Oracle + Dyn",0.000295,0.000267,0.0000274
"Telegram Messenger LLP",0.000295,0.000185,0.00011
"Toyota Motor Corporation",0.000295,0.00011,0.000185
"Instacart",0.000295,0.0000892,0.000206
"Charles Schwab & Co., Inc.",0.000288,0.000274,0.0000137
"Coherent Path, Inc.",0.000288,0.000274,0.0000137
"Steel House, Inc",0.000288,0.000274,0.0000137
"10fold Solutions LLC",0.000288,0.000185,0.000103
"OneSoon Ltd",0.000288,0.000267,0.0000206
"APAC Digital Exchange",0.000288,0.000288,0
"Navegg S.A.",0.000288,0,0.000288
"National Oceanic and Atmospheric Administration NOAA",0.000288,0.00013,0.000158
"True Fit Corporation",0.000281,0.000247,0.0000343
"Sabin, Bermant & Gould LLP",0.000281,0.000261,0.0000206
"Affinity",0.000281,0.000048,0.000233
"TechTarget, Inc.",0.000281,0.000254,0.0000274
"LinkConnector Corporation",0.000281,0.000267,0.0000137
"Space Squirrel Ltd.",0.000281,0,0.000281
"AdMedia",0.000281,0.00024,0.0000412
"Blue Capital Markets Limited",0.000274,0.000192,0.0000823
"AddEvent, Inc.",0.000274,0.000247,0.0000274
"Sectigo Limited",0.000274,0.000247,0.0000274
"Jake Brumby",0.000274,0.000213,0.0000617
"Jivox Corp",0.000274,0.000206,0.0000686
"Veer West LLC.",0.000274,0.000267,0.00000686
"Better Commerce Group",0.000267,0.00000686,0.000261
"Amai Digital PTE. LTD.",0.000267,0.000254,0.0000137
"Namogoo",0.000267,0.00024,0.0000274
"Doggybites bvba",0.000267,0.00011,0.000158
"audienzz AG",0.000267,0.000247,0.0000206
"LiveHelpNow, Inc",0.000267,0.000254,0.0000137
"ReachDynamics LLC",0.000261,0.000103,0.000158
"Conde Nast Publications Inc.",0.000261,0.000213,0.000048
"Synapse Group, Inc.",0.000261,0.000233,0.0000274
"Rambler Internet Holding, LLC",0.000261,0.000206,0.0000549
"MediaWallah LLC",0.000261,0.000261,0
"BioCatch",0.000261,0.0000823,0.000178
"LLC SMI2",0.000261,0.00013,0.00013
"Commission Factory Pty Ltd",0.000261,0.000178,0.0000823
"Retargetly LLC",0.000261,0.000247,0.0000137
"Instana, Inc.",0.000261,0.000247,0.0000137
"Trackingplan, Inc.",0.000261,0.0000274,0.000233
"Narrativ Company, Inc.",0.000254,0.000226,0.0000274
"Phenom People, Inc.",0.000254,0.000254,0
"G-Core Innovations S.a.r.l",0.000254,0.000103,0.000151
"ScientiaMobile, Inc.",0.000247,0,0.000247
"Spacefoot SAS",0.000247,0.000219,0.0000274
"Tagular Analytics, LLC",0.000247,0.000233,0.0000137
"Presteligence, Inc.",0.000247,0.000158,0.0000892
"UPSCORE GMBH",0.000247,0.000226,0.0000206
"Ethyca Inc",0.000247,0.000151,0.000096
"WebpageFX",0.000247,0.0000892,0.000158
"Betgenius Limited",0.000247,0.000199,0.000048
"Yieldify",0.000247,0.000171,0.0000754
"Hawk Search Inc.",0.000247,0.000171,0.0000754
"Content Insights",0.000247,0,0.000247
"WalkMe LTD",0.00024,0.000219,0.0000206
"W3trends, Inc.",0.00024,0.0000412,0.000199
"RevJet",0.00024,0.000206,0.0000343
"Hearst Communications",0.00024,0.0000549,0.000185
"REFLUENCE",0.00024,0.000048,0.000192
"Cyberspace Communications Corp.",0.00024,0.00024,0
"Timzon, LLC",0.000233,0,0.000233
"Answers Corporation",0.000233,0.0000892,0.000144
"Magazine Manager",0.000233,0.000233,0
"Webgains",0.000233,0.000226,0.00000686
"Vanilla Forums",0.000233,0,0.000233
"Oktopost Technologies Ltd",0.000226,0.000226,0
"SilverCloud Inc",0.000226,0.000117,0.00011
"LiveSport Media Ltd",0.000226,0.0000343,0.000192
"LimeSpot",0.000226,0.000213,0.0000137
"Datawrapper GmbH",0.000226,0.000151,0.0000754
"Online Solution Int Ltd",0.000226,0.0000412,0.000185
"Kochava",0.000219,0.000137,0.0000823
"Wovn Technologies, Inc.",0.000219,0.000219,0
"OSOBNOSTI.cz, s.r.o.",0.000219,0.000192,0.0000274
"Perform Media Services Ltd",0.000219,0.00011,0.00011
"Sumo Group",0.000219,0,0.000219
"Telekomunikasi Seluler PT",0.000219,0.0000823,0.000137
"cyon GmbH",0.000219,0.000213,0.00000686
"Tiugo Technologies",0.000219,0.0000892,0.00013
"Selligent",0.000219,0.000206,0.0000137
"IMEDIAPP SA",0.000219,0.000151,0.0000686
"Broadcom Inc.",0.000219,0.000165,0.0000549
"Reflektion",0.000219,0.000192,0.0000274
"RuTarget LLC",0.000219,0,0.000219
"Pushnami, LLC",0.000219,0.000206,0.0000137
"ProQuest LLC",0.000213,0,0.000213
"Publishers Revenue Optimization Sp. z o.o.",0.000213,0.000199,0.0000137
"Telerik EAD",0.000213,0.000165,0.000048
"Wellfounded",0.000213,0.00013,0.0000823
"Trustwave Holdings, Inc.",0.000213,0,0.000213
"Mobius Solutions",0.000213,0.000199,0.0000137
"HERE Global BV",0.000213,0.000192,0.0000206
"TMP Worldwide Advertising & Communications, LLC",0.000213,0.000199,0.0000137
"Keywee",0.000213,0.000206,0.00000686
"Allianz Worldwide Partners SAS",0.000213,0,0.000213
"nazwa.pl sp. z o.o.",0.000213,0.000199,0.0000137
"Quality Nonsense Ltd",0.000206,0,0.000206
"Salem Media Group, Inc.",0.000206,0.0000892,0.000117
"Internet Archive",0.000206,0.000158,0.000048
"Recurly, Inc.",0.000206,0.000171,0.0000343
"Highsoft AS",0.000206,0.000178,0.0000274
"American Express Company",0.000206,0.000151,0.0000549
"The Font Bureau, Inc.",0.000206,0.000192,0.0000137
"Granify Inc.",0.000206,0.000185,0.0000206
"Trust Provider B.V.",0.000206,0.00011,0.000096
"MarketCast LLC",0.000206,0,0.000206
"JackRabbit Systems",0.000206,0.000206,0
"Ceros Crowd Fusion, Ltd.",0.000206,0.0000892,0.000117
"DynAdmic",0.000199,0.000048,0.000151
"JustWatch GmbH",0.000199,0.000048,0.000151
"Skarpline",0.000199,0.000178,0.0000206
"Dropbox, Inc",0.000199,0.000185,0.0000137
"Webklipper Technologies Pvt Ltd",0.000199,0.000185,0.0000137
"Marchex, Inc.",0.000199,0.0000686,0.00013
"MainADV",0.000199,0.00000686,0.000192
"Kibo Software, Inc.",0.000199,0.0000686,0.00013
"iContact LLC",0.000199,0.000171,0.0000274
"Mercari, Inc.",0.000192,0.000192,0
"TMP Worldwide",0.000192,0.000048,0.000144
"Honeybadger Industries",0.000192,0.000048,0.000144
"UnitedHealth Group Inc.",0.000192,0.0000892,0.000103
"Scala Communications, Inc.",0.000192,0.000151,0.0000412
"Flowplayer AB",0.000192,0.00013,0.0000617
"Netcore Solutions Pvt Ltd",0.000185,0.000185,0
"CivicScience, Inc",0.000185,0.00013,0.0000549
"Dealer Dot Com Inc",0.000185,0.000171,0.0000137
"PJSC Vympelcom",0.000185,0.0000274,0.000158
"NKL s.r.o.",0.000185,0.0000343,0.000151
"ResponsiveAds™ Inc.",0.000185,0.000137,0.000048
"Reach plc",0.000185,0.0000343,0.000151
"FC2, Inc.",0.000178,0.0000686,0.00011
"inPowered",0.000178,0.000158,0.0000206
"Bolt Financial, Inc.",0.000178,0.000117,0.0000617
"IQzone Inc.",0.000178,0,0.000178
"ARNOLDO MONDADORI EDITORE SpA",0.000178,0.000165,0.0000137
"Pickaxe LLC",0.000178,0.000165,0.0000137
"Bending Spoons S.p.A.",0.000178,0.00013,0.000048
"PageSuite LTD",0.000178,0.00000686,0.000171
"Conductrics",0.000178,0.000165,0.0000137
"Provide Support LLC",0.000178,0.000165,0.0000137
"F5 Networks Inc",0.000178,0.0000343,0.000144
"thePlatform for Media",0.000178,0,0.000178
"Paramount Global",0.000171,0.000151,0.0000206
"Lasso Analytics, Inc",0.000171,0.000158,0.0000137
"Bitly, Inc.",0.000171,0.000165,0.00000686
"Public Broadcasting Service",0.000171,0.0000686,0.000103
"Fomo",0.000171,0.000151,0.0000206
"AppendAd LTD",0.000171,0.000137,0.0000343
"Ecwid, Inc",0.000171,0.000171,0
"Trbo GmbH",0.000171,0.000171,0
"BurdaForward GmbH",0.000171,0.000165,0.00000686
"Cliplister GmbH",0.000171,0.0000549,0.000117
"Celtra Inc.",0.000165,0.000103,0.0000617
"Blackboard Inc",0.000165,0.0000274,0.000137
"BongaCams",0.000165,0.0000892,0.0000754
"ZAM Network",0.000165,0.000123,0.0000412
"ROLEX SA",0.000165,0.000123,0.0000412
"Renegade Internet, Inc.",0.000165,0.000151,0.0000137
"CodePen",0.000165,0.000165,0
"8x8, Inc.",0.000165,0.000151,0.0000137
"4INFO, Inc.",0.000165,0,0.000165
"InvoCube Ltd",0.000158,0.0000137,0.000144
"AddSearch Oy",0.000158,0.0000412,0.000117
"Read It Later, Inc",0.000158,0,0.000158
"Liberated Syndication",0.000158,0.000117,0.0000412
"Refsnes Data",0.000158,0,0.000158
"OwnLocal.com",0.000158,0.0000823,0.0000754
"Public Good Software, Inc.",0.000158,0.000151,0.00000686
"Buehner-Fry, Inc.",0.000158,0.000158,0
"Statsig, Inc.",0.000158,0.0000892,0.0000686
"eGain Corporation",0.000158,0.000137,0.0000206
"Postcode Anywhere (Europe) Ltd",0.000158,0.0000892,0.0000686
"Radar Labs, Inc.",0.000158,0,0.000158
"Acoustic, L.P.",0.000158,0.000158,0
"Fox Corporation",0.000158,0.0000754,0.0000823
"Northwestern University",0.000158,0.000103,0.0000549
"NetElixir, Inc.",0.000158,0.000158,0
"THE ENDURANCE INTERNATIONAL GROUP, INC.",0.000158,0.000123,0.0000343
"Networx Systems LLC",0.000151,0.000151,0
"OVH SAS.",0.000151,0.0000274,0.000123
"NicePeopleAtWork S.L.",0.000151,0.0000206,0.00013
"Tremor Video DSP",0.000151,0,0.000151
"GEORIOT",0.000151,0,0.000151
"Jeremy Bieger",0.000151,0.000123,0.0000274
"RingCentral, Inc.",0.000151,0.000151,0
"Uplift Canada Services ULC",0.000151,0.000151,0
"DIYlaunch",0.000151,0.000151,0
"Infusion Software",0.000151,0.000144,0.00000686
"Takeru Nakanishi",0.000151,0.000151,0
"SpurIT UAB",0.000151,0.0000892,0.0000617
"SSL Corporation",0.000151,0.0000754,0.0000754
"Sony Corporation",0.000151,0.0000686,0.0000823
"Quintype Inc",0.000151,0.000151,0
"Cash Cow Marketing",0.000151,0.000151,0
"Magazines.com, LLC",0.000151,0.000151,0
"NBA Media Ventures, LLC",0.000144,0.000137,0.00000686
"Pixel Union",0.000144,0.00000686,0.000137
"Altitude Digital",0.000144,0.00013,0.0000137
"Duck Duck Go, Inc.",0.000144,0.0000206,0.000123
"Eventbrite, Inc.",0.000144,0.0000137,0.00013
"IAB Europe",0.000144,0,0.000144
"Geniee International Pte.Ltd",0.000144,0.000123,0.0000206
"Avo Software inc.",0.000144,0.0000617,0.0000823
"Hypothes.is",0.000144,0.000144,0
"Sberbank of Russia",0.000144,0.0000686,0.0000754
"Sensors Network Technology (Beijing) Co., Ltd.",0.000144,0.00000686,0.000137
"MCN - Media Content News Oy",0.000144,0.0000892,0.0000549
"Barracuda Networks Inc.",0.000144,0.0000549,0.0000892
"Obshchestvo s ogranichennoj otvetstvennostyu RUFORM",0.000144,0.000117,0.0000274
"Recruitics LLC",0.000144,0.000144,0
"Expedia Group, Inc.",0.000144,0.000123,0.0000206
"LockerDome, LLC",0.000144,0.000048,0.000096
"Karan Walia",0.000144,0.000103,0.0000412
"Web Geo Services",0.000144,0.0000892,0.0000549
"Comm100 Network Corporation",0.000144,0.000137,0.00000686
"TUDO GOSTOSO INTERNET LTDA",0.000144,0.000144,0
"PRISMA MEDIA",0.000144,0.000137,0.00000686
"Syndigo LLC",0.000144,0.00013,0.0000137
"MARS FLAG Co., Ltd.",0.000144,0.000137,0.00000686
"CollegeNET",0.000144,0.000144,0
"Executive Office of the State of North Carolina",0.000144,0,0.000144
"xAd, Inc. dba GroundTruth",0.000144,0.0000823,0.0000617
"iHM Identity, Inc.",0.000137,0.000123,0.0000137
"Walmart Inc.",0.000137,0.0000617,0.0000754
"Roger Wilco LLC",0.000137,0.00013,0.00000686
"NHN Entertainment co.,ltd",0.000137,0.000123,0.0000137
"ExitReality",0.000137,0.000123,0.0000137
"AETIUM",0.000137,0.000137,0
"Knorex Pte. Ltd.",0.000137,0.000096,0.0000412
"Aurea Software",0.000137,0.000123,0.0000137
"TestFreaks AB",0.000137,0.00011,0.0000274
"UserVoice, Inc.",0.000137,0.0000892,0.000048
"RUN",0.000137,0,0.000137
"Yoshki Ltd.",0.000137,0.00000686,0.00013
"beBit Inc.",0.000137,0.000137,0
"21 Productions",0.000137,0.000137,0
"FriendFinder Networks Inc.",0.000137,0.0000754,0.0000617
"Gracenote",0.000137,0.0000137,0.000123
"Mobiquity Inc.",0.000137,0.000103,0.0000343
"Higher Logic",0.000137,0.000137,0
"TEGNA Inc.",0.000137,0.00000686,0.00013
"Herald and Times Group",0.000137,0,0.000137
"Audiencerate Ltd",0.00013,0.000123,0.00000686
"Double the Donation LLC",0.00013,0.000103,0.0000274
"Blue Billywig bv",0.00013,0.000123,0.00000686
"Lumin Creative",0.00013,0.00013,0
"Bright Market LLC dba FastSpring",0.00013,0.0000823,0.000048
"Seguno Software, Inc.",0.00013,0.00013,0
"Mindbox Ltd.",0.00013,0.000117,0.0000137
"Department of Information Technology of Moscow",0.00013,0.00013,0
"CleverDATA LLC",0.00013,0,0.00013
"Awio Web Services LLC",0.00013,0.000123,0.00000686
"Agilone Inc.",0.00013,0.0000892,0.0000412
"Connexity, Inc.",0.00013,0,0.00013
"Lead Intelligence, Inc.",0.00013,0.00013,0
"Issuu ApS",0.00013,0,0.00013
"Arbitrage LLC",0.00013,0.000117,0.0000137
"InvestingChannel, Inc.",0.00013,0.000123,0.00000686
"LiquidM Technology GmbH",0.00013,0.00000686,0.000123
"Syrenis Ltd",0.00013,0.000096,0.0000343
"BeyondWords",0.00013,0.0000823,0.000048
"DuMont Next Medien GmbH & Co. KG",0.00013,0,0.00013
"Enreach Solutions Oy",0.000123,0.000123,0
"Flipboard, Inc.",0.000123,0.000048,0.0000754
"TechnologyAdvice",0.000123,0.0000754,0.000048
"Nextopia Software Corporation",0.000123,0.000123,0
"Trust Guard LLC",0.000123,0.0000412,0.0000823
"Thomas Publishing Company, LLC",0.000123,0.000123,0
"EDGE22 Studios LTD.",0.000123,0,0.000123
"Admedo",0.000123,0.000103,0.0000206
"amCharts",0.000123,0.000096,0.0000274
"Delivra",0.000123,0.000123,0
"advanced STORE GmbH",0.000123,0,0.000123
"MyFinance, Inc.",0.000123,0.000123,0
"Social Knowledge, LLC",0.000123,0.00011,0.0000137
"Obshchestvo s ogranichennoj otvetstvennostyu Internet Kholding E-generator",0.000123,0.0000686,0.0000549
"FeedBlitz LLC",0.000123,0.000096,0.0000274
"Nationwide News Pty Ltd",0.000123,0.000123,0
"Flora Media Inc.",0.000123,0.000048,0.0000754
"Anschutz Entertainment Group, Inc.",0.000123,0.000123,0
"Arello Mobile",0.000123,0.0000754,0.000048
"User Zoom, Inc.",0.000123,0.0000754,0.000048
"Esperto Ltd",0.000117,0.000117,0
"Adventive, Inc.",0.000117,0.000117,0
"ImBox Sweden AB",0.000117,0.000096,0.0000206
"Idealo Internet GmbH",0.000117,0.0000686,0.000048
"SmarterHQ",0.000117,0,0.000117
"Thrive Commerce, LLC",0.000117,0.000096,0.0000206
"DoorDash, Inc.",0.000117,0.000117,0
"Paradox Interactive AB (publ)",0.000117,0,0.000117
"Interdeal development Ltd",0.000117,0.000117,0
"MediaNews Group, Inc",0.000117,0,0.000117
"Times Internet Ltd",0.000117,0.000096,0.0000206
"auFeminin.com SA",0.000117,0.00000686,0.00011
"Relay42 Technology B.V.",0.000117,0.000103,0.0000137
"The Associated Press",0.000117,0.00011,0.00000686
"One Media Ltd",0.00011,0.00011,0
"Huawei Technologies Co., Ltd.",0.00011,0,0.00011
"TouchCommerce, Inc",0.00011,0.000096,0.0000137
"Entertainment Data oracle, Inc.",0.00011,0.0000823,0.0000274
"Woopra, Inc.",0.00011,0.0000892,0.0000206
"Samet Privacy, LLC",0.00011,0.000096,0.0000137
"Transcend, Inc.",0.00011,0.0000892,0.0000206
"Polar",0.00011,0.00011,0
"Department of Homeland Security",0.00011,0.000103,0.00000686
"Wajao Inc",0.00011,0,0.00011
"CUSTOMERLABS DIGITAL SOLUTIONS PVT LTD",0.00011,0.0000754,0.0000343
"MedTargetSystem",0.00011,0,0.00011
"P B.V.",0.00011,0.000048,0.0000617
"WorldPay, Inc.",0.00011,0.000048,0.0000617
"Adpone, S.L.",0.000103,0.0000137,0.0000892
"NGP VAN, Inc.",0.000103,0.00000686,0.000096
"La Place Media",0.000103,0.0000137,0.0000892
"ITTECO",0.000103,0.000096,0.00000686
"Buffer Inc.",0.000103,0,0.000103
"Squiz Australia Pty. Ltd.",0.000103,0.000103,0
"Yummly, Inc",0.000103,0,0.000103
"ADSPEED.COM",0.000103,0.000103,0
"ASAPP Inc",0.000103,0.0000892,0.0000137
"Giphy LLC",0.000103,0,0.000103
"My Life Registry LLC",0.000103,0.0000823,0.0000206
"TMD Swiss AG",0.000103,0.0000343,0.0000686
"BrainPad Inc.",0.000103,0.000103,0
"For it Inc.",0.000103,0.0000549,0.000048
"Curebit Inc",0.000103,0.000103,0
"Digital East GmbH",0.000103,0.0000892,0.0000137
"getblue",0.000103,0,0.000103
"Avala Marketing Group",0.000103,0.000103,0
"Sumo Logic Inc.",0.000103,0.000103,0
"SyncThought, Inc.",0.000103,0.0000892,0.0000137
"Publitas.com B.V.",0.000103,0.0000549,0.000048
"Cheetah Digital Inc",0.000103,0.000103,0
"Debenhams PLC",0.000103,0,0.000103
"7Graus",0.000103,0.000103,0
"SLI Systems, Inc",0.000103,0.0000549,0.000048
"NetEase, Inc.",0.000103,0.0000686,0.0000343
"AbstractBrain srls",0.000103,0.0000549,0.000048
"Hola Networks Ltd.",0.000096,0.0000823,0.0000137
"Japan Business Press Co.,Ltd.",0.000096,0.0000754,0.0000206
"Weebly, Inc.",0.000096,0.000096,0
"Omnilert, LLC",0.000096,0,0.000096
"Apester Ltd.",0.000096,0.0000754,0.0000206
"Publir",0.000096,0.000096,0
"Network Solutions LLC",0.000096,0.000096,0
"SoftBank Group Corp.",0.000096,0.0000823,0.0000137
"Benhauer sp. z o.o.",0.000096,0.000096,0
"Capital One Financial Corporation",0.000096,0.000096,0
"Radiant Media Player EURL",0.000096,0.0000823,0.0000137
"CoreMedia AG",0.000096,0.000048,0.000048
"Vergic AB",0.000096,0.00000686,0.0000892
"Metrics Delivered LLC",0.000096,0.0000823,0.0000137
"AfterShip Ltd.",0.000096,0.000096,0
"StreamGuys, Inc.",0.000096,0.0000274,0.0000686
"Epic Systems Corporation",0.000096,0.0000823,0.0000137
"Golpe",0.000096,0.0000549,0.0000412
"Optimise Media (UK) Limited",0.000096,0.0000754,0.0000206
"E-Diary Pty Ltd",0.000096,0.0000754,0.0000206
"Codigo",0.000096,0.000096,0
"Outside Magazine",0.000096,0.000096,0
"Zazzle Inc.",0.0000892,0,0.0000892
"Viator, Inc.",0.0000892,0.0000754,0.0000137
"Aperia Solutions, Inc.",0.0000892,0.0000892,0
"Salem Communications Corporation",0.0000892,0.0000274,0.0000617
"Five Q",0.0000892,0.0000892,0
"JustAnswer LLC",0.0000892,0.0000892,0
"EISYS,Inc.",0.0000892,0.0000892,0
"US Bank",0.0000892,0.0000823,0.00000686
"Team Internet AG",0.0000892,0,0.0000892
"RichRelevance",0.0000892,0.0000892,0
"Adeptmind Inc.",0.0000892,0.0000549,0.0000343
"Searchanise",0.0000892,0.0000343,0.0000549
"Terminus",0.0000892,0.0000686,0.0000206
"Proofpoint, Inc.",0.0000892,0.0000343,0.0000549
"Shogun Labs, Inc.",0.0000892,0.0000686,0.0000206
"NYP Holdings, Inc",0.0000892,0.00000686,0.0000823
"TrafMag",0.0000892,0.0000892,0
"Linc Global, Inc",0.0000892,0.0000754,0.0000137
"Mobvista",0.0000892,0.0000343,0.0000549
"Rijksoverheid",0.0000892,0.0000892,0
"Sprocket Co., Ltd.",0.0000892,0.0000892,0
"NFL Enterprises LLC",0.0000892,0.0000343,0.0000549
"Fiserv, Inc.",0.0000892,0.0000549,0.0000343
"Community Newspaper Holdings, Inc.",0.0000892,0,0.0000892
"ConfigCat Service and Development Limited Liability Company",0.0000823,0,0.0000823
"EDICIONES EL PAIS S.L.",0.0000823,0.0000617,0.0000206
"Koninklijke Ahold Delhaize N.V.",0.0000823,0.0000412,0.0000412
"fullspeed",0.0000823,0.0000754,0.00000686
"Survata, Inc.",0.0000823,0,0.0000823
"SEMrush CY LTD",0.0000823,0.0000549,0.0000274
"Experian PLC",0.0000823,0.0000823,0
"Expert Systems AG",0.0000823,0.0000412,0.0000412
"Innity Sdn Bhd",0.0000823,0.000048,0.0000343
"J2 Global Inc.",0.0000823,0.0000754,0.00000686
"eyeReturn Marketing Inc.",0.0000823,0,0.0000823
"Vertigo Studio SRL",0.0000823,0.000048,0.0000343
"ASDF Informatika Kft.",0.0000823,0.0000823,0
"Random House IT",0.0000823,0.0000823,0
"Wikihow Inc.",0.0000823,0,0.0000823
"BitBalloon",0.0000823,0.0000274,0.0000549
"Net Reviews SAS",0.0000823,0.000048,0.0000343
"rewardStyle, Inc.",0.0000823,0.0000343,0.000048
"Q4 Inc.",0.0000823,0.0000206,0.0000617
"Greenhouse Software",0.0000823,0,0.0000823
"GP One GmbH",0.0000823,0.0000754,0.00000686
"Supply Frame, Inc.",0.0000823,0.0000823,0
"City of Los Angeles",0.0000823,0,0.0000823
"Fandom, Inc.",0.0000823,0.0000412,0.0000412
"Thunderhead.com Limited",0.0000823,0.0000549,0.0000274
"GROCERY DELIVERY E-SERVICES USA INC",0.0000823,0.000048,0.0000343
"RTR company",0.0000823,0.0000549,0.0000274
"Radial Inc",0.0000823,0.0000823,0
"Viqeo LLC.",0.0000823,0.0000823,0
"Ovative Group",0.0000823,0.0000823,0
"Loop11",0.0000823,0.0000549,0.0000274
"SAS Institute Inc.",0.0000823,0.0000206,0.0000617
"GCN Publishing, Inc.",0.0000823,0.0000206,0.0000617
"Barilliance Ltd",0.0000823,0,0.0000823
"Graham Media Group",0.0000823,0.0000823,0
"Internet Corporation for Assigned Names and Numbers",0.0000754,0,0.0000754
"Trip.com Group Limited",0.0000754,0.0000343,0.0000412
"Media Global Stage Co., Ltd.",0.0000754,0,0.0000754
"IBI Group",0.0000754,0,0.0000754
"TVPage, Inc.",0.0000754,0.0000754,0
"Ravana, LLC",0.0000754,0,0.0000754
"AdPlugg",0.0000754,0.0000617,0.0000137
"Roblox Corporation",0.0000754,0,0.0000754
"AKINASISTA",0.0000754,0.0000686,0.00000686
"Printful Inc.",0.0000754,0.0000754,0
"Arkose Labs, Inc.",0.0000754,0.0000754,0
"Arizona Department of Administration",0.0000754,0.0000754,0
"VNG Corporation",0.0000754,0.0000549,0.0000206
"Sitelock LLC",0.0000754,0.0000754,0
"Wootric",0.0000754,0.0000412,0.0000343
"GRV Media",0.0000754,0.0000754,0
"TradeTracker FZ-LLC",0.0000754,0.00000686,0.0000686
"Arial Software LLC",0.0000754,0.0000754,0
"AB Dagens Nyheter",0.0000754,0.0000617,0.0000137
"Breinify Inc.",0.0000754,0.0000617,0.0000137
"User1st",0.0000754,0.0000754,0
"Advanced Reservation Systems",0.0000754,0.0000754,0
"Tenor, Inc.",0.0000754,0.00000686,0.0000686
"PRESIDÊNCIA DA REPÚBLICA",0.0000754,0.000048,0.0000274
"Wiland, Inc.",0.0000754,0,0.0000754
"Splunk, Inc.",0.0000754,0.0000274,0.000048
"Go Travel Un Limited",0.0000754,0.0000137,0.0000617
"Plotly, Inc",0.0000754,0.0000754,0
"Corsair Memory, Inc",0.0000754,0.0000617,0.0000137
"Schibsted Media Group",0.0000754,0.0000549,0.0000206
"DataTech Systems, LLC",0.0000754,0.0000137,0.0000617
"FlixMobility GmbH",0.0000754,0.0000754,0
"PubNub",0.0000754,0.0000206,0.0000549
"Move Inc.",0.0000754,0.0000412,0.0000343
"United Internet AG",0.0000754,0.0000617,0.0000137
"CDNetworks Co., LTD.",0.0000754,0.0000206,0.0000549
"RevLifter Limited",0.0000754,0.0000412,0.0000343
"Defense Media Activity",0.0000754,0.0000343,0.0000412
"IgnitionOne, LLC",0.0000754,0,0.0000754
"Ask Locala SAS",0.0000754,0.0000617,0.0000137
"Accuweather, Inc.",0.0000754,0.0000343,0.0000412
"Acquia, Inc",0.0000754,0,0.0000754
"Medianova Internet Hizmetleri A.S.",0.0000754,0.0000137,0.0000617
"PA Media Group",0.0000754,0.000048,0.0000274
"Dig Inc.",0.0000754,0,0.0000754
"c2b s.a.",0.0000754,0.0000412,0.0000343
"detik.com",0.0000686,0.0000617,0.00000686
"Shopstyle Inc.",0.0000686,0,0.0000686
"BannerFlow AB",0.0000686,0.0000617,0.00000686
"PagesJaunes SA",0.0000686,0.0000686,0
"Luigi's Box, s.r.o.",0.0000686,0.00000686,0.0000617
"Beijing Kuaishou Technology Ltd.",0.0000686,0.0000686,0
"Repro Inc.",0.0000686,0.000048,0.0000206
"ActBlue LLC",0.0000686,0.0000686,0
"42 Ads GmbH",0.0000686,0.0000137,0.0000549
"Cong Ty Co Phan VCCORP",0.0000686,0.0000686,0
"EZ Publishing Inc.",0.0000686,0.0000686,0
"Ably Real-time Ltd",0.0000686,0.000048,0.0000206
"KELLEY BLUE BOOK CO., INC.",0.0000686,0.0000617,0.00000686
"W3C",0.0000686,0.0000617,0.00000686
"INTER CITY ADS (MALAYSIA) SDN. BHD",0.0000686,0.0000549,0.0000137
"Callnovo Inc",0.0000686,0.0000686,0
"eSell Solutions Ltd. DBA MonetizeMore",0.0000686,0.0000274,0.0000412
"viagogo AG",0.0000686,0.000048,0.0000206
"U.S. Geological Survey",0.0000686,0.00000686,0.0000617
"KAPANLAGI NETWORK",0.0000686,0.0000343,0.0000343
"Associated Newspapers Limited",0.0000686,0.000048,0.0000206
"FIDBEC",0.0000686,0.0000686,0
"Silver Egg Technology CO.,Ltd.",0.0000686,0,0.0000686
"MLB Advanced Media, LP",0.0000686,0.0000206,0.000048
"Acast AB",0.0000686,0.0000412,0.0000274
"Uniqodo Limited",0.0000686,0.000048,0.0000206
"WebMD, LLC",0.0000686,0.0000686,0
"SproutVideo, LLC",0.0000686,0.0000206,0.000048
"giosg.com Ltd.",0.0000686,0.0000686,0
"Datatrac Corp",0.0000686,0.0000412,0.0000274
"Nine Entertainment Co.",0.0000686,0.0000686,0
"THRON SPA",0.0000686,0,0.0000686
"Barilliance Systems Ltd.",0.0000686,0.0000686,0
"cloudinfra",0.0000686,0.0000617,0.00000686
"Alpred, S.L.",0.0000686,0.0000686,0
"USRelay Corp",0.0000617,0.00000686,0.0000549
"LogMeIn, Inc.",0.0000617,0,0.0000617
"BrightLine Partners LLC",0.0000617,0.0000137,0.000048
"DeNA Co., Ltd.",0.0000617,0,0.0000617
"YOUR.ORG, INC.",0.0000617,0,0.0000617
"Collective, Inc.",0.0000617,0,0.0000617
"ConsumerTrack Inc.",0.0000617,0.000048,0.0000137
"Bootstrap Chinese website",0.0000617,0.0000137,0.000048
"CartHook Inc",0.0000617,0,0.0000617
"PJSC MegaFon",0.0000617,0.0000343,0.0000274
"Albacross Nordic AB",0.0000617,0.0000617,0
"THE TRUSTEE FOR POH FAMILY TRUST",0.0000617,0.0000617,0
"GMO GlobalSign, Inc.",0.0000617,0.0000549,0.00000686
"Dable",0.0000617,0.0000617,0
"Getty Images, Inc.",0.0000617,0.0000206,0.0000412
"Omacro LLC",0.0000617,0.0000617,0
"LeadToChanges L.L.C-FZ",0.0000617,0.000048,0.0000137
"Zmags Corp.",0.0000617,0.0000412,0.0000206
"Qualifio SPRL",0.0000617,0.000048,0.0000137
"ORCHID MEDIA Limited",0.0000617,0.0000617,0
"Tagboard",0.0000617,0.0000343,0.0000274
"HappyFox Inc",0.0000617,0,0.0000617
"Yelp Inc.",0.0000617,0.00000686,0.0000549
"British Broadcasting Corporation",0.0000617,0,0.0000617
"Renault SAS",0.0000617,0,0.0000617
"MasterCard International Incorporated",0.0000617,0.0000343,0.0000274
"BENJAMIN MEDIA A/S",0.0000617,0,0.0000617
"The Hut.com Ltd.",0.0000617,0,0.0000617
"Iterable, Inc.",0.0000617,0,0.0000617
"Elitech Group BV",0.0000617,0.0000617,0
"Bridgewell, Inc.",0.0000617,0.00000686,0.0000549
"上海聚效广告有限公司",0.0000617,0.0000549,0.00000686
"CutCom Software Inc.",0.0000617,0,0.0000617
"CAN Digital Solutions Ltd",0.0000617,0.0000617,0
"Robin Software B.V.",0.0000617,0,0.0000617
"Jetpack Digital, LLC",0.0000617,0.0000412,0.0000206
"adidas AG",0.0000617,0.000048,0.0000137
"RCS Mediagroup S.p.A",0.0000617,0.0000549,0.00000686
"AutoScout24 GmbH",0.0000617,0.00000686,0.0000549
"Mailjet SAS",0.0000617,0,0.0000617
"Pelmorex Media Inc.",0.0000617,0,0.0000617
"BSH Hausgeräte GmbH",0.0000617,0,0.0000617
"Bauer Systems KG",0.0000617,0.0000274,0.0000343
"WebTrends Inc.",0.0000549,0.0000206,0.0000343
"Mueller Marken GmbH & Co. Betriebs-KG",0.0000549,0.0000206,0.0000343
"twiago GmbH",0.0000549,0.0000549,0
"Spektrix Ltd",0.0000549,0.0000549,0
"Shappify",0.0000549,0.0000274,0.0000274
"Pegasystems",0.0000549,0.0000412,0.0000137
"Welcome Media",0.0000549,0.0000549,0
"TokenEx, LLC",0.0000549,0,0.0000549
"CuteSoft.net",0.0000549,0.0000549,0
"INOMERA Arge ve Bilişim Hizmetleri A.Ş.",0.0000549,0,0.0000549
"Vidora, Inc.",0.0000549,0.0000412,0.0000137
"WillyWeather",0.0000549,0.000048,0.00000686
"Limited Liability Company NGENIX",0.0000549,0.0000137,0.0000412
"Findly Talent LLC",0.0000549,0.0000206,0.0000343
"JPMorgan Chase and Co.",0.0000549,0.0000412,0.0000137
"Indeed, Inc.",0.0000549,0.0000206,0.0000343
"Listhub",0.0000549,0.0000549,0
"State of California",0.0000549,0.0000343,0.0000206
"ESRI",0.0000549,0.0000549,0
"Virginia Information Technologies Agency",0.0000549,0.000048,0.00000686
"Bango.net Ltd",0.0000549,0,0.0000549
"Markit Group Limited",0.0000549,0.0000274,0.0000274
"Do512 LLC",0.0000549,0.0000549,0
"Liftoff Mobile, Inc.",0.0000549,0,0.0000549
"Lowe's Companies, Inc.",0.0000549,0.0000412,0.0000137
"Scripps Networks LLC",0.0000549,0.0000412,0.0000137
"Time and Date AS",0.0000549,0.0000206,0.0000343
"Guuru",0.0000549,0.0000549,0
"Thomann GmbH",0.0000549,0.000048,0.00000686
"Fit Analytics GmbH",0.0000549,0,0.0000549
"Poshmark, Inc.",0.0000549,0,0.0000549
"Valnet Inc",0.0000549,0,0.0000549
"Traverse Data, Inc.",0.0000549,0.0000549,0
"WiderPlanet Inc.",0.0000549,0.0000549,0
"Honda Motor Co.,Ltd.",0.0000549,0.0000412,0.0000137
"Orange",0.0000549,0.0000137,0.0000412
"Michal Vodrazka",0.0000549,0,0.0000549
"The Bishop Way, Inc.",0.0000549,0.0000549,0
"Emma Inc.",0.0000549,0,0.0000549
"中華電信股份有限公司",0.0000549,0.0000412,0.0000137
"County of Orange",0.0000549,0,0.0000549
"Safeway Inc",0.0000549,0.000048,0.00000686
"IntelliResponse",0.0000549,0.0000549,0
"Universo Online S.A.",0.0000549,0.0000412,0.0000137
"AB180 Inc.",0.0000549,0.0000549,0
"Qihoo 360 Technology Co. Ltd.",0.0000549,0.0000137,0.0000412
"United Online Communications, Inc.",0.0000549,0.0000343,0.0000206
"PressPage",0.0000549,0.0000274,0.0000274
"Findify AB",0.0000549,0.0000549,0
"Horizon Hobby",0.0000549,0,0.0000549
"Vantiv, LLC",0.0000549,0,0.0000549
"Park taejoon",0.0000549,0.0000206,0.0000343
"AbeBooks Inc.",0.0000549,0.0000549,0
"Meteorologisk Institutt",0.0000549,0,0.0000549
"Elemedia S.p.A.",0.0000549,0.000048,0.00000686
"Snagfilms",0.0000549,0.0000343,0.0000206
"idio",0.0000549,0.0000343,0.0000206
"Tweakwise.com B.V.",0.0000549,0.000048,0.00000686
"AXS",0.0000549,0,0.0000549
"emfluence, llc",0.0000549,0.0000549,0
"Movio",0.0000549,0,0.0000549
"Gray Television",0.0000549,0,0.0000549
"Sajari",0.0000549,0,0.0000549
"Gubagoo, Inc",0.0000549,0.0000549,0
"NASCAR",0.0000549,0.0000549,0
"Frosmo Ltd",0.0000549,0,0.0000549
"Ultimate Guitar USA LLC",0.0000549,0.0000274,0.0000274
"Arkansas Democrat Gazette",0.0000549,0,0.0000549
"Sports Warehouse",0.0000549,0,0.0000549
"DeepL GmbH",0.0000549,0,0.0000549
"SquareOffs LLC",0.000048,0.000048,0
"Berkeley Electronic Press",0.000048,0.0000412,0.00000686
"StumbleUpon Inc",0.000048,0,0.000048
"CPX Interactive",0.000048,0,0.000048
"Deere and Company",0.000048,0.0000412,0.00000686
"Programmatic Mechanics",0.000048,0,0.000048
"BlueSnap Inc",0.000048,0.000048,0
"Adacado",0.000048,0,0.000048
"Bergfreunde GmbH",0.000048,0.000048,0
"ZPR Media Group",0.000048,0.000048,0
"NIC.UA LLC",0.000048,0.000048,0
"Trengo",0.000048,0.000048,0
"eRecht24 - Karsten Fernkorn & Soeren Siebert",0.000048,0,0.000048
"Guardian News & Media Limited",0.000048,0,0.000048
"DOORBELL.IO LTD",0.000048,0.0000274,0.0000206
"Foursquare Labs, Inc.",0.000048,0.0000412,0.00000686
"Bass Pro Shops",0.000048,0.0000412,0.00000686
"ShopLocal, LLC.",0.000048,0,0.000048
"Canonical, Ltd.",0.000048,0.0000137,0.0000343
"Leaping Frog Studios",0.000048,0,0.000048
"Prometheus Global Media, LLC",0.000048,0,0.000048
"FinancialContent Services Inc",0.000048,0.0000137,0.0000343
"SourceForge Media, LLC",0.000048,0.0000343,0.0000137
"Static Stuff LLC",0.000048,0.00000686,0.0000412
"Newsmax Media, Inc.",0.000048,0.00000686,0.0000412
"SK Acquisition Ltd.",0.000048,0.000048,0
"STUDIO 19 RENTALS PTY LTD",0.000048,0.0000412,0.00000686
"Dick's Sporting Goods",0.000048,0.0000343,0.0000137
"LEGO System A/S",0.000048,0.0000206,0.0000274
"MyHeritage Ltd.",0.000048,0.000048,0
"Turkticaret.Net",0.000048,0.0000412,0.00000686
"Helpshift, Inc.",0.000048,0.000048,0
"CVS Pharmacy Inc",0.000048,0.000048,0
"7Pixel srl",0.000048,0,0.000048
"Dow Jones & Company, Inc.",0.000048,0.0000137,0.0000343
"Ford Motor Company",0.000048,0.0000412,0.00000686
"Spreedly, Inc.",0.000048,0.000048,0
"DASSAULT SYSTEMES SE",0.000048,0.000048,0
"152 Media LLC",0.000048,0.0000137,0.0000343
"Performance Horizon Group",0.000048,0,0.000048
"Gunosy Inc",0.000048,0.0000137,0.0000343
"FastG8",0.000048,0,0.000048
"SendPulse Inc",0.000048,0.0000137,0.0000343
"Intelligentreach",0.000048,0.000048,0
"Gumroad, Inc.",0.000048,0.000048,0
"Saudi Arabia Public Investment Fund",0.000048,0,0.000048
"Snapsort Inc.",0.000048,0,0.000048
"Toby Marsden",0.000048,0.00000686,0.0000412
"EBSCO Industries, Inc.",0.000048,0.0000137,0.0000343
"Groove Networks LLC",0.000048,0.000048,0
"Live Nation Entertainment",0.000048,0.0000137,0.0000343
"McAfee LLC",0.000048,0,0.000048
"LLC CDN-video",0.000048,0.0000274,0.0000206
"Penguin Random House, LLC",0.000048,0.0000137,0.0000343
"UJET INC",0.000048,0.000048,0
"Riot Games, Inc. (Tencent subsidiary)",0.000048,0.0000274,0.0000206
"MidwayUSA",0.000048,0.0000274,0.0000206
"ZFERRAL INC",0.000048,0.0000206,0.0000274
"QuestionPro Inc",0.000048,0.0000343,0.0000137
"United Online, Inc.",0.000048,0.0000343,0.0000137
"System1, LLC",0.000048,0.0000274,0.0000206
"James Robinson",0.000048,0,0.000048
"Canopy Education Inc.",0.000048,0.000048,0
"VISA INTERNATIONAL SERVICE ASSOCIATION",0.000048,0.0000206,0.0000274
"Cox Enterprises, Inc.",0.000048,0.0000274,0.0000206
"Roy Morgan Research Ltd.",0.000048,0,0.000048
"TP-LINK TECHNOLOGIES CO., LTD.",0.000048,0.0000343,0.0000137
"TD Bank Financial Group",0.000048,0.0000206,0.0000274
"Valve Corp.",0.000048,0.0000274,0.0000206
"AdSpirit GmbH",0.000048,0.0000412,0.00000686
"Novi Digital Entertainment Pvt. Ltd.",0.000048,0.0000137,0.0000343
"TitanTV, Inc",0.000048,0.000048,0
"Sparkassen-Finanzportal GmbH",0.000048,0.000048,0
"econda GmbH",0.000048,0,0.000048
"Market Connect",0.000048,0.0000343,0.0000137
"InMoment, Inc.",0.000048,0.0000412,0.00000686
"OSX TECHLABS PRIVATE LIMITED",0.000048,0.0000343,0.0000137
"Global Reach",0.000048,0,0.000048
"Citynews Srl",0.000048,0.000048,0
"TI Media",0.000048,0,0.000048
"Daimler AG",0.000048,0.000048,0
"Sakura Internet Inc.",0.0000412,0.0000137,0.0000274
"GeoComply Global Inc",0.0000412,0.0000343,0.00000686
"Evolution Technologies INC.",0.0000412,0,0.0000412
"ACCOR SA",0.0000412,0.0000137,0.0000274
"Automatic Data Processing, Inc.",0.0000412,0.0000343,0.00000686
"VideoByte, Inc.",0.0000412,0,0.0000412
"DataFeedFile.com",0.0000412,0.0000206,0.0000206
"The New York Times Company",0.0000412,0.00000686,0.0000343
"Team Lab Inc.",0.0000412,0.0000343,0.00000686
"Kaizen Platform, Inc.",0.0000412,0.0000412,0
"Adverticum Zrt.",0.0000412,0.0000343,0.00000686
"Ethnio",0.0000412,0,0.0000412
"Logos Bible Software",0.0000412,0.0000343,0.00000686
"Mozilla Foundation",0.0000412,0,0.0000412
"Dogan Internet Yayinciligi ve Yatirim A.S.",0.0000412,0.0000412,0
"Jimdo GmbH",0.0000412,0.0000412,0
"Realtime Technologies GmbH",0.0000412,0.0000274,0.0000137
"Zeit, Inc",0.0000412,0.0000412,0
"Telstra Corporation Limited",0.0000412,0.0000343,0.00000686
"Dish Network LLC",0.0000412,0.00000686,0.0000343
"International Data Group, Inc.",0.0000412,0.0000274,0.0000137
"Media Ingea SL",0.0000412,0.0000343,0.00000686
"Beijing Sumi Times Technology Co., Ltd.",0.0000412,0.0000137,0.0000274
"OverDrive, Inc.",0.0000412,0,0.0000412
"Maverick Inc.",0.0000412,0.0000343,0.00000686
"Benchmark Internet Group,LLC",0.0000412,0.0000412,0
"AirTight Design",0.0000412,0,0.0000412
"Adevinta ASA",0.0000412,0,0.0000412
"SQUARE ENIX CO., LTD.",0.0000412,0.0000343,0.00000686
"District M Inc.",0.0000412,0,0.0000412
"北京沃丰时代数据科技有限公司",0.0000412,0.0000274,0.0000137
"Media Today",0.0000412,0.0000137,0.0000274
"eHealthcare Solutions, LLC",0.0000412,0.0000343,0.00000686
"ItaliaOnLine SpA",0.0000412,0.0000343,0.00000686
"Typotheque",0.0000412,0,0.0000412
"Citrix Systems Inc",0.0000412,0.0000137,0.0000274
"Slack Technologies, Inc.",0.0000412,0,0.0000412
"Quadran",0.0000412,0.0000412,0
"Houzz Inc.",0.0000412,0,0.0000412
"DocuSign, Inc.",0.0000412,0.0000137,0.0000274
"J-Stream Inc.",0.0000412,0,0.0000412
"LUST PRODUCTIONS S.L.",0.0000412,0,0.0000412
"IDNM CO.",0.0000412,0,0.0000412
"NET SOLUTION PARTNER Sarl",0.0000412,0.0000137,0.0000274
"EDITORA GLOBO S/A.",0.0000412,0.0000206,0.0000206
"上海千画网络科技有限公司",0.0000412,0,0.0000412
"GitLab B.V.",0.0000412,0,0.0000412
"Adtegrity.com, Inc.",0.0000412,0,0.0000412
"Healthline",0.0000412,0.0000412,0
"247 Customer Inc",0.0000412,0.0000412,0
"Inrifle Co., Ltd.",0.0000412,0.0000343,0.00000686
"DTG B.V.",0.0000412,0.0000412,0
"Crossref",0.0000412,0,0.0000412
"Investis Ltd.",0.0000412,0.0000274,0.0000137
"Digital Science Research Solutions Inc",0.0000412,0.0000274,0.0000137
"Vizzit International AB",0.0000412,0.0000343,0.00000686
"Morgan Stanley",0.0000412,0.0000412,0
"Mega Limited",0.0000412,0,0.0000412
"MEDIACORP PTE. LTD.",0.0000412,0.0000412,0
"Moxie Software Inc.",0.0000412,0.0000412,0
"HS Media LLC",0.0000412,0.0000412,0
"News Corporation",0.0000412,0.0000137,0.0000274
"General Motors LLC",0.0000412,0.0000343,0.00000686
"Metrilo LTD",0.0000412,0.0000412,0
"Cylindo LLC",0.0000412,0,0.0000412
"InfiSecure Solutions Pvt Ltd",0.0000412,0,0.0000412
"Rontar",0.0000412,0.0000412,0
"Newsday LLC",0.0000412,0,0.0000412
"United States Department of Treasury",0.0000412,0.0000412,0
"Ant Financial Services Group",0.0000412,0.0000412,0
"SpareFoot Inc.",0.0000412,0.0000412,0
"PKSHA Technology Inc.",0.0000412,0.0000343,0.00000686
"Etsy, Inc.",0.0000412,0.00000686,0.0000343
"See the Same S.L",0.0000412,0.0000412,0
"The McClatchy Company",0.0000412,0.0000137,0.0000274
"News UK & Ireland Ltd",0.0000412,0.0000274,0.0000137
"Canada Post Corporation",0.0000412,0.0000274,0.0000137
"Admeen B.V.",0.0000412,0.0000412,0
"American Airlines Inc",0.0000412,0.0000412,0
"KONINKLIJKE LUCHTVAART MAATSCHAPPIJ N.V.",0.0000412,0.0000412,0
"AMC Networks INC.",0.0000412,0,0.0000412
"AnyClip Ltd.",0.0000412,0.0000274,0.0000137
"Anthem, Inc.",0.0000412,0.0000206,0.0000206
"Soundest Limited",0.0000412,0.0000343,0.00000686
"OLX Global B.V.",0.0000412,0.0000274,0.0000137
"Qubeeo Ltd",0.0000412,0.0000412,0
"Secure Live Media, LLC",0.0000412,0.0000412,0
"CBC Cologne Broadcasting Center GmbH",0.0000412,0.00000686,0.0000343
"Avangrid, inc",0.0000412,0,0.0000412
"R.T.I S.p.A.",0.0000412,0.0000137,0.0000274
"Daybreak Game Company LLC",0.0000412,0.0000206,0.0000206
"Fiat Chrysler Automobiles",0.0000412,0.0000274,0.0000137
"Questex LLC",0.0000412,0,0.0000412
"Vizbee, Inc.",0.0000412,0.0000412,0
"PLAYGROUND XYZ",0.0000412,0.0000412,0
"RealMatch Ltd",0.0000412,0.0000412,0
"Service Management Group",0.0000412,0.0000274,0.0000137
"NUI Media",0.0000412,0.0000412,0
"Nieme Beheer B.V.",0.0000412,0.0000343,0.00000686
"GoEuro Travel GmbH",0.0000412,0.00000686,0.0000343
"trivago N.V.",0.0000412,0.0000206,0.0000206
"Zalando SE",0.0000412,0.0000412,0
"OhYeah, Inc.",0.0000343,0.0000137,0.0000206
"Castle Rock Associates",0.0000343,0,0.0000343
"Xsolla (USA), Inc",0.0000343,0.0000343,0
"Mixpo Inc.",0.0000343,0.0000274,0.00000686
"About You GmbH",0.0000343,0.0000343,0
"Wuhan Jiyi Network Technology Co., Ltd.",0.0000343,0.0000274,0.00000686
"COGNOSPHERE PTE. LTD.",0.0000343,0.0000343,0
"Bright Pattern, Inc",0.0000343,0.0000274,0.00000686
"Whether or Knot LLC",0.0000343,0.0000274,0.00000686
"SatisMeter",0.0000343,0.0000343,0
"Upland Software Inc.",0.0000343,0.0000137,0.0000206
"DudeSolutions, Inc.",0.0000343,0.0000206,0.0000137
"Meredith Corporation",0.0000343,0.00000686,0.0000274
"Wengo",0.0000343,0,0.0000343
"WENGO SAS",0.0000343,0.00000686,0.0000274
"Amedia Utvikling AS",0.0000343,0.0000343,0
"Baron Services, Inc.",0.0000343,0.0000343,0
"B&H Photo",0.0000343,0.0000274,0.00000686
"IZENPE S.A.",0.0000343,0,0.0000343
"StartupFlow Dawid Adach, Michał Szymański s.c.",0.0000343,0,0.0000343
"Teachers Insurance and Annuity Association of America",0.0000343,0.0000343,0
"Carfax, Inc.",0.0000343,0.0000274,0.00000686
"Web.com Group, Inc.",0.0000343,0.0000137,0.0000206
"Rogers Communications Inc.",0.0000343,0.0000343,0
"LoginRadius, Inc.",0.0000343,0,0.0000343
"Ve Global UK Limited",0.0000343,0,0.0000343
"Syncronex",0.0000343,0.0000343,0
"Deluxe Enterprise Operations, LLC",0.0000343,0.0000274,0.00000686
"ClustrMaps",0.0000343,0,0.0000343
"Binance Holdings Ltd.",0.0000343,0,0.0000343
"Woorank sa",0.0000343,0.0000274,0.00000686
"NSONE Inc",0.0000343,0.0000206,0.0000137
"Ruler Analytics Limited",0.0000343,0.0000274,0.00000686
"Havas SA",0.0000343,0.0000343,0
"Lasso Data Systems Inc",0.0000343,0.0000343,0
"ZOETOP Business Co., Limited",0.0000343,0.0000274,0.00000686
"Kingsoft Corporation",0.0000343,0,0.0000343
"DISTIL NETWORKS, INC.",0.0000343,0.0000343,0
"Luxottica Group SpA",0.0000343,0.0000206,0.0000137
"Crocs, Inc.",0.0000343,0.0000343,0
"Entrust, Inc.",0.0000343,0,0.0000343
"Nguyen Kent",0.0000343,0.0000343,0
"Content.ad",0.0000343,0,0.0000343
"Dudin Alexandr",0.0000343,0,0.0000343
"dimelo sas",0.0000343,0.0000274,0.00000686
"APA-Austria Presse Agentur eG",0.0000343,0,0.0000343
"Twenty-First Century Fox, Inc.",0.0000343,0,0.0000343
"Penske Media Corporation",0.0000343,0,0.0000343
"Mention Me Ltd",0.0000343,0.0000343,0
"Webscale Networks",0.0000343,0.0000343,0
"Moosite SL",0.0000343,0.0000137,0.0000206
"Unreel Entertainment LLC",0.0000343,0,0.0000343
"Holland & Barrett Retail Limited",0.0000343,0,0.0000343
"US Department of the Interior",0.0000343,0.0000343,0
"Lexyl Travel Technologies LLC",0.0000343,0.0000274,0.00000686
"Ingram Industries Inc.",0.0000343,0.0000343,0
"3CX LTD",0.0000343,0.0000343,0
"Hexasoft Development Sdn. Bhd.",0.0000343,0.0000206,0.0000137
"TARGUS Information Corporation",0.0000343,0,0.0000343
"BiliBili Inc.",0.0000343,0.0000274,0.00000686
"Open Text Corporation",0.0000343,0.0000343,0
"Apptentive Inc.",0.0000343,0.0000343,0
"Green Venture LLC",0.0000343,0.0000274,0.00000686
"Reliance Industries Limited",0.0000343,0.00000686,0.0000274
"Knowledge Adventure, Inc.",0.0000343,0,0.0000343
"Cint AB",0.0000343,0.0000343,0
"3Play Media, Inc",0.0000343,0.0000137,0.0000206
"YOSUKE SUZUKI",0.0000343,0.0000343,0
"Quivers International, Inc.",0.0000343,0.0000343,0
"ETRADE Financial Corporation",0.0000343,0.0000343,0
"Pricerunner International AB",0.0000343,0,0.0000343
"Hive Intelligence Ltd",0.0000343,0.0000343,0
"Nationwide Mutual Insurance Company",0.0000343,0.0000343,0
"Warner Music Group",0.0000343,0.0000343,0
"Mayo Foundation for Medical Education and Research",0.0000343,0.0000274,0.00000686
"Nissan Motor Co., Ltd.",0.0000343,0.0000137,0.0000206
"Coolmath.com, LLC",0.0000343,0.0000137,0.0000206
"NTT Resonant Inc.",0.0000343,0.0000274,0.00000686
"Soostone Inc",0.0000343,0,0.0000343
"Three Deep Marketing & Sales Solutions",0.0000343,0.0000343,0
"Digital Throttle LLC",0.0000343,0.0000137,0.0000206
"ParentSquare",0.0000343,0.0000343,0
"Turkuvaz Mobil Hizmetler A.Þ",0.0000343,0.0000274,0.00000686
"Massachusetts Institute of Technology",0.0000343,0.00000686,0.0000274
"Saavn, LLC",0.0000343,0.0000137,0.0000206
"Major League Soccer LLC.",0.0000343,0,0.0000343
"A Medium Corporation",0.0000343,0.0000343,0
"Arizona State University",0.0000343,0.0000274,0.00000686
"Cyan Blue Odds Limited",0.0000343,0,0.0000343
"QuoteLab, LLC",0.0000343,0.0000206,0.0000137
"LoveToKnow",0.0000343,0.0000274,0.00000686
"Audacy, Inc.",0.0000343,0,0.0000343
"Acquisio inc.",0.0000343,0.0000343,0
"Alma Media Oyj",0.0000343,0.0000137,0.0000206
"rapidmail GmbH",0.0000343,0,0.0000343
"InterCall Canada, Inc.",0.0000343,0.0000343,0
"DO YOU DREAM UP SAS",0.0000343,0.0000343,0
"Linguatec GmbH",0.0000343,0.0000343,0
"Vail Resorts Inc.",0.0000343,0.0000343,0
"Forum Communications Company",0.0000343,0,0.0000343
"Freecaster SPRL",0.0000343,0.0000343,0
"Bike24 GmbH",0.0000343,0.0000343,0
"Psyma Group AG",0.0000343,0,0.0000343
"OtherLevels Inc",0.0000343,0.0000274,0.00000686
"CenturyLink, Inc.",0.0000343,0,0.0000343
"Wishpond Technologies Ltd.",0.0000343,0.0000343,0
"Eulerian Technologies",0.0000343,0.0000206,0.0000137
"Humana Inc.",0.0000343,0,0.0000343
"Commonwealth of Pennsylvania",0.0000343,0.0000343,0
"dm-drogerie markt GmbH + Co. KG",0.0000343,0,0.0000343
"State of New Mexico",0.0000343,0,0.0000343
"National Archives and Records Administration",0.0000343,0.0000343,0
"Next PLC",0.0000343,0.0000343,0
"BYSIDE - LEAD ACTIVATION, S.A.",0.0000343,0.0000274,0.00000686
"Foot Locker Retail, Inc.",0.0000343,0,0.0000343
"The Progressive Corporation",0.0000343,0.0000343,0
"Sport Ngin",0.0000343,0.0000343,0
"HT Media Ltd.",0.0000343,0.0000343,0
"Miami-Dade County",0.0000343,0.0000274,0.00000686
"Myunidays Ltd",0.0000343,0,0.0000343
"Cvent, Inc.",0.0000343,0,0.0000343
"SKODA AUTO a.s.",0.0000343,0.0000343,0
"NHS Digital",0.0000274,0,0.0000274
"OVERUS SERVICES LIMITED",0.0000274,0.0000206,0.00000686
"1-800-FLOWERS.COM, INC.",0.0000274,0.0000137,0.0000137
"LiquidHub Inc.",0.0000274,0,0.0000274
"Site Meter Inc.",0.0000274,0,0.0000274
"Limelight Networks, Inc.",0.0000274,0.0000137,0.0000137
"marmalade GmbH",0.0000274,0.00000686,0.0000206
"Bright Data Ltd.",0.0000274,0.0000137,0.0000137
"TheTVDB",0.0000274,0,0.0000274
"Secretaria de la Funcion Publica",0.0000274,0.0000206,0.00000686
"HighWire Press Inc",0.0000274,0.0000274,0
"Rating-Widget, Inc.",0.0000274,0,0.0000274
"APEX INC.",0.0000274,0,0.0000274
"Sina Corporation",0.0000274,0.00000686,0.0000206
"Andrew Bernstein",0.0000274,0.0000206,0.00000686
"Corey Tisdale",0.0000274,0,0.0000274
"CONCAVE inc.",0.0000274,0,0.0000274
"Kaisa Technologies AB",0.0000274,0.0000274,0
"Cornell University",0.0000274,0.0000137,0.0000137
"Cornell Lab of Ornithology",0.0000274,0,0.0000274
"TicketNetwork",0.0000274,0.0000274,0
"Al Jazeera Media Network",0.0000274,0,0.0000274
"Forbes Media LLC",0.0000274,0,0.0000274
"Alclear, LLC",0.0000274,0,0.0000274
"Yodle",0.0000274,0.00000686,0.0000206
"Compagnie Generale des Etablissements Michelin",0.0000274,0,0.0000274
"Adtraction Marketing AB",0.0000274,0.0000206,0.00000686
"Zaklada Infobip Foundation",0.0000274,0.0000206,0.00000686
"ONEALL SARL",0.0000274,0.0000274,0
"About, Inc.",0.0000274,0.0000274,0
"Cheezburger",0.0000274,0.0000274,0
"Citigroup Inc.",0.0000274,0.0000274,0
"MacPaw Inc.",0.0000274,0.0000274,0
"GROUPE CANAL +",0.0000274,0.0000274,0
"WalletConnect",0.0000274,0,0.0000274
"T3CH.com LLC",0.0000274,0.00000686,0.0000206
"Wedia",0.0000274,0,0.0000274
"Lieberman, Michael",0.0000274,0.0000274,0
"ZeBestOf",0.0000274,0,0.0000274
"Bankrate, LLC",0.0000274,0,0.0000274
"RevZilla Motorsports LLC",0.0000274,0.0000274,0
"Chatango LLC.",0.0000274,0.0000274,0
"LOPER LAND",0.0000274,0.0000274,0
"CDNJS",0.0000274,0,0.0000274
"QUANT, Inc.",0.0000274,0.00000686,0.0000206
"BS PAYONE GmbH",0.0000274,0,0.0000274
"iHerb, LLC",0.0000274,0.0000206,0.00000686
"Ancestry.com Operations Inc.",0.0000274,0.0000206,0.00000686
"Fabien Pinckaers",0.0000274,0.00000686,0.0000206
"Nike, Inc.",0.0000274,0.0000137,0.0000137
"PUMA SE",0.0000274,0,0.0000274
"PHE, Inc",0.0000274,0.0000137,0.0000137
"Newegg Inc",0.0000274,0.0000137,0.0000137
"Hilton International Holding LLC",0.0000274,0.00000686,0.0000206
"OPTICSPLANET, INC.",0.0000274,0,0.0000274
"The Home Depot",0.0000274,0.0000137,0.0000137
"Barnes & Noble, Inc.",0.0000274,0.0000206,0.00000686
"Redbubble Ltd",0.0000274,0.0000206,0.00000686
"Generac Power Systems, Inc.",0.0000274,0,0.0000274
"Duke University Health System",0.0000274,0.0000274,0
"deviantART",0.0000274,0,0.0000274
"VeriSign, Inc.",0.0000274,0,0.0000274
"Elevio Pty Ltd",0.0000274,0.0000274,0
"주식회사 디시인사이드",0.0000274,0,0.0000274
"Coupang Corp.",0.0000274,0.0000274,0
"AISUM Inc.",0.0000274,0.0000274,0
"THEO Technologies",0.0000274,0,0.0000274
"vwd group Netherlands B.V.",0.0000274,0.0000274,0
"Mixcloud",0.0000274,0.0000137,0.0000137
"Landesoberbeoerde IT Baden-Wuerttemberg (BITBW)",0.0000274,0.0000274,0
"Webtype LLC",0.0000274,0,0.0000274
"Blizzard Entertainment, Inc.",0.0000274,0,0.0000274
"Lithium Technologies",0.0000274,0.00000686,0.0000206
"AVM Computersysteme Vertriebs GmbH",0.0000274,0.0000137,0.0000137
"Linehub",0.0000274,0,0.0000274
"Barchart.com Inc",0.0000274,0.0000137,0.0000137
"SK Group",0.0000274,0.0000274,0
"ZypMedia, Inc.",0.0000274,0,0.0000274
"WRI Nominees Ltd.",0.0000274,0,0.0000274
"FIVEACES INC",0.0000274,0.0000274,0
"Shutterstock Inc.",0.0000274,0.0000137,0.0000137
"MAFRA, a.s.",0.0000274,0.0000274,0
"Qumu",0.0000274,0.0000274,0
"Aetna Inc.",0.0000274,0,0.0000274
"Leaf Group LTD",0.0000274,0.0000206,0.00000686
"Literally.Media",0.0000274,0.0000206,0.00000686
"Kohler Co.",0.0000274,0.0000274,0
"USlegal, Inc.",0.0000274,0.0000274,0
"Flynndustries, LLC",0.0000274,0.0000274,0
"Hootsuite Inc.",0.0000274,0.0000274,0
"DEEZER",0.0000274,0.00000686,0.0000206
"Compubyte Limited",0.0000274,0.0000274,0
"TVN S.A.",0.0000274,0.0000274,0
"CCM BENCHMARK GROUP",0.0000274,0.0000274,0
"Spheracode",0.0000274,0.0000206,0.00000686
"NCsoft Corp.",0.0000274,0,0.0000274
"Ividence",0.0000274,0.00000686,0.0000206
"PAID ON RESULTS LTD",0.0000274,0.0000137,0.0000137
"Ascension Gaming Network, Inc.",0.0000274,0.00000686,0.0000206
"BitPay, Inc.",0.0000274,0.0000274,0
"Windstream Communications, LLC",0.0000274,0.0000274,0
"Altice USA, Inc.",0.0000274,0.0000137,0.0000137
"Cartful Solutions LLC",0.0000274,0.0000206,0.00000686
"Gartner, Inc.",0.0000274,0.0000206,0.00000686
"Die Socialisten Social Software Development GmbH",0.0000274,0.0000274,0
"vzaar",0.0000274,0,0.0000274
"Mohalla Tech Pvt. Ltd.",0.0000274,0.0000274,0
"Blackbaud, Inc.",0.0000274,0.0000274,0
"JustPremium",0.0000274,0.0000274,0
"Opentracker",0.0000274,0.0000274,0
"Impulse Studios",0.0000274,0.0000274,0
"FinalLevel OU",0.0000274,0,0.0000274
"Lampo Licensing, LLC",0.0000274,0.0000206,0.00000686
"C3 Metrics, Inc.",0.0000274,0.0000274,0
"U.S. Government",0.0000274,0,0.0000274
"HELLO UMI S.L.",0.0000274,0.0000206,0.00000686
"3Q GmbH",0.0000274,0.0000137,0.0000137
"Vancouver Free Press",0.0000274,0.0000274,0
"solute GmbH",0.0000274,0,0.0000274
"PERQ LLC",0.0000274,0.0000274,0
"AUSTRALIAN TOURISM DATA WAREHOUSE PTY LTD",0.0000274,0.0000274,0
"Charter Communications, Inc.",0.0000274,0.0000274,0
"Market Data Limited",0.0000274,0.0000137,0.0000137
"Motionpoint Corporation",0.0000274,0,0.0000274
"RawVoice",0.0000274,0.00000686,0.0000206
"Airbnb, Inc.",0.0000274,0,0.0000274
"ThoughtFabrics Solutions Pvt. Ltd.",0.0000274,0.0000206,0.00000686
"PactSafe, Inc.",0.0000274,0.0000274,0
"Asurion",0.0000274,0.0000206,0.00000686
"Volkswagen Group",0.0000274,0.0000274,0
"Bundesamt für Informatik und Telekommunikation BIT",0.0000274,0,0.0000274
"Learneo, Inc.",0.0000274,0.0000274,0
"TARROB WEB SERVICES",0.0000274,0.0000274,0
"AUBII GmbH",0.0000274,0.0000274,0
"Media Flint",0.0000274,0.0000274,0
"Europe Investor Direct AB",0.0000274,0.00000686,0.0000206
"MBTmedia",0.0000274,0.0000274,0
"Ceneo.pl sp. z o.o.",0.0000274,0,0.0000274
"SARJ, LLC",0.0000274,0.0000206,0.00000686
"L.S. Investments Limited",0.0000274,0.0000137,0.0000137
"Rainbow Media Holdings",0.0000274,0,0.0000274
"Trustyou GmbH",0.0000274,0.0000137,0.0000137
"Piaggio & C. S.p.A.",0.0000274,0,0.0000274
"CFI Group",0.0000274,0.0000137,0.0000137
"AdWerx",0.0000274,0,0.0000274
"Paste Media Group",0.0000274,0.0000274,0
"eOne Integrated Business Solutions",0.0000274,0.0000274,0
"adrule GmbH",0.0000274,0.0000274,0
"Accelia. Inc.",0.0000274,0,0.0000274
"Augmented Reality Concepts, Inc.",0.0000274,0.0000274,0
"Butterflyedition",0.0000274,0.00000686,0.0000206
"Universal Music Group",0.0000274,0.0000137,0.0000137
"ConsumerAffairs",0.0000274,0.0000137,0.0000137
"Hauptverband der oesterreichischen Sozialversicherungstraeger",0.0000274,0.0000274,0
"The Church of Jesus Christ of Latter-day Saints",0.0000274,0.0000206,0.00000686
"CommuniThink",0.0000274,0.00000686,0.0000206
"TomTom International BV",0.0000274,0.0000206,0.00000686
"Radio e Televisao Record S.A.",0.0000274,0,0.0000274
"CoStar Realty Information, Inc.",0.0000274,0.0000137,0.0000137
"Increasingly Technologies Limited",0.0000274,0.0000137,0.0000137
"Proper Media",0.0000274,0,0.0000274
"Library of Congress",0.0000274,0.0000274,0
"LENDINGTREE, LLC",0.0000274,0.0000274,0
"ClearSale S.A.",0.0000274,0.0000274,0
"EarthCam Inc.",0.0000274,0.0000274,0
"Online Biz Solutions Ltd.",0.0000274,0.0000274,0
"Enterprise Holdings Inc.",0.0000274,0.00000686,0.0000206
"Boxever Limited",0.0000274,0,0.0000274
"Epic Games, Inc.",0.0000274,0.0000206,0.00000686
"Fidelity Investments",0.0000274,0.0000137,0.0000137
"SMARTSTREAM.TV GmbH",0.0000274,0.00000686,0.0000206
"Fragrantica Inc",0.0000274,0.0000274,0
"Curiosity Media, Inc.",0.0000274,0.0000274,0
"Klangoo Inc",0.0000274,0.0000206,0.00000686
"Global Radio UK Limited",0.0000274,0,0.0000274
"MKT Media AB",0.0000274,0.0000274,0
"Hallmark Cards, Incorporated",0.0000274,0.0000274,0
"VGL Verlagsgesellschaft mbH",0.0000274,0,0.0000274
"The Hertz Corporation",0.0000274,0.0000274,0
"Mansell Group",0.0000274,0,0.0000274
"ONE TIME SARL",0.0000274,0,0.0000274
"Inter IKEA Systems B.V.",0.0000274,0.0000274,0
"Citynews s.p.a.",0.0000274,0.0000274,0
"Fender Musical Instruments Corporation",0.0000274,0.0000274,0
"Loblaws Inc.",0.0000274,0.0000206,0.00000686
"Beijing Jingdong Century Trading Co., Ltd.",0.0000274,0.0000274,0
"Bayard",0.0000274,0.0000274,0
"Rossel Interactive Media s.a.",0.0000274,0.0000274,0
"DMT Development Systems Group",0.0000274,0.0000274,0
"QuinStreet Inc",0.0000274,0.0000137,0.0000137
"OBI Smart Technologies GmbH",0.0000274,0.0000274,0
"Scholarly iQ",0.0000274,0.0000274,0
"TRADER INTERACTIVE, LLC",0.0000274,0,0.0000274
"Universal City Studios",0.0000274,0.0000274,0
"Schweizer Radio und Fernsehen",0.0000274,0.0000274,0
"Grupa Interia.pl Sp. z o.o. sp. k.",0.0000274,0.0000274,0
"Cyfrowy Polsat S.A.",0.0000274,0,0.0000274
"The Zondervan Corporation L.L.C",0.0000274,0.0000274,0
"Thryv, Inc.",0.0000274,0.0000274,0
"TenMax CO.",0.0000206,0.0000137,0.00000686
"Kakaku.com, Inc.",0.0000206,0.00000686,0.0000137
"Seven Network Operations Limited",0.0000206,0.0000137,0.00000686
"Box, Inc.",0.0000206,0.0000137,0.00000686
"Avast Software s.r.o.",0.0000206,0.00000686,0.0000137
"Samsung Electronics Co. Ltd",0.0000206,0.0000206,0
"Brooks Brothers Group Inc.",0.0000206,0,0.0000206
"HarperCollins Publishers L.L.C.",0.0000206,0,0.0000206
"GoBrands, Inc.",0.0000206,0.0000206,0
"Active Network, LLC",0.0000206,0.0000206,0
"Quicken Loans Inc.",0.0000206,0.0000206,0
"University of Illinois",0.0000206,0.0000206,0
"Teliasonera AB",0.0000206,0.0000137,0.00000686
"BPS Info Solutions, Inc.",0.0000206,0.0000206,0
"OWOX, Inc.",0.0000206,0.0000206,0
"Camelonta",0.0000206,0,0.0000206
"The Gap, Inc.",0.0000206,0.00000686,0.0000137
"RevenueCat",0.0000206,0,0.0000206
"LendingClub Corporation",0.0000206,0,0.0000206
"Overstock.com, Inc.",0.0000206,0.0000206,0
"Bidence Corp",0.0000206,0.0000206,0
"CJ Group",0.0000206,0,0.0000206
"Sea Limited",0.0000206,0,0.0000206
"Kickstarter",0.0000206,0.0000206,0
"Flyp Technologies Inc.",0.0000206,0.0000206,0
"Prusa Research s.r.o.",0.0000206,0,0.0000206
"Grammarly, Inc.",0.0000206,0.00000686,0.0000137
"Civilized Discourse Construction Kit, Inc.",0.0000206,0.0000137,0.00000686
"Cuyahoga County",0.0000206,0.0000206,0
"exotikweb",0.0000206,0.0000206,0
"TDT Media Inc",0.0000206,0,0.0000206
"Abrams Media",0.0000206,0.0000137,0.00000686
"Leafly Holdings Inc",0.0000206,0.0000206,0
"Effiliation",0.0000206,0,0.0000206
"Uber Technologies, Inc.",0.0000206,0.0000206,0
"CallPage sp. z o.o.",0.0000206,0.0000206,0
"CarGurus Inc.",0.0000206,0.0000137,0.00000686
"Entravision Communications Corporation",0.0000206,0.0000206,0
"World Travel Holdings, Inc.",0.0000206,0.0000206,0
"UNIDAD EDITORIAL SA",0.0000206,0.0000137,0.00000686
"Leaf Corcoran",0.0000206,0.0000206,0
"Python Software Foundation",0.0000206,0.0000206,0
"cleverbridge AG",0.0000206,0.0000206,0
"Wondershare Technology Co., Ltd.",0.0000206,0.0000206,0
"Vivid Seats LLC",0.0000206,0.00000686,0.0000137
"The Childrens Place Services Company, LLC",0.0000206,0.0000137,0.00000686
"TangoMe, Inc.",0.0000206,0.0000206,0
"StockX LLC",0.0000206,0.0000137,0.00000686
"Belk Stores Services, Inc",0.0000206,0.0000137,0.00000686
"Udemy Inc.",0.0000206,0.00000686,0.0000137
"Make-up Art Cosmetics Inc",0.0000206,0.0000206,0
"THE FINISH LINE, INC.",0.0000206,0.0000137,0.00000686
"Glasses USA Inc.",0.0000206,0.0000137,0.00000686
"Whitney Automotive Group, Inc.",0.0000206,0.0000137,0.00000686
"Macy's Systems and Technology, Inc.",0.0000206,0.0000137,0.00000686
"Selfridges Retail Limited",0.0000206,0.0000137,0.00000686
"Petco Animal Supplies Stores, Inc.",0.0000206,0.0000137,0.00000686
"Flight Network Inc",0.0000206,0.0000137,0.00000686
"END. Clothing Limited",0.0000206,0.0000206,0
"Zenni Optical, Inc.",0.0000206,0.0000137,0.00000686
"CENTURY FUXUAN TECHNOLOGY DEVELOPMENT BEIJING CO,.LTD",0.0000206,0.0000137,0.00000686
"A Place for Rover, Inc.",0.0000206,0.0000137,0.00000686
"David's Bridal, Inc",0.0000206,0.0000137,0.00000686
"Coursera Inc",0.0000206,0.0000137,0.00000686
"ZipRecruiter, Inc.",0.0000206,0.0000137,0.00000686
"HSN Interactive LLC",0.0000206,0.0000206,0
"mytheresa.com GmbH",0.0000206,0.0000137,0.00000686
"SpotHero Inc.",0.0000206,0.0000137,0.00000686
"IXL Learning, Inc",0.0000206,0.0000206,0
"Simon Property Group, L.P.",0.0000206,0.0000137,0.00000686
"CheapOair.com (Fareportal Inc.)",0.0000206,0.0000137,0.00000686
"YOOX Net-A-Porter Group S.P.A.",0.0000206,0.0000137,0.00000686
"ContextLogic Inc.",0.0000206,0.0000137,0.00000686
"Fiverr International Limited",0.0000206,0.0000137,0.00000686
"Northwest Registered Agent, LLC",0.0000206,0.00000686,0.0000137
"LITB, Inc.",0.0000206,0.0000206,0
"Ace Hardware Corp",0.0000206,0.0000206,0
"Alibris",0.0000206,0,0.0000206
"L. L. BEAN, INC",0.0000206,0.0000137,0.00000686
"Advance Auto Parts",0.0000206,0.0000137,0.00000686
"SimilarWeb LTD",0.0000206,0.0000137,0.00000686
"Event Tickets Center",0.0000206,0.00000686,0.0000137
"Best Buy Co, Inc.",0.0000206,0.0000137,0.00000686
"TeleScents, Inc.",0.0000206,0.0000206,0
"Fareportal Inc.",0.0000206,0.0000137,0.00000686
"Jomashop Inc.",0.0000206,0.0000137,0.00000686
"Kohl's, Inc.",0.0000206,0.0000137,0.00000686
"Bring A Trailer Media, LLC",0.0000206,0,0.0000206
"RD Gestão e Sistemas Ltda. EPP",0.0000206,0.0000206,0
"OOO Komitet",0.0000206,0,0.0000206
"Maropost Inc.",0.0000206,0.00000686,0.0000137
"The Independent",0.0000206,0,0.0000206
"TwentyThree ApS",0.0000206,0.0000137,0.00000686
"Colgate-Palmolive Company",0.0000206,0,0.0000206
"Lenovo (Beijing) Limited",0.0000206,0.00000686,0.0000137
"Plusgrade US LLC",0.0000206,0.0000206,0
"Ltd.LC Radikal-Internet",0.0000206,0,0.0000206
"Würth IT GmbH",0.0000206,0.0000206,0
"Anker Innovation Technology Co., Ltd.",0.0000206,0.0000206,0
"THE TRUMP ORGANIZATION",0.0000206,0.00000686,0.0000137
"Direct Ferries Limited",0.0000206,0.0000206,0
"LitRes Ltd",0.0000206,0.0000206,0
"Artfact LLC",0.0000206,0,0.0000206
"Acuity Brands, Inc.",0.0000206,0.0000137,0.00000686
"ImageShack Corp",0.0000206,0,0.0000206
"Mailkit",0.0000206,0.0000206,0
"AutopilotHQ, inc",0.0000206,0,0.0000206
"Check Point Software Technologies Ltd.",0.0000206,0.0000206,0
"TGC, LLC",0.0000206,0,0.0000206
"Century Fuxuan Software & Technology Development (Beijing) Co. L",0.0000206,0.0000206,0
"Recruit Co., Ltd.",0.0000206,0.00000686,0.0000137
"AGORA SA",0.0000206,0.0000206,0
"Namecheap, Inc.",0.0000206,0.0000206,0
"Design Barn, Inc.",0.0000206,0.0000206,0
"Home24 AG",0.0000206,0,0.0000206
"miniOrange Inc.",0.0000206,0.00000686,0.0000137
"Kevin Ma",0.0000206,0.00000686,0.0000137
"Paddy Power Betfair PLC",0.0000206,0.0000206,0
"Salsa Labs, Inc.",0.0000206,0.0000206,0
"Very Good Security, Inc.",0.0000206,0,0.0000206
"Flan-Technologies Kft.",0.0000206,0.0000206,0
"United States Department of State",0.0000206,0.0000206,0
"DevHD Inc.",0.0000206,0,0.0000206
"Cigna",0.0000206,0.0000137,0.00000686
"ProSiebenSat.1 Digital GmbH",0.0000206,0.0000137,0.00000686
"SecureCore",0.0000206,0,0.0000206
"Kate Spade LLC",0.0000206,0.0000206,0
"Scribd, Inc.",0.0000206,0.0000206,0
"Otava Oy",0.0000206,0.00000686,0.0000137
"PT. Kreatif Media Karya",0.0000206,0,0.0000206
"Gurunavi, Inc.",0.0000206,0.00000686,0.0000137
"Klook Travel Technology Limited",0.0000206,0.0000206,0
"Washington State Department of Transportation",0.0000206,0,0.0000206
"Reputation.com, Inc",0.0000206,0,0.0000206
"Mezmo, Inc.",0.0000206,0,0.0000206
"Liberty Mutual Group",0.0000206,0.0000137,0.00000686
"Grizzly New Technologies GmbH",0.0000206,0.0000206,0
"Lesson Nine GmbH",0.0000206,0,0.0000206
"NetZero, Inc.",0.0000206,0,0.0000206
"Captcha, Inc.",0.0000206,0,0.0000206
"Viking River Cruises",0.0000206,0,0.0000206
"Allstate Insurance Company",0.0000206,0.0000206,0
"UAB Admobi",0.0000206,0.00000686,0.0000137
"ShareFun Network Limited",0.0000206,0.0000206,0
"Nvidia Corporation",0.0000206,0.0000206,0
"Surfline Wavetrak, Inc",0.0000206,0,0.0000206
"Ohio Department of Administrative Services",0.0000206,0.0000206,0
"Oklahoma, Office of Management and Enterprise Services",0.0000206,0.0000206,0
"Bread",0.0000206,0,0.0000206
"Campingworld Inc.",0.0000206,0.0000206,0
"Chegg Inc.",0.0000206,0.0000206,0
"Whirlpool Corporation",0.0000206,0.0000206,0
"Wayfair, LLC",0.0000206,0.0000206,0
"Dept of Philosophy",0.0000206,0,0.0000206
"GetSocial, S.A.",0.0000206,0,0.0000206
"Ebates Performance Marketing, Inc.",0.0000206,0.0000206,0
"DASH Industry Forum Inc",0.0000206,0.0000206,0
"Wisdom Tooth Technology",0.0000206,0.0000206,0
"Alaska Airlines, Inc.",0.0000206,0.0000206,0
"DOMENY.PL sp. z o.o",0.0000206,0.0000206,0
"Forensiq",0.0000206,0,0.0000206
"Infomaniak Network SA",0.0000206,0.0000206,0
"Eckstut Enterprises LLC",0.0000206,0.00000686,0.0000137
"VISIT",0.0000206,0.0000137,0.00000686
"Atrium Health",0.0000206,0.0000206,0
"Sardine Inc.",0.0000206,0,0.0000206
"Twilio, Inc.",0.0000206,0.0000137,0.00000686
"Sooqr",0.0000206,0.0000206,0
"Public Joint Stock Company Rostelecom",0.0000206,0.0000137,0.00000686
"Accedo Operations",0.0000206,0,0.0000206
"Deutsches Institut f. Medizinische Dokumentation und Information",0.0000206,0,0.0000206
"Easybrain Ltd",0.0000206,0,0.0000206
"Musixmatch spa",0.0000206,0.0000137,0.00000686
"Government of Canada",0.0000206,0.0000206,0
"Altium Limited",0.0000206,0,0.0000206
"Groove Commerce",0.0000206,0,0.0000206
"Network18 Media And Investments Ltd",0.0000206,0.0000137,0.00000686
"plista GmbH",0.0000206,0,0.0000206
"Agile Sports Technologies, Inc",0.0000206,0.0000137,0.00000686
"Marketing VF",0.0000206,0,0.0000206
"Waste Management Inc.",0.0000206,0.0000206,0
"Hindsight Technology Solutions, Inc.",0.0000206,0,0.0000206
"Toronto Star Newspapers Ltd.",0.0000206,0.0000137,0.00000686
"Bridgestone Retail Operations, LLC",0.0000206,0.0000206,0
"Fast Growing Trees, LLC",0.0000206,0,0.0000206
"M. Roberts Media",0.0000206,0,0.0000206
"Modern Times Group MTG AB",0.0000206,0.0000206,0
"Vodafone Group Services Limited",0.0000206,0.0000137,0.00000686
"NOLIS GmbH",0.0000206,0,0.0000206
"Tamedia AG",0.0000206,0.0000137,0.00000686
"HEDEF MEDYA TANITIM INTERAKTIF MEDYA PAZARLAMA A.S",0.0000206,0.0000206,0
"Springer Nature B.V.",0.0000206,0.0000137,0.00000686
"Air France",0.0000206,0.00000686,0.0000137
"SB Professional Services LLC",0.0000206,0,0.0000206
"Info Edge (India) Ltd",0.0000206,0.0000137,0.00000686
"Ameriprise Financial, Inc.",0.0000206,0.0000206,0
"Heureka Shopping, s.r.o.",0.0000206,0.0000206,0
"COMPUTER BILD Digital GmbH",0.0000206,0.00000686,0.0000137
"Webfolio Management Inc",0.0000206,0.0000206,0
"Headway App, Inc",0.0000206,0.00000686,0.0000137
"Eurolandcom AB",0.0000206,0.0000137,0.00000686
"SKS Consulting",0.0000206,0.0000137,0.00000686
"Bickel Advisory Services",0.0000206,0.0000206,0
"Lightspeed Netherlands B.V.",0.0000206,0.0000206,0
"United States Department of Labor",0.0000206,0,0.0000206
"Bandfarm, Inc.",0.0000206,0.0000206,0
"Roland Corporation",0.0000206,0.0000137,0.00000686
"RealPage, INC",0.0000206,0,0.0000206
"vocento",0.0000206,0,0.0000206
"Iowa State University of Science and Technology",0.0000206,0,0.0000206
"Fanplayr Inc.",0.0000206,0.00000686,0.0000137
"Vivocha S.r.l.",0.0000206,0.0000206,0
"REP Solution",0.0000206,0.0000206,0
"Now Interact Nordic AB",0.0000206,0.0000206,0
"Europeenne de Traitement de l'Information SAS",0.0000206,0.0000206,0
"TES Global Limited",0.0000206,0.00000686,0.0000137
"Chengdu Hengtu Science and Technology Co., Ltd.",0.0000206,0.00000686,0.0000137
"Crypto Coin Comparison Ltd",0.0000206,0.0000137,0.00000686
"Campus Explorer, Inc.",0.0000206,0.0000206,0
"Pearson Education, Inc.",0.0000206,0.0000206,0
"Teleborsa S.r.l.",0.0000206,0,0.0000206
"Markelys Interactive",0.0000206,0.0000206,0
"Costco Wholesale Corporation",0.0000206,0,0.0000206
"DFS Services LLC",0.0000206,0.0000206,0
"Summit Racing Equipment (Autosales Incorporated)",0.0000206,0.0000206,0
"EMATCH",0.0000206,0.0000206,0
"Petaxon Informática Ltda",0.0000206,0,0.0000206
"Manchester Airport PLC",0.0000206,0,0.0000206
"El Corte Ingles S.A.",0.0000206,0.0000206,0
"Buscape Company Informacao e Tecnologia Ltda",0.0000206,0.0000137,0.00000686
"Turnitin",0.0000206,0.00000686,0.0000137
"Groundspeak, Inc.",0.0000206,0,0.0000206
"IP LABEL",0.0000206,0.00000686,0.0000137
"Tribute Publishing Incorporated",0.0000206,0,0.0000206
"webfactory GmbH",0.0000206,0.0000137,0.00000686
"Blackhawk Network Holdings, Inc.",0.0000206,0.0000206,0
"CHINA HIGHLIGHTS INTERNATIONAL TRAVEL SERVICE CO. LTD",0.0000206,0,0.0000206
"ArenaNet",0.0000206,0.0000206,0
"Iconology Ltd",0.0000206,0,0.0000206
"Monrifnet",0.0000206,0.0000206,0
"MonrifNet Srl",0.0000206,0,0.0000206
"Prodege, LLC",0.0000206,0.0000206,0
"SOCIETE OUEST FRANCE",0.0000206,0.0000206,0
"Kismet Capital Group",0.0000206,0.0000206,0
"Vibrant Media Limited",0.0000206,0,0.0000206
"Cordiant Digital Infrastructure Limited",0.0000206,0,0.0000206
"IronPlanet",0.0000206,0.00000686,0.0000137
"LISTENLOOP by SR SOLUTIONS",0.0000206,0,0.0000206
"IP-Only Qbrick AB",0.0000206,0.0000206,0
"RECISIO SAS",0.0000206,0.00000686,0.0000137
"UNIVISION COMMUNICATIONS INC",0.0000206,0,0.0000206
"IT Management 121 AB",0.0000206,0.0000137,0.00000686
"BCE Inc.",0.0000206,0.0000137,0.00000686
"Thomson Reuters",0.0000206,0,0.0000206
"Touch Networks Pty Ltd",0.0000206,0.00000686,0.0000137
"Sanford Health",0.0000206,0.00000686,0.0000137
"Mazda Motor Logistics Europe NV",0.0000206,0.0000206,0
"Siemens",0.0000206,0.00000686,0.0000137
"UNC Health Care",0.0000206,0.0000137,0.00000686
"Mediaset S.p.A.",0.0000206,0.0000137,0.00000686
"Wetteronline Meteorologische Dienstleistungen GmbH",0.0000206,0.00000686,0.0000137
"Moovit App Global LTD.",0.0000206,0.0000137,0.00000686
"TerraDat UK Ltd",0.0000206,0,0.0000206
"Fairfax Media Limited",0.0000206,0,0.0000206
"EDITORIAL IPARRAGUIRRE, S.A.",0.0000206,0,0.0000206
"SK Intertainment",0.0000206,0.00000686,0.0000137
"Take-Two Interactive Software, Inc.",0.0000206,0.0000137,0.00000686
"PRETTYLITTLETHING.COM LTD",0.0000206,0,0.0000206
"QSC Audio Products, LLC",0.0000206,0.0000206,0
"Morgan Ventures, Inc.",0.0000206,0,0.0000206
"Marriott International Inc.",0.0000206,0.0000206,0
"PowerSchool Group LLC",0.0000206,0.0000206,0
"Skechers U.S.A., Inc.",0.0000206,0.0000206,0
"Timeout England Limited",0.0000206,0,0.0000206
"INLINE MANUAL LTD",0.0000206,0,0.0000206
"Vinted Inc.",0.0000206,0.0000206,0
"Lovehoney LTD",0.0000206,0.0000206,0
"Sankuai Technology Co., Ltd.",0.0000137,0,0.0000137
"Miniclip SA",0.0000137,0,0.0000137
"Gaijin Network LTD",0.0000137,0.0000137,0
"ANO TV-Novosti",0.0000137,0.00000686,0.00000686
"Eclipse.org Foundation, Inc.",0.0000137,0.0000137,0
"FAN Communications",0.0000137,0,0.0000137
"Financial Industry Regulatory Authority, Inc.",0.0000137,0.0000137,0
"American Family Association",0.0000137,0.00000686,0.00000686
"GRAMMEDIA LTD",0.0000137,0.0000137,0
"Alison",0.0000137,0.0000137,0
"Sandhills Publishing",0.0000137,0.0000137,0
"Pixel Grade Media SRL",0.0000137,0,0.0000137
"Ansys Inc.",0.0000137,0,0.0000137
"Trimble Navigation",0.0000137,0.0000137,0
"Zahlen Solutions LLC",0.0000137,0,0.0000137
"Ennexa Technologies Private Limited",0.0000137,0,0.0000137
"Wells Fargo & Company",0.0000137,0.0000137,0
"Barclays PLC",0.0000137,0.0000137,0
"MDPC S.P.L.C",0.0000137,0,0.0000137
"Government of the Province of British Columbia",0.0000137,0.0000137,0
"Zedge, Inc.",0.0000137,0,0.0000137
"SC Archiweb Design srl.",0.0000137,0,0.0000137
"Ventiv media",0.0000137,0,0.0000137
"TuneIn Inc.",0.0000137,0.0000137,0
"Cision US, Inc.",0.0000137,0,0.0000137
"Billy Graham Evangelistic Association",0.0000137,0,0.0000137
"Japan Registry Services Co., Ltd.",0.0000137,0,0.0000137
"AO Tinkoff Bank",0.0000137,0,0.0000137
"Swisscom (Schweiz) AG",0.0000137,0.0000137,0
"Spreading Apps",0.0000137,0.0000137,0
"Taylor and Francis",0.0000137,0.0000137,0
"上海七牛信息技术有限公司",0.0000137,0,0.0000137
"DWANGO Co.,Ltd.",0.0000137,0.00000686,0.00000686
"Axel Springer SE",0.0000137,0,0.0000137
"Electronic Frontier Foundation",0.0000137,0.00000686,0.00000686
"Harvard University",0.0000137,0,0.0000137
"Industry Dive",0.0000137,0.0000137,0
"G/O Media Inc.",0.0000137,0,0.0000137
"TheWrap News Inc.",0.0000137,0,0.0000137
"Sussex Publishers LLC",0.0000137,0,0.0000137
"Columbia University",0.0000137,0.0000137,0
"Deutsche Welle (DW)",0.0000137,0.00000686,0.00000686
"RIPE NCC",0.0000137,0,0.0000137
"Bank of America Corporation",0.0000137,0.0000137,0
"BrowserStack Limited",0.0000137,0.0000137,0
"Provide Commerce Inc",0.0000137,0.0000137,0
"Vertical Media Solutions Inc.",0.0000137,0,0.0000137
"Visible Measures",0.0000137,0,0.0000137
"CDON AB",0.0000137,0.0000137,0
"Miliza",0.0000137,0,0.0000137
"Media Impact Group",0.0000137,0,0.0000137
"Infusion Extreme LLC",0.0000137,0,0.0000137
"AMJFR, LDA",0.0000137,0.0000137,0
"Coinbase, Inc.",0.0000137,0.0000137,0
"waspmobile llc",0.0000137,0.0000137,0
"EFF Test Trackers",0.0000137,0.0000137,0
"The Festival Network",0.0000137,0.0000137,0
"Muhammad Ammad",0.0000137,0,0.0000137
"adMarketplace, INC",0.0000137,0,0.0000137
"Crumbl, LLC",0.0000137,0,0.0000137
"Shopzilla, Inc.",0.0000137,0,0.0000137
"Centre national de la recherche scientifique",0.0000137,0.00000686,0.00000686
"Bandcamp, Inc.",0.0000137,0.0000137,0
"Machinefloor Co.",0.0000137,0,0.0000137
"mixi, Inc.",0.0000137,0,0.0000137
"Beringer Capital",0.0000137,0.00000686,0.00000686
"Vivendi",0.0000137,0.0000137,0
"BrightFunnel",0.0000137,0,0.0000137
"CERN - European Organisation for Nuclear Research",0.0000137,0,0.0000137
"Read the Docs, Inc",0.0000137,0.0000137,0
"Intermountain Health Care Inc",0.0000137,0.0000137,0
"Eddie Bauer LLC",0.0000137,0.0000137,0
"Forest River, Inc",0.0000137,0.0000137,0
"TEHNOBALANS, PE",0.0000137,0.00000686,0.00000686
"Plus Alpha Consulting Co.,LTD.",0.0000137,0.0000137,0
"eToro (Europe) Ltd",0.0000137,0,0.0000137
"Euro-Information",0.0000137,0.00000686,0.00000686
"Eksi Teknoloji",0.0000137,0.0000137,0
"Webrazzi",0.0000137,0.0000137,0
"Crenvo Bilisim Danismanlik Reklam ve Tic. A.S.",0.0000137,0,0.0000137
"JSC Internet Projects",0.0000137,0.00000686,0.00000686
"Bexar County",0.0000137,0.0000137,0
"Signum International AG",0.0000137,0.00000686,0.00000686
"Seiko Epson Corporation",0.0000137,0.0000137,0
"mfro inc.",0.0000137,0,0.0000137
"Eurosport",0.0000137,0,0.0000137
"COLBETTE II LTD",0.0000137,0,0.0000137
"MV Productions Inc.",0.0000137,0,0.0000137
"Fetch Rewards, Inc.",0.0000137,0,0.0000137
"UNITED PRESS INTERNATIONAL, INC.",0.0000137,0.0000137,0
"Savage Interactive",0.0000137,0,0.0000137
"Foodient Ltd.",0.0000137,0.0000137,0
"Groupe LDLC SA",0.0000137,0.0000137,0
"TV 2 AS",0.0000137,0.0000137,0
"ShowHeroes GmbH",0.0000137,0.00000686,0.00000686
"BluMedia, Inc",0.0000137,0,0.0000137
"VerticalScope Inc",0.0000137,0.0000137,0
"CEWE Stiftung & Co. KGaA",0.0000137,0,0.0000137
"Eminent Inc",0.0000137,0,0.0000137
"Mejor Contigo SLU",0.0000137,0,0.0000137
"HIBU Inc.",0.0000137,0.0000137,0
"Pixalate, Inc.",0.0000137,0.0000137,0
"NIKITAS GEORGOPOULOS",0.0000137,0,0.0000137
"OSA",0.0000137,0.0000137,0
"Rapid7",0.0000137,0,0.0000137
"EATON Corporation",0.0000137,0.00000686,0.00000686
"2KDirect, Inc.",0.0000137,0.0000137,0
"CreditCards.com, LLC",0.0000137,0,0.0000137
"Guns Dot Com, LLC",0.0000137,0.0000137,0
"DeepConverse",0.0000137,0.0000137,0
"Trend Micro Inc.",0.0000137,0,0.0000137
"Environmental Protection Agency",0.0000137,0.0000137,0
"X-LISTING Co., Ltd.",0.0000137,0.00000686,0.00000686
"Magnetic Media Online, Inc.",0.0000137,0,0.0000137
"No-IP.com",0.0000137,0.00000686,0.00000686
"HugeDomains.com",0.0000137,0.0000137,0
"123-reg",0.0000137,0,0.0000137
"Urban Science",0.0000137,0.0000137,0
"Beijing Lemei Unlimited Technology Co., Ltd.",0.0000137,0,0.0000137
"OOO Finlain",0.0000137,0.0000137,0
"Metafur Foundation",0.0000137,0,0.0000137
"Synopsys, Inc.",0.0000137,0,0.0000137
"Plex GmbH",0.0000137,0.0000137,0
"LLC LOOK GIFT",0.0000137,0.0000137,0
"Jimoty, Inc.",0.0000137,0.0000137,0
"Bezirksregierung Koeln",0.0000137,0.0000137,0
"Mobitroll AS",0.0000137,0.0000137,0
"Otavamedia Oy",0.0000137,0,0.0000137
"Norkart AS",0.0000137,0,0.0000137
"Corel Corporation",0.0000137,0,0.0000137
"Dealertrack, Inc",0.0000137,0.0000137,0
"Netflix, Inc.",0.0000137,0,0.0000137
"celebros",0.0000137,0.0000137,0
"France Televisions S.A.",0.0000137,0.0000137,0
"Los Angeles County",0.0000137,0.0000137,0
"One97 Communications Limited",0.0000137,0.0000137,0
"Vertical Mass, Inc.",0.0000137,0,0.0000137
"Autodesk, Inc.",0.0000137,0.0000137,0
"Financial Business Systems, Inc.",0.0000137,0,0.0000137
"Lucid Software Inc",0.0000137,0,0.0000137
"Fark, Inc",0.0000137,0,0.0000137
"Provided through Communigal Communication Ltd",0.0000137,0,0.0000137
"The Adult Company",0.0000137,0.00000686,0.00000686
"MTVA",0.0000137,0.0000137,0
"Phoenix Marketing International",0.0000137,0.0000137,0
"HDS INC.",0.0000137,0.0000137,0
"FUJITSU CLOUD TECHNOLOGIES LIMITED",0.0000137,0,0.0000137
"US Office of Personnel Management",0.0000137,0.0000137,0
"Business Wire, INC.",0.0000137,0.00000686,0.00000686
"NYU Langone Medical Center",0.0000137,0,0.0000137
"T-Mobile USA, Inc.",0.0000137,0.00000686,0.00000686
"WEB5 SOLUTIONS INC.",0.0000137,0,0.0000137
"Mary Kay Inc",0.0000137,0.0000137,0
"Aspiro AB",0.0000137,0,0.0000137
"Moss Motors Ltd",0.0000137,0,0.0000137
"SLICKDEALS, LLC",0.0000137,0.0000137,0
"Envato Pty Ltd",0.0000137,0,0.0000137
"DISA",0.0000137,0.0000137,0
"Deutsche Post AG",0.0000137,0.00000686,0.00000686
"Webspectator Corporation",0.0000137,0,0.0000137
"NDTV Convergence",0.0000137,0.00000686,0.00000686
"Bloomberg L.P.",0.0000137,0.0000137,0
"NewsBank",0.0000137,0.00000686,0.00000686
"ALTERGEO LIMITED",0.0000137,0.0000137,0
"RM SISTEMAS",0.0000137,0.0000137,0
"The Babylon Bee, LLC",0.0000137,0,0.0000137
"MEO Servicos de Comunicacoes e Multimedia SA",0.0000137,0.0000137,0
"e-thePeople.org",0.0000137,0.0000137,0
"Blueknow S.L.",0.0000137,0,0.0000137
"Elisa Oyj",0.0000137,0.0000137,0
"Free Software Foundation",0.0000137,0,0.0000137
"Sretenskiy stavropigialniy mujskoy monastir RPC",0.0000137,0,0.0000137
"GreenGeeks LLC",0.0000137,0,0.0000137
"Orthodox Union",0.0000137,0,0.0000137
"World Wrestling Entertainment, Inc.",0.0000137,0,0.0000137
"Project Blinkenlights",0.0000137,0,0.0000137
"The Yomiuri Shimbun",0.0000137,0.00000686,0.00000686
"SEOPULT LTD",0.0000137,0,0.0000137
"LTI",0.0000137,0.00000686,0.00000686
"SPIEGEL ONLINE GmbH & Co. KG",0.0000137,0,0.0000137
"TV SPIELFILM Verlag GmbH",0.0000137,0.00000686,0.00000686
"Electronic Forms LLC",0.0000137,0.0000137,0
"B-Analytics, LLC",0.0000137,0.00000686,0.00000686
"University of California, San Francisco",0.0000137,0.00000686,0.00000686
"The Linux Foundation",0.0000137,0.0000137,0
"Synology Inc.",0.0000137,0,0.0000137
"StartCom Ltd.",0.0000137,0,0.0000137
"650 Industries, Inc",0.0000137,0.00000686,0.00000686
"Alchemy Advertising Pvt. Ltd.",0.0000137,0,0.0000137
"Department of Management Services",0.0000137,0.0000137,0
"Zink Media, Inc.",0.0000137,0.0000137,0
"Händlerbund Management AG",0.0000137,0.0000137,0
"Liberapay",0.0000137,0,0.0000137
"Megadata Korea Co., Ltd.",0.0000137,0.00000686,0.00000686
"All About Inc.",0.0000137,0,0.0000137
"PythonAnywhere LLP",0.0000137,0,0.0000137
"The Scotts Miracle-Gro Company LLC",0.0000137,0.0000137,0
"Globo Comunicacao e Participacoes S.A.",0.0000137,0.00000686,0.00000686
"Staples",0.0000137,0.00000686,0.00000686
"Stayble Market GmbH",0.0000137,0.00000686,0.00000686
"Datawrkz Pte Ltd",0.0000137,0.00000686,0.00000686
"Retail Rocket",0.0000137,0.0000137,0
"Bitrix Ltd.",0.0000137,0.0000137,0
"Seitz Phototechnik AG",0.0000137,0,0.0000137
"ROSSIYA SEGODNYA, FGUP",0.0000137,0.0000137,0
"Virtual Reality Bangers, LLC",0.0000137,0.00000686,0.00000686
"hive01 gmbh",0.0000137,0.00000686,0.00000686
"Demon Network Tech Co., Ltd",0.0000137,0.0000137,0
"PayPay Corporation",0.0000137,0.00000686,0.00000686
"Tribune Publishing Company, LLC",0.0000137,0,0.0000137
"PAKH Ltd",0.0000137,0.0000137,0
"Galls, LLC",0.0000137,0.0000137,0
"ITAR-TASS FGUP",0.0000137,0.0000137,0
"Tesla Motors",0.0000137,0,0.0000137
"US Census Bureau",0.0000137,0.0000137,0
"The University of Texas",0.0000137,0,0.0000137
"Texas Comptroller of Public Accounts",0.0000137,0.0000137,0
"Aaron Black",0.0000137,0.0000137,0
"Thatsup AB",0.0000137,0,0.0000137
"BLUE NILE, INC.",0.0000137,0,0.0000137
"SOCIETE EDITRICE DU MONDE",0.0000137,0,0.0000137
"The John Birch Society",0.0000137,0.0000137,0
"The West Australian",0.0000137,0,0.0000137
"Smart RTB",0.0000137,0,0.0000137
"PersonalizationMall.com LLC",0.0000137,0,0.0000137
"IMPACT Software Company",0.0000137,0.0000137,0
"UK INTERNET SITES LTD",0.0000137,0,0.0000137
"iResearch Consulting Group",0.0000137,0,0.0000137
"Prima Games, Inc",0.0000137,0,0.0000137
"AT&T Services, Inc.",0.0000137,0.0000137,0
"University of New Mexico",0.0000137,0.0000137,0
"Segmentify Yazilim A.S.",0.0000137,0.00000686,0.00000686
"Vera Bradley Designs Inc",0.0000137,0.0000137,0
"인벤커뮤니케이션즈(INVEN Communications)",0.0000137,0,0.0000137
"Soluciones NetQuest de InvestigaciÃ³n",0.0000137,0,0.0000137
"Quizizz Inc",0.0000137,0,0.0000137
"United States Department of Interior",0.0000137,0,0.0000137
"Contently, Inc.",0.0000137,0.0000137,0
"Strava",0.0000137,0.0000137,0
"Gowebbaby.COM",0.0000137,0.0000137,0
"Verizon",0.0000137,0.00000686,0.00000686
"Market Ruler, LLC",0.0000137,0.00000686,0.00000686
"FreeFind.com",0.0000137,0.0000137,0
"Worldstar LLC.",0.0000137,0,0.0000137
"BizSpring Inc.",0.0000137,0.0000137,0
"AgileBits Inc.",0.0000137,0.0000137,0
"3M Company",0.0000137,0,0.0000137
"T.V. Today Network Limited",0.0000137,0.00000686,0.00000686
"Portakal Yazilim Danismanlik Reklamcilik ve Yayincilik San. Tic. A.S.",0.0000137,0.00000686,0.00000686
"Migros-Genossenschafts-Bund",0.0000137,0.00000686,0.00000686
"Schweizerische Bundeskanzlei",0.0000137,0.0000137,0
"TOPPAN PRINTING CO., LTD.",0.0000137,0.0000137,0
"MercadoLibre Inc.",0.0000137,0.00000686,0.00000686
"DentalPlans.com",0.0000137,0.0000137,0
"Emego GmbH",0.0000137,0.00000686,0.00000686
"RCI, LLC",0.0000137,0.0000137,0
"SwissSign AG",0.0000137,0.00000686,0.00000686
"Adventori",0.0000137,0.00000686,0.00000686
"Morningstar Inc",0.0000137,0.0000137,0
"Volusion, Inc.",0.0000137,0.0000137,0
"Kreg Tool Co.",0.0000137,0,0.0000137
"Atlantic Media Inc.",0.0000137,0,0.0000137
"Epoch.com, LLC",0.0000137,0,0.0000137
"Avis Budget Group",0.0000137,0.00000686,0.00000686
"Edmunds.com, Inc.",0.0000137,0.0000137,0
"BitSculptor",0.0000137,0,0.0000137
"Social Finance, Inc.",0.0000137,0.0000137,0
"Breville Pty Limited",0.0000137,0.0000137,0
"Freistaat Bayern",0.0000137,0.0000137,0
"Affluences",0.0000137,0.0000137,0
"CardinalCommerce Corporation",0.0000137,0.0000137,0
"ParkWhiz, Inc.",0.0000137,0,0.0000137
"Informationstechnikzentrum Bund (ITZBund)",0.0000137,0.0000137,0
"Kreatio Software Pvt Ltd",0.0000137,0.0000137,0
"Fireroad Holdings Inc.",0.0000137,0.0000137,0
"Quiksilver, Inc.",0.0000137,0,0.0000137
"MyPlay, LTD.",0.0000137,0.0000137,0
"Mobo Systems Inc",0.0000137,0.0000137,0
"Boozt Fashion AB",0.0000137,0.0000137,0
"Hot Topic, Inc",0.0000137,0.0000137,0
"Alliance Data Systems",0.0000137,0.0000137,0
"Bud K World Wide, Inc",0.0000137,0,0.0000137
"Restaurant Brands International, Inc.",0.0000137,0,0.0000137
"1000mercis",0.0000137,0.00000686,0.00000686
"LEASING.COM GROUP LTD",0.0000137,0.00000686,0.00000686
"Shoplive",0.0000137,0.0000137,0
"北京基调网络股份有限公司",0.0000137,0,0.0000137
"Corte Lodato LLC",0.0000137,0,0.0000137
"MaineToday Media, Inc.",0.0000137,0,0.0000137
"Channel Four Television Company Limited",0.0000137,0.0000137,0
"Chemist Warehouse",0.0000137,0.0000137,0
"The Christian Post",0.0000137,0,0.0000137
"The Coca-Cola Company",0.0000137,0.0000137,0
"INVENT MX, S.A.P.I. DE C.V.",0.0000137,0.0000137,0
"FactSet Digital Solutions GmbH",0.0000137,0.00000686,0.00000686
"wiredminds GmbH",0.0000137,0.0000137,0
"ARTHUR MEDIA GROUP (ADMIN)",0.0000137,0,0.0000137
"Solfa Corp",0.0000137,0.00000686,0.00000686
"Vacation Rentals (UK) Ltd",0.0000137,0,0.0000137
"VesselFinder Ltd",0.0000137,0,0.0000137
"The Mitre Coproration",0.0000137,0,0.0000137
"CD PROJEKT S.A.",0.0000137,0,0.0000137
"University of Wisconsin-Madison",0.0000137,0.0000137,0
"AS EKSPRESS MEEDIA",0.0000137,0.0000137,0
"CCP Hf",0.0000137,0.00000686,0.00000686
"Haendlerbund Management AG",0.0000137,0,0.0000137
"Editoriale Domus SpA",0.0000137,0.0000137,0
"Duke University",0.0000137,0,0.0000137
"Dyson Ltd",0.0000137,0.0000137,0
"INBOKSS, SIA",0.0000137,0.0000137,0
"CZECH NEWS CENTER a.s.",0.0000137,0.0000137,0
"ZEDO, Inc.",0.0000137,0,0.0000137
"Confianza Online",0.0000137,0,0.0000137
"GFR Media LLC",0.0000137,0,0.0000137
"IVC - INSTITUTO VERIFICADOR DE COMUNICAÇÃO",0.0000137,0.0000137,0
"ACSI Publishing B.V.",0.0000137,0.0000137,0
"KP Marcom Inc",0.0000137,0.00000686,0.00000686
"Fanatics, Inc.",0.0000137,0,0.0000137
"Federal Aviation Administration",0.0000137,0.0000137,0
"Garmin International",0.0000137,0.00000686,0.00000686
"Charity Navigator, Inc.",0.0000137,0,0.0000137
"Tribune Media Company",0.0000137,0,0.0000137
"Australian Football League",0.0000137,0,0.0000137
"Sobeys Capital Incorporated",0.0000137,0,0.0000137
"Decitre Interactive",0.0000137,0,0.0000137
"SOCIETE DU FIGARO",0.0000137,0.0000137,0
"Cengage Learning, Inc.",0.0000137,0.00000686,0.00000686
"PPC Protect",0.0000137,0,0.0000137
"Invenda Corporation",0.0000137,0,0.0000137
"Creamer and Lloyd",0.0000137,0,0.0000137
"Monitus LLC",0.0000137,0.0000137,0
"Haaretz Daily Newspaper Ltd.",0.0000137,0,0.0000137
"FUN.com",0.0000137,0.0000137,0
"Scanner Master Corp.",0.0000137,0.0000137,0
"Hdfc Bank Limited.",0.0000137,0,0.0000137
"HQ Professional Services GmbH & Co. KG",0.0000137,0.0000137,0
"OnScroll Limited",0.0000137,0,0.0000137
"MarLytics LLC",0.0000137,0.0000137,0
"Sinch AB",0.0000137,0.0000137,0
"Ministry of Culture and Islamic Guidance",0.0000137,0,0.0000137
"onXmaps Inc.",0.0000137,0.0000137,0
"Six Continents Hotels",0.0000137,0.0000137,0
"Social Media Inc, LTD",0.0000137,0.0000137,0
"SmarterTools Inc.",0.0000137,0.0000137,0
"Fourth Enterprises LLC",0.0000137,0.0000137,0
"Hyatt Corporation",0.0000137,0.0000137,0
"IBT Media Inc.",0.0000137,0,0.0000137
"N.A. Sportz Interactive Pvt. Ltd.",0.0000137,0.00000686,0.00000686
"Chicago Province Of The Society Of Jesus",0.0000137,0,0.0000137
"Illinois High School Association",0.0000137,0,0.0000137
"Monrif Net S.p.A.",0.0000137,0,0.0000137
"Independent News Services",0.0000137,0,0.0000137
"IN TECH d.o.o",0.0000137,0.0000137,0
"Greenlight",0.0000137,0,0.0000137
"SphereUp, Inc",0.0000137,0,0.0000137
"Jackbox Games, Inc.",0.0000137,0.0000137,0
"Vision X Software",0.0000137,0.0000137,0
"Vee24",0.0000137,0.0000137,0
"TVer, Inc.",0.0000137,0,0.0000137
"TROVIT",0.0000137,0.0000137,0
"Alfred Kaercher GmbH & Co. KG",0.0000137,0.00000686,0.00000686
"Adeprimo AB",0.0000137,0,0.0000137
"MetaBrainz Foundation Inc.",0.0000137,0,0.0000137
"Olympia - Verlag GmbH",0.0000137,0.00000686,0.00000686
"HERALD CORPORATION",0.0000137,0.0000137,0
"Vizury Interactive Solutions Pvt Ltd",0.0000137,0,0.0000137
"The Kroger Co.",0.0000137,0,0.0000137
"KUOW News and Information",0.0000137,0,0.0000137
"webgarden s.r.o.",0.0000137,0.0000137,0
"Commonwealth of Kentucky",0.0000137,0.0000137,0
"Great Plains Mfg., Inc.",0.0000137,0,0.0000137
"La Presse (2018) Inc.",0.0000137,0.0000137,0
"LATAM AIrlines Group S.A.",0.0000137,0.0000137,0
"Premonix, LLC",0.0000137,0.0000137,0
"Accesso Technology Group PLC",0.0000137,0,0.0000137
"Lezhin Entertainment",0.0000137,0,0.0000137
"Truist Financial Corporation",0.0000137,0.0000137,0
"Giant Europe B.V.",0.0000137,0.0000137,0
"GLOBIS HOLDING LIMITED",0.0000137,0.0000137,0
"DW3 LLC",0.0000137,0,0.0000137
"ModernImpact, LLC",0.0000137,0.0000137,0
"Wowza Media Systems, LLC",0.0000137,0,0.0000137
"Somia Reality Oy",0.0000137,0.0000137,0
"Springbot",0.0000137,0,0.0000137
"Beijing Yismobo Network Technology Co., Ltd.",0.0000137,0,0.0000137
"eHealthInsurance Services Inc.",0.0000137,0.0000137,0
"Zhihu Inc.",0.0000137,0.0000137,0
"thePlatform, LLC",0.0000137,0,0.0000137
"Miele & Cie. KG",0.0000137,0.00000686,0.00000686
"Prada Spa",0.0000137,0.0000137,0
"Builder Homesite, Inc.",0.0000137,0,0.0000137
"Oravel Stays Private Limited",0.0000137,0,0.0000137
"Mouser Electronics, Inc.",0.0000137,0.0000137,0
"Space Pencil, Inc.",0.0000137,0,0.0000137
"Flughafen Muenchen GmbH",0.0000137,0.0000137,0
"Gasbuddy LLC",0.0000137,0.00000686,0.00000686
"OCLC Online Computer Library Center Inc.",0.0000137,0.00000686,0.00000686
"Duda Inc.",0.0000137,0.00000686,0.00000686
"Sennheiser electronic GmbH & Co. KG",0.0000137,0,0.0000137
"Express Publications LTD",0.0000137,0,0.0000137
"Ian Birkby",0.0000137,0,0.0000137
"Kaleidoscope Promotions, Inc.",0.0000137,0,0.0000137
"Nikon Corporation",0.0000137,0.00000686,0.00000686
"SapientRazorfish",0.0000137,0,0.0000137
"Nissan North America, Inc.",0.0000137,0.0000137,0
"IGT Global Solutions Corporation",0.0000137,0,0.0000137
"Royal National Theatre",0.0000137,0.0000137,0
"ELECTRIC VINE INC",0.0000137,0.0000137,0
"DCMN GmbH",0.0000137,0,0.0000137
"Synerise SA",0.0000137,0.0000137,0
"Wolters Kluwer Health, Inc.",0.0000137,0.0000137,0
"National Railroad Passenger Corporation",0.0000137,0.0000137,0
"MINITOOL SOLUTION LTD",0.0000137,0,0.0000137
"Fashion ID GmbH & Co. KG",0.0000137,0.0000137,0
"Perfect Corp.",0.0000137,0,0.0000137
"VSC TECHNOLOGIES",0.0000137,0.00000686,0.00000686
"iContact/Broadwick Corporation",0.0000137,0,0.0000137
"REXEL USA, INC.",0.0000137,0.0000137,0
"PlumbingSupply Group, LLC",0.0000137,0,0.0000137
"VISORANDO SARL",0.0000137,0.0000137,0
"FanDuel Ltd.",0.0000137,0.0000137,0
"Group Nine Media, Inc.",0.0000137,0,0.0000137
"RTK.IO, Inc",0.0000137,0,0.0000137
"SIA IdeaBits",0.0000137,0,0.0000137
"Naabo Solutions Pvt. Ltd.",0.0000137,0.0000137,0
"PGA TOUR Inc.",0.0000137,0,0.0000137
"SuperAwesome Trading Limited",0.0000137,0,0.0000137
"Nlife Ltd",0.0000137,0.0000137,0
"Classmate, LLC",0.0000137,0,0.0000137
"Link Media bvba",0.0000137,0.0000137,0
"小船出海教育科技（北京）有限公司",0.0000137,0,0.0000137
"Suomen Osuuskauppojen Keskuskunta",0.0000137,0,0.0000137
"IETF Trust",0.0000137,0.0000137,0
"Alaia Technologies Inc",0.0000137,0,0.0000137
"91digital web private limited",0.0000137,0.00000686,0.00000686
"Postmedia Network Inc.",0.0000137,0.0000137,0
"Infoplaza B.V.",0.0000137,0.0000137,0
"Val-Pak Direct Marketing Systems, Inc.",0.0000137,0.0000137,0
"CHURCH OF SCIENTOLOGY INTERNATIONAL",0.0000137,0.0000137,0
"Foundation for a Drug-Free World",0.0000137,0,0.0000137
"Acushnet Company",0.0000137,0,0.0000137
"SCHNEIDER ELECTRIC INDUSTRIES SAS",0.0000137,0,0.0000137
"Master Lock Company",0.0000137,0.0000137,0
"SBDGroup",0.0000137,0,0.0000137
"Springboard Video, LLC",0.0000137,0,0.0000137
"GKNOT Co.,Ltd.",0.0000137,0,0.0000137
"Skiresort Service International GmbH",0.0000137,0.0000137,0
"Smithsonian Institution",0.0000137,0.0000137,0
"FIXR, Inc",0.0000137,0,0.0000137
"SARL Yamaboushi",0.0000137,0.0000137,0
"France Hardware",0.0000137,0.0000137,0
"Type: Natural person",0.0000137,0,0.0000137
"SS, SIA",0.0000137,0,0.0000137
"Dexcom, Inc.",0.0000137,0,0.0000137
"Streetdirectory",0.0000137,0,0.0000137
"Meteo365.com Ltd",0.0000137,0,0.0000137
"Lovely Systems GmbH",0.0000137,0.0000137,0
"County of Tarrant",0.0000137,0.0000137,0
"MyUS.com",0.0000137,0.0000137,0
"William Reed Business Media Ltd",0.0000137,0,0.0000137
"XO Group Inc.",0.0000137,0.0000137,0
"Just A Pinch Recipe Club, LLC",0.0000137,0,0.0000137
"STUFF LIMITED",0.0000137,0.0000137,0
"The Madison Square Garden Company",0.0000137,0,0.0000137
"The Villages Technology Solutions Group",0.0000137,0.0000137,0
"HolidayPirates GmbH",0.0000137,0,0.0000137
"Twinkl LTD",0.0000137,0.00000686,0.00000686
"University of California - Irvine",0.0000137,0,0.0000137
"European Bioinformatics Institute",0.0000137,0,0.0000137
"Direzione delle Telecomunicazioni del Governatorato",0.0000137,0,0.0000137
"Heartlight",0.0000137,0,0.0000137
"Valvoline LLC",0.0000137,0.00000686,0.00000686
"Cimpress Schweiz GmbH",0.0000137,0.0000137,0
"ARTEMIS",0.0000137,0.0000137,0
"Visionworks of America, Inc",0.0000137,0.0000137,0
"Walk Score",0.0000137,0.0000137,0
"Jolaf IT-Service",0.0000137,0,0.0000137
"Webull Financial LLC",0.0000137,0.0000137,0
"Wedding Planner S.L.",0.0000137,0.0000137,0
"WOODMAN FILMS PRODUCTIONS Ltd",0.0000137,0,0.0000137
"United Daily News",0.0000137,0.0000137,0
"Chris Haikalis",0.0000137,0,0.0000137
"Yediot Information Technologies ltd",0.0000137,0.0000137,0
"Minnesota Public Radio",0.0000137,0,0.0000137
"Early Warning Services, LLC",0.0000137,0.0000137,0
"Zinio LLC",0.0000137,0,0.0000137
"zooplus AG",0.0000137,0.0000137,0
"REGION GRAND EST",0.00000686,0,0.00000686
"Reshet Noga Ltd",0.00000686,0,0.00000686
"DoubleGIS LLC",0.00000686,0.00000686,0
"OnApp Limited",0.00000686,0,0.00000686
"Inrix, Inc.",0.00000686,0,0.00000686
"Pelicanparts, LLC",0.00000686,0.00000686,0
"The American Automobile Association, Inc.",0.00000686,0.00000686,0
"Trustev Ltd.",0.00000686,0.00000686,0
"Xverify Inc",0.00000686,0.00000686,0
"Zillow Group, Inc.",0.00000686,0,0.00000686
"Digital Turbine",0.00000686,0,0.00000686
"Xiaomi Corporation",0.00000686,0,0.00000686
"Web Prime, Inc.",0.00000686,0.00000686,0
"American Foundation for Suicide Prevention",0.00000686,0.00000686,0
"Adpearance",0.00000686,0,0.00000686
"SkyVector",0.00000686,0,0.00000686
"BOOST",0.00000686,0.00000686,0
"Allegro.pl sp. z o.o.",0.00000686,0.00000686,0
"FC Bayern Muenchen AG",0.00000686,0,0.00000686
"CONFORAMA FRANCE",0.00000686,0.00000686,0
"Sanoma Corporation",0.00000686,0.00000686,0
"The Qt Company Ltd",0.00000686,0,0.00000686
"Forgamer Limited",0.00000686,0,0.00000686
"Drexel University",0.00000686,0.00000686,0
"Metropolitan Museum of Art",0.00000686,0.00000686,0
"MANGO LIFE MEDIA INC",0.00000686,0,0.00000686
"Parrable, Inc.",0.00000686,0,0.00000686
"ING Group",0.00000686,0.00000686,0
"A-Z Animals",0.00000686,0,0.00000686
"Utah Digital Services",0.00000686,0,0.00000686
"Livemaster LLC",0.00000686,0,0.00000686
"Ventail Limited",0.00000686,0,0.00000686
"Mansueto Ventures LLC.",0.00000686,0,0.00000686
"Politico, LLC.",0.00000686,0.00000686,0
"Seesaa Inc",0.00000686,0.00000686,0
"Project Avalon",0.00000686,0,0.00000686
"Third Door Media",0.00000686,0.00000686,0
"TARIF CHECK24 GmbH",0.00000686,0,0.00000686
"MediaFire, LLC",0.00000686,0.00000686,0
"Cybernet Entertainment LLC",0.00000686,0,0.00000686
"State of Maryland",0.00000686,0.00000686,0
"3xchange",0.00000686,0.00000686,0
"Bentley Systems, Incorporated",0.00000686,0.00000686,0
"Grupo M Contigo SL B37527900",0.00000686,0,0.00000686
"Combex Inc. (DBA Chaney Instrument Co.)",0.00000686,0,0.00000686
"Bureau of Meteorology",0.00000686,0,0.00000686
"Recreational Equipment Inc.",0.00000686,0.00000686,0
"ECS Tuning LLC",0.00000686,0.00000686,0
"Interactive One",0.00000686,0,0.00000686
"Immedia Semiconductor",0.00000686,0.00000686,0
"Dynadot, LLC",0.00000686,0.00000686,0
"RITZAUS BUREAU A/S",0.00000686,0.00000686,0
"vagaro",0.00000686,0.00000686,0
"Bricklink Limited",0.00000686,0,0.00000686
"Scientific American",0.00000686,0,0.00000686
"The Nation",0.00000686,0,0.00000686
"The Slate Group LLC",0.00000686,0,0.00000686
"Saint Bitts LLC",0.00000686,0,0.00000686
"Rocket Sports Internet Limited",0.00000686,0,0.00000686
"American Registry for Internet Numbers, Ltd.",0.00000686,0,0.00000686
"Luke Strickland",0.00000686,0,0.00000686
"ExpertPhotography",0.00000686,0,0.00000686
"Instructure, Inc.",0.00000686,0,0.00000686
"Cars On Line",0.00000686,0,0.00000686
"INSTITUT NATIONAL DE L INFORMATION GEOGRAPHIQUE ET FORESTIERE",0.00000686,0.00000686,0
"Mas Capital Group Ltd",0.00000686,0,0.00000686
"Everything Unlocked Ltd",0.00000686,0.00000686,0
"Danbooru Project",0.00000686,0,0.00000686
"Lonely Planet Global, Inc.",0.00000686,0,0.00000686
"Chicago Public Media, Inc.",0.00000686,0,0.00000686
"City of Chicago",0.00000686,0.00000686,0
"Montgomery County Public Schools",0.00000686,0.00000686,0
"COUNTY OF VENTURA INFORMATION SYS. DEPT.",0.00000686,0,0.00000686
"Viewster AG",0.00000686,0,0.00000686
"Colby College",0.00000686,0.00000686,0
"OOO Sovremennie informazionnie tehnologii",0.00000686,0.00000686,0
"ABXY LLC",0.00000686,0,0.00000686
"Livingston Technologies",0.00000686,0.00000686,0
"wikata B.V.",0.00000686,0.00000686,0
"ANSWERS IN GENESIS",0.00000686,0,0.00000686
"edX",0.00000686,0.00000686,0
"Institute of Electrical and Electronics Engineers, Inc.",0.00000686,0,0.00000686
"Ableton AG",0.00000686,0.00000686,0
"Rock Content",0.00000686,0,0.00000686
"MusicToday",0.00000686,0.00000686,0
"CUAnswers",0.00000686,0.00000686,0
"Reelgood",0.00000686,0.00000686,0
"City and County of Denver",0.00000686,0.00000686,0
"elcomercioperu.com.pe s.a.a.",0.00000686,0,0.00000686
"Carleton College",0.00000686,0,0.00000686
"STATIM SAS",0.00000686,0.00000686,0
"JSC Eda.ru",0.00000686,0,0.00000686
"communicationAds GmbH & Co. KG",0.00000686,0,0.00000686
"Plan.Net Performance GmbH & Co. KG",0.00000686,0,0.00000686
"Kelterborn Andreas",0.00000686,0,0.00000686
"Stillfront Group",0.00000686,0.00000686,0
"KNPB MEDIA B.V.",0.00000686,0,0.00000686
"ALLIANCE RESEAUX",0.00000686,0.00000686,0
"ChinaDaily Multimedia Co.,Ltd",0.00000686,0.00000686,0
"INA (Institut National de l'Audiovisuel)",0.00000686,0,0.00000686
"Nintendo Co., Ltd.",0.00000686,0,0.00000686
"Ordnance Survey Limited",0.00000686,0.00000686,0
"Faithlife Corporation",0.00000686,0.00000686,0
"EASY SOLUTIONS INC",0.00000686,0.00000686,0
"LE PARISIEN",0.00000686,0,0.00000686
"YuppTV USA Inc.",0.00000686,0,0.00000686
"CTS EVENTIM Solutions GmbH",0.00000686,0,0.00000686
"LLC Zhivaya Biblioteka",0.00000686,0,0.00000686
"Northwell Health, Inc.",0.00000686,0.00000686,0
"HOLA, S.L.",0.00000686,0,0.00000686
"Parade Publications",0.00000686,0,0.00000686
"USDA",0.00000686,0.00000686,0
"汕头市同行网络科技有限公司",0.00000686,0,0.00000686
"OfferUp, Inc.",0.00000686,0,0.00000686
"Alexis Kauffmann",0.00000686,0.00000686,0
"Framasoft.org",0.00000686,0,0.00000686
"Breitbart News Network",0.00000686,0,0.00000686
"digitiminimi, inc.",0.00000686,0,0.00000686
"Game8,Inc.",0.00000686,0,0.00000686
"GameWith Inc.",0.00000686,0,0.00000686
"Jeremiah Freyholtz",0.00000686,0,0.00000686
"Ooma, Inc.",0.00000686,0.00000686,0
"Codecov LLC",0.00000686,0,0.00000686
"The Washington Newspaper Publishing Company, Llc",0.00000686,0.00000686,0
"Cyber Communications Inc.",0.00000686,0,0.00000686
"Coub Ltd",0.00000686,0.00000686,0
"Victory Square Media Inc.",0.00000686,0,0.00000686
"HealthDirect Australia",0.00000686,0,0.00000686
"CrowdStrike, Inc.",0.00000686,0,0.00000686
"hentaicdn.com",0.00000686,0.00000686,0
"Legato LLC",0.00000686,0,0.00000686
"Listal Limited",0.00000686,0,0.00000686
"Rundfunk Berlin-Brandenburg",0.00000686,0,0.00000686
"Thumbtack, Inc.",0.00000686,0,0.00000686
"University of California Office of the President",0.00000686,0.00000686,0
"NIC, Inc",0.00000686,0,0.00000686
"Canadian Broadcasting Corporation",0.00000686,0.00000686,0
"寶利拾股份有限公司",0.00000686,0.00000686,0
"State of Illinois: Department of Innovation and Technology",0.00000686,0.00000686,0
"International DOI Foundation",0.00000686,0,0.00000686
"City of New York, Dept of IT & Telecommunications",0.00000686,0.00000686,0
"Ben Folk-Williams",0.00000686,0,0.00000686
"CloudPayments LLC",0.00000686,0,0.00000686
"Organisation Européenne pour la Recherche Nucléaire \CERN\",0.00000686,0.00000686,0
"Bundl Technologies Private Limited",0.00000686,0.00000686,0
"FISIOZONE SL",0.00000686,0,0.00000686
"Hestview Limited",0.00000686,0,0.00000686
"The Interaction Design Foundation ApS",0.00000686,0.00000686,0
"The Gleaner Company (Media) Ltd.",0.00000686,0,0.00000686
"NOS",0.00000686,0,0.00000686
"Jewish Journal of Greater Los Angeles",0.00000686,0.00000686,0
"Moi Corporation",0.00000686,0,0.00000686
"Momentum Inc",0.00000686,0,0.00000686
"Vietnam Communications Corp.",0.00000686,0,0.00000686
"Deluxe Small Business Sales, Inc.",0.00000686,0,0.00000686
"Kinepolis Group NV",0.00000686,0,0.00000686
"IHG, LLC",0.00000686,0,0.00000686
"TUI Nederland Holding N.V.,",0.00000686,0.00000686,0
"J S WEB PRODUCTION",0.00000686,0.00000686,0
"Poynter Institute",0.00000686,0.00000686,0
"John Wiley & Sons, Inc",0.00000686,0.00000686,0
"Arbetsformedlingen",0.00000686,0.00000686,0
"iCreo",0.00000686,0,0.00000686
"Borg Design SRL",0.00000686,0,0.00000686
"Suedwestrundfunk Anstalt des oeffentlichen Rechts",0.00000686,0.00000686,0
"Entain plc",0.00000686,0.00000686,0
"Radiojar SA",0.00000686,0,0.00000686
"Jilt",0.00000686,0,0.00000686
"League of Women Voters",0.00000686,0.00000686,0
"U.S. Publishing",0.00000686,0,0.00000686
"CENTRO METEO ITALIANO S.R.L",0.00000686,0,0.00000686
"IAC (InterActiveCorp)",0.00000686,0,0.00000686
"Suluta Corp",0.00000686,0,0.00000686
"AO Kaspersky Lab",0.00000686,0.00000686,0
"Manhattan Institute for Policy Research",0.00000686,0,0.00000686
"Avarishidu Limited",0.00000686,0,0.00000686
"AGENZIA ANSA - AGENZIA NAZIONALE STAMPA ASSOCIATA SOC. COOP.",0.00000686,0,0.00000686
"Hubbard Radio, LLC",0.00000686,0,0.00000686
"US House of Representatives",0.00000686,0,0.00000686
"Flightradar24 AB",0.00000686,0,0.00000686
"LLC PalitrumLab",0.00000686,0,0.00000686
"Moneyfacts Group PLC",0.00000686,0,0.00000686
"Compedu Ru",0.00000686,0.00000686,0
"Oferteo sp. z o.o.",0.00000686,0.00000686,0
"MUSESCORE BVBA",0.00000686,0.00000686,0
"Fuclrum Media, Inc",0.00000686,0,0.00000686
"Aura",0.00000686,0,0.00000686
"Shutterfly, Inc.",0.00000686,0.00000686,0
"Coldwell Banker Real Estate LLC",0.00000686,0.00000686,0
"THE CLEVELAND CLINIC FOUNDATIO",0.00000686,0.00000686,0
"CYBERLINK CORP.",0.00000686,0.00000686,0
"Regions Financial Corporation",0.00000686,0.00000686,0
"Ammunition Depot",0.00000686,0.00000686,0
"Honeywell International Inc.",0.00000686,0,0.00000686
"University of Tennessee",0.00000686,0.00000686,0
"Pagetracer",0.00000686,0,0.00000686
"NLINKS Co., Ltd.",0.00000686,0.00000686,0
"F-Droid Limited",0.00000686,0,0.00000686
"Newsweek LLC",0.00000686,0,0.00000686
"Keen.io LLC",0.00000686,0,0.00000686
"Padlet",0.00000686,0.00000686,0
"Bluestack Systems, Inc.",0.00000686,0,0.00000686
"National Rifle Association of America",0.00000686,0,0.00000686
"SlickJump Inc.",0.00000686,0.00000686,0
"ClickBank",0.00000686,0.00000686,0
"Ter Wee Computer Systems",0.00000686,0.00000686,0
"Blue Letter Bible",0.00000686,0.00000686,0
"Dominion Enterprises",0.00000686,0,0.00000686
"Metropolitan Transportation Authority",0.00000686,0.00000686,0
"Onedio Bilisim Yazilim Medya Tekn. San. Tic. A.S",0.00000686,0.00000686,0
"M&T Bank Corporation",0.00000686,0.00000686,0
"Simon Fraser University",0.00000686,0.00000686,0
"FDR CAPITAL LIMITED",0.00000686,0,0.00000686
"RBC Ministries",0.00000686,0,0.00000686
"Booz Allen Hamilton, Inc.",0.00000686,0,0.00000686
"Medion AG",0.00000686,0,0.00000686
"Apartment Therapy Media",0.00000686,0,0.00000686
"Filmaffinity S.L.",0.00000686,0,0.00000686
"Internet Solutions LLC",0.00000686,0.00000686,0
"IMG College, LLC",0.00000686,0.00000686,0
"AJUNTAMENT DE BARCELONA",0.00000686,0.00000686,0
"Lidl Stiftung & Co. KG",0.00000686,0,0.00000686
"Chewy Inc",0.00000686,0.00000686,0
"Humane America Animal Foundation",0.00000686,0,0.00000686
"Pixels.com, LLC",0.00000686,0,0.00000686
"Connect Healthcare",0.00000686,0,0.00000686
"Blue Water Ads",0.00000686,0.00000686,0
"UAB Dev2Dev",0.00000686,0.00000686,0
"NEW REPUBLIC, LLC (THE)",0.00000686,0,0.00000686
"Polskie Radio S.A.",0.00000686,0.00000686,0
"University of British Columbia",0.00000686,0,0.00000686
"Hand Talk",0.00000686,0.00000686,0
"Cia Proc. de Dados do Estado de S Paulo - Prodesp",0.00000686,0,0.00000686
"Las Vegas Review-Journal, Inc",0.00000686,0.00000686,0
"Empire Media Group, LLC",0.00000686,0,0.00000686
"Talroo, Inc.",0.00000686,0.00000686,0
"Eesti Meedia AS",0.00000686,0,0.00000686
"Red Link To Media SL",0.00000686,0,0.00000686
"Merriam-Webster, Incorporated",0.00000686,0,0.00000686
"Spot.IM",0.00000686,0,0.00000686
"The General Hospital Corporation",0.00000686,0.00000686,0
"AppFolio, Inc.",0.00000686,0.00000686,0
"ToutApp, Inc.",0.00000686,0.00000686,0
"Avocet Systems Ltd.",0.00000686,0.00000686,0
"Mediastream, SPA",0.00000686,0.00000686,0
"ian ishida",0.00000686,0,0.00000686
"Basecamp, LLC",0.00000686,0,0.00000686
"push.world",0.00000686,0,0.00000686
"LLC. MT",0.00000686,0.00000686,0
"Mittelrhein-Verlag GmbH",0.00000686,0,0.00000686
"Terra Networks Brasil S.A.",0.00000686,0,0.00000686
"AIDA Cruises - German Branch of Costa Crociere S.p.A",0.00000686,0.00000686,0
"Ron Revog",0.00000686,0,0.00000686
"THE SUSAN G. KOMEN BREAST CANCER FOUNDATION, INC.",0.00000686,0.00000686,0
"Nelnet, Inc.",0.00000686,0.00000686,0
"RStudio",0.00000686,0.00000686,0
"ASICS Corporation",0.00000686,0,0.00000686
"DiDi Chuxing Technology Co.",0.00000686,0.00000686,0
"HiConversion, Inc.",0.00000686,0.00000686,0
"UkrNet LLC",0.00000686,0,0.00000686
"Telekom Slovenije d.d.",0.00000686,0.00000686,0
"Financial Insight Technology, Inc",0.00000686,0.00000686,0
"Central Intelligence Agency",0.00000686,0.00000686,0
"tv asahi corporation",0.00000686,0.00000686,0
"OAG Aviation Worldwide LLC",0.00000686,0.00000686,0
"Kottke.org",0.00000686,0,0.00000686
"Bureau of Land Management",0.00000686,0,0.00000686
"Florida State University",0.00000686,0,0.00000686
"Carrotquest",0.00000686,0,0.00000686
"Her Campus Media",0.00000686,0,0.00000686
"Cloud Imperium Games Texas, LLC",0.00000686,0.00000686,0
"Gatehouse Media, LLC",0.00000686,0,0.00000686
"TMSW - TOUT MON SITE WEB",0.00000686,0.00000686,0
"Niantic, Inc.",0.00000686,0,0.00000686
"Seeed Techonology Inc",0.00000686,0,0.00000686
"Where 2 Get It",0.00000686,0,0.00000686
"Seeking Alpha, Ltd.",0.00000686,0,0.00000686
"Aeropostale Inc",0.00000686,0,0.00000686
"Shoe Carnival, Inc.",0.00000686,0.00000686,0
"北京世纪高蓝科技有限公司",0.00000686,0,0.00000686
"FileMaker, Inc",0.00000686,0,0.00000686
"Logitech Inc. SA",0.00000686,0,0.00000686
"Kongregate",0.00000686,0.00000686,0
"HUBPEOPLE LIMITED",0.00000686,0.00000686,0
"Crunchbase Inc.",0.00000686,0,0.00000686
"TETE A MODELER",0.00000686,0.00000686,0
"AYU Technology Solutions LLC",0.00000686,0,0.00000686
"STATS LLC",0.00000686,0,0.00000686
"Interconnect IT",0.00000686,0.00000686,0
"CraveOnline Media, LLC",0.00000686,0,0.00000686
"Bernie Espinosa",0.00000686,0,0.00000686
"South China Morning Post Publishers Limited",0.00000686,0,0.00000686
"Local Media Group, Inc.",0.00000686,0,0.00000686
"Special Broadcasting Service Corporation",0.00000686,0,0.00000686
"iFixit",0.00000686,0,0.00000686
"AlumniClass.com, Inc.",0.00000686,0,0.00000686
"Sub-Zero Group Inc.",0.00000686,0,0.00000686
"SplitmediaLabs Limited.",0.00000686,0,0.00000686
"Technology Review, Inc.",0.00000686,0,0.00000686
"RealSelf, Inc.",0.00000686,0.00000686,0
"Helsingin seudun liikenne kuntayhtyma",0.00000686,0,0.00000686
"State of Tennessee",0.00000686,0.00000686,0
"Boxine GmbH",0.00000686,0,0.00000686
"TD Ameritrade",0.00000686,0,0.00000686
"TOTO USA",0.00000686,0.00000686,0
"Public Transport Victoria",0.00000686,0.00000686,0
"New Media Online GmbH",0.00000686,0,0.00000686
"All Nippon Airways Co.,Ltd",0.00000686,0.00000686,0
"The Mac Observer, Inc.",0.00000686,0,0.00000686
"Oak Ridge National Laboratory",0.00000686,0,0.00000686
"Robinhood Markets, Inc.",0.00000686,0.00000686,0
"2334271 Ontario Limited",0.00000686,0,0.00000686
"Fantastic Holdings Limited",0.00000686,0.00000686,0
"Eloquant",0.00000686,0.00000686,0
"Ministerstwo Finansów",0.00000686,0.00000686,0
"Craigslist",0.00000686,0.00000686,0
"Panasonic Corporation",0.00000686,0.00000686,0
"Backcountry.com",0.00000686,0,0.00000686
"Software & Support Media GmbH",0.00000686,0,0.00000686
"Defiant, Inc",0.00000686,0,0.00000686
"VietNamNet",0.00000686,0,0.00000686
"Wirewax LTD",0.00000686,0,0.00000686
"University of Virginia",0.00000686,0.00000686,0
"Digipolis Gent",0.00000686,0,0.00000686
"TechSmith Corporation",0.00000686,0.00000686,0
"The County Board of Arlington",0.00000686,0.00000686,0
"Wyoming Department of Transportation",0.00000686,0,0.00000686
"University of Twente",0.00000686,0.00000686,0
"Tech Viral",0.00000686,0,0.00000686
"Illinois Policy Institute",0.00000686,0,0.00000686
"Beatport LLC",0.00000686,0.00000686,0
"A/S Delfi",0.00000686,0.00000686,0
"20 Minutes France SAS",0.00000686,0.00000686,0
"iDalgo",0.00000686,0,0.00000686
"Two Degrees Mobile Limited",0.00000686,0.00000686,0
"CCRTV SERVEIS GENERALS S.A.",0.00000686,0,0.00000686
"Dassault Systemes SolidWorks Corporation",0.00000686,0,0.00000686
"ICONY GmbH",0.00000686,0,0.00000686
"AUTO 123 INC",0.00000686,0,0.00000686
"AARP",0.00000686,0.00000686,0
"JustGiving Foundation",0.00000686,0,0.00000686
"MindBody Inc",0.00000686,0.00000686,0
"McGraw-Hill Global Education Holdings, LLC",0.00000686,0.00000686,0
"Redlink, LLC",0.00000686,0,0.00000686
"Skaze",0.00000686,0.00000686,0
"ACLU",0.00000686,0,0.00000686
"Beijing IPinYou Information Technologies Co Ltd",0.00000686,0.00000686,0
"Spiceworks, Inc",0.00000686,0,0.00000686
"AGENCIA ESTATAL DE ADMINISTRACIÓN TRIBUTARIA",0.00000686,0,0.00000686
"DataVisor, Inc.",0.00000686,0,0.00000686
"Air Canada",0.00000686,0.00000686,0
"Carrot Market Co., Ltd.",0.00000686,0.00000686,0
"myTaste Operations AB",0.00000686,0,0.00000686
"Eugene Roshal",0.00000686,0,0.00000686
"ALSA GRUPO S.L.U.",0.00000686,0.00000686,0
"ECENTRIA IPH, LLC",0.00000686,0,0.00000686
"Ann Summers Ltd.",0.00000686,0.00000686,0
"Giga-Byte Technology Co., Ltd.",0.00000686,0,0.00000686
"American Psychological Association",0.00000686,0.00000686,0
"A-lehdet Oy",0.00000686,0,0.00000686
"ADSTOURS",0.00000686,0.00000686,0
"KLOIS",0.00000686,0.00000686,0
"Habr Blockchain Publishing LTD",0.00000686,0.00000686,0
"Sport1 GmbH",0.00000686,0,0.00000686
"El Colombiano S.A. & Cia. S.C.A.",0.00000686,0,0.00000686
"Snake Oil, Ltd",0.00000686,0,0.00000686
"ARTE",0.00000686,0,0.00000686
"Contact Impact GmbH",0.00000686,0.00000686,0
"CMG LLC",0.00000686,0,0.00000686
"Holger Schulz Online e.K.",0.00000686,0.00000686,0
"XANDRIE",0.00000686,0.00000686,0
"LEADPLACE",0.00000686,0,0.00000686
"Verivox GmbH",0.00000686,0,0.00000686
"Autocasion Hoy, S.A.",0.00000686,0,0.00000686
"AutoUncle",0.00000686,0.00000686,0
"Autobytel Inc",0.00000686,0,0.00000686
"AutoZone, Inc.",0.00000686,0.00000686,0
"Axis Bank Ltd",0.00000686,0,0.00000686
"Shanghai Youkun Information Technology Co., Ltd. ",0.00000686,0.00000686,0
"RDP B92",0.00000686,0.00000686,0
"Deutsche Bahn AG",0.00000686,0.00000686,0
"Sourcefabric z.u.",0.00000686,0,0.00000686
"ADOP",0.00000686,0.00000686,0
"Zacks Investment Research",0.00000686,0.00000686,0
"NEOLANE",0.00000686,0,0.00000686
"Dunkin'Brands, Inc.",0.00000686,0.00000686,0
"GREYHOUND Software GmbH & Co. KG",0.00000686,0,0.00000686
"Bayerischer Rundfunk",0.00000686,0.00000686,0
"Banco Bilbao Vizcaya Argentaria, S.A.",0.00000686,0.00000686,0
"Becton, Dickinson and Company",0.00000686,0.00000686,0
"Unique Vacations, Ltd",0.00000686,0.00000686,0
"Imperial College of Science, Technology and Medicine",0.00000686,0.00000686,0
"Yola, Inc",0.00000686,0.00000686,0
"Ribbonwinners Tatting Shuttles & Patterns",0.00000686,0,0.00000686
"BenQ Corporation",0.00000686,0,0.00000686
"MeridianLink",0.00000686,0.00000686,0
"World Health Organization (WHO)",0.00000686,0.00000686,0
"Christianbook.com, LLC",0.00000686,0.00000686,0
"BEACON ADS",0.00000686,0,0.00000686
"PROXIBID, INC.",0.00000686,0.00000686,0
"France Medias Monde S.A.",0.00000686,0.00000686,0
"InterAct Websites Inc.",0.00000686,0.00000686,0
"LoyaltyOne Travel Services Co./Cie Des Voyages LoyaltyOne",0.00000686,0.00000686,0
"Bayerische Motoren Werke AG",0.00000686,0.00000686,0
"Windfinder GmbH & Co.KG",0.00000686,0.00000686,0
"Athlon Sports",0.00000686,0,0.00000686
"Gouvernement du Quebec Conseil du tresor Services gouvernementaux",0.00000686,0.00000686,0
"CloseToMe",0.00000686,0.00000686,0
"Robert Bosch GmbH",0.00000686,0,0.00000686
"Boursorama SA",0.00000686,0.00000686,0
"Agility Inc",0.00000686,0,0.00000686
"Kenwood Limited",0.00000686,0.00000686,0
"Mitteldeutscher Rundfunk",0.00000686,0,0.00000686
"Safe Download Ltd.",0.00000686,0.00000686,0
"Optimal Software s.r.o",0.00000686,0,0.00000686
"BROTHER INDUSTRIES, LTD.",0.00000686,0,0.00000686
"Brother International Corporation",0.00000686,0.00000686,0
"Baylor Scott & White Health",0.00000686,0,0.00000686
"US Department of Transportation",0.00000686,0.00000686,0
"buffalobore.net",0.00000686,0,0.00000686
"Presse- und Informationsamt der Bundesregierung (BPA)",0.00000686,0.00000686,0
"Netlantic GmbH",0.00000686,0,0.00000686
"Dynamic 1001 GmbH",0.00000686,0.00000686,0
"Exchange Solutions Inc.",0.00000686,0.00000686,0
"Mosaico Negócios de Internet S.A",0.00000686,0.00000686,0
"AFILIO",0.00000686,0.00000686,0
"INNOLOGY VENTURES S.L.",0.00000686,0,0.00000686
"University of California, Berkeley (Regents of the Univ. of CA)",0.00000686,0,0.00000686
"City of Calgary",0.00000686,0.00000686,0
"Calumet Photographic GmbH",0.00000686,0,0.00000686
"CC Network Inc.",0.00000686,0,0.00000686
"CHAPWILL PTY LIMITED",0.00000686,0.00000686,0
"Sports Direct Inc",0.00000686,0,0.00000686
"Gaadi Web Pvt. Ltd.",0.00000686,0,0.00000686
"Cars.com, LLC",0.00000686,0,0.00000686
"Castanet Media Ltd.",0.00000686,0,0.00000686
"CDW LLC",0.00000686,0.00000686,0
"Pierre et Vacances",0.00000686,0.00000686,0
"Beijing Yunzhongrongxin Network Technology Co., Ltd.",0.00000686,0,0.00000686
"Rovi Corporation",0.00000686,0,0.00000686
"Verlag C.H. Beck oHG",0.00000686,0,0.00000686
"Travix International",0.00000686,0.00000686,0
"Richmond Brown Inc.",0.00000686,0,0.00000686
"Office for National Statistics",0.00000686,0.00000686,0
"Theatreland Ltd",0.00000686,0,0.00000686
"Math Industries s.r.l.",0.00000686,0.00000686,0
"Beijing Ptmind Network Technology Co., Ltd.",0.00000686,0,0.00000686
"Ciliara Trading Limited",0.00000686,0,0.00000686
"schnee von morgen webTV GmbH",0.00000686,0,0.00000686
"Academia Inc",0.00000686,0,0.00000686
"City of Boston",0.00000686,0.00000686,0
"Brief Media",0.00000686,0.00000686,0
"MONDADORI MAGAZINES FRANCE",0.00000686,0,0.00000686
"Nomix s.r.l.",0.00000686,0.00000686,0
"Securities and Exchange Commission",0.00000686,0,0.00000686
"APMEX inc.",0.00000686,0.00000686,0
"IDG Communictions Media AG",0.00000686,0,0.00000686
"Comss",0.00000686,0.00000686,0
"Le Travenues Technology Pvt. Ltd.",0.00000686,0,0.00000686
"Shenzhen Hexun Huagu Information Technology Co., Ltd.",0.00000686,0.00000686,0
"Coop Genossenschaft",0.00000686,0.00000686,0
"The Trustico Group Ltd",0.00000686,0.00000686,0
"LA PROVENCE",0.00000686,0.00000686,0
"University of Nebraska-Lincoln",0.00000686,0,0.00000686
"ETtoday Co., Ltd.",0.00000686,0,0.00000686
"LA CAISSE D'EPARGNE (BPCE SA)",0.00000686,0.00000686,0
"LPP S.A",0.00000686,0,0.00000686
"TUI AG",0.00000686,0.00000686,0
"GroupM Competence Center GmbH",0.00000686,0.00000686,0
"Foncloud Inc.",0.00000686,0.00000686,0
"Financial Calculators, Inc.",0.00000686,0,0.00000686
"New York MEDIA LLC",0.00000686,0.00000686,0
"MMOFam",0.00000686,0,0.00000686
"J.D. Power",0.00000686,0,0.00000686
"Dell Inc.",0.00000686,0.00000686,0
"Multi-State Lottery Association",0.00000686,0,0.00000686
"Standard Verlagsgesellschaft m.b.H.",0.00000686,0.00000686,0
"Dezeen Limited",0.00000686,0.00000686,0
"Bibliotheque Nationale de France",0.00000686,0.00000686,0
"KDE e.V.",0.00000686,0.00000686,0
"MEDIASET ESPANA COMUNICACION SA",0.00000686,0.00000686,0
"B & Q plc",0.00000686,0,0.00000686
"ANKAMA",0.00000686,0.00000686,0
"Domino's Pizza LLC",0.00000686,0.00000686,0
"Marc Dorcel SA",0.00000686,0,0.00000686
"Deichmann SE",0.00000686,0,0.00000686
"orcid",0.00000686,0.00000686,0
"MARKET ANALYTICS TECHNOLOGY LTD",0.00000686,0,0.00000686
"HG Intelligence SA",0.00000686,0,0.00000686
"APIgurus.com",0.00000686,0,0.00000686
"Suomalainen Laakariseura Duodecim ry",0.00000686,0.00000686,0
"Omega Engineering Inc.",0.00000686,0,0.00000686
"DIGITAL BUSINESS INTELLIGENCE",0.00000686,0,0.00000686
"Wildberries LLC",0.00000686,0.00000686,0
"ConnectionPoint Systems Inc.",0.00000686,0.00000686,0
"SearchForce Inc.",0.00000686,0,0.00000686
"Das Eidgenössische Departement für auswärtige Angelegenheiten (EDA)",0.00000686,0,0.00000686
"eDreams International Network SL",0.00000686,0.00000686,0
"Reisinformatiegroep B.V.",0.00000686,0,0.00000686
"iVoox Global Podcasting SL",0.00000686,0.00000686,0
"Editorial Ecoprensa SA",0.00000686,0.00000686,0
"Arrow Electronics Inc.",0.00000686,0.00000686,0
"Informa D&B S.A. SME",0.00000686,0,0.00000686
"AGUSTIN EDWARDS E Y COMPANIA",0.00000686,0.00000686,0
"mads holmen",0.00000686,0,0.00000686
"Enel Italia S.R.L.",0.00000686,0,0.00000686
"CHECK24 Vergleichsportal GmbH",0.00000686,0.00000686,0
"Escapada Rural servicios para Propietarios S.L.",0.00000686,0.00000686,0
"My Plaza Pty Ltd t/as Pulseware",0.00000686,0,0.00000686
"Good Game Mods LLC",0.00000686,0.00000686,0
"NS2.COM INTERNET SA",0.00000686,0.00000686,0
"Obvio Brasil Software e Serviços LTDA",0.00000686,0.00000686,0
"TBI",0.00000686,0,0.00000686
"Europcar International S.A.S.U",0.00000686,0.00000686,0
"Amalgamated Holdings Limited",0.00000686,0.00000686,0
"CTS Eventim AG & Co. KGaA",0.00000686,0.00000686,0
"Winchester Consultancy Ltd",0.00000686,0,0.00000686
"Hurriyet Gazetecilik veMatbaacýlýk A.Þ.",0.00000686,0,0.00000686
"Secret Industries",0.00000686,0,0.00000686
"Preisvergleich Internet Services AG",0.00000686,0.00000686,0
"FUTBOL CLUB BARCELONA",0.00000686,0,0.00000686
"Formula One Digital Media Limited",0.00000686,0,0.00000686
"American Chemical Society",0.00000686,0.00000686,0
"Thermo Fisher Scientific Inc.",0.00000686,0.00000686,0
"St. Luke's Health System",0.00000686,0,0.00000686
"Paysafe Group Limited",0.00000686,0.00000686,0
"Hanley Wood LLC",0.00000686,0,0.00000686
"usd AG",0.00000686,0,0.00000686
"Miaozhen Systems",0.00000686,0.00000686,0
"Bay Area Rapid Transit District (BART)",0.00000686,0.00000686,0
"FUJI TELEVISION NETWORK,INC.",0.00000686,0,0.00000686
"Centers for Disease Control and Prevention",0.00000686,0.00000686,0
"Administration for Children and Families",0.00000686,0,0.00000686
"BURWEBS S.L.",0.00000686,0.00000686,0
"Smarkio SA",0.00000686,0,0.00000686
"KARAVEL SAS",0.00000686,0,0.00000686
"Lunaweb Ltd.",0.00000686,0,0.00000686
"Vladica Vucetic",0.00000686,0,0.00000686
"Frontier Communications",0.00000686,0.00000686,0
"Funda Real Estate B.V.",0.00000686,0,0.00000686
"Unas Media Productions",0.00000686,0,0.00000686
"Greentube Internet Entertainment Solutions GmbH",0.00000686,0.00000686,0
"Obshchestvo s ogranichennoj otvetstvennostyu Videologiya",0.00000686,0.00000686,0
"StepStone GmbH",0.00000686,0.00000686,0
"Veretech",0.00000686,0,0.00000686
"Republique et Canton de Geneve",0.00000686,0.00000686,0
"Auswärtiges Amt",0.00000686,0.00000686,0
"SOFTISSIMO INC",0.00000686,0.00000686,0
"NetLine Corporation",0.00000686,0,0.00000686
"Green Dot Corporation",0.00000686,0,0.00000686
"Lakehouse.com",0.00000686,0,0.00000686
"LPGA",0.00000686,0,0.00000686
"PROTO CORPORATION",0.00000686,0,0.00000686
"Mooney Internet",0.00000686,0,0.00000686
"Swisscom Directories AG",0.00000686,0.00000686,0
"W.W. Grainger, Inc",0.00000686,0,0.00000686
"Mumsnet Ltd",0.00000686,0.00000686,0
"FAST RETAILING CO., LTD.",0.00000686,0,0.00000686
"Diageo Plc",0.00000686,0,0.00000686
"Ashop",0.00000686,0.00000686,0
"Millennial Media, LLC",0.00000686,0,0.00000686
"Gwinnett County",0.00000686,0.00000686,0
"Ciner Yayýn Holding A.Þ.",0.00000686,0,0.00000686
"Halfords Group Plc",0.00000686,0,0.00000686
"Wired Communications",0.00000686,0.00000686,0
"HeizOel24 (interaid GmbH)",0.00000686,0,0.00000686
"Eterno Infotech Private Limited",0.00000686,0,0.00000686
"UXCam",0.00000686,0.00000686,0
"Neo Era Media",0.00000686,0,0.00000686
"Arkadia Media Nusantara",0.00000686,0,0.00000686
"Foris DAX MT Limited",0.00000686,0.00000686,0
"Holland and Barrett International Limited",0.00000686,0.00000686,0
"Angie's List, Inc",0.00000686,0.00000686,0
"The Hoyts Corporation",0.00000686,0,0.00000686
"Home Shopping Europe GmbH",0.00000686,0,0.00000686
"HUK-COBURG",0.00000686,0.00000686,0
"Hunter Industries",0.00000686,0,0.00000686
"JBWG",0.00000686,0,0.00000686
"Interactive Brokers LLC",0.00000686,0.00000686,0
"Z2 Systems, Inc.",0.00000686,0,0.00000686
"Styria Media Group AG",0.00000686,0.00000686,0
"Societe Nationale De Radiodiffusion Radio France",0.00000686,0,0.00000686
"Meteosolutions s.r.l.",0.00000686,0,0.00000686
"Depositphotos Inc.",0.00000686,0,0.00000686
"Independent News Service Pvt. Ltd",0.00000686,0,0.00000686
"ASSOCIATION INFOCLIMAT",0.00000686,0.00000686,0
"Jobware GmbH",0.00000686,0,0.00000686
"IsraelNationalNews",0.00000686,0.00000686,0
"UNIMEDIA s.r.l.",0.00000686,0.00000686,0
"Sage Software, Inc.",0.00000686,0.00000686,0
"Eurail.Com",0.00000686,0.00000686,0
"Mappy S.A.",0.00000686,0,0.00000686
"Indiana University",0.00000686,0.00000686,0
"VISIOLINK ApS",0.00000686,0,0.00000686
"LLC Ivi.ru",0.00000686,0.00000686,0
"Jagex Limited",0.00000686,0,0.00000686
"Japan Airlines Co., Ltd.",0.00000686,0,0.00000686
"jem&fix",0.00000686,0,0.00000686
"JetBlue Airways Corporation",0.00000686,0.00000686,0
"Wisdom Digital Media",0.00000686,0,0.00000686
"Complex Media, Inc.",0.00000686,0.00000686,0
"Allegiance Inc",0.00000686,0.00000686,0
"Azion Technologies",0.00000686,0.00000686,0
"Cafe24 Corp.",0.00000686,0.00000686,0
"Mediengruppe Pressedruck Dienstleistungs-GmbH & Co. OHG",0.00000686,0,0.00000686
"RAYCOM MEDIA",0.00000686,0,0.00000686
"TISCALI MEDIA, a.s.",0.00000686,0,0.00000686
"Signet Group Services US Inc.",0.00000686,0,0.00000686
"Appgeneration, Software technologies, Lda",0.00000686,0.00000686,0
"Oregon Public Broadcasting",0.00000686,0.00000686,0
"Polaris Industries",0.00000686,0,0.00000686
"AllTrails, LLC",0.00000686,0.00000686,0
"Kaiser Foundation Health Plan, Inc.",0.00000686,0,0.00000686
"WIBILONG",0.00000686,0,0.00000686
"EMacth",0.00000686,0.00000686,0
"ZipList, Inc.",0.00000686,0,0.00000686
"DISRUPTIVE COMMERCE",0.00000686,0.00000686,0
"SA La Nacion",0.00000686,0.00000686,0
"Lands' End, Inc.",0.00000686,0.00000686,0
"Editorial Prensa Valenciana, S.A",0.00000686,0,0.00000686
"Atresmedia Corporacion de Medios de Comunicacion SA",0.00000686,0.00000686,0
"LA VOZ DE GALICIA S.A.",0.00000686,0,0.00000686
"SHENZHEN LICHUANG E-COMMERCE CO.,LTD.",0.00000686,0,0.00000686
"Industria de Diseno Textil SA",0.00000686,0.00000686,0
"Le Phocéen",0.00000686,0,0.00000686
"LLC Nanosemantix Lab",0.00000686,0.00000686,0
"Corus Entertainment Inc.",0.00000686,0,0.00000686
"Media Research Center",0.00000686,0,0.00000686
"Unilever",0.00000686,0,0.00000686
"Coles Financial Services Pty Ltd",0.00000686,0.00000686,0
"Bravenet Web Services Inc.",0.00000686,0.00000686,0
"Ludwig-Maximilians-Universitaet Muenchen",0.00000686,0,0.00000686
"MetroPress Ltd.",0.00000686,0,0.00000686
"Speedway Motorsports, Inc.",0.00000686,0.00000686,0
"MA-Shops GmbH",0.00000686,0,0.00000686
"M6 Web",0.00000686,0,0.00000686
"DAZN Limited",0.00000686,0,0.00000686
"DECIEM Beauty Group Inc.",0.00000686,0,0.00000686
"Woolworths Group Limited",0.00000686,0,0.00000686
"MYER PTY LTD",0.00000686,0,0.00000686
"Goldman Sachs",0.00000686,0.00000686,0
"Giant Eagle Inc.",0.00000686,0.00000686,0
"LifeStreet",0.00000686,0.00000686,0
"Commonwealth Of Massachusetts",0.00000686,0.00000686,0
"QorPay Inc.",0.00000686,0.00000686,0
"cyScape, Inc.",0.00000686,0.00000686,0
"Stichting Webshop Keurmerk",0.00000686,0,0.00000686
"EDITORIAL PERFIL",0.00000686,0,0.00000686
"Sigma Aldrich Corporation",0.00000686,0.00000686,0
"Encyclopaedia Britannica Inc.",0.00000686,0.00000686,0
"Meteo France",0.00000686,0,0.00000686
"LIZIN XAVIER",0.00000686,0,0.00000686
"MobileHomeParkStore.com",0.00000686,0,0.00000686
"Medizinische Hochschule Hannover",0.00000686,0,0.00000686
"Michaels Stores Inc.",0.00000686,0,0.00000686
"U.S. Army Human Resources Command",0.00000686,0.00000686,0
"The Reinalt-Thomas Corporation",0.00000686,0,0.00000686
"Queensland University of Technology",0.00000686,0.00000686,0
"State of Minnesota",0.00000686,0,0.00000686
"TechIO Ltd",0.00000686,0.00000686,0
"nicolas hammer",0.00000686,0,0.00000686
"Yardi Systems",0.00000686,0.00000686,0
"CMR srl",0.00000686,0,0.00000686
"NEWELL BRANDS INC.",0.00000686,0.00000686,0
"Missouri State Highway Patrol",0.00000686,0,0.00000686
"Montana State University",0.00000686,0.00000686,0
"Mueller Ltd. & Co. KG",0.00000686,0,0.00000686
"Stadtwerke Muenchen GmbH",0.00000686,0,0.00000686
"Uslugi informatyczne Janusz Paskiewicz",0.00000686,0.00000686,0
"H-D U.S.A., LLC",0.00000686,0.00000686,0
"Internet Bookshop Italia s.r.l.",0.00000686,0,0.00000686
"Mynet Medya Yayýncýlýk uluslararasý Elektronik Bilgilendirme Haberleþme Hiz AÞ",0.00000686,0.00000686,0
"Mynet",0.00000686,0.00000686,0
"MyPlane, Inc",0.00000686,0,0.00000686
"APN NEWSPAPERS PTY LTD",0.00000686,0.00000686,0
"Workday Inc",0.00000686,0.00000686,0
"Keshet Broadcasting Ltd.",0.00000686,0.00000686,0
"FKU Nalog-Servis FNS Rossii",0.00000686,0.00000686,0
"Mineconomrazvitiya Rossii",0.00000686,0,0.00000686
"eTrust Pro Inc.",0.00000686,0,0.00000686
"Avanser",0.00000686,0.00000686,0
"Banque Nationale du Canada",0.00000686,0,0.00000686
"KHQ, Incorporated",0.00000686,0,0.00000686
"NCH Software Pty Ltd",0.00000686,0,0.00000686
"NCH Pty Ltd",0.00000686,0.00000686,0
"Sainsbury's Supermarkets Ltd",0.00000686,0.00000686,0
"Adrime",0.00000686,0.00000686,0
"NettiX Oy",0.00000686,0.00000686,0
"Megapharma sprl",0.00000686,0.00000686,0
"XINHUANET CO., LTD",0.00000686,0.00000686,0
"PaperG, Inc.",0.00000686,0,0.00000686
"NHK(Japan Broadcasting Corporation)",0.00000686,0.00000686,0
"OeBB-Business Competence Center GmbH",0.00000686,0.00000686,0
"Nordot Inc.",0.00000686,0,0.00000686
"National Library of Medicine",0.00000686,0.00000686,0
"Upsales Nordic AB",0.00000686,0.00000686,0
"Advameg, Inc.",0.00000686,0,0.00000686
"Instapage, Inc.",0.00000686,0.00000686,0
"AiTRK Corporation",0.00000686,0,0.00000686
"Radio B92",0.00000686,0,0.00000686
"NS Groep NV",0.00000686,0,0.00000686
"U.S. Department of Justice",0.00000686,0.00000686,0
"Tampereen kaupunki",0.00000686,0.00000686,0
"Office Depot, Inc",0.00000686,0.00000686,0
"General Mills, Inc.",0.00000686,0,0.00000686
"The Dark Sky Company, LLC",0.00000686,0,0.00000686
"Dongguan Xunyi Electronic Technology Co., Ltd.",0.00000686,0.00000686,0
"Princess Cruise Lines, Ltd.",0.00000686,0.00000686,0
"GameTop Pte. Ltd.",0.00000686,0,0.00000686
"The Malayala Manorama Company Limited",0.00000686,0.00000686,0
"Vizio Inc.",0.00000686,0.00000686,0
"Digi-Key Corporation",0.00000686,0,0.00000686
"Smartling, Inc.",0.00000686,0.00000686,0
"Openrice Group Inc.",0.00000686,0,0.00000686
"EyeView, Inc.",0.00000686,0,0.00000686
"HealthJoy, LLC",0.00000686,0,0.00000686
"Orange Polska S.A.",0.00000686,0.00000686,0
"YourCX",0.00000686,0.00000686,0
"Guardian Analytics, Inc.",0.00000686,0,0.00000686
"Krone Multimedia GesmbH & CoKG",0.00000686,0.00000686,0
"Other World Computing, Inc.",0.00000686,0.00000686,0
"Transit App",0.00000686,0.00000686,0
"Threadloom, Inc.",0.00000686,0,0.00000686
"Zumper Inc.",0.00000686,0,0.00000686
"Municipality of Milan",0.00000686,0.00000686,0
"AGCM, Inc.",0.00000686,0.00000686,0
"Parfümerie Douglas Deutschland GmbH",0.00000686,0.00000686,0
"AutoAlert LLC",0.00000686,0.00000686,0
"Evaneos",0.00000686,0,0.00000686
"Canadian Tire Corporation, Limited",0.00000686,0,0.00000686
"People For the American Way",0.00000686,0.00000686,0
"QSR Automations, Inc.",0.00000686,0.00000686,0
"AMain.com, Inc.",0.00000686,0,0.00000686
"3dcart",0.00000686,0,0.00000686
"MQL5 Ltd.",0.00000686,0.00000686,0
"KB Financial Group Inc.",0.00000686,0.00000686,0
"Duke Energy Carolinas, LLC",0.00000686,0,0.00000686
"Arduino AG",0.00000686,0,0.00000686
"Subaru of America",0.00000686,0.00000686,0
"British Columbia Lottery Corporation",0.00000686,0.00000686,0
"Perfect World Entertainment",0.00000686,0.00000686,0
"Playtika LTD.",0.00000686,0,0.00000686
"British Telecommunications plc",0.00000686,0,0.00000686
"Internet Info, s.r.o.",0.00000686,0,0.00000686
"Federale Overheidsdienst Beleid en Ondersteuning",0.00000686,0.00000686,0
"Kudobuzz Inc",0.00000686,0.00000686,0
"Dollar General Corporation",0.00000686,0,0.00000686
"Jacob Wessermen",0.00000686,0,0.00000686
"Post CH AG",0.00000686,0,0.00000686
"Deutsche Bank AG",0.00000686,0,0.00000686
"MEDIAEXPERT SP. z o.o.",0.00000686,0.00000686,0
"Western Dominican Province",0.00000686,0,0.00000686
"Peloton Interactive, Inc.",0.00000686,0,0.00000686
"RealVu Inc",0.00000686,0,0.00000686
"Australian Postal Corporation",0.00000686,0,0.00000686
"Wakefern Food Corporation",0.00000686,0,0.00000686
"News360 Inc.",0.00000686,0,0.00000686
"Core 77, Inc.",0.00000686,0,0.00000686
"Promesse de fleurs",0.00000686,0,0.00000686
"Propertyguru Pte. Ltd.",0.00000686,0.00000686,0
"Publishers Weekly",0.00000686,0,0.00000686
"Holiday Extras",0.00000686,0.00000686,0
"RESEAU CANOPE",0.00000686,0.00000686,0
"channing laboratory",0.00000686,0,0.00000686
"radio.de GmbH",0.00000686,0.00000686,0
"RAI Radiotelevisione Italiana S.p.A.",0.00000686,0,0.00000686
"Caulis Inc.",0.00000686,0.00000686,0
"Royal Bank of Canada",0.00000686,0,0.00000686
"RealClearHoldings, LLC",0.00000686,0,0.00000686
"Fusion Media Limited",0.00000686,0.00000686,0
"American National Red Cross",0.00000686,0.00000686,0
"Refinery29",0.00000686,0,0.00000686
"Doveconviene SRL",0.00000686,0.00000686,0
"Swift Communications, Inc.",0.00000686,0,0.00000686
"AudaMedia Deutschland GmbH & Co. KG",0.00000686,0.00000686,0
"The Royal Horticultural Society",0.00000686,0.00000686,0
"movingimage EVP GmbH",0.00000686,0.00000686,0
"United Parcel Service, Inc.",0.00000686,0,0.00000686
"Netgear, Inc",0.00000686,0,0.00000686
"Gravitystorm Limited",0.00000686,0,0.00000686
"OXYGEM OWNER",0.00000686,0,0.00000686
"The Roar Group",0.00000686,0.00000686,0
"Darden Restaurants",0.00000686,0,0.00000686
"KG Airco",0.00000686,0,0.00000686
"Kampgrounds of America, Inc.",0.00000686,0.00000686,0
"GoodRx, Inc.",0.00000686,0,0.00000686
"NetApplications.com",0.00000686,0,0.00000686
"Benchmarketing",0.00000686,0.00000686,0
"51Degrees.mobi Limited",0.00000686,0.00000686,0
"Savills Plc",0.00000686,0,0.00000686
"Governmentjobs.com, Inc",0.00000686,0.00000686,0
"Sharp HealthCare",0.00000686,0.00000686,0
"ConnectWise",0.00000686,0.00000686,0
"Bank of Montreal",0.00000686,0.00000686,0
"Citizens Financial Group Inc",0.00000686,0.00000686,0
"SEIKO HOLDINGS CORPORATION",0.00000686,0.00000686,0
"Queensland Government",0.00000686,0,0.00000686
"Flashback International Inc",0.00000686,0,0.00000686
"Greynium Information Technologies Pvt Ltd",0.00000686,0.00000686,0
"Bigtree Entertainment Pvt Ltd",0.00000686,0,0.00000686
"Latestly Media Private Limited",0.00000686,0,0.00000686
"David Horowitz Freedom Center",0.00000686,0.00000686,0
"Princeton Economics",0.00000686,0,0.00000686
"株式会社マピオン",0.00000686,0,0.00000686
"TracFone Wireless, Inc.",0.00000686,0.00000686,0
"Hal Leonard LLC",0.00000686,0,0.00000686
"Delta Air Lines Inc",0.00000686,0.00000686,0
"SNAPFISH2, LLC",0.00000686,0.00000686,0
"Society For Science & the Public",0.00000686,0.00000686,0
"Associacio Cultural Softcatala",0.00000686,0.00000686,0
"The Irish Times Limited",0.00000686,0,0.00000686
"PRESS DEMOCRAT",0.00000686,0,0.00000686
"Aziz Rahimtoola",0.00000686,0.00000686,0
"State of Texas -  Dept of Information Resources",0.00000686,0,0.00000686
"TinyURL, LLC",0.00000686,0.00000686,0
"FLOW COMMERCE INC",0.00000686,0,0.00000686
"ECONA Shopping GmbH",0.00000686,0.00000686,0
"JDB Investment (BVI) Inc.",0.00000686,0.00000686,0
"DOGUS YAYIN GRUBU A.S.",0.00000686,0.00000686,0
"Südwestdeutsche Medien Holding GmbH",0.00000686,0.00000686,0
"Super Retail Group Services Pty Ltd",0.00000686,0,0.00000686
"Sisal S.p.A.",0.00000686,0,0.00000686
"EDITORIAL PRENSA ASTURIANA SA",0.00000686,0,0.00000686
"Arcspire Limited",0.00000686,0,0.00000686
"Jumbo Supermarkten BV",0.00000686,0.00000686,0
"AB Svenska Spel",0.00000686,0.00000686,0
"Southwest Airlines Co.",0.00000686,0.00000686,0
"Symptoma GmbH",0.00000686,0.00000686,0
"A-FIS PTE. LTD.",0.00000686,0,0.00000686
"The Liberty Times",0.00000686,0,0.00000686
"PayScale, Inc",0.00000686,0.00000686,0
"Learfield Communications, Inc.",0.00000686,0.00000686,0
"Fexy Media, Inc.",0.00000686,0.00000686,0
"Juspay Technologies Pvt. Ltd.",0.00000686,0,0.00000686
"GolfNow, LLC",0.00000686,0.00000686,0
"Lekane Oy",0.00000686,0.00000686,0
"Patiëntenfederatie Nederland",0.00000686,0.00000686,0
"TELEVISION FRANCAISE 1",0.00000686,0,0.00000686
"BIGBADTOYSTORE, INC.",0.00000686,0.00000686,0
"National Priorities Project, Inc",0.00000686,0,0.00000686
"The Guardian",0.00000686,0,0.00000686
"Trusted Media Brands, Inc",0.00000686,0,0.00000686
"IBJ Media Corp.",0.00000686,0.00000686,0
"Anschutz Sports Holdings Ltd",0.00000686,0.00000686,0
"RadioReference.com, LLC",0.00000686,0,0.00000686
"Think Web Content SL",0.00000686,0.00000686,0
"Thorlabs, Inc.",0.00000686,0,0.00000686
"Nederlands Huisartsen Genootschap",0.00000686,0,0.00000686
"Tiffany and Co",0.00000686,0,0.00000686
"TraceMyIP, LLC",0.00000686,0.00000686,0
"Bennett Coleman Co Ltd",0.00000686,0,0.00000686
"NAVITIME JAPAN CO.,LTD.",0.00000686,0.00000686,0
"G+J Electronic Media Sales GmbH",0.00000686,0,0.00000686
"G+J Digital Products GmbH",0.00000686,0,0.00000686
"AmmoSeek, LLC",0.00000686,0,0.00000686
"Vodafone Hutchison Australia Pty Limited",0.00000686,0,0.00000686
"Transfermarkt GmbH & Co. KG",0.00000686,0,0.00000686
"Heilbronner Stimme GmbH & Co. KG",0.00000686,0.00000686,0
"Pop Goes The Pixel Ltd",0.00000686,0,0.00000686
"Tribunal Superior Eleitoral",0.00000686,0,0.00000686
"HappyRail B.V.",0.00000686,0,0.00000686
"TEC-IT Datenverarbeitung GmbH",0.00000686,0,0.00000686
"Do it Best Corp.",0.00000686,0,0.00000686
"The Executive Office of the President",0.00000686,0,0.00000686
"Technische Universitaet Berlin",0.00000686,0.00000686,0
"IMPULSE SRL",0.00000686,0,0.00000686
"Revolut Ltd",0.00000686,0.00000686,0
"UGC CINE CITE",0.00000686,0.00000686,0
"Ulta Beauty",0.00000686,0,0.00000686
"Universidad de La Rioja",0.00000686,0,0.00000686
"Technische Universitaet Dresden",0.00000686,0.00000686,0
"Universitaet Leipzig",0.00000686,0,0.00000686
"adrock.tv",0.00000686,0,0.00000686
"4chan community support LLC",0.00000686,0,0.00000686
"New Century Foundation",0.00000686,0.00000686,0
"KDDI CORPORATION",0.00000686,0.00000686,0
"activecore, Inc.",0.00000686,0.00000686,0
"The Vanguard Group, Inc.",0.00000686,0,0.00000686
"HELSINGIN KAUPUNKI",0.00000686,0,0.00000686
"vente-privee.com",0.00000686,0.00000686,0
"VELUX A/S",0.00000686,0.00000686,0
"The Interpublic Group of Companies, Inc.",0.00000686,0,0.00000686
"Calltracks Limited",0.00000686,0.00000686,0
"Stubhub, Inc.",0.00000686,0,0.00000686
"Victron Energy BV",0.00000686,0,0.00000686
"New Times Media, LLC",0.00000686,0,0.00000686
"The College of William and Mary",0.00000686,0.00000686,0
"Arriva Rail North Limited",0.00000686,0,0.00000686
"Innovasjon Norge",0.00000686,0.00000686,0
"Inuvo",0.00000686,0,0.00000686
"99designs Pty Ltd",0.00000686,0,0.00000686
"VivaReal, Inc",0.00000686,0,0.00000686
"W3 LTD",0.00000686,0,0.00000686
"Dignity Health",0.00000686,0.00000686,0
"Cedra Net",0.00000686,0.00000686,0
"International Merchandising Corporation",0.00000686,0.00000686,0
"Vonage Business Inc.",0.00000686,0,0.00000686
"Gruner + Jahr GmbH & Co KG",0.00000686,0,0.00000686
"Walgreen Co.",0.00000686,0.00000686,0
"Anaconda Group Pty Ltd",0.00000686,0.00000686,0
"Goldbach Digital Services",0.00000686,0.00000686,0
"Jerusalem Post Ltd. (The Jerusalem Post)",0.00000686,0,0.00000686
"Comprehensive Health Management, Inc",0.00000686,0.00000686,0
"Deutsche Telekom AG",0.00000686,0,0.00000686
"Nordwest-Zeitung Verlagsgesellschaft mbH & Co. KG",0.00000686,0,0.00000686
"SCENTRE LIMITED",0.00000686,0.00000686,0
"WHISTLEOUT PTY LTD",0.00000686,0,0.00000686
"Williams-Sonoma, Inc.",0.00000686,0.00000686,0
"Winn-Dixie Stores, Inc",0.00000686,0,0.00000686
"Cuebiq Inc.",0.00000686,0,0.00000686
"Channel.me B.V.",0.00000686,0.00000686,0
"Red Bull GmbH",0.00000686,0,0.00000686
"PHONE2ACTION",0.00000686,0,0.00000686
"Charleston Newspapers",0.00000686,0.00000686,0
"Peerius Ltd",0.00000686,0,0.00000686
"LLC Video Bum",0.00000686,0,0.00000686
"Piri Medya",0.00000686,0,0.00000686
"VideoBot Oy",0.00000686,0.00000686,0
"Norsk Rikskringkasting AS",0.00000686,0,0.00000686
"QuBit Digital Ltd",0.00000686,0,0.00000686
"Pixologic",0.00000686,0.00000686,0
"Zweites Deutsches Fernsehen Anstalt des öffentlichen Rechts",0.00000686,0.00000686,0
"Favish Inc",0.00000686,0,0.00000686
"BFM TV",0.00000686,0,0.00000686
"XMind Ltd.",0.00000686,0.00000686,0
"Krea Icerik Hizmetleri ve Produksiyon A.S.",0.00000686,0,0.00000686
"Servicios de Personal Cinemas SA de CV",0.00000686,0,0.00000686
"Rainbow 8",0.00000686,0.00000686,0
"Ernst Klett Verlag GmbH",0.00000686,0,0.00000686
