{
    "domain": "adschoom.com",
    "owner": {},
    "source": [
        "DuckDuckGo-CH"
    ],
    "prevalence": 0.000407,
    "sites": 4,
    "subdomains": [
        "vu"
    ],
    "cnames": [],
    "fingerprinting": 0,
    "resources": [
        {
            "rule": "adschoom\\.com\\/trafic\\/retar\\.php",
            "cookies": 0.000407,
            "fingerprinting": 0,
            "subdomains": [
                "vu"
            ],
            "apis": {},
            "sites": 4,
            "prevalence": 0.000407,
            "cnames": [],
            "responseHashes": [
                "88f13844da886d07d65a31e4d74a8ec214c6e258b7faa985106b07f9a3c61570",
                "26f8d6c7e92479a9bcb830fe98185c5c93da543f63e8b47d6cd094030b043182",
                "fcef2fe7966b6325bd8409d82e89776f52ddcf7eabb51b39e11a2a055f917496"
            ]
        },
        {
            "rule": "adschoom\\.com\\/trafic\\/retar_js\\.php",
            "cookies": 0.000407,
            "fingerprinting": 0,
            "subdomains": [
                "vu"
            ],
            "apis": {},
            "sites": 4,
            "prevalence": 0.000407,
            "cnames": [],
            "responseHashes": [
                "45336bf2c27960347588ebaedc466e533d74cb661ed98b7d8b45c27a54e0e596"
            ]
        }
    ],
    "categories": [],
    "performance": {},
    "cookies": 0.000407,
    "types": {
        "Script": 8
    }
}