{
    "domain": "baidu.com",
    "owner": {
        "name": "Baidu, Inc.",
        "displayName": "Baidu"
    },
    "source": [
        "DuckDuckGo-CH"
    ],
    "prevalence": 0.00134,
    "sites": 13,
    "subdomains": [
        "hm"
    ],
    "cnames": [],
    "fingerprinting": 2,
    "resources": [
        {
            "rule": "baidu\\.com\\/hm\\.js",
            "cookies": 0.00103,
            "fingerprinting": 2,
            "subdomains": [
                "hm"
            ],
            "apis": {
                "Navigator.prototype.userAgent": 10,
                "Navigator.prototype.cookieEnabled": 10,
                "Navigator.prototype.javaEnabled": 10,
                "Navigator.prototype.language": 10,
                "Screen.prototype.width": 10,
                "Screen.prototype.height": 10,
                "Screen.prototype.colorDepth": 10,
                "Screen.prototype.orientation": 10,
                "Document.cookie getter": 6,
                "window.sessionStorage": 10,
                "window.localStorage": 10,
                "Date.prototype.getTime": 10,
                "Document.cookie setter": 6,
                "Navigator.prototype.plugins": 10,
                "Navigator.prototype.mimeTypes": 10
            },
            "sites": 11,
            "prevalence": 0.00113,
            "cnames": [],
            "responseHashes": [
                "d48780519655a658a3bcb9f856f431bfb91ce7a52475ab032356448334728f4a",
                "8c6636c093380169096d73bb5b0fea51905e1f8981dc314858f4f2a832843a9e",
                "0a2c1b7dc765ed3380d75e111e3f46f3a14b142a633cb074dc21fbc156823a47",
                "1f9c1901f33fa6886dc9a4ee1da65e2f8982fd9169b085e8a99dea84aa23e109",
                "f460bce039985f43736939487b7a38bc7cfcf24e0fccce1e23670f9296ce674b",
                "af75a22491381e74a150b5989d09baac3cf47fe7f91799b798fcd4b97668b967",
                "8dc28eadffe27cf8e553b6e336494a9bf43d60eebc891db95df177d4ae011ff6",
                "20a66a47b6c6ff46406125a17a80fa22f1d7a0ee42d35c4fbea4ab38435ccf1c",
                "f42716d0ce04ec222592fe3f6a0bb15957e7946a139b387d0362b4df7bf7cd1b",
                "cd0a75025a1c09543bdabf7d25b6848edcdbd84583c8b4534da87c2bbca6ae3a"
            ],
            "type": "Script",
            "exampleSites": [
                "csdn.net",
                "downloadcenter.intel.com",
                "fiio.com",
                "kb.vmware.com",
                "mangapark.net",
                "omxz1.com",
                "www.audemarspiguet.com",
                "www.fiio.com",
                "www.topuniversities.com",
                "www.victorinox.com",
                "zhuanlan.zhihu.com"
            ]
        }
    ],
    "categories": [],
    "performance": {
        "time": 1,
        "size": 1,
        "cpu": 2,
        "cache": 3
    },
    "cookies": 0.00103,
    "types": {
        "Script": 11
    }
}