{
    "domain": "bonertraffic14.pro",
    "owner": {},
    "source": [
        "DuckDuckGo-CH"
    ],
    "prevalence": 0.00141,
    "sites": 14,
    "subdomains": [
        "cdn"
    ],
    "cnames": [],
    "fingerprinting": 2,
    "resources": [
        {
            "rule": "bonertraffic14\\.pro\\/sdk\\/push_web\\/",
            "cookies": 0.00131,
            "fingerprinting": 2,
            "subdomains": [
                "cdn"
            ],
            "apis": {
                "Navigator.prototype.userAgent": 12,
                "Document.cookie getter": 6,
                "Date.prototype.getTime": 12,
                "Document.cookie setter": 6,
                "window.localStorage": 11,
                "Navigator.prototype.platform": 11,
                "window.devicePixelRatio": 12,
                "Navigator.prototype.appName": 8
            },
            "sites": 14,
            "prevalence": 0.00141,
            "cnames": [],
            "responseHashes": [
                "79038eb9a83b79728b01a4680e13676b1f95c75df893e19479dffe2dc495859e",
                "3a11bcb4eb4b58681b3de07878add09d41ba99eb2e35d95d13b5aa9e9117bf9a",
                "248cfe3cb222e9dc90fbe5bcbc334eb0054d91d09bdd8f8b8a08c90782faa6c6",
                "acf4df4779f838c24ef2f44d48d9b0e76ca0ce677c62070ee791eb9f33866e20",
                "b65e6b6971782baa26a82d597da959f6fabb665e726f17efd92d5c98c10f94c7",
                "a7b58448a7ec3c19b3edc5fe4bc9fdfb1e9dab4983b9950118d3313925bfd5df",
                "87dc2e057e88985ef9615663296ceef00f264991645422f1d0c7d78a7b230989",
                "d544942133e6405c7c937767b4b2032493cf2b8f72f4931b44a11c32ffb8fd11",
                "dd8128d4071a0f9fea2c7bb624c7e6b8636f6b982779c0ce6675785345aa2e8a",
                "2bb58061d9b8c2ee5deeca65bf6ce8bed9e408c3c7574589d7dd8ca3cff250e5",
                "8f65de4f31b38006b4435dbfa2784c8005ef6305412a0de94a0b4825fce2df7e",
                "091cc3e218a494156fd19d3bdbc6fe4ac60efae396056bb14b085ccf87376884"
            ],
            "type": "Script",
            "firstPartyCookies": {
                "rvt_inlpush_cnt_4913": {
                    "ttl": 86405,
                    "length": 1,
                    "prevalence": 0.0002012477359629704,
                    "uniqueness": 0.5
                },
                "rvt_inlpush_shown_4913": {
                    "ttl": 86416,
                    "length": 1,
                    "prevalence": 0.0002012477359629704,
                    "uniqueness": 0.5
                },
                "rvt_inlpush_cnt_4755": {
                    "ttl": 86400,
                    "length": 1,
                    "prevalence": 0.0001006238679814852,
                    "uniqueness": 1
                },
                "rvt_inlpush_cnt_4759": {
                    "ttl": 86432,
                    "length": 1,
                    "prevalence": 0.0001006238679814852,
                    "uniqueness": 1
                },
                "rvt_inlpush_cnt_4762": {
                    "ttl": 86405,
                    "length": 1,
                    "prevalence": 0.0001006238679814852,
                    "uniqueness": 1
                },
                "rvt_inlpush_cnt_4758": {
                    "ttl": 86400,
                    "length": 1,
                    "prevalence": 0.0001006238679814852,
                    "uniqueness": 1
                }
            },
            "firstPartyCookiesSent": {},
            "exampleSites": [
                "onlylesbiantube.com",
                "pornzoovideos.com",
                "rareteenporn.com",
                "shyteentube.com",
                "www.bravoporn.com",
                "xxxsexzoo.com",
                "xxxtubezoo.com",
                "xxxvideoszoo.com",
                "zoo-tube8.com",
                "zoo-xnxx.com",
                "zoo-xvideos.com",
                "zooredtube.com",
                "zooxhamster.com",
                "zooyouporn.com"
            ]
        }
    ],
    "categories": [],
    "performance": {},
    "cookies": 0.00131,
    "types": {
        "Script": 14
    },
    "nameservers": [
        "ray.ns.cloudflare.com",
        "dell.ns.cloudflare.com"
    ]
}