{
    "domain": "bonertraffic14.pro",
    "owner": {},
    "source": [
        "DuckDuckGo-CH"
    ],
    "prevalence": 0.00103,
    "sites": 10,
    "subdomains": [
        "cdn"
    ],
    "cnames": [],
    "fingerprinting": 2,
    "resources": [
        {
            "rule": "bonertraffic14\\.pro\\/sdk\\/push_web\\/",
            "cookies": 0.00103,
            "fingerprinting": 2,
            "subdomains": [
                "cdn"
            ],
            "apis": {
                "Navigator.prototype.userAgent": 10,
                "window.localStorage": 9,
                "Navigator.prototype.platform": 9,
                "window.devicePixelRatio": 10,
                "Navigator.prototype.appName": 10,
                "Document.cookie getter": 3,
                "Date.prototype.getTime": 4,
                "Document.cookie setter": 2
            },
            "sites": 10,
            "prevalence": 0.00103,
            "cnames": [],
            "responseHashes": [
                "ac52edf577684c10411011bff6885be301f29421bfbdee10c51903e0a298d32e",
                "f01f99b54ace36c23cbfab5afae8f78c172b9351c592bf2fd39e440dfff400ab",
                "804c3022ea84dea16953d98fa8d2c45a08165a9d2e19831424a976912a5e2100",
                "8451224ed41bfb3114af8a7ac70ba76f4d7a5ad7bf6ed63bfc88682e012e0876",
                "d0bf518f737fa1531f24915d6292f39214ce4dd057458ef3c4fd7c0a4fa5f537",
                "db7857ac55f55c3c0a4dde5b522bcc78dcdf931bb3e2e1d0a3f5a3bef6f04f64",
                "4edb51e89f9aad06c50187801a42d5a87d7f3f5e7c34a5c995509a08d2e5561c",
                "f984fea3e14a96ee9fda231ed8d37cb809da51bbf54a394f8052941c3e31f20a",
                "d32b6bac6ceb9b89cfa36886bc7fb521501f6fef734ffaa91154afab0ff72867"
            ],
            "type": "Script",
            "exampleSites": [
                "hdxxx.top",
                "pornzoovideos.com",
                "xxxvideoszoo.com",
                "xxxtubezoo.com",
                "xbabe.com",
                "zoo-xnxx.com",
                "zoo-tube8.com",
                "zooyouporn.com",
                "zooredtube.com",
                "zoozootube.com"
            ]
        }
    ],
    "categories": [],
    "performance": {},
    "cookies": 0.00103,
    "types": {
        "Script": 10
    },
    "nameservers": [
        "dell.ns.cloudflare.com",
        "ray.ns.cloudflare.com"
    ]
}