{
    "domain": "chatintr.com",
    "owner": {},
    "source": [
        "DuckDuckGo-CH"
    ],
    "prevalence": 0.00132,
    "sites": 13,
    "subdomains": [],
    "cnames": [],
    "fingerprinting": 1,
    "resources": [
        {
            "rule": "chatintr\\.com\\/script\\.js",
            "cookies": 0,
            "fingerprinting": 1,
            "subdomains": [],
            "apis": {
                "Document.cookie getter": 2
            },
            "sites": 3,
            "prevalence": 0.000305,
            "cnames": [],
            "responseHashes": [
                "f59ef61ac05624ad1abb894195655c1f84927afad527ec3fd29b586b11b43ea5"
            ]
        },
        {
            "rule": "chatintr\\.com\\/widget",
            "cookies": 0.00132,
            "fingerprinting": 0,
            "subdomains": [],
            "apis": {},
            "sites": 13,
            "prevalence": 0.00132,
            "cnames": [],
            "responseHashes": [
                "5bbde0770a2b16fb5fa6aa729b2ba2d05e7d5019d7abb1eaa9f4b1a6eac0f9be",
                "ed7808d548d86435efed0fdce0e050515c75a7fc8f55be05f99bdf1605aa76c8",
                "d33f6128b89884e8e9517f7520c16baf696f6a5298c6a5e5c98a9dfb718924ce",
                "13d8f0539172c866f03b437c4f4c9336c35c6ba1aa4d10e196184c476ac150a3",
                "02abde749cf686f8195b7e28f3c6c2c17e3488dfa495ce928ae0138ce2964e44",
                "af54c3e9b23d5adc927369fc77f013f027c6423a7fa395bd8a7de2bcfefbed28",
                "5b601d89f5d94a8c6743a3a0bc4faed8d52f64cefa5e44efc7599ba8386eb0cb",
                "da47790d15f164f0ab0e40d705d5c71ca7a0c76a640ed8938a13f14822ee2b68",
                "524e3343d420be0829ed0759be3805c2d76341cd62562b714b9dd1646099a209",
                "cda84ded9963273ccb86bdfdacb95ebb1fa4329301ac4e43aca5a4a9d33b37f2",
                "71fd8a2327becc70286f9733c9bfc7f73c08a8bf19ed47bac80dc96e5a07235d",
                "7db3cc4329ff1834b80de1b12dfb416730445b46c3bba4bfe3e42e37da759151"
            ]
        }
    ],
    "categories": [],
    "performance": {
        "time": 0,
        "size": 0,
        "cpu": 0,
        "cache": 0
    },
    "cookies": 0.00132,
    "types": {
        "Script": 3,
        "Document": 13
    }
}