{
    "domain": "clickiocdn.com",
    "owner": {},
    "source": [
        "DuckDuckGo-CH"
    ],
    "prevalence": 0.000703,
    "sites": 7,
    "subdomains": [
        "s",
        "cdn"
    ],
    "cnames": [],
    "fingerprinting": 2,
    "resources": [
        {
            "rule": "clickiocdn\\.com\\/hbadx\\/",
            "cookies": 0,
            "fingerprinting": 0,
            "subdomains": [],
            "apis": {},
            "sites": 7,
            "prevalence": 0.000703,
            "cnames": [],
            "responseHashes": [
                "372b2b9b27b970a290eba3e672183858a81623471aea2e16e8e2c7d90ecac6c7",
                "400d000ebf41dcb3f5e7cd5df9a84083e8449bdb4abb0468dfde993bd3ce1be5",
                "d88e4c721edc87ba97c78e8c70a88009ac645f448ebc37a7b7c9e2313990767b",
                "0928f61b740b32abe032e1b4644e54f5f96ba40b9708919951bb41d2dcc2c258",
                "087e94405dee3ff0682cefe5f1e63280a263899358fef8e5a83046f65cf52c9e",
                "8c65032a40a7b061d68496872a703166fd284047b7f950b5c2377964f747aa69"
            ],
            "type": "Script",
            "firstPartyCookies": {},
            "firstPartyCookiesSent": {},
            "exampleSites": [
                "zxc.wiki",
                "de.xcv.wiki",
                "fr.xcv.wiki",
                "www.iban-rechner.de",
                "www.laleggepertutti.it",
                "www.symptomeundbehandlung.com",
                "www.unionesarda.it"
            ]
        },
        {
            "rule": "clickiocdn\\.com\\/clickiotag_log\\/",
            "cookies": 0,
            "fingerprinting": 0,
            "subdomains": [],
            "apis": {},
            "sites": 6,
            "prevalence": 0.000602,
            "cnames": [],
            "responseHashes": [
                "c1cd711d705e0c5e0af41a6f1a0503bee60ecafda401f91f766a4201c8c8adee",
                "04f6ec24b24cb992d87b6804cbf2b8dc52a8ba0fc269dd8f7b6ee92b4892cd72",
                "3dfe03aa736eeb84e0d5a1bf8c7b234734f3653078446ad396fd0523b483250a",
                "910982449679072b401aca88f878f627f340bf50e3c13bf6a84bc5358c87b173",
                "bdec1d5eb0d005db3c019e547706010547776057b73f3e8e39e0f8e797abc350"
            ],
            "type": "Script",
            "firstPartyCookies": {},
            "firstPartyCookiesSent": {
                "__lxGr__ses": 0.00010037137408411121
            },
            "exampleSites": [
                "zxc.wiki",
                "de.zxc.wiki",
                "de.xcv.wiki",
                "fr.xcv.wiki",
                "www.laleggepertutti.it",
                "www.unionesarda.it"
            ]
        },
        {
            "rule": "clickiocdn\\.com\\/clickiotag_log\\/sensitive\\/",
            "cookies": 0,
            "fingerprinting": 0,
            "subdomains": [],
            "apis": {},
            "sites": 7,
            "prevalence": 0.000703,
            "cnames": [],
            "responseHashes": [
                "e3b0c44298fc1c149afbf4c8996fb92427ae41e4649b934ca495991b7852b855"
            ],
            "type": "Script",
            "firstPartyCookies": {},
            "firstPartyCookiesSent": {},
            "exampleSites": [
                "zxc.wiki",
                "de.xcv.wiki",
                "fr.xcv.wiki",
                "www.iban-rechner.de",
                "www.laleggepertutti.it",
                "www.symptomeundbehandlung.com",
                "www.unionesarda.it"
            ]
        },
        {
            "rule": "clickiocdn\\.com\\/t\\/222320\\/360_light\\.js",
            "cookies": 0,
            "fingerprinting": 2,
            "subdomains": [
                "s"
            ],
            "apis": {
                "Navigator.prototype.userAgent": 2,
                "window.localStorage": 2,
                "Navigator.prototype.connection": 2,
                "Date.prototype.getTime": 2,
                "Navigator.prototype.language": 2,
                "Element.prototype.getClientRects": 2,
                "Navigator.prototype.cookieEnabled": 1,
                "window.sessionStorage": 1,
                "Navigator.prototype.appName": 1,
                "Screen.prototype.width": 1,
                "Screen.prototype.height": 1,
                "Date.prototype.getTimezoneOffset": 1,
                "Screen.prototype.colorDepth": 1,
                "Navigator.prototype.plugins": 1
            },
            "sites": 2,
            "prevalence": 0.000201,
            "cnames": [],
            "responseHashes": [
                "9987a0109aa1f26a76e9dea815e0335b13b0d0e59e5288a22c5e3426691cc4cb"
            ],
            "type": "Script",
            "firstPartyCookies": {},
            "firstPartyCookiesSent": {},
            "exampleSites": [
                "xcv.wiki",
                "fr.xcv.wiki"
            ]
        },
        {
            "rule": "clickiocdn\\.com\\/t\\/cmp\\/vendor-list\\.json",
            "cookies": 0,
            "fingerprinting": 0,
            "subdomains": [
                "cdn"
            ],
            "apis": {},
            "sites": 2,
            "prevalence": 0.000201,
            "cnames": [],
            "responseHashes": [
                "5f8b29fd30c010c4f9d5bd5e8b22b9f86d9404f851a96c507b6612b11cc7f827"
            ],
            "type": "XHR",
            "firstPartyCookies": {},
            "firstPartyCookiesSent": {},
            "exampleSites": [
                "xcv.wiki",
                "www.laleggepertutti.it"
            ]
        },
        {
            "rule": "clickiocdn\\.com\\/t\\/common_258\\.js",
            "cookies": 0.000201,
            "fingerprinting": 2,
            "subdomains": [
                "s"
            ],
            "apis": {
                "Navigator.prototype.userAgent": 3,
                "Navigator.prototype.connection": 3,
                "Date.prototype.getTime": 3,
                "Document.cookie getter": 2,
                "Document.cookie setter": 2,
                "Navigator.prototype.plugins": 1,
                "window.localStorage": 1,
                "Screen.prototype.width": 1,
                "Screen.prototype.height": 1
            },
            "sites": 3,
            "prevalence": 0.000301,
            "cnames": [],
            "responseHashes": [
                "d5c2d39439d550aac85dec41616299be1f61e5610d284fab28e3361c0bd4c190"
            ],
            "type": "Script",
            "firstPartyCookies": {
                "__lxGr__ses": {
                    "ttl": 904,
                    "length": 24,
                    "prevalence": 0.00010037137408411121,
                    "uniqueness": 1
                },
                "__lxGr__var_597721": {
                    "ttl": 904,
                    "length": 7,
                    "prevalence": 0.00010037137408411121,
                    "uniqueness": 1
                },
                "__lxGr__var_605971": {
                    "ttl": 904,
                    "length": 7,
                    "prevalence": 0.00010037137408411121,
                    "uniqueness": 1
                },
                "__lxGr__var_605970": {
                    "ttl": 904,
                    "length": 7,
                    "prevalence": 0.00010037137408411121,
                    "uniqueness": 1
                },
                "__lxGr__var_605969": {
                    "ttl": 904,
                    "length": 7,
                    "prevalence": 0.00010037137408411121,
                    "uniqueness": 1
                },
                "__lxGr__var_648142": {
                    "ttl": 904,
                    "length": 7,
                    "prevalence": 0.00010037137408411121,
                    "uniqueness": 1
                },
                "__lx203583_load_cnt": {
                    "ttl": 2592008,
                    "length": 1,
                    "prevalence": 0.00010037137408411121,
                    "uniqueness": 1
                },