{
    "domain": "consentmanager.net",
    "owner": {},
    "source": [
        "DuckDuckGo-CH"
    ],
    "prevalence": 0.00254,
    "sites": 25,
    "subdomains": [
        "www"
    ],
    "cnames": [],
    "fingerprinting": 1,
    "resources": [
        {
            "rule": "consentmanager\\.net\\/delivery\\/cmp\\.php",
            "cookies": 0.000915,
            "fingerprinting": 1,
            "subdomains": [
                "www"
            ],
            "apis": {
                "Date.prototype.getTime": 15,
                "Document.cookie getter": 10
            },
            "sites": 25,
            "prevalence": 0.00254,
            "cnames": [],
            "responseHashes": [
                "4e8b534c0eae1d2b330f4caffcfe93a62f2eab66f67b1be904603577f4b44f6e",
                "22e85754ed5c50973e0276ac2b313e00f11fed936cd9125cb4a6169878766a70",
                "ebe66f1e8d8b9a4adc6ac21ef2672f8e3fba1814297bd87ee6b4ea81cb27f043",
                "e16bb150016d8ba6f96472c5d0a44ef0eb4d829bd9d45ddf56621d6c4f09ea7c",
                "20a925309a286f8a5fa0df0488e801f47afe069458b10e20cf76dadf75964ff3",
                "985090d8c4cb574705b8e5bb5dc788b7614cf64f69482e74517444ce46267661",
                "9d2390a19652d4d3f3b153e6d20c3f6d01800466c828d801c3d91aae6ddd7b8b",
                "217121e6a513d33f12c397880c06145bce05647066da33f9b506551a047eb286",
                "4a1ff00b68d75a240f222048ded37fbeb9691eae7ad2f0b9b1aad3ccb5a0830b",
                "2ab2ccd2f8651aef278b0056d71c6258931163e8c080bb52b88dfad6f7ed5988",
                "01405d1d84ce7af223a3668a848cbc9b542ffc22eaef7f40d70fc296f9a63fde",
                "ab7482d28977e8c62a508f14f8f5287703da92044506549ea6bfeec6b5ab6128",
                "68b773b2919dcf9a794cd53baed79de1fa7cd8bad887ff2be4ab20bc20535186",
                "8446f83d7a95c3a8a985f2f1045c204120e56af3ac033d6e051e86d6922f991a",
                "04ff53c6dfa472d88bb753a3b2e905e1420f51869f25759b0c2648f4b4e28acc",
                "b14095dc5d7909166d54665fa449e177af6ceeab17ba05b9bcc9dbaddefa6c48",
                "c5f1d667b789f8dd6ece445803ad26ed990f41be7d718bdef65928588a32d9d9",
                "39917b0d439e317d36aa7a6639c98b7fa11432d847fb6b975065272cbec4af19",
                "b22c3817082e72f703153dd16cfd39903f83e1b295770ab4799722e6779fe3f8",
                "faa7075d1097532a502afa08416ad514479d0a5e5e230d0bf8ca029910f7efc5",
                "2cf459948cd9ec267d2dc2142cc365b2eebd00d17f9b678e7e964486cc589945",
                "4b852c9cb89697f691fc2d801ca1cb25a63a0fa8acac9e81534e8fffdce90029",
                "a65ed06cc36fcffd5085d6d9eb205830e199e8f1c7a3dfbef9bff48c985374d6",
                "69126dc844cd4a409fb33d493c71839d3d06d12c0efde7da8ec805f39b92ed86"
            ]
        }
    ],
    "categories": [],
    "performance": {},
    "cookies": 0.000915,
    "types": {
        "Script": 25
    }
}