{
    "domain": "cretgate.com",
    "owner": {},
    "source": [
        "DuckDuckGo-CH"
    ],
    "prevalence": 0.000813,
    "sites": 8,
    "subdomains": [],
    "cnames": [],
    "fingerprinting": 0,
    "resources": [
        {
            "rule": "cretgate\\.com\\/pu\\/",
            "cookies": 0.000813,
            "fingerprinting": 0,
            "subdomains": [],
            "apis": {},
            "sites": 8,
            "prevalence": 0.000813,
            "cnames": [],
            "responseHashes": [
                "c0da34785828b2664d9776277fa1ad776f71df428f526e2ce584b8c1d6ee17d9",
                "c3a522e1a1d076d3761d226d1f1c938fa12e88e13e07786b79874f8391f210c8",
                "62e57662053d89e3abe22569e852550dfe95650e813a7ec4129caac875640e91",
                "8a3d78a60fffd99ad912684a57d95ac38f50a260f6d932db9c9fd4414ef2a01b",
                "fe59757a6f2ac676d92f775b7e2352705da4ffd8d43942f8fc1dae37ec022dc1",
                "866e074cb6aa5279efdf79e0d21d4f4bef99c140041847ebc7ed638bf6b4387f",
                "f27fccc202918606636dc6a9c6c6cbd904c9e539fb49982cc5f3c7a7d8d9bf10"
            ]
        }
    ],
    "categories": [],
    "performance": {},
    "cookies": 0.000813,
    "types": {
        "Document": 8
    }
}