{
    "domain": "geetest.com",
    "owner": {},
    "source": [
        "DuckDuckGo-CH"
    ],
    "prevalence": 0.000803,
    "sites": 8,
    "subdomains": [
        "api",
        "api-na",
        "static"
    ],
    "cnames": [],
    "fingerprinting": 3,
    "resources": [
        {
            "rule": "geetest\\.com\\/gettype\\.php",
            "cookies": 0.000803,
            "fingerprinting": 0,
            "subdomains": [
                "api",
                "api-na"
            ],
            "apis": {},
            "sites": 8,
            "prevalence": 0.000803,
            "cnames": [],
            "responseHashes": [
                "f5dfde2fe3e36a1c55d0c8365a5a00de44bcbcc5f51d5cf5c080905991e3a63c",
                "13d166d2eb65b5491c9f5aa9512b7ce6d1dbf0831e9b73c351f6dbe760329b48",
                "23dcfa2b407a0cb44ae3db6ece47c67286255e7d0dc79c32c7f8904f9f53da6f",
                "cf90fd533c809e54021b0ceb05494ae635e1e36e09a321f0797b18e6a942ffb0",
                "54c479f8f2b08ca637974b6e17e4945842f02bc1fb131a914fcbdd280827e71d",
                "286c5b2df3b6b49a4cba422befeadd57fd3c03cdd6f63536ab71acfd5036eb6f",
                "6264d42f4f021800898d6798bb5a685080a59fa9f6c72ba7eaded8b01d633746"
            ],
            "type": "Script",
            "firstPartyCookies": {},
            "firstPartyCookiesSent": {},
            "exampleSites": [
                "binance.com",
                "livre.fnac.com",
                "www.alltrails.com",
                "www.distrelec.ch",
                "www.fnac.com",
                "www.fr.fnac.ch",
                "www.logic-immo.com",
                "www.toppreise.ch"
            ]
        },
        {
            "rule": "geetest\\.com\\/get\\.php",
            "cookies": 0.000301,
            "fingerprinting": 0,
            "subdomains": [
                "api",
                "api-na"
            ],
            "apis": {},
            "sites": 4,
            "prevalence": 0.000401,
            "cnames": [],
            "responseHashes": [
                "f57b0ef08f4182a6fd5ed6a081635f7a21f35171c57cba708b3eb664c346ab9b",
                "72638ecbb668c51de1930215e21f7fd5129facf4bcd27debea4cc0c27bfb8f96"
            ],
            "type": "Script",
            "firstPartyCookies": {},
            "firstPartyCookiesSent": {},
            "exampleSites": [
                "binance.com",
                "livre.fnac.com",
                "www.alltrails.com",
                "www.distrelec.ch"
            ]
        },
        {
            "rule": "geetest\\.com\\/static\\/wind\\/style_https\\.1\\.5\\.8\\.css",
            "cookies": 0,
            "fingerprinting": 0,
            "subdomains": [
                "static"
            ],
            "apis": {},
            "sites": 3,
            "prevalence": 0.000301,
            "cnames": [],
            "responseHashes": [
                "8ba195fffe0097e44a5dd29c35c092f10039e126cc9c4113330e8bf690c2461e"
            ],
            "type": "Stylesheet",
            "firstPartyCookies": {},
            "firstPartyCookiesSent": {},
            "exampleSites": [
                "binance.com",
                "www.alltrails.com",
                "www.distrelec.ch"
            ]
        },
        {
            "rule": "geetest\\.com\\/static\\/js\\/fullpage\\.9\\.0\\.6\\.js",
            "cookies": 0,
            "fingerprinting": 3,
            "subdomains": [
                "static"
            ],
            "apis": {
                "Navigator.prototype.userAgent": 3,
                "Navigator.prototype.appName": 3,
                "WebGLRenderingContext.prototype.getExtension": 3,
                "WebGLRenderingContext.prototype.getParameter": 3,
                "Date.prototype.getTime": 3,
                "Navigator.prototype.hardwareConcurrency": 2,
                "Navigator.prototype.language": 2,
                "Navigator.prototype.languages": 2,
                "window.devicePixelRatio": 2,
                "Screen.prototype.colorDepth": 2,
                "Navigator.prototype.cookieEnabled": 2,
                "Navigator.prototype.onLine": 2,
                "Screen.prototype.width": 2,
                "Screen.prototype.height": 2,
                "Screen.prototype.availWidth": 2,
                "Screen.prototype.availHeight": 2,
                "Screen.prototype.availLeft": 2,
                "Screen.prototype.availTop": 2,
                "window.localStorage": 2,
                "window.sessionStorage": 2,
                "window.indexedDB": 2,
                "Navigator.prototype.platform": 2,
                "Navigator.prototype.doNotTrack": 2,
                "Date.prototype.getTimezoneOffset": 2,
                "CanvasRenderingContext2D.prototype.isPointInPath": 2,
                "HTMLCanvasElement.prototype.toDataURL": 2,
                "WebGLRenderingContext.prototype.getSupportedExtensions": 2,
                "WebGLRenderingContext.prototype.getContextAttributes": 2,
                "WebGLRenderingContext.prototype.getShaderPrecisionFormat": 2,
                "Navigator.prototype.plugins": 2,
                "Navigator.prototype.maxTouchPoints": 2,
                "Navigator.prototype.javaEnabled": 2,
                "DeviceOrientationEvent.prototype.alpha": 1,
                "DeviceOrientationEvent.prototype.beta": 1,
                "DeviceOrientationEvent.prototype.gamma": 1
            },
            "sites": 7,
            "prevalence": 0.000703,
            "cnames": [],
            "responseHashes": [
                "a826565707efb0e3b5f48b847f3a2cd2c902c230d4fc5f2b1499cb83688063bf"
            ],
            "type": "Script",
            "firstPartyCookies": {},
            "firstPartyCookiesSent": {},
            "exampleSites": [
                "fnac.com",
                "www.alltrails.com",
                "www.distrelec.ch",
                "www.fnac.com",
                "www.fr.fnac.ch",
                "www.logic-immo.com",
                "www.toppreise.ch"
            ]
        },
        {
            "rule": "geetest\\.com\\/static\\/wind\\/sprite\\.1\\.5\\.8\\.png",
            "cookies": 0,
            "fingerprinting": 0,
            "subdomains": [
                "static"
            ],
            "apis": {},
            "sites": 2,
            "prevalence": 0.000201,
            "cnames": [],
            "responseHashes": [
                "0e743066373cce49251230c376f985e34018fabb8f30d8c643a3933c0143dd93"
            ],
            "type": "Image",
            "firstPartyCookies": {},
            "firstPartyCookiesSent": {},
            "exampleSites": [
                "alltrails.com",
                "www.distrelec.ch"
            ]
        }
    ],
    "categories": [],
    "performance": {
        "time": 1,
        "size": 1,
        "cpu": 0,
        "cache": 3
    },
    "cookies": 0.000803,
    "types": {
        "Script": 19,
        "Stylesheet": 3,
        "Image": 2
    },
    "nameservers": [
        "ns4.dnsv5.com",
        "ns3.dnsv5.com"
    ]
}