{
    "domain": "geetest.com",
    "owner": {},
    "source": [
        "DuckDuckGo-CH"
    ],
    "prevalence": 0.00102,
    "sites": 10,
    "subdomains": [
        "api-na",
        "static"
    ],
    "cnames": [],
    "fingerprinting": 3,
    "resources": [
        {
            "rule": "geetest\\.com\\/gettype\\.php",
            "cookies": 0.00102,
            "fingerprinting": 0,
            "subdomains": [
                "api-na"
            ],
            "apis": {},
            "sites": 10,
            "prevalence": 0.00102,
            "cnames": [],
            "responseHashes": [
                "d21c80793b3a9b619da95128264673092105203f6e50bb7f53e7830a80c799cc",
                "60b10d2ab8d6448b770cf90888bbfb55c59b98a66a92086dd6a64587dba2b0eb",
                "fcea1150326f03a794b2dfb29ddfc67057e554fe32c94e067040f8789f3a84a2",
                "32da7047b4e1e142d6662b9ca1e19b03662f7ad22e670ebaa49182327a7dbd2d",
                "e9449b8bf59392b3417957dd257528e6347f3e2d49a06d56097fc0a9adbf4a55",
                "86a2bfad83a032765f70df1d4821f4889876b71cd3562ac7db7d3a83c4fd96c2",
                "461920a11609cd3485348b577106836ead29e199ce4f69019e116e82c42b01ac",
                "de53dd6c946c94b1ff4518375d1dbee8b56435441db5cb0567224cd9d509e060",
                "d47bb807b3533561da70617a9beb84488512bad70934663af78e30db0fa6ddc0"
            ],
            "type": "Script",
            "exampleSites": [
                "fnac.com",
                "www.autoscout24.ch",
                "www.cycletrader.com",
                "www.distrelec.ch",
                "www.fnac.com",
                "www.hermes.com",
                "www.swiss.com",
                "www.teepublic.com",
                "www.ticketmaster.com",
                "www.toppreise.ch"
            ]
        },
        {
            "rule": "geetest\\.com\\/static\\/js\\/fullpage\\.9\\.0\\.0\\.js",
            "cookies": 0,
            "fingerprinting": 3,
            "subdomains": [
                "static"
            ],
            "apis": {
                "Navigator.prototype.userAgent": 10,
                "Navigator.prototype.appName": 10,
                "WebGLRenderingContext.prototype.getExtension": 10,
                "WebGLRenderingContext.prototype.getParameter": 10,
                "Date.prototype.getTime": 10,
                "Navigator.prototype.hardwareConcurrency": 6,
                "Navigator.prototype.language": 6,
                "Navigator.prototype.languages": 6,
                "window.devicePixelRatio": 6,
                "Screen.prototype.colorDepth": 6,
                "Navigator.prototype.cookieEnabled": 6,
                "Navigator.prototype.onLine": 6,
                "Screen.prototype.width": 6,
                "Screen.prototype.height": 6,
                "Screen.prototype.availWidth": 6,
                "Screen.prototype.availHeight": 6,
                "Screen.prototype.availLeft": 6,
                "Screen.prototype.availTop": 6,
                "window.localStorage": 6,
                "window.sessionStorage": 6,
                "window.indexedDB": 6,
                "Navigator.prototype.platform": 6,
                "Navigator.prototype.doNotTrack": 6,
                "Date.prototype.getTimezoneOffset": 6,
                "CanvasRenderingContext2D.prototype.isPointInPath": 6,
                "HTMLCanvasElement.prototype.toDataURL": 6,
                "WebGLRenderingContext.prototype.getSupportedExtensions": 6,
                "WebGLRenderingContext.prototype.getContextAttributes": 6,
                "WebGLRenderingContext.prototype.getShaderPrecisionFormat": 6,
                "Navigator.prototype.plugins": 6,
                "Navigator.prototype.maxTouchPoints": 6,
                "Navigator.prototype.javaEnabled": 6
            },
            "sites": 10,
            "prevalence": 0.00102,
            "cnames": [],
            "responseHashes": [
                "bc35d000d50c0d39df4156934cac4882bb599a18b5b8e7893fb5f331d4314620"
            ],
            "type": "Script",
            "exampleSites": [
                "fnac.com",
                "www.autoscout24.ch",
                "www.cycletrader.com",
                "www.distrelec.ch",
                "www.fnac.com",
                "www.hermes.com",
                "www.swiss.com",
                "www.teepublic.com",
                "www.ticketmaster.com",
                "www.toppreise.ch"
            ]
        },
        {
            "rule": "geetest\\.com\\/get\\.php",
            "cookies": 0.000614,
            "fingerprinting": 0,
            "subdomains": [
                "api-na"
            ],
            "apis": {},
            "sites": 10,
            "prevalence": 0.00102,
            "cnames": [],
            "responseHashes": [
                "6d25fbc4853965e982ec462ff1f1907c5cf2d544aefcde33c9e965908bfeb63e",
                "a6dbae9712891f0dcca6107ce1073571385960a9d54db9bf4c9e292abd579159",
                "586aad4321af615a8ced2b378eedddc91e5b5965a8ec0b112f096f67d9d260b0",
                "3288594c742a305535c8ddce61fd519b04f4c5463da77a8b0e0a71db93db6ac7",
                "acbf4689ff08de4ca24369730ef5dbd7af1ae1aa89db1f739179e9cd1530badf",
                "f6eea8f7d7b05314dd4f162982a7d34aece3dc52fadf662271b92ce32dfb37a6"
            ],
            "type": "Script",
            "exampleSites": [
                "fnac.com",
                "www.autoscout24.ch",
                "www.cycletrader.com",
                "www.distrelec.ch",
                "www.fnac.com",
                "www.hermes.com",
                "www.swiss.com",
                "www.teepublic.com",
                "www.ticketmaster.com",
                "www.toppreise.ch"
            ]
        }
    ],
    "categories": [],
    "performance": {
        "time": 1,
        "size": 1,
        "cpu": 0,
        "cache": 3
    },
    "cookies": 0.00102,
    "types": {
        "Script": 30
    }
}