{
    "domain": "gejute.com",
    "owner": {},
    "source": [
        "DuckDuckGo-CH"
    ],
    "prevalence": 0.00212,
    "sites": 21,
    "subdomains": [],
    "cnames": [],
    "fingerprinting": 0,
    "resources": [
        {
            "rule": "gejute\\.com\\/wnload",
            "cookies": 0,
            "fingerprinting": 0,
            "subdomains": [],
            "apis": {},
            "sites": 21,
            "prevalence": 0.00212,
            "cnames": [],
            "responseHashes": [
                "763112fa760d72060bca557e9e6b8fde17f839aac8ef8b6b3ec7f261c5b6dd09",
                "caa57e16318ab2608de42f0daeec32962a7706b7d31874f4eac962b6860b7dab",
                "53943d301ac4303ed1c7373c2cf750f33f00dcdf801ceb35c9aceac97ad4ec44",
                "cadc36b7118851d80cf6bb255cee472045743e56ec2caaac508ee9d5267198eb",
                "8b9a8ed5669fa679d5addcbde80fc7cfa86fb5f60702c802ad2c40368c8fadbf",
                "1f6ecc6fd0ad2c5e5a6c4da79d3a70adfc99bb719b26a998b69f587463a209a9",
                "1acc6b2985c5adbe4e5a0ed19aa21bff0bfd597e3b70a76f2eab0b5b22d21112",
                "8b972b2cafb86e6bb832c2ebecee781e74f9df0119cda7aeb1c1d0dace394699",
                "34c756eeb1269dd069baf065631a043f693d2cc2c8df56a48e1c7332e01df0cc",
                "47ab4966a49a4239c05f38b7765c3e192d8906cadb3b045d5ee402410906deb9",
                "cfc1e56f3265d6dda13b2aa61c9edf1232e3b7a852722e966e2315841d961db9",
                "f9a1cd1793aea678034e6bf7bdd20411f772a2c196817ef7b19da5cb9818b697",
                "f6b6dc62940011bff856896c9ca1136a0627b889f9237726fbb14a0a8457e6a7",
                "598e8526ad27ad7d4ef6f241248ff4e7d74018f83d8876adaa060d982a571a8a",
                "303db0a69a296fe1675ad0008c7b19dfb3ea8ed6870b2c8b313744d7f6855807",
                "3fdbd104f0cd93608980359d9d5026e9425c09a670081e9d69d0024472868943",
                "8da88840f48763d0458e03d8b98ee04a8a15ea5e4eebcd1e1fe8502516df1589",
                "c42f39a9bc6814203bf08ce9d3cea0438c16ec56c578bef9b95918f65736ea8b",
                "c4b19d0565d4821ed05ce4382e0f132aa7b9992efe8a1ac905acd58c85fe31f4",
                "8a8bc0ea2a375012a2a524c2cd04691e2b7b898c548b0b9657431c396a501205"
            ],
            "type": "Fetch",
            "firstPartyCookies": {},
            "firstPartyCookiesSent": {},
            "exampleSites": [
                "www.homemoviestube.com",
                "wtfdaddy.com",
                "www.porn-xnxx.com",
                "zoofiliaporn.net",
                "bestiality-sex.com",
                "beastiality.tv",
                "onlyanimalporn.com",
                "www.xpee.com",
                "www.zoosex.cc",
                "nudostar.com",
                "smutr.com",
                "prothots.com",
                "horriblevideos.com",
                "www.animalporn.tv",
                "messytube.com",
                "www.dirtyshack.com",
                "scatsite.com",
                "www.zoox18.com",
                "www.darkcategories.com",
                "fullxcinema.com"
            ]
        },
        {
            "rule": "gejute\\.com\\/wnrw",
            "cookies": 0,
            "fingerprinting": 0,
            "subdomains": [],
            "apis": {},
            "sites": 21,
            "prevalence": 0.00212,
            "cnames": [],
            "responseHashes": [],
            "type": "Fetch",
            "firstPartyCookies": {},
            "firstPartyCookiesSent": {},
            "exampleSites": [
                "www.homemoviestube.com",
                "www.zoox18.com",
                "wtfdaddy.com",
                "scatsite.com",
                "bestiality-sex.com",
                "onlyanimalporn.com",
                "beastiality.tv",
                "smutr.com",
                "www.animalporn.tv",
                "nudostar.com",
                "prothots.com",
                "www.porn-xnxx.com",
                "horriblevideos.com",
                "www.shittytube.com",
                "messytube.com",
                "www.xpee.com",
                "www.darkcategories.com",
                "www.zoosex.cc",
                "zoofiliaporn.net",
                "www.dirtyshack.com"
            ]
        }
    ],
    "categories": [],
    "performance": {},
    "cookies": 0,
    "types": {
        "Fetch": 42
    },
    "nameservers": []
}