{
    "domain": "geoip-js.com",
    "owner": {},
    "source": [
        "DuckDuckGo-CH"
    ],
    "prevalence": 0.000716,
    "sites": 7,
    "subdomains": [],
    "cnames": [],
    "fingerprinting": 0,
    "resources": [
        {
            "rule": "geoip-js\\.com\\/geoip\\/v2\\.1\\/country\\/me",
            "cookies": 0.000716,
            "fingerprinting": 0,
            "subdomains": [],
            "apis": {},
            "sites": 7,
            "prevalence": 0.000716,
            "cnames": [],
            "responseHashes": [
                "2c8f585f6eb6a9e8760ab07a76ea5e5c4d0b55631ed86d393e345594242e939e",
                "53847349af85c2a8950db94a4554f9f0425efd75974d89b77c0279022fd223ad",
                "a3c7dec5e9ae9eab05551b40b79ffa81e5e0e4939ef6531ea69de404563cf0f2",
                "287e867f2322c8c2f2ce381abe7376be9d9de71450ed8ab1140559135b0a9da4",
                "161135ce444ce6ec319463e305f56c5a55d44fd8c68d79978dc4b7f43029bd56"
            ],
            "type": "XHR",
            "exampleSites": [
                "epson.com",
                "spin.atomicobject.com",
                "www.bmc-switzerland.com",
                "www.directferries.co.uk",
                "www.ibanez.com",
                "www.sentinelone.com",
                "www.vitra.com"
            ]
        }
    ],
    "categories": [],
    "performance": {
        "time": 1,
        "size": 1,
        "cpu": 0,
        "cache": 3
    },
    "cookies": 0.000716,
    "types": {
        "XHR": 7
    }
}