{
    "domain": "h-cdn.com",
    "owner": {
        "name": "Hola Networks Ltd.",
        "displayName": "Hola Networks"
    },
    "source": [
        "DuckDuckGo-CH"
    ],
    "prevalence": 0.00113,
    "sites": 11,
    "subdomains": [
        "player"
    ],
    "cnames": [],
    "fingerprinting": 2,
    "resources": [
        {
            "rule": "h-cdn\\.com\\/loader\\.js",
            "cookies": 0,
            "fingerprinting": 1,
            "subdomains": [
                "player"
            ],
            "apis": {
                "window.localStorage": 6,
                "Navigator.prototype.userAgent": 6
            },
            "sites": 10,
            "prevalence": 0.00103,
            "cnames": [],
            "responseHashes": [
                "5e1c8a3afa9e0d605dae4441d8bff58b40a6e943af888b25605cd70bc2cba848",
                "9bd69ff03f04694b05a5f1678fbfd67af8987b4a611bf991b114629b61e36796",
                "eebe59e1d8817b1d9139590d4652b024617cd4f276afcfbd708d3563b9e6bae0",
                "bd60cc9de56f2118cca74b46f7c931fe525a3813021dc67a6b40375e3be998a3",
                "526c8a4d9428750d5112268df2a33f3fcce37d3a52a05ad8cd70b61694532f5f"
            ],
            "type": "Script",
            "exampleSites": [
                "fcbayern.com",
                "m.dw.com",
                "video.foxnews.com",
                "www.bluewin.ch",
                "www.blick.ch",
                "www.dw.com",
                "www.foxnews.com",
                "www.lci.fr",
                "www.rtl2.de",
                "www.sport1.de"
            ]
        },
        {
            "rule": "h-cdn\\.com\\/config\\.js",
            "cookies": 0,
            "fingerprinting": 1,
            "subdomains": [
                "player"
            ],
            "apis": {
                "Navigator.prototype.userAgent": 3
            },
            "sites": 6,
            "prevalence": 0.000619,
            "cnames": [],
            "responseHashes": [
                "e3b0c44298fc1c149afbf4c8996fb92427ae41e4649b934ca495991b7852b855",
                "0e1ad44c8827cde6a2f7e7aa60a626e53732c58196c99ddee90fa74fdb6c106a",
                "f2fda2d4129f069aefa2a4851ebf1960db30f88c0acd97daab14c715a5b9db56",
                "a4121abe44e31594b1f5dc5f380ead03401f819eac9042eaf328f7e89e158648"
            ],
            "type": "Script",
            "exampleSites": [
                "fcbayern.com",
                "m.dw.com",
                "www.dw.com",
                "www.foxnews.com",
                "www.lci.fr",
                "www.rtl2.de"
            ]
        }
    ],
    "categories": [],
    "performance": {
        "time": 1,
        "size": 1,
        "cpu": 0,
        "cache": 1
    },
    "cookies": 0,
    "types": {
        "Script": 16
    },
    "nameservers": [
        "ns-608.awsdns-12.net",
        "ns-1336.awsdns-39.org",
        "ns-1696.awsdns-20.co.uk",
        "ns-421.awsdns-52.com"
    ]
}