{
    "domain": "insurads.com",
    "owner": {},
    "source": [
        "DuckDuckGo-CH"
    ],
    "prevalence": 0.00191,
    "sites": 19,
    "subdomains": [
        "services",
        "cdn",
        "messaging"
    ],
    "cnames": [],
    "fingerprinting": 1,
    "resources": [
        {
            "rule": "insurads\\.com\\/init",
            "cookies": 0.00121,
            "fingerprinting": 0,
            "subdomains": [
                "services"
            ],
            "apis": {},
            "sites": 13,
            "prevalence": 0.00131,
            "cnames": [],
            "responseHashes": [
                "894054bbc0e332cf3f70b654b25da98cd95da1999a50331f157d42ffbca0d599",
                "27aaed80cf137aa17ed7da7ad2c6a25a8a79cd8c3d3046f32a93299720f3d996",
                "fd09ce3a0c44e36fca288dd2b632e543a514a612a5ba79a43f9da4d6bbe2df7d",
                "6e2b1a929c191550c0772f18c253981fbc595ec7a6c6ae83e7a373800e91cef6",
                "137023fdfb1bb2eb33db1aa3e4380ca9eb80d4bd0b2cedddf5fc39249d9ea247",
                "22e28d754c3e013fdf1d5b9f221063213f35a83d8571c448dd0d1224395b1ef0",
                "648fd79adf2509c7d866b1cc497c383061718eccc0c5565a313514ce63f03499",
                "7eee0330f30085ba3eac4c94e88bc81df25fa099d4b6485184b3d5d834be1c9c",
                "e3c75f23ae01b37827476368cea71fb4f290958f546e24ab999b087f37b69fae",
                "cfd5d6f5b4eb3a0c42a5c6a18720d712424656b80b9f2dd74d25de5ab0c21fa0",
                "974e93478fe2fdb12db6a4d2700d259e3b6e7c98caefc1fbe485438142e83625"
            ],
            "type": "Script",
            "firstPartyCookies": {},
            "firstPartyCookiesSent": {
                "get_top_level_domain_cookie": 0.00020092425155716296,
                "_cb_svref": 0.00010046212577858148
            },
            "exampleSites": [
                "lacuerda.net",
                "dizionari.corriere.it",
                "www.abc.es",
                "www.corriere.it",
                "www.gazzetta.it",
                "www.hellomagazine.com",
                "www.hola.com",
                "www.ilgiornale.it",
                "www.mundodeportivo.com",
                "www.nrj.fr",
                "www.oggi.it",
                "www.rustica.fr",
                "www.record.pt"
            ]
        },
        {
            "rule": "insurads\\.com\\/tg-1\\.4\\.2\\.js",
            "cookies": 0.000703,
            "fingerprinting": 1,
            "subdomains": [
                "cdn"
            ],
            "apis": {
                "Navigator.prototype.userAgent": 7,
                "Document.cookie getter": 7,
                "Date.prototype.getTime": 7,
                "Document.cookie setter": 7
            },
            "sites": 13,
            "prevalence": 0.00131,
            "cnames": [],
            "responseHashes": [
                "e3fa9578bce34c8f896bb330bce99c267027f01b3f531e5129cdb4c0fa54108a"
            ],
            "type": "Script",
            "firstPartyCookies": {
                "___iat_idl": {
                    "ttl": 86423,
                    "length": 1,
                    "prevalence": 0.00010046212577858148,
                    "uniqueness": 1
                }
            },
            "firstPartyCookiesSent": {},
            "exampleSites": [
                "lacuerda.net",
                "dizionari.corriere.it",
                "www.abc.es",
                "www.corriere.it",
                "www.gazzetta.it",
                "www.hellomagazine.com",
                "www.hola.com",
                "www.ilgiornale.it",
                "www.mundodeportivo.com",
                "www.nrj.fr",
                "www.oggi.it",
                "www.rustica.fr",
                "www.record.pt"
            ]
        },
        {
            "rule": "insurads\\.com\\/initcb",
            "cookies": 0.00131,
            "fingerprinting": 0,
            "subdomains": [
                "services"
            ],
            "apis": {},
            "sites": 13,
            "prevalence": 0.00131,
            "cnames": [],
            "responseHashes": [
                "e3b0c44298fc1c149afbf4c8996fb92427ae41e4649b934ca495991b7852b855"
            ],
            "type": "Script",
            "firstPartyCookies": {},
            "firstPartyCookiesSent": {
                "get_top_level_domain_cookie": 0.00020092425155716296,
                "_cb_svref": 0.00010046212577858148
            },
            "exampleSites": [
                "lacuerda.net",
                "dizionari.corriere.it",
                "www.abc.es",
                "www.corriere.it",
                "www.gazzetta.it",
                "www.hellomagazine.com",
                "www.hola.com",
                "www.ilgiornale.it",
                "www.mundodeportivo.com",
                "www.nrj.fr",
                "www.oggi.it",
                "www.rustica.fr",
                "www.record.pt"
            ]
        },
        {
            "rule": "insurads\\.com\\/rt-pub\\/node\\/messaging\\/endpoint",
            "cookies": 0.000703,
            "fingerprinting": 0,
            "subdomains": [
                "messaging"
            ],
            "apis": {},
            "sites": 7,
            "prevalence": 0.000703,
            "cnames": [],
            "responseHashes": [
                "4273d635b75c6f10d8e436bc9734f4204d7d1330076e1e64bf1561ccdda8bb1a"
            ],
            "type": "Script",
            "firstPartyCookies": {},
            "firstPartyCookiesSent": {},
            "exampleSites": [
                "lacuerda.net",
                "dizionari.corriere.it",
                "www.corriere.it",
                "www.gazzetta.it",
                "www.ilgiornale.it",
                "www.oggi.it",
                "www.record.pt"
            ]
        },
        {
            "rule": "insurads\\.com\\/rt-pub\\/node\\/hub\\/negotiate",
            "cookies": 0.000703,
            "fingerprinting": 0,
            "subdomains": [
                "messaging"
            ],
            "apis": {},
            "sites": 7,
            "prevalence": 0.000703,
            "cnames": [],
            "responseHashes": [],
            "type": "Preflight",
            "firstPartyCookies": {},
            "firstPartyCookiesSent": {},
            "exampleSites": [
                "lacuerda.net",
                "dizionari.corriere.it",
                "www.corriere.it",
                "www.gazzetta.it",
                "www.ilgiornale.it",
                "www.oggi.it",
                "www.record.pt"
            ]
        },
        {
            "rule": "insurads\\.com\\/rt-pub\\/node\\/hub\\/negotiate",
            "cookies": 0.000703,
            "fingerprinting": 0,
            "subdomains": [
                "messaging"
            ],
            "apis": {},
            "sites": 7,
            "prevalence": 0.000703,
            "cnames": [],
            "responseHashes": [
                "de0c7ac4c5f5dd2ce17abab502b92790956de885867565f865afdbd69e5ca859",
                "a90b42eeddcc8f75dcfa2afd671d99a5279ef28b1cc1723b72e0ce8c15f3571c",
                "c23fc623253467ffefa6ea2f2fade96f029a3c38945de0e9e62973ee763bc342",
                "867526defdd9186dc3ab2dd65c2270a1af960d299b90c61b693ea069ec280ad9",
                "354a819da53866b3329d742cabf8baacd3262df3261ea6b27fad192d8f132bf5",
                "e07c3fb6bd7abe0951b6f833a02262a0a89c732a76d87cc4742c084a6d0ea841"
            ],
            "type": "XHR",
            "firstPartyCookies": {},
            "firstPartyCookiesSent": {},
            "exampleSites": [
                "lacuerda.net",
                "dizionari.corriere.it",
                "www.corriere.it",
                "www.gazzetta.it",
                "www.ilgiornale.it",
                "www.oggi.it",
                "www.record.pt"
            ]
        },
        {
            "rule": "insurads\\.com\\/ad",
            "cookies": 0.000301,