{
    "domain": "ipify.org",
    "owner": {},
    "source": [
        "DuckDuckGo-CH"
    ],
    "prevalence": 0.00281,
    "sites": 28,
    "subdomains": [
        "api",
        "api64"
    ],
    "cnames": [],
    "fingerprinting": 0,
    "resources": [
        {
            "rule": "ipify\\.org\\/",
            "cookies": 0,
            "fingerprinting": 0,
            "subdomains": [
                "api"
            ],
            "apis": {},
            "sites": 16,
            "prevalence": 0.00161,
            "cnames": [],
            "responseHashes": [
                "5b0938a28ea612f39128230e2c536a3d68ff1a0f7179c8d1aeb56e0827f6449f",
                "cb224001fc83093b695b09edcfdab6f509109fd8e59e5f3d7e025c5faf6dbc2c",
                "bf31bc1ed4476a938206cfbf5d8887d2531cfb738c0caf71d984735205b23f7e",
                "1141d60f20d953bdf9c8fd2fb21855cd9b2fc08cedc3ecfd6147d476cf9a4272",
                "6f37613d8d4a61bb33e2440af23a43f07382165193a6e0f7dc9ad2c1e1921111",
                "d6d290da1fb08c10028d7b00d799d5232c2b2047df9322f49265595eb00913ba",
                "36206903ecb8870744654667ac7738f179523219945b72fbcdbeb4e45b99d20f",
                "9b92f1b49aa7f980eab4b0a57ef32a2796a924122ffebc3b1ea8dd491d1a9ef6"
            ],
            "type": "Script",
            "firstPartyCookies": {},
            "firstPartyCookiesSent": {},
            "exampleSites": [
                "influxdata.com",
                "places.post.ch",
                "shop.post.ch",
                "www.barco.com",
                "www.bodybuilding.com",
                "www.businesswire.com",
                "www.cio.com",
                "www.computerworld.com",
                "www.csoonline.com",
                "www.dnb.com",
                "www.infoworld.com",
                "www.pcworld.com",
                "www.post.ch",
                "www.postauto.ch",
                "www.realclearpolitics.com",
                "www.unispital-basel.ch"
            ]
        },
        {
            "rule": "ipify\\.org\\/",
            "cookies": 0,
            "fingerprinting": 0,
            "subdomains": [
                "api",
                "api64"
            ],
            "apis": {},
            "sites": 11,
            "prevalence": 0.0011,
            "cnames": [],
            "responseHashes": [
                "f8b889540704191470b56d58f00d741b3d7eea10cbd4c404ea305f5d4060782d",
                "df0e5625b750b89a306787ef24ca82dbc749a4eb1fb5fac1554928dc983a7c4b",
                "6586e32db12693eb702b28a39b3e2afc364b2a3f481e1805819ba6a37226c392"
            ],
            "type": "XHR",
            "firstPartyCookies": {},
            "firstPartyCookiesSent": {},
            "exampleSites": [
                "mycamper.ch",
                "voyeur-house.tv",
                "www.abiweb.de",
                "www.computerweekly.com",
                "www.fossil.com",
                "www.lci.fr",
                "www.peacocktv.com",
                "www.republicworld.com",
                "www.sigmaaldrich.com",
                "www.tf1.fr",
                "www.theserverside.com"
            ]
        }
    ],
    "categories": [],
    "performance": {
        "time": 1,
        "size": 1,
        "cpu": 1,
        "cache": 3
    },
    "cookies": 0,
    "types": {
        "Script": 16,
        "XHR": 11
    },
    "nameservers": [
        "ns27.domaincontrol.com",
        "ns28.domaincontrol.com"
    ]
}