{
    "domain": "jpg4.biz",
    "owner": {},
    "source": [
        "DuckDuckGo-CH"
    ],
    "prevalence": 0.000706,
    "sites": 7,
    "subdomains": [
        "data",
        "img"
    ],
    "cnames": [],
    "fingerprinting": 0,
    "resources": [
        {
            "rule": "jpg4\\.biz\\/",
            "cookies": 0.000706,
            "fingerprinting": 0,
            "subdomains": [
                "data"
            ],
            "apis": {},
            "sites": 7,
            "prevalence": 0.000706,
            "cnames": [],
            "responseHashes": [
                "de4bf8c1212d99b31fe8fdf62104a339d8191b19c244a1cb8071af1bb31996a0",
                "d3fa921aa03b8e68549f15d63f8b025f2416b3b2755780c7fea06775208ba2fb",
                "49255ed3a1c74e458f4b5322baecdecdd3fdaf52c38b007ae88d2e381fd91f1f",
                "1fb9924380b4ff8e426859c4a059bda6dc97b50b809ebd9c49407f8b768f70da",
                "52b11e2b5a451a32b74e1867e9ab17538db0010d2de65461046077c9705b6af6",
                "1b583f2b4fa7420d7b2987a3ccb27c40ad46941ed6760bdb6fadb6cc37e5b855"
            ],
            "type": "Document",
            "firstPartyCookies": {},
            "firstPartyCookiesSent": {},
            "exampleSites": [
                "img4.cam",
                "en.jpg4.info",
                "img.jpg4.net",
                "ru.jpg4.net",
                "us.jpg4.info",
                "village.jpg4.info",
                "www.jpg4.net"
            ]
        },
        {
            "rule": "jpg4\\.biz\\/tagjpa\\.php",
            "cookies": 0,
            "fingerprinting": 0,
            "subdomains": [
                "img"
            ],
            "apis": {},
            "sites": 7,
            "prevalence": 0.000706,
            "cnames": [],
            "responseHashes": [
                "212144b06fa2212efb81fe03e0e98483360cf8f33a515711b4f5a8847cbb834a",
                "5b68d01d295d407faf81113e2dfbeb9da98e42a27cb4f4f184dfd6716313f1e0",
                "1acf1acfad2c97209d2fde5f26f738d59c7b788416d4381d7fe8417ecd8a0741"
            ],
            "type": "Document",
            "firstPartyCookies": {},
            "firstPartyCookiesSent": {},
            "exampleSites": [
                "img4.cam",
                "en.jpg4.info",
                "img.jpg4.net",
                "ru.jpg4.net",
                "us.jpg4.info",
                "village.jpg4.info",
                "www.jpg4.net"
            ]
        }
    ],
    "categories": [],
    "performance": {},
    "cookies": 0.000706,
    "types": {
        "Document": 14
    },
    "nameservers": [
        "vern.ns.cloudflare.com",
        "kami.ns.cloudflare.com"
    ]
}