{
    "domain": "linkconnector.com",
    "owner": {
        "name": "LinkConnector Corporation",
        "displayName": "LinkConnector"
    },
    "source": [
        "DuckDuckGo-CH"
    ],
    "prevalence": 0.001,
    "sites": 10,
    "subdomains": [
        "www"
    ],
    "cnames": [],
    "fingerprinting": 1,
    "resources": [
        {
            "rule": "linkconnector\\.com\\/uts_lp\\.php",
            "cookies": 0.000903,
            "fingerprinting": 1,
            "subdomains": [
                "www"
            ],
            "apis": {
                "Document.cookie getter": 8,
                "window.localStorage": 8,
                "Date.prototype.getTime": 9,
                "Document.cookie setter": 8
            },
            "sites": 9,
            "prevalence": 0.000903,
            "cnames": [],
            "responseHashes": [
                "6adae05ed02ec9ac489f95daa8fc7e2cd3bf09c4a0981f69a83780a04707ff20",
                "24f29539291af12e4faf6bc5e1ed1d3f28826c0eed28db2908d7ffc014038637",
                "11d66363024e4dcadf6761ff2ba0da8ddad0b011a89560f3f4d61fc1741eea89",
                "6df0468360aa8564e05b33b55502da0621cd796166ef028d0ac3c017e5963b99",
                "c6d968828cf5212f818cb8ca40cc92cfd64822a671590945bea999a87b698aba",
                "f3b9285c2c42f525cc97593dd1968e049c8710a67c0b159a0f8bb818a44893e2",
                "abd9b7e99ed3d31a4149057f31e386d1bc5ae27e36d352931cc6addd01d3ad4a",
                "cc4dfeb480b566678b4cdb845d3d153253f65267246c3c1172c4ceeeac686f9c"
            ],
            "type": "Script",
            "firstPartyCookies": {
                "uts_id": {
                    "ttl": 157680004,
                    "length": 17,
                    "prevalence": 0.0007025996185887784,
                    "uniqueness": 1
                },
                "LCUTS_UID_900133": {
                    "ttl": 3604,
                    "length": 6,
                    "prevalence": 0.00040148549633644485,
                    "uniqueness": 0.25
                },
                "LCUTS_UID_901600": {
                    "ttl": 3603,
                    "length": 6,
                    "prevalence": 0.00010037137408411121,
                    "uniqueness": 1
                },
                "LCUTS_UID_901518": {
                    "ttl": 3607,
                    "length": 6,
                    "prevalence": 0.00010037137408411121,
                    "uniqueness": 1
                },
                "LCUTS_UID_901602": {
                    "ttl": 3603,
                    "length": 6,
                    "prevalence": 0.00010037137408411121,
                    "uniqueness": 1
                },
                "LCUTS_UID_901229": {
                    "ttl": 3606,
                    "length": 6,
                    "prevalence": 0.00010037137408411121,
                    "uniqueness": 1
                }
            },
            "firstPartyCookiesSent": {
                "LCUTS_UID_900133": 0.00040148549633644485,
                "LCUTS_UID_901600": 0.00010037137408411121,
                "LCUTS_UID_901518": 0.00010037137408411121,
                "LCUTS_UID_901602": 0.00010037137408411121,
                "LCUTS_UID_901229": 0.00010037137408411121
            },
            "exampleSites": [
                "wondershare.com",
                "pdf.wondershare.com",
                "recoverit.wondershare.com",
                "spyic.com",
                "videoconverter.wondershare.com",
                "www.edrawsoft.com",
                "www.minitool.com",
                "www.movavi.com",
                "www.wondershare.com"
            ]
        },
        {
            "rule": "linkconnector\\.com\\/tu\\.php",
            "cookies": 0.000703,
            "fingerprinting": 0,
            "subdomains": [
                "www"
            ],
            "apis": {},
            "sites": 7,
            "prevalence": 0.000703,
            "cnames": [],
            "responseHashes": [
                "1cd58a827318c4a29b32a0db15c8c39d5651b42d8cad227519ad81bce4adb944"
            ],
            "type": "Image",
            "firstPartyCookies": {},
            "firstPartyCookiesSent": {
                "__atuvs": 0.00020074274816822243,
                "_gcl_au": 0.00020074274816822243,
                "_rdt_uuid": 0.00010037137408411121,
                "_uetsid": 0.00030111412225233364,
                "_uetvid": 0.00030111412225233364,
                "ws_visit_id": 0.00020074274816822243,
                "_ga": 0.0007025996185887784,
                "_gid": 0.0006022282445046673,
                "_hjid": 0.00010037137408411121,
                "__utmzz": 0.00010037137408411121,
                "_fbp": 0.00010037137408411121
            },
            "exampleSites": [
                "wondershare.com",
                "pdf.wondershare.com",
                "recoverit.wondershare.com",
                "videoconverter.wondershare.com",
                "www.edrawsoft.com",
                "www.movavi.com",
                "www.wondershare.com"
            ]
        },
        {
            "rule": "linkconnector\\.com\\/js\\/uts_uid\\.php",
            "cookies": 0.000703,
            "fingerprinting": 0,
            "subdomains": [
                "www"
            ],
            "apis": {},
            "sites": 7,
            "prevalence": 0.000703,
            "cnames": [],
            "responseHashes": [
                "1cd58a827318c4a29b32a0db15c8c39d5651b42d8cad227519ad81bce4adb944"
            ],
            "type": "Image",
            "firstPartyCookies": {},
            "firstPartyCookiesSent": {
                "LCUTS_UID_900133": 0.00040148549633644485,
                "LCUTS_UID_901518": 0.00010037137408411121,
                "LCUTS_UID_901229": 0.00010037137408411121
            },
            "exampleSites": [
                "wondershare.com",
                "pdf.wondershare.com",
                "recoverit.wondershare.com",
                "videoconverter.wondershare.com",
                "www.edrawsoft.com",
                "www.movavi.com",
                "www.wondershare.com"
            ]
        },
        {
            "rule": "linkconnector\\.com\\/uts_clickcounts\\.php",
            "cookies": 0,
            "fingerprinting": 0,
            "subdomains": [
                "www"
            ],
            "apis": {},
            "sites": 4,
            "prevalence": 0.000401,
            "cnames": [],
            "responseHashes": [
                "e3b0c44298fc1c149afbf4c8996fb92427ae41e4649b934ca495991b7852b855"
            ],
            "type": "Script",
            "firstPartyCookies": {},
            "firstPartyCookiesSent": {
                "LCUTS_UID_901600": 0.00010037137408411121,
                "LCUTS_UID_901518": 0.00010037137408411121,
                "LCUTS_UID_901602": 0.00010037137408411121
            },
            "exampleSites": [
                "spyic.com",
                "www.clevguard.com",
                "www.edrawsoft.com",
                "www.minitool.com"
            ]
        }
    ],
    "categories": [],
    "performance": {
        "time": 1,
        "size": 1,
        "cpu": 0,
        "cache": 3
    },
    "cookies": 0.000903,
    "types": {
        "Script": 13,
        "Image": 14
    },
    "nameservers": [
        "sri.ns.cloudflare.com",
        "edna.ns.cloudflare.com"
    ]
}