{
    "domain": "mycleverpush.com",
    "owner": {},
    "source": [
        "DuckDuckGo-CH"
    ],
    "prevalence": 0.00181,
    "sites": 18,
    "subdomains": [
        "9monatede",
        "caravaning",
        "cns",
        "flugrevue",
        "wurst",
        "kinode",
        "kurirrs",
        "mietrecht",
        "motorrad",
        "mountainbike",
        "outdoor",
        "projektmagazin",
        "reifendirektch",
        "promobil",
        "roadbike",
        "sportde",
        "vital",
        "websiteworkingoffice"
    ],
    "cnames": [],
    "fingerprinting": 1,
    "resources": [
        {
            "rule": "mycleverpush\\.com\\/iframe",
            "cookies": 0,
            "fingerprinting": 1,
            "subdomains": [
                "9monatede",
                "caravaning",
                "cns",
                "flugrevue",
                "wurst",
                "kinode",
                "kurirrs",
                "mietrecht",
                "motorrad",
                "mountainbike",
                "outdoor",
                "projektmagazin",
                "reifendirektch",
                "promobil",
                "roadbike",
                "sportde",
                "vital",
                "websiteworkingoffice"
            ],
            "apis": {
                "window.localStorage": 18,
                "Navigator.prototype.userAgent": 9
            },
            "sites": 18,
            "prevalence": 0.00181,
            "cnames": [],
            "responseHashes": [
                "ecd1914ea6869c3ff64de0364ad17389ff357e81a06fac180135fc32dbb6a902",
                "0df60adaf883c638d5def636a597ed5121cd2e9f782b35d5271230b67842ed5c",
                "80c9a8ed1c12eb0db09692890f93fa07d56f35ca6b2cbe4c3072e89faa9d9c0c",
                "1e447467855c00825f91e9aa89bac13014d82acc9995bdf97adf734507f51710",
                "ad3cf28054a0fae1f2618d9d8c2cf0c30222fabbef8bcac4df9a96d972a72b5b",
                "822084915379e6acfd6f04a41a14e4237425fbc47c2a5742f59efcf4a9ffca45",
                "42ba8d0c66493a51e3d8d6c89b4a85c8b6534d68a561f3ac46e2fc9ca3bbd4f2",
                "5fe6c2922a010118b031bf918689108e5c13d72970190602622f61ba017e559e",
                "8c2d12e9183a17d5cd71967a5d9a21870eb9774c939d3a34ffd2150d1c2940e0",
                "ecc3ab3575f28d4e736ba732adf7ef3fd20f3cefc5d0f375ec7240202c1ba789",
                "915fb8037f8983d3bc6df19799aa94d599cd915db0b9ba2648ec07c359da56b7",
                "66a0996f76705917ecee7bc1e1955adefdfc91114c64d6bba4367c2ff557ed97",
                "3d6d52d517433b9dc5a1890912823d50003606d37d6ede939b2fe10c65a9c130",
                "b6958987b53b34f4df75cfce5e91a970cad2081aa321b56944d526f2dece42d4",
                "e7c0c9a71e02886a59c811e01e647346d807b64a38fba29eba2f3d9fde671af3",
                "030a0b7026b531ab2fdfa1a62174550391f851c9e0aff66bbb5c0be94caa1d04",
                "4e371cd0eab6076abdf25cbe56b8c36dd72242745e54c2266ac517ad0eaa00d4"
            ],
            "type": "Document",
            "firstPartyCookies": {},
            "firstPartyCookiesSent": {},
            "exampleSites": [
                "9monate.de",
                "www.caravaning.de",
                "www.cooknsoul.de",
                "www.flugrevue.de",
                "www.gesundheit.de",
                "www.kino.de",
                "www.kurir.rs",
                "www.mietrecht.de",
                "www.motorradonline.de",
                "www.mountainbike-magazin.de",
                "www.outdoor-magazin.com",
                "www.projektmagazin.de",
                "www.reifendirekt.ch",
                "www.promobil.de",
                "www.roadbike.de",
                "www.sport.de",
                "www.vital.de",
                "www.workingoffice.de"
            ]
        }
    ],
    "categories": [],
    "performance": {},
    "cookies": 0,
    "types": {
        "Document": 18
    },
    "nameservers": [
        "gail.ns.cloudflare.com",
        "eric.ns.cloudflare.com"
    ]
}