{
    "domain": "mycleverpush.com",
    "owner": {},
    "source": [
        "DuckDuckGo-CH"
    ],
    "prevalence": 0.00151,
    "sites": 15,
    "subdomains": [
        "lifelinede",
        "9monatede",
        "caravaning",
        "websiteelternwissen",
        "fuersie",
        "wurst",
        "kinode",
        "kurirrs",
        "mountainbike",
        "motorrad",
        "outdoor",
        "promobil",
        "sportde",
        "vital",
        "websiteworkingoffice"
    ],
    "cnames": [],
    "fingerprinting": 2,
    "resources": [
        {
            "rule": "mycleverpush\\.com\\/iframe",
            "cookies": 0,
            "fingerprinting": 2,
            "subdomains": [
                "lifelinede",
                "9monatede",
                "caravaning",
                "websiteelternwissen",
                "fuersie",
                "wurst",
                "kinode",
                "kurirrs",
                "mountainbike",
                "motorrad",
                "outdoor",
                "promobil",
                "sportde",
                "vital",
                "websiteworkingoffice"
            ],
            "apis": {
                "window.localStorage": 12,
                "Navigator.prototype.userAgent": 6,
                "window.sessionStorage": 12,
                "Navigator.prototype.permissions": 6
            },
            "sites": 15,
            "prevalence": 0.00151,
            "cnames": [],
            "responseHashes": [
                "1f388308ea40bcd6c33247993a5fd97756542603ad634e0626050e64d6396e5c",
                "2a9dd6a88c6d3827bc082a440e55574b398baad7f82edf2e766eb04d987b65e3",
                "a90723584345f572c03a28e6608331303aa67e66f96563da918c330366ffd702",
                "8f182c6cfa4c509f385eb3a7ff9e487f3b5fb72db05b40dd9526772dc240f8ec",
                "3b20a048b37fad04dd48906361d57a388076e2416a827893b4f18adac5bd9553",
                "12e424e2c739065d1d0e55c10b7e7431fcec669da92df2cfb01ce05bdff54fdd",
                "ff01b3baa65670208fbfdefd3a8ec6872abfe19bdad8407592648945dc3e8517",
                "715eacc807fa4012b474daf4537407ca142f73360b02983b121695a0470267e0",
                "52ae4bec3d23289869c8235e3a53261dd7f313228c53c365825201c300ee34ce",
                "e4748134a0f3bdf092fdace13c72f0940529d7a3dc654a5c59b31824ef5a3836",
                "602919a7acb64f7d21be89467ccdacad22c5990e90e46fef405263454e849ae1",
                "8cd0cf5d23787ca4e3186a71803f551f21f6cd981c449ef9adf33cbeac6fc6f1"
            ],
            "type": "Document",
            "firstPartyCookies": {},
            "firstPartyCookiesSent": {},
            "exampleSites": [
                "lifeline.de",
                "www.9monate.de",
                "www.caravaning.de",
                "www.elternwissen.com",
                "www.fuersie.de",
                "www.gesundheit.de",
                "www.kino.de",
                "www.kurir.rs",
                "www.mountainbike-magazin.de",
                "www.motorradonline.de",
                "www.outdoor-magazin.com",
                "www.promobil.de",
                "www.sport.de",
                "www.vital.de",
                "www.workingoffice.de"
            ]
        }
    ],
    "categories": [],
    "performance": {},
    "cookies": 0,
    "types": {
        "Document": 15
    },
    "nameservers": [
        "eric.ns.cloudflare.com",
        "gail.ns.cloudflare.com"
    ]
}