{
    "domain": "nosto.com",
    "owner": {
        "name": "Nosto Solutions Ltd",
        "displayName": "Nosto Solutions"
    },
    "source": [
        "DuckDuckGo-CH"
    ],
    "prevalence": 0.00132,
    "sites": 13,
    "subdomains": [
        "connect"
    ],
    "cnames": [],
    "fingerprinting": 2,
    "resources": [
        {
            "rule": "nosto\\.com\\/ev1",
            "cookies": 0.00122,
            "fingerprinting": 0,
            "subdomains": [
                "connect"
            ],
            "apis": {},
            "sites": 12,
            "prevalence": 0.00122,
            "cnames": [],
            "responseHashes": [
                "8bb781d17f47d9430de12bb613b474ad203c5e49f9385241b6f6bc74dbbab250",
                "c362e838055cfb2ea8b08e99940c5b714abdb5896917b718e4b524e25cf5f1bb",
                "0b59ee87c5643162444c8b49cba142eb396e3a41083ca57367799c9d1e363151",
                "30d2e3dd5044300fbdbe06332d78b20306629c5e7b542a24b51294a8dfc89304",
                "4fca179f63a6e7b1197385207f2f52de7a050dec4c9789146a4f579656883153",
                "ba3d5450cc4eb5f2f19c2684f3ec555f11fa2387db51c0f8a8be0168aea3b963",
                "d9987b5d52f021b9e41a7cb948fea8367718dff25278f6cadbc32f57401a0735",
                "2117bddd6907358cc45f928160c2e010abb06bc4e84e8bd057c5fa1cdc97641c",
                "3ac469ac1982623ae6f63c521c56dab1dc0db3c015f4b9f54108a6e84e6e6039",
                "5a710d4e6f2f84426a663fc9e56dc2f81f35fd2f83cdb0158734bbb5f9724721",
                "15e651c0a596f3143d4a57861abc9abc6a6aa9855759216e2dc011d361ae4d14"
            ]
        }
    ],
    "categories": [],
    "performance": {
        "time": 1,
        "size": 1,
        "cpu": 0,
        "cache": 1
    },
    "cookies": 0.00122,
    "types": {
        "XHR": 12
    }
}