{
    "domain": "outdooractive.com",
    "owner": {},
    "source": [
        "DuckDuckGo-CH"
    ],
    "prevalence": 0.00183,
    "sites": 18,
    "subdomains": [
        "www",
        "regio"
    ],
    "cnames": [],
    "fingerprinting": 1,
    "resources": [
        {
            "rule": "outdooractive\\.com\\/alpportal\\/oax_head\\.js",
            "cookies": 0.000203,
            "fingerprinting": 0,
            "subdomains": [
                "www"
            ],
            "apis": {},
            "sites": 16,
            "prevalence": 0.00163,
            "cnames": [],
            "responseHashes": [
                "3c82f2273dfac2cf186ef11a2322f4a4fd9e48adf7e71e7ff9856003962a610a",
                "c1ef5f7ab099d1b1ac4422ad773107816400b3ae23d688ecb4a2e91a36acb5b2",
                "4123ddeb3197201424b0ee773518bdd5807d22dbe2c5c6886cfe114a238e175d",
                "47374f48d3ee922b2422fd6cc0c56df7d66ed52e49f136d276fe2be6b9f8136d",
                "c33dfc48eecd16f99e3f3749357ac6eaea4d4685fdba252ff4aeb7d12af7953c",
                "d30044b591cf5ffec86ff931f439180a3402af88b0ca4d78008c026daeb14198",
                "e3b0c44298fc1c149afbf4c8996fb92427ae41e4649b934ca495991b7852b855",
                "e37d0f9f3931d199925b426b87259ca16457dea1b3a422fa2aee759977d4180e",
                "75c79961121bf8d92109896af0d58d9afc70ccca926e858c735e1643de4e9572",
                "867b45c8199b0b87b05e29e1c85162ecfb84b1c4620aa356e29956aaa223a682",
                "70a9fcfcd09f2a782573c5e71b10786b2aa1a21f31263f4ea592ea55270fee08",
                "124a59c82dad249c7f7b43daa8c13db6b19dbd9a7b5d3c4a13e3ac1ad4f7d1ff",
                "cfd59e0d78fa2fcac8e96665eefc679967ae800f79386208ea7f14961ab0d9d4",
                "54ba2b6bd339bf8ca21fca2ee7eadb746a81bb1a001a6bb91d88be341aaa2655"
            ]
        },
        {
            "rule": "outdooractive\\.com\\/js\\/alp\\/maps\\/leaflet_gshim\\.js",
            "cookies": 0.000203,
            "fingerprinting": 1,
            "subdomains": [
                "www",
                "regio"
            ],
            "apis": {
                "window.sessionStorage": 15,
                "Navigator.prototype.userAgent": 15,
                "window.name": 15,
                "Date.prototype.getTime": 4,
                "window.localStorage": 1,
                "Document.cookie getter": 2,
                "Document.cookie setter": 2
            },
            "sites": 16,
            "prevalence": 0.00163,
            "cnames": [],
            "responseHashes": [
                "2ec031d894d570598ddf6ccec901c7eb1eb6433100874dda37a7607a43f2a4a3"
            ]
        },
        {
            "rule": "outdooractive\\.com\\/js\\/oax\\/api_mini\\.js",
            "cookies": 0,
            "fingerprinting": 1,
            "subdomains": [
                "www"
            ],
            "apis": {
                "window.sessionStorage": 1,
                "Navigator.prototype.userAgent": 1,
                "window.name": 1
            },
            "sites": 11,
            "prevalence": 0.00112,
            "cnames": [],
            "responseHashes": [
                "90695e0df5770084e2cb401775bdfc495753d41e8f4d00a0ccab88b6070ecf5b"
            ]
        },
        {
            "rule": "outdooractive\\.com\\/js\\/tinymce4\\/tinymce\\.min\\.js",
            "cookies": 0,
            "fingerprinting": 1,
            "subdomains": [
                "www",
                "regio"
            ],
            "apis": {
                "Navigator.prototype.userAgent": 5,
                "window.localStorage": 5
            },
            "sites": 5,
            "prevalence": 0.000508,
            "cnames": [],
            "responseHashes": [
                "d296cb4be94c1571616d095dffe2e85084fe85382ac200bd37b80f1f9eaafef8"
            ]
        },
        {
            "rule": "outdooractive\\.com\\/js\\/leaflet-1\\.7\\.1\\/leaflet\\.js",
            "cookies": 0,
            "fingerprinting": 1,
            "subdomains": [
                "www",
                "regio"
            ],
            "apis": {
                "Navigator.prototype.userAgent": 5,
                "Navigator.prototype.platform": 5,
                "window.devicePixelRatio": 5
            },
            "sites": 5,
            "prevalence": 0.000508,
            "cnames": [],
            "responseHashes": [
                "58d090a7cc0f95a0fa15bdd517878f174b5ee5d25cefab8420189a221d894a33"
            ]
        },
        {
            "rule": "outdooractive\\.com\\/js\\/oax\\/api\\.js",
            "cookies": 0,
            "fingerprinting": 1,
            "subdomains": [
                "www",
                "regio"
            ],
            "apis": {
                "Navigator.prototype.userAgent": 5,
                "Navigator.prototype.language": 1,
                "Date.prototype.getTime": 1
            },
            "sites": 5,
            "prevalence": 0.000508,
            "cnames": [],
            "responseHashes": [
                "db00c7417f410976dac9538f53abb83cd3e568fdd176bc764c2f82d560afa48c"
            ]
        }
    ],
    "categories": [],
    "performance": {},
    "cookies": 0.000407,
    "types": {
        "Script": 58
    }
}