{
    "domain": "redintelligence.net",
    "owner": {},
    "source": [
        "DuckDuckGo-CH"
    ],
    "prevalence": 0.00453,
    "sites": 45,
    "subdomains": [
        "hal9000",
        "hal900024",
        "hal90009",
        "hal900016",
        "hal90003",
        "hal900028",
        "hal90007",
        "hal90004",
        "hal90002",
        "hal900011",
        "hal90008",
        "hal900012",
        "hal900020",
        "hal90006",
        "hal900010",
        "hal900014",
        "hal900013"
    ],
    "cnames": [],
    "fingerprinting": 2,
    "resources": [
        {
            "rule": "redintelligence\\.net\\/zone\\/fmcs5wnh4tfi",
            "cookies": 0,
            "fingerprinting": 2,
            "subdomains": [
                "hal9000"
            ],
            "apis": {
                "Screen.prototype.width": 6,
                "Screen.prototype.height": 6,
                "Screen.prototype.availWidth": 6,
                "Screen.prototype.availHeight": 6
            },
            "sites": 8,
            "prevalence": 0.000805,
            "cnames": [],
            "responseHashes": [
                "cb43b38d8fc76bc5d1873441e666b813552c6e48e87c8e6b855e6f388aa51191",
                "e42f55bad8efda16db44e5c9e70f1ca399b2b42e237ef44b647af986eae64b7f",
                "79779dd312bcd133e99cbfb742023261546b38be89e39556e63a40516811da6a",
                "606da4afb0ede16aad9f6543c2e6005ca019fca873298c677b633e2a100c7f86",
                "699c7ebe9981b827416ef6ed1ad5f84b7a714d4c2b54fd730e9b857e0c157969"
            ],
            "type": "Script",
            "firstPartyCookies": {},
            "firstPartyCookiesSent": {},
            "exampleSites": [
                "attackofthefanboy.com",
                "comicvine.gamespot.com",
                "mydramalist.com",
                "www.fanpop.com",
                "www.gocomics.com",
                "www.icy-veins.com",
                "www.parents.com",
                "www.verbformen.de"
            ]
        },
        {
            "rule": "redintelligence\\.net\\/request\\.php",
            "cookies": 0.00221,
            "fingerprinting": 0,
            "subdomains": [
                "hal900024",
                "hal90009",
                "hal900016",
                "hal90003",
                "hal900028",
                "hal90007",
                "hal90004",
                "hal90002",
                "hal900011",
                "hal90008",
                "hal900012",
                "hal900020",
                "hal90006",
                "hal900010",
                "hal900014",
                "hal900013"
            ],
            "apis": {},
            "sites": 24,
            "prevalence": 0.00241,
            "cnames": [],
            "responseHashes": [
                "995c302da8faf03a116a74b378db1d48562d98d236e3745028f38cd350363d74",
                "3b783fcbcc11caa54e6647790956305cf1107a6683c12a59ed831d3e8b6cb778",
                "7d19ae4f0b1fbc23c45915787aeaee52d1254eb33f238ead997962a399afbcb8"
            ],
            "type": "Script",
            "firstPartyCookies": {},
            "firstPartyCookiesSent": {
                "_ga": 0.0002012477359629704,
                "G_ENABLED_IDPS": 0.0001006238679814852
            },
            "exampleSites": [
                "attackofthefanboy.com",
                "www.icy-veins.com",
                "www.bladeforums.com",
                "calculis.net",
                "translation.babylon-software.com",
                "www.gbmb.org",
                "www.cpubenchmark.net",
                "comicvine.gamespot.com",
                "www.fanpop.com",
                "www.autoevolution.com",
                "www.bleepingcomputer.com",
                "coub.com",
                "news.yahoo.com",
                "woerterbuch.reverso.net",
                "whattomine.com",
                "honeysanime.com",
                "www.247sudoku.com",
                "www.moviefone.com",
                "worldstarhiphop.com",
                "www.gocomics.com"
            ]
        },
        {
            "rule": "redintelligence\\.net\\/request_content\\.php",
            "cookies": 0,
            "fingerprinting": 0,
            "subdomains": [
                "hal900024",
                "hal90009",
                "hal900016",
                "hal90003",
                "hal900028",
                "hal90007",
                "hal90002",
                "hal900011",
                "hal900012",
                "hal900020",
                "hal900010",
                "hal90004",
                "hal900014",
                "hal900013",
                "hal90008"
            ],
            "apis": {},
            "sites": 19,
            "prevalence": 0.00191,
            "cnames": [],
            "responseHashes": [
                "48f8859ef387daad8871ff00da564374196d0ca4a73a2b3b0cc94ca1f3011fe6",
                "127eb1fcbd5b7f87ba9248af57b515ef5f3e29a486a85b6ea9bd347ae43e46cc",
                "2e9941d5248c1f58238f83ff38b02435920fd64bfb1c17c7f65211eeaa43901d",
                "4338f64271be2cf5389612fd6b04f4f97214c89d01effb0c77e492a009a74207",
                "6510398d099d59003ba9b2407eecde56730a92d74b2940b4c771f9e07f228d1b",
                "40b65f035d607fa8bb1e6c3774ccb628a20bf72d04fcee055c17a4f81ae22133",
                "bf039c2c340e9af499c5fd4f9a852f8d2a57ca7e1ccb5f43cc335b40ce56ec20",
                "d141beb221cdfb3c0bf1a0bd830d824c24e4086dddc4934a65d81074bae46e11",
                "d703b8e1234afb7386d1fcaa3007780f46733562e8626ee44e18f71e17396377",
                "d956f769cfcb50e18d8c9b89951165e874f09503c7e5f8a25a38cb546c89e6ed",
                "123060c0bedef346ccf112f3110f7e768d0e1adfe4e865ddab82bb9baf1d42ac",
                "50c4b949a2c02c8d1950196dd3b5c919a21a63939bc97b98fcedaa2250ee45fc",
                "a97ac42d9064802ebf7e36a18406e221900408fb77082c38b19848033ced4b88",
                "0e082b6b142ccd8c513d8551562fcedd07d3efa8a0e99967e8f3c606750d0510",
                "844d66730dab0db5cc9ab1bc88dba74f56c6916c737f418ab2052d0333d37b65"
            ],
            "type": "Document",
            "firstPartyCookies": {},
            "firstPartyCookiesSent": {},
            "exampleSites": [
                "attackofthefanboy.com",
                "calculis.net",
                "comicvine.gamespot.com",
                "coub.com",
                "hiconsumption.com",
                "honeysanime.com",
                "news.yahoo.com",
                "road.cc",
                "translation.babylon-software.com",
                "whattomine.com",
                "woerterbuch.reverso.net",
                "www.247sudoku.com",
                "www.autoevolution.com",
                "www.bleepingcomputer.com",
                "www.fanpop.com",
                "www.gbmb.org",
                "www.gocomics.com",
                "www.icy-veins.com",
                "www.moviefone.com"
            ]
        },
        {
            "rule": "redintelligence\\.net\\/scale\\/",
            "cookies": 0,
            "fingerprinting": 0,
            "subdomains": [
                "hal9000"
            ],
            "apis": {},
            "sites": 15,
            "prevalence": 0.00151,
            "cnames": [],