{
    "domain": "redintelligence.net",
    "owner": {},
    "source": [
        "DuckDuckGo-CH"
    ],
    "prevalence": 0.00331,
    "sites": 33,
    "subdomains": [
        "hal9000",
        "hal90003",
        "hal900021",
        "hal90005",
        "hal900017",
        "hal900015",
        "hal900011",
        "hal90006",
        "hal900030",
        "hal90009",
        "hal900019",
        "hal900016",
        "hal900024",
        "hal900023"
    ],
    "cnames": [],
    "fingerprinting": 2,
    "resources": [
        {
            "rule": "redintelligence\\.net\\/zone\\/belwq516sv9v",
            "cookies": 0,
            "fingerprinting": 2,
            "subdomains": [
                "hal9000"
            ],
            "apis": {
                "Screen.prototype.width": 5,
                "Screen.prototype.height": 5,
                "Screen.prototype.availWidth": 5,
                "Screen.prototype.availHeight": 5
            },
            "sites": 5,
            "prevalence": 0.000502,
            "cnames": [],
            "responseHashes": [
                "8fc47c600dc66f0765fa50b8c1414d0daa490f20ce211cbdba249c23d584e650",
                "53b4de391ac79f87a33adc7d1d8019bc178ac4bb35d2e34ca0949f5e6f0f318b",
                "a9fd4ac5ff5d437ff1c5e15c908e2168f4c73c68efa01494c610f997c607c9ed",
                "43224d515742c7e55fe4fd517846bfcf972e577c23cdc9e59c274516b884117f"
            ],
            "type": "Script",
            "firstPartyCookies": {},
            "firstPartyCookiesSent": {},
            "exampleSites": [
                "censor.net",
                "honeysanime.com",
                "www.fanpop.com",
                "www.procyclingstats.com",
                "www.systutorials.com"
            ]
        },
        {
            "rule": "redintelligence\\.net\\/request\\.php",
            "cookies": 0.00201,
            "fingerprinting": 0,
            "subdomains": [
                "hal90003",
                "hal900021",
                "hal90005",
                "hal900017",
                "hal900015",
                "hal900011",
                "hal90006",
                "hal900030",
                "hal90009",
                "hal900019",
                "hal900016",
                "hal900024",
                "hal900023"
            ],
            "apis": {},
            "sites": 20,
            "prevalence": 0.00201,
            "cnames": [],
            "responseHashes": [
                "5d0b45fcc664f0e27d1d23bf805863c349411ef34956f596eba5d1584f68ae00"
            ],
            "type": "Script",
            "firstPartyCookies": {},
            "firstPartyCookiesSent": {
                "lotame_domain_check": 0.00010043185698503566
            },
            "exampleSites": [
                "censor.net",
                "ca.news.yahoo.com",
                "guides.gamepressure.com",
                "honeysanime.com",
                "musescore.com",
                "nation.africa",
                "play.typeracer.com",
                "tappedout.net",
                "www.allure.com",
                "www.base64decode.org",
                "www.bolde.com",
                "www.fanpop.com",
                "www.icy-veins.com",
                "www.infobae.com",
                "www.koreus.com",
                "www.myabandonware.com",
                "www.procyclingstats.com",
                "www.psychforums.com",
                "www.slobodna-bosna.ba",
                "www.systutorials.com"
            ]
        },
        {
            "rule": "redintelligence\\.net\\/request_content\\.php",
            "cookies": 0,
            "fingerprinting": 0,
            "subdomains": [
                "hal90003",
                "hal900021",
                "hal90005",
                "hal900017",
                "hal900015",
                "hal900011",
                "hal90006",
                "hal900030",
                "hal90009",
                "hal900019",
                "hal900016",
                "hal900024",
                "hal900023"
            ],
            "apis": {},
            "sites": 20,
            "prevalence": 0.00201,
            "cnames": [],
            "responseHashes": [
                "2d4bba878752348958576d305908bb888807fe1464d0ca8db4025fdfe8d2289c",
                "28f5965a2e2f894fe3127f7a10f75d6f2a99ad915c4d1f0f4229edd99f390662",
                "e251d76c448cc27cff29d23d7aef079d7a4d1d79a4316bcf1e7b25b1be325d21",
                "59cfdfd8d9034d366c9b61237228619504a8bd4f38d22b312c2bf3d516343578",
                "3ce86b210dbdd6a36f8eb265efcd7fa6b613b5b8b976531e30a29d48afbe26e7",
                "b79154a1b40a2c367e328b27484c2af2745ea4c2634a20370efbb46b69b01277",
                "2e60084cf17674301ca1b03839dbb2ce718512581a2908796bdd0ed442f747fc",
                "51ef3a39dfe1e23739b414d2147f9198cba01b25d32122f414ce5569f03b2519",
                "2f0b87f45659d6252ce6cb4d7656cbc8e39e1f0c90f6e6161d8bcb6179b3cc85",
                "46325aaa218f515e623332187b3a4b7a4f33c92877cf14620a3e418d8b217fac",
                "81b1c9e849756ba15c39c2af9ecac7d40c9a63f89c1842c9a5d320dd7be59682",
                "bef080753df1924c75cbc8130a56a07a120c5b26d7cbe3a220278e6b947e9af2",
                "738d6f775b2bbf7ff7c8d3710fb89e1f9101a815e77040685fced78a33968664",
                "69a2557e916d08537b63db4e37d62e0c18ec455630b2842168208d2d6b0e88a3",
                "72aaeb18f088071c317efee4c6a2ff5008bd5fd3dbb5a030bf359e4cbb981a31",
                "587d72981258be94fb913dd5ad1cf637beac17ebe581083e147b76567171cc85",
                "2133a0fdd2951e71b3a0242288efb1992936cbb448f9a38334a8e32fa529bb9a",
                "682a3109edfe681efe485647c13f628343c041c43b5ceffa85c31ee6204f9136",
                "2690e48b2e08c9ac1bd36cee77bb980505c79ad7fe77fb474ef05949188838cd"
            ],
            "type": "Document",
            "firstPartyCookies": {},
            "firstPartyCookiesSent": {},
            "exampleSites": [
                "censor.net",
                "ca.news.yahoo.com",
                "guides.gamepressure.com",
                "honeysanime.com",
                "musescore.com",
                "nation.africa",
                "play.typeracer.com",
                "tappedout.net",
                "www.allure.com",
                "www.base64decode.org",
                "www.bolde.com",
                "www.fanpop.com",
                "www.icy-veins.com",
                "www.infobae.com",
                "www.koreus.com",
                "www.myabandonware.com",
                "www.procyclingstats.com",
                "www.psychforums.com",
                "www.slobodna-bosna.ba",
                "www.systutorials.com"
            ]
        },
        {
            "rule": "redintelligence\\.net\\/scale\\/",
            "cookies": 0,
            "fingerprinting": 0,
            "subdomains": [
                "hal9000"
            ],
            "apis": {},
            "sites": 20,
            "prevalence": 0.00201,
            "cnames": [],