{
    "domain": "reviveservers.com",
    "owner": {},
    "source": [
        "DuckDuckGo-CH"
    ],
    "prevalence": 0.00102,
    "sites": 10,
    "subdomains": [
        "xtraa-secure",
        "proxena-secure"
    ],
    "cnames": [],
    "fingerprinting": 0,
    "resources": [
        {
            "rule": "reviveservers\\.com\\/ajs\\.php",
            "cookies": 0.00102,
            "fingerprinting": 0,
            "subdomains": [
                "xtraa-secure",
                "proxena-secure"
            ],
            "apis": {},
            "sites": 10,
            "prevalence": 0.00102,
            "cnames": [],
            "responseHashes": [
                "6cce434e733bcb92473619233befd894e86af456eebcb0074c0489fffc3ce0c5",
                "4bbbae7c3954d0c7d492cb7383b7f6ef2c0db9668f7398fa7ad161185b70e15b",
                "4c217cb619902bcde3ae0a70a85cc4b1e43dba4ede7f744a11dc9afdaa5dd87e",
                "e114a66c8dfe5aa78187134fbb1970078c7111516eb102dd04da087f9bc31f9e",
                "5a37a51748621b8a3ef728ef96583a8349bb92de2f9bdfa7280168568d292e01",
                "0a3e5b81695500346655872fbe566a7bbbb93a4a4ee48906d6ecee19f3c334a9",
                "7cf018cd0b6d01a585f13248b0260217a2d810072006c54484b3a58d53a35acf",
                "197a4ee021311dde9e4cdf16d22198421618645b8f4f884b22c13bcdb8777cdc",
                "7aedffe9687c51622dfb19e5615fa29f93a12351316387a4e0c95f6ab298548c"
            ],
            "type": "Script",
            "exampleSites": [
                "familienleben.ch",
                "vornamen.familienleben.ch",
                "www.femelle.ch",
                "www.familienleben.ch",
                "www.finews.com",
                "www.finews.ch",
                "www.nachhaltigleben.ch",
                "www.planetesante.ch",
                "www.revmed.ch",
                "www.sprechzimmer.ch"
            ]
        },
        {
            "rule": "reviveservers\\.com\\/lg\\.php",
            "cookies": 0.00113,
            "fingerprinting": 0,
            "subdomains": [
                "xtraa-secure",
                "proxena-secure"
            ],
            "apis": {},
            "sites": 11,
            "prevalence": 0.00113,
            "cnames": [],
            "responseHashes": [
                "4e0705327480ad2323cb03d9c450ffcae4a98bf3a5382fa0c7882145ed620e49"
            ],
            "type": "Image",
            "exampleSites": [
                "familienleben.ch",
                "vornamen.familienleben.ch",
                "www.femelle.ch",
                "www.familienleben.ch",
                "www.finews.com",
                "www.finews.ch",
                "www.nachhaltigleben.ch",
                "www.pharmawiki.ch",
                "www.planetesante.ch",
                "www.revmed.ch",
                "www.sprechzimmer.ch"
            ]
        },
        {
            "rule": "reviveservers\\.com\\/asyncjs\\.php",
            "cookies": 0.000307,
            "fingerprinting": 0,
            "subdomains": [
                "xtraa-secure",
                "proxena-secure"
            ],
            "apis": {},
            "sites": 9,
            "prevalence": 0.000921,
            "cnames": [],
            "responseHashes": [
                "8dc418ee75520cf25c086cb0c5cb53f1d7f082149cec887b7d94a0fe2f014430",
                "001df41cba803fef8e05513203ce9565b1b4fdde7f020752c02752b32eb8394c"
            ],
            "type": "Script",
            "exampleSites": [
                "familienleben.ch",
                "vornamen.familienleben.ch",
                "www.femelle.ch",
                "www.familienleben.ch",
                "www.nachhaltigleben.ch",
                "www.pharmawiki.ch",
                "www.planetesante.ch",
                "www.revmed.ch",
                "www.sprechzimmer.ch"
            ]
        },
        {
            "rule": "reviveservers\\.com\\/asyncspc\\.php",
            "cookies": 0.000921,
            "fingerprinting": 0,
            "subdomains": [
                "xtraa-secure",
                "proxena-secure"
            ],
            "apis": {},
            "sites": 9,
            "prevalence": 0.000921,
            "cnames": [],
            "responseHashes": [
                "1be0d9764a5eed7b5c14db03b61d0036f1b0072c575455c1016f0eaffb60b544",
                "1240dd967e34229e83353e44abc0b85cf9e42efa44865d8449f2dff76f110191",
                "cb94715437525375b2eed3060b4b7b50b77e09897d421f3bdfa0e3678ef967ba",
                "6560bc98e5b8ecb43e4bfab123ef8fe886a7228eb68becfb9121172694fe419d",
                "c8355ff243ef2f6022c31cfbbf87d21599aac6f0f71b1d45332f12e828683978",
                "bfad94331cb58098ea516cae803dd5b65654023dedde6cf7b116e930202cf138",
                "ccaf45d5fce208ee92e777cab6cf53ee740ca332020cf8be9b01c00cb6f54586",
                "5ec04bddda3e1af771afc1593ebb792272a8426d1c6d0c11292ff06ba5f816bb"
            ],
            "type": "XHR",
            "exampleSites": [
                "familienleben.ch",
                "vornamen.familienleben.ch",
                "www.femelle.ch",
                "www.familienleben.ch",
                "www.nachhaltigleben.ch",
                "www.pharmawiki.ch",
                "www.planetesante.ch",
                "www.revmed.ch",
                "www.sprechzimmer.ch"
            ]
        }
    ],
    "categories": [],
    "performance": {},
    "cookies": 0.00102,
    "types": {
        "Script": 19,
        "Image": 11,
        "XHR": 9
    }
}