{
    "domain": "rongcand.club",
    "owner": {},
    "source": [
        "DuckDuckGo-CH"
    ],
    "prevalence": 0.00401,
    "sites": 40,
    "subdomains": [],
    "cnames": [],
    "fingerprinting": 0,
    "resources": [
        {
            "rule": "rongcand\\.club\\/utx",
            "cookies": 0.00401,
            "fingerprinting": 0,
            "subdomains": [],
            "apis": {},
            "sites": 40,
            "prevalence": 0.00401,
            "cnames": [],
            "responseHashes": [
                "e3b0c44298fc1c149afbf4c8996fb92427ae41e4649b934ca495991b7852b855"
            ],
            "type": "XHR",
            "firstPartyCookies": {},
            "firstPartyCookiesSent": {},
            "exampleSites": [
                "justpicsplease.com",
                "www.heavy-r.com",
                "www.homemoviestube.com",
                "rapepornvideo.net",
                "01streaming.vip",
                "www.roadsexe.com",
                "m.see.xxx",
                "www.reference-sexe.com",
                "www.fuqer.com",
                "www.amateuretsexe.com",
                "cartoonprn.com",
                "m.4tube.com",
                "www.hentais.tube",
                "www.porntube.com",
                "hd-streams.org",
                "m.porn555.com",
                "cuevana3.io",
                "hentaisea.com",
                "fmovie.watch",
                "eispop.com"
            ]
        },
        {
            "rule": "rongcand\\.club\\/floater",
            "cookies": 0.00181,
            "fingerprinting": 0,
            "subdomains": [],
            "apis": {},
            "sites": 18,
            "prevalence": 0.00181,
            "cnames": [],
            "responseHashes": [
                "ab9a1f90800bc7f520431f685dfba890167d605ad3367023119b9a7b51289c34",
                "99fd052dd4b9f90ec7a5f8477307471b859c3613705861441bbc8124b530bf36",
                "02ef6c0ccaca18536f83221c5b966e5df7c6a0bd25e5b261b23c0e954c6dc6a0",
                "d757c8d208d4076549d7132d072231c2548d31a90d49aefea30e3c11021fd376",
                "87fa5b15f2e54de5339a02a7df24aab399d639748b01772fce7466498358b3f9",
                "95b00bf0169b9e1a32c168fd51fe68b10046c3f84724f69f125bda8d12493d2d",
                "d07274c869af1bf059df814db11aabb4274c9f52716a79ec1fe10b27bb6dc4b7",
                "141416a21db6d019ba2cbb8f8e6234cfe9c78be119d42b47503cc34dbbc6f832",
                "67c613a069bb1e2a0e43630ccbfdac43957897579d209d619f81df3a07ffb11e",
                "f781f87a15e6e1670b6c4ab926d7267df7b8d48b0233c8c601d5c0b45ba90425",
                "53b0f4f37b0db6b55eaf2ce3202f9c9b8719f31e05a17273095341db6252ebd4",
                "1f41d1fb7782551d1de472df325c63eebe6ee26b937658644bae0fa4262bc2d7",
                "72dc6544f1cadf21ef16baf4c5079a387e4cc78577b93ce7f8fdc448bc0cb8d8",
                "d1572be5a5c763faead38bf8d6627f8b1c469f7795c367694ce039f1df81468f",
                "377188a585d6156efac14df82ac86c66953fca5a74396da6c81018b4d674654b",
                "0215f904a530b5b91567f630b2355d02fe093d89b7b8e6ace9deb15445d098b2",
                "557d513db47b5afc0def488848d03795f7a57181c8f37f7c285a02c87d8da5cf"
            ],
            "type": "XHR",
            "firstPartyCookies": {},
            "firstPartyCookiesSent": {},
            "exampleSites": [
                "01streaming.vip",
                "biqle.ru",
                "cartoonprn.com",
                "hentaisea.com",
                "justpicsplease.com",
                "m.smutty.com",
                "rapepornvideo.net",
                "swingerpornfun.com",
                "voyeur-house.to",
                "www.amateuretsexe.com",
                "www.heavy-r.com",
                "www.hentais.tube",
                "www.homemoviestube.com",
                "www.mypornhere.com",
                "www.pornrewind.com",
                "www.reference-sexe.com",
                "www.xpee.com",
                "www.xrares.com"
            ]
        }
    ],
    "categories": [],
    "performance": {},
    "cookies": 0.00401,
    "types": {
        "XHR": 58
    },
    "nameservers": [
        "demi.ns.cloudflare.com",
        "aiden.ns.cloudflare.com"
    ]
}