{
    "domain": "rvrpushserv.com",
    "owner": {},
    "source": [
        "DuckDuckGo-CH"
    ],
    "prevalence": 0.00281,
    "sites": 28,
    "subdomains": [],
    "cnames": [],
    "fingerprinting": 0,
    "resources": [
        {
            "rule": "rvrpushserv\\.com\\/feed\\/",
            "cookies": 0.00191,
            "fingerprinting": 0,
            "subdomains": [],
            "apis": {},
            "sites": 28,
            "prevalence": 0.00281,
            "cnames": [],
            "responseHashes": [
                "9969a33a2aa16aec5ea931cb970f1fc5bcc8435322450e04194ec3e62a10634e",
                "0611b1d3a4731e4a4304ece3e90c1ea66ebf64877883e35f384c64f91314780c",
                "3a419768e29817b0577b1b19e2c59b9eefcba8c368142c3d1363773089d335ba",
                "29926bb7149bad31d987e9d0f4c8aa00a4fe8800a366b680040bd234086c8843",
                "d6034478816f2ced357da6957f10961903363eafa54d9789dd90baf31dd1554b",
                "dc2d407ec6049a2a7235d1bd776072707f5dd6ce4770787035da5b54575e348c",
                "4d0075e20e9480564683ef7dcaf25fd5b9df2ca8014a7fc9368e160b8ba41b85",
                "8da963e52742772e07ae83bcecc3e87af004a9f27a222d6259ffb0015ba6a514",
                "d36ae16cf74beb6afa5ca89c04a09618e8a7c98ef02fe41cd0d014d4c7be08e7",
                "a42d6a34ae233e348185d0a22b365cf88ec5f40ee4ba794a9cbba8f6f98ce95f",
                "7645bdc353ae236daca127b880cb965d8482fa98d86e800db18d1cf3098641d7",
                "f6e8d5cd9577027224050d20d0794bc80d872ca0adc3a5510da2d9dfbe64ffba",
                "df47f136508f6f03773dc0e77f90d99cc9d4d73243f3a7658430e84b391ac0b9",
                "e3b0c44298fc1c149afbf4c8996fb92427ae41e4649b934ca495991b7852b855",
                "0651c527df9916020ea3ff006e1b5d7d32f684472b8e9d40538e78af10417761",
                "40bbadad288fa1daccdfcd54a0794982f7d3aec447fc03839f280c358b98d7f3",
                "3c945e47c8f17d3d14b4c362d12da776c2e10de4e561d5a1cfe89500eefd115d"
            ],
            "type": "XHR",
            "firstPartyCookies": {},
            "firstPartyCookiesSent": {},
            "exampleSites": [
                "pornvideotop.com",
                "zoo-xvideos.com",
                "www.bestialitysextaboo.com",
                "leaknudes.com",
                "animalzoosexporn.monster",
                "incestporn.click",
                "zoo-tube8.com",
                "xxxtubezoo.com",
                "zoozhamster.com",
                "www.xxnx.kim",
                "zoozoosexporn.com",
                "www.porn-xnxx.com",
                "xxxvideoszoo.com",
                "animalzoosex.best",
                "zooredtube.com",
                "www.zootubenet.com",
                "zooyouporn.com",
                "www.bestiality.zone",
                "pornzoovideos.com",
                "amateurzoofilia.space"
            ]
        },
        {
            "rule": "rvrpushserv\\.com\\/s3\\/pgo\\/3-8997\\/BBKg0mC3sikAQ0gAAAAAGj1WAdEoazMDJSMAAAEAAAAAAAAAAA",
            "cookies": 0.000201,
            "fingerprinting": 0,
            "subdomains": [],
            "apis": {},
            "sites": 2,
            "prevalence": 0.000201,
            "cnames": [],
            "responseHashes": [
                "4824762634a2bb9f11e17779879f8ac527aa6fb794c4c980700e3de7cc3eaa7b"
            ],
            "type": "Document",
            "firstPartyCookies": {},
            "firstPartyCookiesSent": {},
            "exampleSites": [
                "bestiality.zone",
                "www.bestiality.zone"
            ]
        },
        {
            "rule": "rvrpushserv\\.com\\/s3\\/pgo\\/3-8997\\/BBKg0mC3sikAQ0gAAAAAGj1WAdEoazMDJSMAAAEAAAAAAAAAAA",
            "cookies": 0,
            "fingerprinting": 0,
            "subdomains": [],
            "apis": {},
            "sites": 2,
            "prevalence": 0.000201,
            "cnames": [],
            "responseHashes": [],
            "type": "Image",
            "firstPartyCookies": {},
            "firstPartyCookiesSent": {},
            "exampleSites": [
                "bestiality.zone",
                "www.bestiality.zone"
            ]
        }
    ],
    "categories": [],
    "performance": {},
    "cookies": 0.00191,
    "types": {
        "XHR": 28,
        "Document": 2,
        "Image": 2
    },
    "nameservers": [
        "ray.ns.cloudflare.com",
        "dell.ns.cloudflare.com"
    ]
}