{
    "domain": "sekindo.com",
    "owner": {
        "name": "Oracle + Dyn",
        "displayName": "Oracle + Dyn"
    },
    "source": [
        "DuckDuckGo-CH"
    ],
    "prevalence": 0.00225,
    "sites": 22,
    "subdomains": [
        "live"
    ],
    "cnames": [],
    "fingerprinting": 2,
    "resources": [
        {
            "rule": "sekindo\\.com\\/live\\/liveView\\.php",
            "cookies": 0,
            "fingerprinting": 1,
            "subdomains": [
                "live"
            ],
            "apis": {
                "Date.prototype.getTime": 19
            },
            "sites": 22,
            "prevalence": 0.00225,
            "cnames": [],
            "responseHashes": [
                "0aab611ad172528b8bf1d8d1e127a17c0e1b0d965d4cb4392aebbd0f33bb2909",
                "9384bea94e25be6fb5fae038b58413825186f5cc37f726c14844e56c9f14a46a",
                "b28f44fbe9451f983a1a40b481211c17cbf75431161b82348e49bde537256a64",
                "5edcdbac3b8cd8ac6fb51a2478b77f2ad75771f44ad875bd64257770a876e400",
                "d2548da2685fcf782cbbeb6e2b46f1c6af80bcd71aeecd662fcb49261d0af3fd",
                "974ae39b393699d5b41e9ecd4b59028c049ef9be78d79a58d0f012edc5da806b",
                "bf1273987109d43c0af613c2047b592461287db92a5170ace703a8a630768dfe",
                "6ec8f77de6e77232e90f1a845ef4b373f83bffd5a678fbee907707074b2bd6e1",
                "0bc96a83b4a8bb6ef8a6b84cea49635e34899cd679a06ef42dade12d27d65505",
                "129e77590d5fbaac6464a290f7ab13440e68857e76768e9fb73add3d4991ae39",
                "fe3c81911b2aa96b247538100a8de47750cbbbf0fc349f7c0aa291b732f4821d",
                "1596ee86582e0eb4784eded5e9be8fe270357ef295af49293965dc512655ae79",
                "28754ccc59a5bdba03d1276e71631c392548843ca5ecb2cfd1a7ac0d05f9b959",
                "b274884a47376b9d66596b9d744306444d452be1d5f8a777818ee04c248f684b",
                "56cdfb478366544d85eaa6f2db39f48d17da1f96734f2085a2783be2697952bc",
                "74f0760f5127efbdebe41996ec8d733ef7cedda672e99027e2014ac2de92e80d",
                "7b282b81ed085391d46b452c59af2aa25983dc190ac00f8dffd91619dfc8a9f1",
                "2080f2d9ed2a201b2cce20d9aef3e6e4708f7319bd29d8db1c737652861636bb",
                "40db31f623cdde0b5bb4973e26a58eb67fdd8966cc704bbf4f0c59fdb71688f8",
                "acd159a660d30783f185ea36c8be0f8ceee8d9afbd66e2bc09fa5f848b3d4200",
                "fe8907f2643dcc23d094f0eecc34f154145ebee5e7ac3b1f0415169e44ac9ebf"
            ],
            "type": "Script",
            "exampleSites": [
                "bulbapedia.bulbagarden.net",
                "www.investing.com",
                "mediabiasfactcheck.com",
                "progameguides.com",
                "time.is",
                "www.iban-rechner.de",
                "tunebat.com",
                "www.premierguitar.com",
                "radiopaedia.org",
                "www.unix.com",
                "www.boredpanda.com",
                "www.mail.com",
                "www.online-tech-tips.com",
                "de.investing.com",
                "www.phonearena.com",
                "www.gizchina.com",
                "www.systutorials.com",
                "www.acronymfinder.com",
                "fr.investing.com",
                "www.positronx.io"
            ]
        },
        {
            "rule": "sekindo\\.com\\/content\\/ClientDetections\\/DetectGDPR2\\.v1\\.1\\.js",
            "cookies": 0,
            "fingerprinting": 1,
            "subdomains": [
                "live"
            ],
            "apis": {
                "Date.prototype.getTime": 21
            },
            "sites": 21,
            "prevalence": 0.00215,
            "cnames": [],
            "responseHashes": [
                "0cf25abe73b03e246c0a820c825a1f433e36949c2cf456ce889d86e8dd9ec427"
            ],
            "type": "Script",
            "exampleSites": [
                "www.online-tech-tips.com",
                "www.unix.com",
                "classicreload.com",
                "www.systutorials.com",
                "time.is",
                "www.premierguitar.com",
                "www.phonearena.com",
                "www.boredpanda.com",
                "mediabiasfactcheck.com",
                "de.investing.com",
                "www.acronymfinder.com",
                "progameguides.com",
                "radiopaedia.org",
                "fr.investing.com",
                "www.iban-rechner.de",
                "www.investing.com",
                "tunebat.com",
                "www.positronx.io",
                "www.mail.com",
                "bulbagarden.net"
            ]
        },
        {
            "rule": "sekindo\\.com\\/content\\/ClientDetections\\/DetectGDPR\\.v1\\.1\\.js",
            "cookies": 0,
            "fingerprinting": 1,
            "subdomains": [
                "live"
            ],
            "apis": {
                "Date.prototype.getTime": 21
            },
            "sites": 21,
            "prevalence": 0.00215,
            "cnames": [],
            "responseHashes": [
                "f40e3d5b91387e92272b6d46fc83ce21041f130a29316d7216d3a1793d46c4f3"
            ],
            "type": "Script",
            "exampleSites": [
                "time.is",
                "mediabiasfactcheck.com",
                "radiopaedia.org",
                "progameguides.com",
                "fr.investing.com",
                "www.premierguitar.com",
                "www.unix.com",
                "www.mail.com",
                "www.phonearena.com",
                "www.online-tech-tips.com",
                "www.iban-rechner.de",
                "www.systutorials.com",
                "www.boredpanda.com",
                "de.investing.com",
                "classicreload.com",
                "www.acronymfinder.com",
                "bulbagarden.net",
                "www.gizchina.com",
                "tunebat.com",
                "www.positronx.io"
            ]
        },
        {
            "rule": "sekindo\\.com\\/content\\/prebid\\/prebidVid\\.3\\.19\\.0_10\\.min\\.js",
            "cookies": 0,
            "fingerprinting": 2,
            "subdomains": [
                "live"
            ],
            "apis": {
                "Navigator.prototype.userAgent": 21,
                "Navigator.prototype.cookieEnabled": 21,
                "window.sessionStorage": 21,
                "window.localStorage": 21,
                "Date.prototype.getTime": 15,
                "Navigator.prototype.doNotTrack": 15,
                "Screen.prototype.height": 15,
                "Screen.prototype.width": 15,
                "Navigator.prototype.language": 15,
                "Document.cookie getter": 7,
                "Screen.prototype.colorDepth": 7,
                "Date.prototype.getTimezoneOffset": 7,
                "Navigator.prototype.vendor": 12
            },
            "sites": 21,
            "prevalence": 0.00215,
            "cnames": [],
            "responseHashes": [
                "c1a7abf4985379f74af7244db4954a0305c8f73c2f64f4f80a09d86dc3ae9596"
            ],
            "type": "Script",