{
    "domain": "tiktok.com",
    "owner": {
        "name": "ByteDance Ltd.",
        "displayName": "ByteDance"
    },
    "source": [
        "DuckDuckGo-CH"
    ],
    "prevalence": 0.00193,
    "sites": 19,
    "subdomains": [
        "analytics"
    ],
    "cnames": [],
    "fingerprinting": 1,
    "resources": [
        {
            "rule": "tiktok\\.com\\/i18n\\/pixel\\/sdk\\.js",
            "cookies": 0,
            "fingerprinting": 1,
            "subdomains": [
                "analytics"
            ],
            "apis": {
                "Navigator.prototype.userAgent": 19
            },
            "sites": 19,
            "prevalence": 0.00193,
            "cnames": [],
            "responseHashes": [
                "0e53083ce1136ce27d3fe374f4a8aef00e792d6f7439fa81dc85831ff1251385",
                "ac213c9a91cfa693c95ebaa698261fbb5c17627244fce91ae2f8b0131b42aa9d",
                "e1ac316c8d736c3e13ac1b5f5421bc377447593fc7a5e7d545497a71a9d4db6a",
                "1d45a2909e899e9b971d77d467d3d6dcf31239c21436c3a49a33ee46afc3e72f",
                "94428b42f7531da4565872ccf31a4620f5f746420c5beffdb41702617114b433",
                "7ef592bbece45a816797d91da3a60acd7325f6d36b9992cf4be8114446bb3fe0",
                "e2b1cdc84cf37a3fd15a5e8522bdac29f95b9b625136c33a7b15bc22d1188501",
                "a0cab59e85808661cf50cd453a59b0de11778b0f6868c077c121c5c609286193",
                "54922158f6e45d90687b919f0a7fe9b823b2df7faad51d6372ac7634551e0472",
                "2b86b220c9f6415baa096a9cdad0ff61d5d79f4c76d1d031056fb2da0be60c87",
                "a2cf436ca3df19b976cf0bd62b1e4b161894eb50cc5b3cb742f0e285fda9220a",
                "3a9e2634a7065cb7a1317e68f22f77c65de3fc2bf3473edfbde8fb6feb5e1b06",
                "758efa9bd9293c359d5c2c90c12e54462655c4e4bba319c6b255f8a223d6b844",
                "0fc9c383105c73905d478e3ccb8508152745bb9cb491d6fe60df62a01c9285c6",
                "0dc7be5b3e29e2d5153deaac204bb75967204008a38a9232b2611ae01af8f029",
                "038c4447a5ed8f7ac3847b0893f61fa5f5ee62aa2d9a5dc78a512f6806067cc3",
                "d6dfbc22bc98a9d3216b5ffcb6879221c4b81fbdea7b57304f74ea6b4ced9f52",
                "2790bdbf14ed292a00fd405ec99a04e0a788207af461b804a663acd0ce68497a"
            ]
        }
    ],
    "categories": [],
    "performance": {
        "time": 1,
        "size": 1,
        "cpu": 0,
        "cache": 3
    },
    "cookies": 0,
    "types": {
        "Script": 19
    }
}