{
    "domain": "tripadvisor.com",
    "owner": {
        "name": "TripAdvisor LLC",
        "displayName": "TripAdvisor"
    },
    "source": [
        "DuckDuckGo-CH"
    ],
    "prevalence": 0.000813,
    "sites": 8,
    "subdomains": [
        "www"
    ],
    "cnames": [],
    "fingerprinting": 0,
    "resources": [
        {
            "rule": "tripadvisor\\.com\\/wejs",
            "cookies": 0.000813,
            "fingerprinting": 0,
            "subdomains": [
                "www"
            ],
            "apis": {},
            "sites": 8,
            "prevalence": 0.000813,
            "cnames": [],
            "responseHashes": [
                "843ddd49f2a09042a277dcb22a85319795271040c74c6f2fc402b0c5a14651e7",
                "df401f25ba296647f9d4b0ed2a49cf3a599ed2b9ad430229620e5b3e9dd3cb22",
                "32d28af38b5b5965df6cca17755d0df4aebe41bbabd1e290415cc34b14162d3e",
                "63b9aad24a69ce1d0694f44a74cbb047e1ad101a86303b1a44524314163b2383",
                "635a4dc3b87f69cbfad6172f4aa4716e8ef01c808224afa86c6710d660aaa05c",
                "d79bc713f138f5ba2b0806960a3ca4efc515798b7cd0cc4c35de481bbfd016e7",
                "f4b2d2bdd0382a2604827813e5811b6ddf919b971f39cedd97e347c0e91f105d"
            ]
        }
    ],
    "categories": [],
    "performance": {
        "time": 0,
        "size": 0,
        "cpu": 0,
        "cache": 0
    },
    "cookies": 0.000813,
    "types": {
        "Script": 8
    }
}