{
    "domain": "aaxads.com",
    "owner": {
        "name": "Acceptable Ads Exchange",
        "displayName": "Acceptable Ads Exchange"
    },
    "source": [
        "DuckDuckGo-DE"
    ],
    "prevalence": 0.00326,
    "sites": 32,
    "subdomains": [
        "c",
        "l3"
    ],
    "cnames": [],
    "fingerprinting": 1,
    "resources": [
        {
            "rule": "aaxads\\.com\\/aax\\.js",
            "cookies": 0.00326,
            "fingerprinting": 1,
            "subdomains": [
                "c"
            ],
            "apis": {
                "Navigator.prototype.userAgent": 32,
                "Date.prototype.getTimezoneOffset": 31,
                "window.sessionStorage": 31,
                "Date.prototype.getTime": 32,
                "window.localStorage": 32,
                "Document.cookie getter": 28,
                "Document.cookie setter": 28,
                "Navigator.prototype.vendor": 1
            },
            "sites": 32,
            "prevalence": 0.00326,
            "cnames": [],
            "responseHashes": [
                "a092801a03e018ebfc0af55397c216172e75e7aa73162eb410c2021feb576408",
                "d0f1f45091ba80ff3410df4a58d4e255d6108aab19685d856d865b1d35014425",
                "b5ee52ec551ffe92b8ff2e383b34eeca7301d5203b1de977203f2659590bb754",
                "e655bc212985c5c615160bb7bbd054ac5e15106bc605db47f7bb9b37dd7617bb",
                "dd31d0005628c4598ac554680a69b3802fec718c789f2c86986097379e4009ac",
                "da92bfed9d41987f1c399b23325df740b294d2a9cf8086723e716fa4b6855f31",
                "9303284c099287f128f1ef37b2f90f3b1f4cf2abf144e5d2106c59e8de40fa6d",
                "6c738689dc8087547872257791359ff8e10c11ffb2585f366efa6b599b81652e",
                "1153f54330aa81ea49a94b7e4aa5ab88f00339aa530ab8439735b95e8929ebdc",
                "b0d02ea121b70830ed70ebf8f4557a4fde3e7723dd8f00ba0ea18359f06b8b04",
                "81e5041d6c94f419d479e2c2678f37667fc8a214d661fbafd7e2533c29ef584e",
                "87b7403bf95e7767f5e2e0d61b03a88051438118df65538cfba4112783a290ef",
                "2408d63c33e8a1d182db80463d6314bfca0f8cc50dae54db347e1ea39aee84f4",
                "d661d621e9e3a10f2a40f463b2148ce7d5565fd5717a8dd781a749b4298cf068",
                "c9a9a91cf176db1a1945fb7c1d3f50fc45e6a7148e37541d7b6180f759eb1275",
                "dad5a6aa44e46d97f5986bd0655909a55e6bbae6ff0a33cb6ffe516dc6daf790",
                "6e10e1fc3d7919cadfdd2737d61cf62f1275fb85b0db00b74a25c9dd19e0a7d2",
                "db31152e7cfcc4349e9794bcc3f8e45d103fcc4efd9e3b216e5c942adba2474f",
                "d200d6f07ff8e2d06f6eb74ce832061283e3e359f0ef8142ad3b2ff4b67471d9",
                "32425664821e1681ddae57a0bd370ba95f684e4f80e9d7b8ac5e87e5ea50e013",
                "d34141c3a41a5b78eece884b48940e4062f9486eb18a8a5c4d8e5abf5187d1e3",
                "d24bcc5979f39a85911dd3be6a493b7f1a4de59028c4de74aab7ded5e3bc4762",
                "2000d4aab45c408b3dab72763fdc615b6d9832ba19267ff2542f227611588de1",
                "ca74b0e2b2ef16e45b821b9f51c53dd0c461cc9a4a948a417da94fa7d36a4997",
                "2806bbdc4f653d5ab675b23ef9ff02d2003a16747af9f69a90dc67dc9adb46ac",
                "f6ac314556bb477eb21ca152135f1fd43250a781c13dbec2f0b987793c4d6d1b",
                "071b8f9940145a7349f9b10f87fd874f48367771008f2a4822a7707afe73bd7a",
                "fed9a99cfbf233516d5e8300db2216c27aef53c641cc389e42b0428a383528c9",
                "59d95943b6107a5832a5ba56d17829b8819f5a506eaded767d8259a34ed4cfbf",
                "efe5af99f8d62102fc78e13a1b125435321ca45cf1f3a1d4c2bc7b83c49d256b",
                "f1eb9fe7ad243af7d30a80d4caa14b4b4d29e2b1cdf726d2d642e5c76d334c79"
            ],
            "type": "Script",
            "firstPartyCookies": {
                "aasd": {
                    "ttl": null,
                    "length": 17,
                    "prevalence": 0.002747532308944744,
                    "uniqueness": 1
                },
                "__aaxsc": {
                    "ttl": null,
                    "length": 1,
                    "prevalence": 0.0028492927648315863,
                    "uniqueness": 0.07142857142857142
                }
            },
            "firstPartyCookiesSent": {
                "_li_dcdm_c": 0.00010176045588684237,
                "get_top_level_domain_cookie": 0.00010176045588684237
            },
            "exampleSites": [
                "m.ranker.com",
                "mashable.com",
                "seekingalpha.com",
                "www.mapquest.com",
                "www.reddit.com",
                "www.majorgeeks.com",
                "www.gamepur.com",
                "www.cplusplus.com",
                "onedio.com",
                "dotesports.com",
                "www.boredpanda.com",
                "www.ghacks.net",
                "ccm.net",
                "www.monstersandcritics.com",
                "www.recht-finanzen.de",
                "www.gamerevolution.com",
                "de.reddit.com",
                "de.ccm.net",
                "gbatemp.net",
                "filehippo.com"
            ]
        },
        {
            "rule": "aaxads\\.com\\/pxusr\\.gif",
            "cookies": 0,
            "fingerprinting": 0,
            "subdomains": [
                "c"
            ],
            "apis": {},
            "sites": 32,
            "prevalence": 0.00326,
            "cnames": [],
            "responseHashes": [
                "8ac1703c1c34b2be426deda409d39258f82fae17f13e645f377f337a954aedde"
            ],
            "type": "Image",
            "firstPartyCookies": {},
            "firstPartyCookiesSent": {},
            "exampleSites": [
                "m.ranker.com",
                "mashable.com",
                "seekingalpha.com",
                "www.mapquest.com",
                "www.reddit.com",
                "windowsreport.com",
                "www.majorgeeks.com",
                "www.gamepur.com",
                "www.boredpanda.com",
                "www.recht-finanzen.de",
                "de.reddit.com",
                "en.softonic.com",
                "de.ccm.net",
                "www.cplusplus.com",
                "onedio.com",
                "www.monstersandcritics.com",
                "gbatemp.net",
                "old.reddit.com",
                "www.ghacks.net",
                "dotesports.com"
            ]
        },
        {
            "rule": "aaxads\\.com\\/log",
            "cookies": 0,
            "fingerprinting": 0,
            "subdomains": [
                "l3"
            ],
            "apis": {},
            "sites": 32,
            "prevalence": 0.00326,
            "cnames": [],
            "responseHashes": [
                "796c46ec10bc9105545f6f90d51593921b69956bd9087eb72bee83f40ad86f90"
            ],
            "type": "Image",
            "firstPartyCookies": {},
            "firstPartyCookiesSent": {
                "_li_dcdm_c": 0.00010176045588684237,
                "euconsent-v2": 0.00020352091177368474,
                "get_top_level_domain_cookie": 0.00010176045588684237
            },
            "exampleSites": [
                "m.ranker.com",
                "mashable.com",
                "seekingalpha.com",
                "www.mapquest.com",
                "www.reddit.com",
                "gamepress.gg",
                "onedio.com",
                "www.majorgeeks.com",
                "de.reddit.com",
                "www.monstersandcritics.com",
                "dotesports.com",
                "gbatemp.net",
                "www.ghacks.net",
                "gramho.com",
                "www.ranker.com",
                "ccm.net",
                "progameguides.com",
                "www.boredpanda.com",
                "old.reddit.com",
                "www.cplusplus.com"
            ]
        }
    ],
    "categories": [],
    "performance": {
        "time": 1,
        "size": 1,
        "cpu": 0,
        "cache": 3
    },