{
    "domain": "ahcdn.com",
    "owner": {},
    "source": [
        "DuckDuckGo-DE"
    ],
    "prevalence": 0.00519,
    "sites": 51,
    "subdomains": [
        "ip174217992",
        "ip174218324",
        "ip170595212",
        "ip166474723",
        "ip201285314",
        "ip174218111",
        "ip174214405",
        "ip174217629",
        "ip174214481"
    ],
    "cnames": [],
    "fingerprinting": 0,
    "resources": [
        {
            "rule": "ahcdn\\.com\\/key=Cc00-PnB-UIS6NWPofi5EA,s=,,end=1613668615\\/state=YC6SM3SD\\/reftag=093898225\\/origin=152108259\\/images\\/c\\/1\\/5fe7a8b0a25bddca3c9829e55b7b719b1830fe\\/300x100\\.mp4",
            "cookies": 0,
            "fingerprinting": 0,
            "subdomains": [
                "ip174217992"
            ],
            "apis": {},
            "sites": 2,
            "prevalence": 0.000204,
            "cnames": [],
            "responseHashes": [
                "1abb693d836d7f39ab5610d4a7f72623a7cf955bd1e92b598cb29891aba4d528"
            ],
            "type": "Media",
            "firstPartyCookies": {},
            "firstPartyCookiesSent": {},
            "exampleSites": [
                "hindivideoxxx.com",
                "newindianxxx.com"
            ]
        },
        {
            "rule": "ahcdn\\.com\\/key=X2J0Ut7SVhqZEN2j0pvycQ,s=,,end=1613668615\\/state=YC6SM3SD\\/reftag=093898225\\/origin=152108259\\/images\\/9\\/8\\/b16410dd8c29998b9117437227e68b35ff9098\\/300x100\\.mp4",
            "cookies": 0,
            "fingerprinting": 0,
            "subdomains": [
                "ip174217992"
            ],
            "apis": {},
            "sites": 2,
            "prevalence": 0.000204,
            "cnames": [],
            "responseHashes": [
                "d4e1daba567da0491f547aac62d97cd9ca9493b17217a142030f6de369076271"
            ],
            "type": "Media",
            "firstPartyCookies": {},
            "firstPartyCookiesSent": {},
            "exampleSites": [
                "hqpornerpro.com",
                "newindianxxx.com"
            ]
        },
        {
            "rule": "ahcdn\\.com\\/key=IPtpsA2SxtawrUhxDfTr8g,s=,,end=1613666164\\/state=YC6JM3SD\\/buffer=300511:10775,20\\.1\\/speed=42930\\/reftag=093898225\\/ssd7\\/454\\/7\\/223376187\\/videos\\/4\\/9\\/6c9d8ccdf8170f92900304c23ee6c45f7b0a4a\\/440x240\\.mp4",
            "cookies": 0,
            "fingerprinting": 0,
            "subdomains": [
                "ip174218324"
            ],
            "apis": {},
            "sites": 2,
            "prevalence": 0.000204,
            "cnames": [],
            "responseHashes": [],
            "type": "Media",
            "firstPartyCookies": {},
            "firstPartyCookiesSent": {},
            "exampleSites": [
                "jizzbunker.com",
                "xxxdan.com"
            ]
        },
        {
            "rule": "ahcdn\\.com\\/key=zsntDvAqrFwt-YIoEv7Hrw,s=,,end=1613667016\\/state=YC6MM3SD\\/reftag=093898225\\/origin=152108259\\/images\\/3\\/b\\/1289222547dfb6032b0baba21bf8fd4c8152c8\\/main\\.mp4",
            "cookies": 0,
            "fingerprinting": 0,
            "subdomains": [
                "ip170595212"
            ],
            "apis": {},
            "sites": 2,
            "prevalence": 0.000204,
            "cnames": [],
            "responseHashes": [],
            "type": "Media",
            "firstPartyCookies": {},
            "firstPartyCookiesSent": {},
            "exampleSites": [
                "ok.xxx",
                "www.analdin.com"
            ]
        },
        {
            "rule": "ahcdn\\.com\\/key=uu8CwVs1rgh7uILxfI0Sug,s=,,end=1613666517\\/state=YC6KM3SD\\/reftag=093898225\\/origin=152108259\\/images\\/1\\/0\\/dfc2b72f19c6bf8c51444df4377b033d7c1ef8\\/300x250\\.mp4",
            "cookies": 0,
            "fingerprinting": 0,
            "subdomains": [
                "ip166474723"
            ],
            "apis": {},
            "sites": 2,
            "prevalence": 0.000204,
            "cnames": [],
            "responseHashes": [
                "1d9954301ae1441bff00cdf5c47a072908b9ae071e9aabacf00c9bdbbf587d90"
            ],
            "type": "Media",
            "firstPartyCookies": {},
            "firstPartyCookiesSent": {},
            "exampleSites": [
                "boy18tube.com",
                "www.boy18tube.com"
            ]
        },
        {
            "rule": "ahcdn\\.com\\/key=QflWQj7drnbNAE3zaigxvw,s=,,end=1613667207\\/state=YC6NM3SD\\/buffer=675582:24115,20\\.0\\/speed=96512\\/reftag=093898225\\/ssd2\\/454\\/7\\/218670897\\/videos\\/c\\/2\\/5038e7876515084646ca4020fcebe52303717a\\/440x250\\.mp4",
            "cookies": 0,
            "fingerprinting": 0,
            "subdomains": [
                "ip201285314"
            ],
            "apis": {},
            "sites": 2,
            "prevalence": 0.000204,
            "cnames": [],
            "responseHashes": [
                "f05e74d89b2155a02698b162b5bca1d82238d951bbee5850f265bd62e2cff1bf"
            ],
            "type": "Media",
            "firstPartyCookies": {},
            "firstPartyCookiesSent": {},
            "exampleSites": [
                "nastyvideotube.com",
                "www.nastyvideotube.com"
            ]
        },
        {
            "rule": "ahcdn\\.com\\/key=xj8ZiFg5UXUziUbRgc2qpw,s=,,end=1613665648\\/state=YC6HM3SD\\/buffer=298239:2838,5\\.3\\/speed=42606\\/reftag=093898225\\/ssd2\\/454\\/9\\/233276239\\/images\\/0\\/4\\/c561e4aea0bceffcc2e2de2e1728acf3e0fe8d\\/300x250\\.mp4",
            "cookies": 0,
            "fingerprinting": 0,
            "subdomains": [
                "ip174218111"
            ],
            "apis": {},
            "sites": 2,
            "prevalence": 0.000204,
            "cnames": [],
            "responseHashes": [
                "eb9d26ccce4b072d8f7745d0b50e6037057df4e0e502f427c9a3b1d3e04c8366"
            ],
            "type": "Media",
            "firstPartyCookies": {},
            "firstPartyCookiesSent": {},
            "exampleSites": [
                "planetsuzy.org",
                "xnxx.bike"
            ]
        },
        {
            "rule": "ahcdn\\.com\\/key=iAbC7BAggHz74SbVjMRJLA,s=,,end=1613665473\\/state=YC6GM3SD\\/buffer=1265114:66644,29\\.5\\/speed=180731\\/reftag=093898225\\/ssd2\\/454\\/1\\/203092511\\/videos\\/b\\/5\\/bfa5a9d8cba4e2482a067a908c7c5da2af5c5e\\/850x480\\.mp4",
            "cookies": 0,
            "fingerprinting": 0,
            "subdomains": [
                "ip174214405"
            ],
            "apis": {},
            "sites": 2,
            "prevalence": 0.000204,
            "cnames": [],
            "responseHashes": [
                "ace31dc736bafd89324bc8cf0d51327843b6fe7ac1cbce61d277e43b474edfb7"
            ],
            "type": "Media",
            "firstPartyCookies": {},
            "firstPartyCookiesSent": {},
            "exampleSites": [
                "pornhubdeutsch.org",
                "www.pornhubdeutsch.org"
            ]
        },
        {
            "rule": "ahcdn\\.com\\/key=6WAJQhSAzAVje3yKEIIfEQ,s=,,end=1613666989\\/state=YC6MM3SD\\/buffer=1522485:54347,20\\.0\\/speed=217498\\/reftag=093898225\\/ssd1\\/454\\/0\\/218670950\\/videos\\/c\\/2\\/5038e7876515084646ca4020fcebe52303717a\\/850x480\\.mp4",
            "cookies": 0,
            "fingerprinting": 0,
            "subdomains": [
                "ip174214405"
            ],
            "apis": {},
            "sites": 2,
            "prevalence": 0.000204,
            "cnames": [],
            "responseHashes": [
                "e600de52739589dc89121713a6699d1373fb1ab9e6d7762b2ee1e0d23fef734b"
            ],
            "type": "Media",
            "firstPartyCookies": {},
            "firstPartyCookiesSent": {},