{
    "domain": "filez.top",
    "owner": {},
    "source": [
        "DuckDuckGo-DE"
    ],
    "prevalence": 0.000405,
    "sites": 4,
    "subdomains": [],
    "cnames": [],
    "fingerprinting": 0,
    "resources": [
        {
            "rule": "filez\\.top\\/api\\/downloadCountJs\\/dc75c64fb8c949ec19ee357b51026213\\/",
            "cookies": 0.000405,
            "fingerprinting": 0,
            "subdomains": [],
            "apis": {},
            "sites": 4,
            "prevalence": 0.000405,
            "cnames": [],
            "responseHashes": [
                "207e0130d64b60026b2d1d6af22c2ac810f2fb1867308c4b6144bd08710167c6",
                "abf2d588d20e5d66f72ab867ca0b6943b6791c86a2843bb2062f99df10e04a81",
                "8e35fd437bfbc5c8cc4e2144f634c9f07076173e08262679a4219e063f98649d"
            ]
        }
    ],
    "categories": [],
    "performance": {},
    "cookies": 0.000405,
    "types": {
        "Script": 4
    }
}