{
    "domain": "nakadashi.pw",
    "owner": {},
    "source": [
        "DuckDuckGo-DE"
    ],
    "prevalence": 0.000709,
    "sites": 7,
    "subdomains": [
        "cacrip",
        "rz",
        "cac",
        "poster"
    ],
    "cnames": [],
    "fingerprinting": 0,
    "resources": [
        {
            "rule": "nakadashi\\.pw\\/AV4\\.us\\.jpg",
            "cookies": 0.000506,
            "fingerprinting": 0,
            "subdomains": [
                "cacrip"
            ],
            "apis": {},
            "sites": 8,
            "prevalence": 0.00081,
            "cnames": [],
            "responseHashes": [
                "bf5bb657f5e788af0c02b9b437d3f15bec91e27175e5a654e3d431fb6d063390"
            ]
        },
        {
            "rule": "nakadashi\\.pw\\/v\\/s:\\/\\/jp\\.pornhub\\.com\\/view_video\\.php",
            "cookies": 0.000506,
            "fingerprinting": 0,
            "subdomains": [
                "rz"
            ],
            "apis": {},
            "sites": 5,
            "prevalence": 0.000506,
            "cnames": [],
            "responseHashes": [
                "da91f854771d47942574039e30af67f1c292e769678775e289957727b65a9fa8",
                "19a4bd94a058b43812649014a0ce1abeda68980ed2bcd690f6705005e59a452e",
                "3da2c2b58dc59e8345bd6bb2a2ec2832cf32e74f5c38f38d41f12ebfa75e7f18"
            ]
        },
        {
            "rule": "nakadashi\\.pw\\/v\\/s:\\/\\/www\\.pornhub\\.com\\/view_video\\.php",
            "cookies": 0.000506,
            "fingerprinting": 0,
            "subdomains": [
                "rz"
            ],
            "apis": {},
            "sites": 5,
            "prevalence": 0.000506,
            "cnames": [],
            "responseHashes": [
                "0cae57cb496274d36bb9b327b45c33d1245b47fa7c20407d3a6f7d031922d2d6",
                "2ed4340d7c1c19158c7d068c0e59e50c8f78551bb93490dad4c6fabff6f6486d",
                "e058b3c7c4a4ab7b624337c9dca6cae5c8b2fc3282c7c58768d42844270cc38e"
            ]
        },
        {
            "rule": "nakadashi\\.pw\\/v\\/s:\\/\\/rt\\.pornhub\\.com\\/view_video\\.php",
            "cookies": 0.000506,
            "fingerprinting": 0,
            "subdomains": [
                "rz"
            ],
            "apis": {},
            "sites": 5,
            "prevalence": 0.000506,
            "cnames": [],
            "responseHashes": [
                "b9f5513f0e10096bc7c2d704a52dca0c2e4f92939eb8b1b749f962764afaa285",
                "f6299bb89572b4ca9a7d3e8a9129db6d50f366ce7e6ed18985aab26859473734",
                "bb323767bf6615da8f5b688134f3a8f4ae6b3e37210b9b23c44b8cbdf2541764"
            ]
        },
        {
            "rule": "nakadashi\\.pw\\/v\\/s:\\/\\/it\\.pornhub\\.com\\/view_video\\.php",
            "cookies": 0.000405,
            "fingerprinting": 0,
            "subdomains": [
                "rz"
            ],
            "apis": {},
            "sites": 4,
            "prevalence": 0.000405,
            "cnames": [],
            "responseHashes": [
                "416243e2ca6fa69288b23a10f5cb9016c4d12bbd4910a67193f65eb3865c15af",
                "1defad1ad9739df0b24b332e604a1a232c3223453e15089acf44491702bdc4ef"
            ]
        },
        {
            "rule": "nakadashi\\.pw\\/v\\/s:\\/\\/www\\.dl8x\\.com\\/watch\\/www\\.pornhub\\.com\\/view_video\\.php",
            "cookies": 0.000203,
            "fingerprinting": 0,
            "subdomains": [
                "rz"
            ],
            "apis": {},
            "sites": 2,
            "prevalence": 0.000203,
            "cnames": [],
            "responseHashes": [
                "1e93592b231ad411406659be200909fb1919359e50b25b348c499cce97e45ba4"
            ]
        },
        {
            "rule": "nakadashi\\.pw\\/v\\/:\\/\\/www\\.pornhub\\.com\\/view_video\\.php",
            "cookies": 0.000506,
            "fingerprinting": 0,
            "subdomains": [
                "rz"
            ],
            "apis": {},
            "sites": 5,
            "prevalence": 0.000506,
            "cnames": [],
            "responseHashes": [
                "f2418e6cbac86044cb0823284704f711cffb020e9b2941bf38d0165d9ddf1f75",
                "2f2acb864ab2298329c0b3140d19b67c1fdd7165dba3a9f45d4718a815780504",
                "9737f41fb54e074e39d05811c517aede7c0c0823123c2fe03aea0238bbb68282"
            ]
        },
        {
            "rule": "nakadashi\\.pw\\/v\\/s:\\/\\/es\\.pornhub\\.com\\/view_video\\.php",
            "cookies": 0.000304,
            "fingerprinting": 0,
            "subdomains": [
                "rz"
            ],
            "apis": {},
            "sites": 3,
            "prevalence": 0.000304,
            "cnames": [],
            "responseHashes": [
                "8c0f2dfc3daa41a7d5bed154a24289962d511fbd8a0967f51e65b06c804f44b0",
                "c59657379315a27bdd4358939b34b2021c6c55e391dc80f2fed425c474ab942f"
            ]
        },
        {
            "rule": "nakadashi\\.pw\\/v\\/s:\\/\\/xhamster\\.com\\/videos\\/blonde-girl-3805995\\/title\\/myhash\\/3",
            "cookies": 0.000203,
            "fingerprinting": 0,
            "subdomains": [
                "rz"
            ],
            "apis": {},
            "sites": 2,
            "prevalence": 0.000203,
            "cnames": [],
            "responseHashes": [
                "e3b0c44298fc1c149afbf4c8996fb92427ae41e4649b934ca495991b7852b855"
            ]
        },
        {
            "rule": "nakadashi\\.pw\\/v\\/s:\\/\\/fr\\.pornhub\\.com\\/view_video\\.php",
            "cookies": 0.000405,
            "fingerprinting": 0,
            "subdomains": [
                "rz"
            ],
            "apis": {},
            "sites": 4,
            "prevalence": 0.000405,
            "cnames": [],
            "responseHashes": [
                "2f2acb864ab2298329c0b3140d19b67c1fdd7165dba3a9f45d4718a815780504",
                "8503423b56e2ad16ac4aa5efac92d2308e6f6de3de3e40af83138fa5d00a7c9f"
            ]
        },
        {
            "rule": "nakadashi\\.pw\\/v\\/s:\\/\\/de\\.pornhub\\.com\\/view_video\\.php",
            "cookies": 0.000405,
            "fingerprinting": 0,
            "subdomains": [
                "rz"
            ],
            "apis": {},
            "sites": 4,
            "prevalence": 0.000405,
            "cnames": [],
            "responseHashes": [
                "c101d8fae20efed63fef7303d144eecfe07fe2028f1aa5b44ac5937cf53377ce",
                "33894b233096ca054cce5cb084759cf5b57dac6773d3022b6429b204341dcfd8"
            ]
        },
        {
            "rule": "nakadashi\\.pw\\/justhd\\.png",
            "cookies": 0.000203,
            "fingerprinting": 0,
            "subdomains": [
                "cac"
            ],
            "apis": {},
            "sites": 2,
            "prevalence": 0.000203,
            "cnames": [],
            "responseHashes": []
        },
        {
            "rule": "nakadashi\\.pw\\/pic\\.php",
            "cookies": 0.000203,
            "fingerprinting": 0,
            "subdomains": [
                "poster"
            ],
            "apis": {},
            "sites": 3,
            "prevalence": 0.000304,
            "cnames": [],
            "responseHashes": [
                "2432cc6a35627f85d2ee90f6727e42d4e3f86948d5e3995d48c2fac1cf707b18",
                "e3b0c44298fc1c149afbf4c8996fb92427ae41e4649b934ca495991b7852b855"
            ]
        },
        {
            "rule": "nakadashi\\.pw\\/jpg4usnet\\.png",
            "cookies": 0.000101,
            "fingerprinting": 0,
            "subdomains": [
                "poster"
            ],
            "apis": {},
            "sites": 2,
            "prevalence": 0.000203,
            "cnames": [],
            "responseHashes": [
                "2432cc6a35627f85d2ee90f6727e42d4e3f86948d5e3995d48c2fac1cf707b18"
            ]
        }
    ],
    "categories": [],
    "performance": {
        "time": 1,