{
    "domain": "powerad.ai",
    "owner": {},
    "source": [
        "DuckDuckGo-DE"
    ],
    "prevalence": 0.00131,
    "sites": 13,
    "subdomains": [
        "reporting"
    ],
    "cnames": [],
    "fingerprinting": 1,
    "resources": [
        {
            "rule": "powerad\\.ai\\/",
            "cookies": 0,
            "fingerprinting": 0,
            "subdomains": [
                "reporting"
            ],
            "apis": {},
            "sites": 14,
            "prevalence": 0.00141,
            "cnames": [],
            "responseHashes": [
                "565339bc4d33d72817b583024112eb7f5cdf3e5eef0252d6ec1b9c9a94e12bb3"
            ],
            "type": "Other",
            "firstPartyCookies": {},
            "firstPartyCookiesSent": {},
            "exampleSites": [
                "goldgoblin.net",
                "classic.goldgoblin.net",
                "de.forvo.com",
                "gamertweak.com",
                "imgflip.com",
                "raidrush.net",
                "www.autokostencheck.de",
                "www.clarin.com",
                "www.elderscrollsbote.de",
                "www.kitco.com",
                "www.sammobile.com",
                "www.talkbass.com",
                "www.tunefind.com",
                "www.wie-sagt-man-noch.de"
            ]
        },
        {
            "rule": "powerad\\.ai\\/pubPls\\/",
            "cookies": 0.000302,
            "fingerprinting": 0,
            "subdomains": [],
            "apis": {},
            "sites": 13,
            "prevalence": 0.00131,
            "cnames": [],
            "responseHashes": [
                "cba43f31fceb9b6796e03c6df41cb94cc0d9938e2d7e5db2fa4cb6c72de45c6e",
                "d5d2836d938fe033098c6bb904f6e8aa164b83760fa00d721f7fe70f2aa106f4",
                "5a885416eefe808b450973d09b3f6e8a454d2d363c7cdf5d61bc2ca1af13e7a6",
                "37f60992de5588911ae3079d8b38965dc55e4357d0a86088f5d28099efa849fa",
                "0aa9b9045591bd7362a177ffe0e1146883064e3440fa500b05ee3916a470cb2d",
                "914af2ebace6088031ee436203e002141951160d8be27e9a6515d7c781d48365",
                "44d793e3943dc3ac8dfde6d4503e208f91aee0a19e1562794437d83c56d1a480",
                "15e5c8931ce6e9629200ad84f9800dfddfdb69a10f2fc7a8fff85783d7e57222",
                "562ed4e07d37c8fe52db9eb6bd0dc93aa875308e0b24b09d47d20db1095e13f1",
                "dfa04a57068fb3cd64998cda619a3998c8085406f6b75e2fe232c8aa2e660e38",
                "2720c4e5d24b6bbc01c10bdd20eb1cb76c3fcd48dbc0a3cd0bf4c4f61c115edf",
                "481f258787c941bc921de8cb1ca9fa56d9da2274969dc923b6ee64bbc8f1be19"
            ],
            "type": "XHR",
            "firstPartyCookies": {},
            "firstPartyCookiesSent": {},
            "exampleSites": [
                "goldgoblin.net",
                "de.forvo.com",
                "gamertweak.com",
                "imgflip.com",
                "raidrush.net",
                "www.autokostencheck.de",
                "www.clarin.com",
                "www.elderscrollsbote.de",
                "www.kitco.com",
                "www.sammobile.com",
                "www.talkbass.com",
                "www.tunefind.com",
                "www.wie-sagt-man-noch.de"
            ]
        },
        {
            "rule": "powerad\\.ai\\/vid_script\\.js",
            "cookies": 0,
            "fingerprinting": 1,
            "subdomains": [],
            "apis": {
                "Navigator.prototype.userAgent": 3
            },
            "sites": 3,
            "prevalence": 0.000302,
            "cnames": [],
            "responseHashes": [
                "558df8d919afd5e5d1898b361764e49fcbf9188a9cf4056ef5551c078d75bc8d"
            ],
            "type": "Script",
            "firstPartyCookies": {},
            "firstPartyCookiesSent": {},
            "exampleSites": [
                "goldgoblin.net",
                "www.clarin.com",
                "www.elderscrollsbote.de"
            ]
        },
        {
            "rule": "powerad\\.ai\\/script\\.js",
            "cookies": 0,
            "fingerprinting": 0,
            "subdomains": [],
            "apis": {},
            "sites": 5,
            "prevalence": 0.000503,
            "cnames": [],
            "responseHashes": [
                "b3aade6189cb058b28b28e97335a8e17a68e3a61160f8e83cc60989c9d5c9955"
            ],
            "type": "Script",
            "firstPartyCookies": {},
            "firstPartyCookiesSent": {},
            "exampleSites": [
                "imgflip.com",
                "www.kitco.com",
                "www.sammobile.com",
                "www.talkbass.com",
                "www.tunefind.com"
            ]
        }
    ],
    "categories": [],
    "performance": {
        "time": 1,
        "size": 1,
        "cpu": 0,
        "cache": 3
    },
    "cookies": 0.000302,
    "types": {
        "Other": 14,
        "XHR": 13,
        "Script": 8
    },
    "nameservers": [
        "ns2.101domain.com",
        "ns1.101domain.com",
        "ns5.101domain.com"
    ]
}