{
    "domain": "pub.network",
    "owner": {},
    "source": [
        "DuckDuckGo-DE"
    ],
    "prevalence": 0.00295,
    "sites": 29,
    "subdomains": [
        "d",
        "a"
    ],
    "cnames": [],
    "fingerprinting": 2,
    "resources": [
        {
            "rule": "pub\\.network\\/cookie",
            "cookies": 0.00275,
            "fingerprinting": 0,
            "subdomains": [
                "d"
            ],
            "apis": {},
            "sites": 27,
            "prevalence": 0.00275,
            "cnames": [],
            "responseHashes": [
                "6b17d17392c129b4748b343ff7fa13847c90848755d0eebf7603772095a47a0c",
                "21f7fe8674245d36083072d912bbc61284195cc31c451aab8b1caa547beb9c79",
                "e53a81fcb1da0e1477c88654824f00df8cf167c189b77069de0b2dd522ea0610",
                "07e2f63664094ad12739bf7e75eb2be14b254bc9bd53e59cc3e7bf64c6918b6e",
                "4befba4ec7632268dba07cf8cb60f9aaba623fe450a83703c49b3854f35e83db",
                "5708c2bafcdb30151e8bbe4df3805c8f30e347e3db50b4a5cbd9192b5c7929a6",
                "d54a8ba0332a950c55030c8370b191bfe3a93f14757984b28e6008d1b0674c81",
                "202bdf8b9f73ef3576231203848ee1520387108c2d5f1516f6ddd855fab4800a",
                "074e2c5163868ff33790365649955bf29e50a26954c800c2bcb543332188ba78",
                "0d87124e8ecd98442ad89afc1b8010ac9232774d8692a64b08e3cab79b6bbb4c",
                "838247f84793b5544650396f249c69eb87af7f1ee4b83e367f1eae4508d275ad",
                "50efb8ba1a0e4952b9456a4192fe2b428c5a5c2e4c21b0c1f3c4426cbcdd588e",
                "d24ef616805f735552ab097723f0f5fd6ebf5571bb0ddcd393859dcbc0548c5a",
                "4bd773eeb357356e1b839794017e6611408b8df043b130ac7d47bdb72619139e",
                "f5a9431390f0744569c61a1d538f45bed2eff6f9a8161657115964e400545e83",
                "c84454717c5a4e092ed54f57e865f2ada26a1c6511392b8368291271d551c51c",
                "755fe180571546b10715dd8af992f9b55c6616575f71335ec0a8a3ef2069f11a",
                "2c3c0d836c6dbb9bea9a9002a46c8c27e58c88e6864a64cf7b07941523dadb2d",
                "6664e3f92df08257b2c82d875b6ac533b97ba9fc2d05fdda71d54a3cfdbc320f",
                "375aa818c075ccb9adb6e52ab5a2e3160ff22036bc6a85c0c466c5782a55efe4",
                "5cd3928730d6ff8716086a3ad85586520132ef70e0ce83c901254cf0bf424313",
                "35e21ad268a639a1c39232469a6bb36f680f50de991686f0a538bd997d3968c2",
                "58861ffe53356039ec44461668e1a84ac4e581f56c44a70439ab5bd0d385f0a1",
                "c75a46313d42d1557c4492280d25c0159bef1af69c609c9ad7d386b0aa20775a",
                "e82812035bdd0c08affddeb3f6fcd38447e8be949e1fc561817499d111fe6fa4",
                "a111de6fd007fe477b0d7f6def762bff7861cef09084eff8a290d2559d0014e2"
            ],
            "type": "XHR",
            "exampleSites": [
                "itsfoss.com",
                "whatismyipaddress.com",
                "stocktwits.com",
                "www.softwaretestinghelp.com",
                "www.slant.co",
                "www.thecinemaholic.com",
                "www.tecmint.com",
                "www.fossmint.com",
                "www.macupdate.com",
                "uproxx.com",
                "krunker.io",
                "www.gardeningknowhow.com",
                "www.moviefone.com",
                "www.songfacts.com",
                "www.songkick.com",
                "www.allacronyms.com",
                "petapixel.com",
                "dlisted.com",
                "time.is",
                "www.powerthesaurus.org"
            ]
        },
        {
            "rule": "pub\\.network\\/core\\/prebid-analytics-3\\.26\\.12\\.js",
            "cookies": 0.00275,
            "fingerprinting": 2,
            "subdomains": [
                "a"
            ],
            "apis": {
                "Navigator.prototype.userAgent": 27,
                "Navigator.prototype.cookieEnabled": 27,
                "window.sessionStorage": 27,
                "Navigator.prototype.appName": 27,
                "window.localStorage": 27,
                "Document.cookie getter": 21,
                "Date.prototype.getTime": 22,
                "Navigator.prototype.doNotTrack": 20,
                "Screen.prototype.height": 21,
                "Screen.prototype.width": 21,
                "Navigator.prototype.language": 19,
                "window.devicePixelRatio": 13,
                "Screen.prototype.colorDepth": 17,
                "Date.prototype.getTimezoneOffset": 17,
                "Navigator.prototype.vendor": 9
            },
            "sites": 27,
            "prevalence": 0.00275,
            "cnames": [],
            "responseHashes": [
                "46fe925aebeb82c977cf241c08c4708f57641674f6f4065796cc4b454649b6ae"
            ],
            "type": "Script",
            "exampleSites": [
                "itsfoss.com",
                "whatismyipaddress.com",
                "uproxx.com",
                "www.slant.co",
                "www.phoronix.com",
                "photographylife.com",
                "www.270towin.com",
                "www.tecmint.com",
                "www.thecinemaholic.com",
                "www.powerthesaurus.org",
                "www.songkick.com",
                "dlisted.com",
                "www.bleepingcomputer.com",
                "observer.com",
                "www.1001freefonts.com",
                "www.allacronyms.com",
                "krunker.io",
                "www.moviefone.com",
                "www.songfacts.com",
                "gameranx.com"
            ]
        },
        {
            "rule": "pub\\.network\\/location",
            "cookies": 0.00275,
            "fingerprinting": 0,
            "subdomains": [
                "d"
            ],
            "apis": {},
            "sites": 27,
            "prevalence": 0.00275,
            "cnames": [],
            "responseHashes": [
                "f76e4041a1ae1419a9a9d96777d2c26b11ec1bb5b73c1a3178379d85eb105e0c"
            ],
            "type": "XHR",
            "exampleSites": [
                "itsfoss.com",
                "whatismyipaddress.com",
                "photographylife.com",
                "www.powerthesaurus.org",
                "www.bleepingcomputer.com",
                "krunker.io",
                "petapixel.com",
                "www.tecmint.com",
                "www.gardeningknowhow.com",
                "www.songfacts.com",
                "www.270towin.com",
                "www.macupdate.com",
                "time.is",
                "www.allacronyms.com",
                "www.gottabemobile.com",
                "www.slant.co",
                "www.phoronix.com",
                "stocktwits.com",
                "www.thecinemaholic.com",
                "www.moviefone.com"
            ]
        },
        {
            "rule": "pub\\.network\\/core\\/pubfig\\.messaging\\.2\\.1\\.2\\.js",
            "cookies": 0.00275,
            "fingerprinting": 1,
            "subdomains": [
                "a"
            ],
            "apis": {
                "Navigator.prototype.product": 27,
                "Navigator.prototype.userAgent": 27,
                "Document.cookie getter": 26,
                "Date.prototype.getTime": 27,
                "window.localStorage": 1
            },
            "sites": 28,
            "prevalence": 0.00285,
            "cnames": [],
            "responseHashes": [
                "6883ce59605b04b6c6782ba17cb02dae671c9228e429ced6c1ab1171a38e12a1"
            ],
            "type": "Script",