{
    "domain": "sensic.net",
    "owner": {},
    "source": [
        "DuckDuckGo-DE"
    ],
    "prevalence": 0.00183,
    "sites": 18,
    "subdomains": [
        "de-config",
        "at-config",
        "de-config-preproduction",
        "c391eb55b9eb6b1c82af00ead80178f6eed9add068dfd09774038c55.trk",
        "e21d3f32cbce5b53523c58b3e2c7d8609c8bdc58d8a6ddd032de28c1.trk",
        "d432f990b4ccf0ab797a9056ff6c22368d616fa881ea34041119ce6f.trk",
        "b85d4af79d9b8e12c1a45b6076bb47bcfc494b9a3a04df05c7ecb5d0.trk",
        "2cfda508e9fb6bd8768183e1498a23d2b34d346d07a20d24e3f86a8f.trk",
        "5f0b45e3598523dcf564776fcf5307b3bc68cfaa82c508aaeb587367.trk",
        "7dd7f8200fe1199d2fb099788d5dab3ebe0e9297b556806bcc38ecdf.trk",
        "484c5f8a5064cb61207fef37d5f0c3da4ea9cd542c161c9fb68dbe06.trk",
        "920da5626d8799110556cfd71a2d5d93134c0db9cd8f23d162c68bc1.trk",
        "45fb8faf09c605771db1e5b4854f4bf59b0a3a5396969032f0ec7241.trk",
        "4f971e465609ea04ae0c6a02b8d910b02b103aa66d24de844b574f01.trk",
        "bbd32ac525381f9191c28e7cebcb41e7ab4ca0c04a9de4d6059476e6.trk",
        "9ff507148626baba2bc50f4345d06fdb2824caffa86a337492565f52.trk",
        "66affa2888a8dbf7f48ce08320299e4a82ceae09272fffaa5e0b9ee4.trk",
        "219d8cff1211ffb31cd627d5c7d5569a2615cd3797e440da5e5b257a.trk",
        "568802a13b90e6d0ff64e173d4f3bb77569b1de003ce1fd5c129088d.trk",
        "d73236e42b2b617411d95fbc9c4e04cffdfeafc8fea80afad3a1777c.trk",
        "b6d14d945ca23dd9e5f5e1db5317c51a7b5ed67051d3c188207b65cc.trk"
    ],
    "cnames": [],
    "fingerprinting": 1,
    "resources": [
        {
            "rule": "sensic\\.net\\/sui\\.html",
            "cookies": 0,
            "fingerprinting": 1,
            "subdomains": [
                "de-config",
                "at-config",
                "de-config-preproduction"
            ],
            "apis": {
                "window.localStorage": 15,
                "Date.prototype.getTime": 14
            },
            "sites": 15,
            "prevalence": 0.00153,
            "cnames": [],
            "responseHashes": [
                "9db9faeba4b03570c50d3df95fac42904d3e7aec9828f44e1c71026813e88389",
                "9f88d0696723beb2c91d0beb42cef6ff5d2cc23471754f34092e8194bf19043c",
                "353ed0a6edede510d07451acc9795b876ffcdd46b86a8f314b4bb9c9df51710c"
            ],
            "type": "Document",
            "firstPartyCookies": {},
            "firstPartyCookiesSent": {
                "_gb_lh": 0.00020352091177368474,
                "get_top_level_domain_cookie": 0.00020352091177368474
            },
            "exampleSites": [
                "ard.de",
                "m.oe24.at",
                "tv.sport1.de",
                "webradio.ffh.de",
                "www.ardmediathek.de",
                "www.hessenschau.de",
                "www.hr4.de",
                "www.hr1.de",
                "www.hr-inforadio.de",
                "www.hr2.de",
                "www.hr3.de",
                "www.hr-fernsehen.de",
                "www.oe24.at",
                "www.sr.de",
                "www.tagesschau.de"
            ]
        },
        {
            "rule": "sensic\\.net\\/suigenerator",
            "cookies": 0,
            "fingerprinting": 0,
            "subdomains": [
                "de-config",
                "at-config",
                "de-config-preproduction"
            ],
            "apis": {},
            "sites": 15,
            "prevalence": 0.00153,
            "cnames": [],
            "responseHashes": [
                "5ca9c78c8958b250aabce32be364e395960999df5910f6ddda01ac38519f20b6",
                "58f2e621f26fc793744e2fdee10c7cbc278bd11bb1e38bcb11e8137e1ee94210",
                "f5dadfbcbb0090c9310bf2366e2d1e0a0116e33667b06b74235856c349fe5980",
                "7f873eff0e9bdb56365742f1e5201d860c3554ffa081420ed96d88f3073c823c",
                "5aca564a06968bd2c8242deafb80cd673140ba4a42b2f8f431934b184ebf6ce2",
                "b4332a353978a9c06ee92aaeb375bb284bdef387e9821aa570dd82ca9c6a18ab",
                "8c6f75c5eb1bd9a1e94bd2e7d6cc7c977842b3a220cdaed1fbb08b9d1c171c4c",
                "9e298c46dd66fed5d01d4fd26c55503ee901562d5372124e4ba2937bc89ac9ac",
                "f707456618ed79f157911d2b70fe544664de8de20f7ca6bcfb948f30014e62a6",
                "0e8c44c5775d43f28b001f7a1a6baacb01f8dd321cde05c0b8395bf013c9b999",
                "ac884a01d0c89aa8cf4ec7b4164e419b057e8c546fc2489f1a92e1c847b41fe7",
                "93a47ad29f49dc17a42b63a52002563adb2469fcc5915db04378b0d85d782105",
                "feddd300154cba559a5c39e8ef00608082e3f4da2cd60dfaeba5066ab4c21426",
                "ad610e668365356eb6d3357ee99f4295ca80d43f15a9ed5bd0ed50267cec99a4"
            ],
            "type": "Fetch",
            "firstPartyCookies": {},
            "firstPartyCookiesSent": {
                "_gb_lh": 0.00020352091177368474,
                "get_top_level_domain_cookie": 0.00020352091177368474
            },
            "exampleSites": [
                "ard.de",
                "m.oe24.at",
                "tv.sport1.de",
                "webradio.ffh.de",
                "www.ardmediathek.de",
                "www.hessenschau.de",
                "www.hr4.de",
                "www.hr1.de",
                "www.hr-inforadio.de",
                "www.hr2.de",
                "www.hr3.de",
                "www.hr-fernsehen.de",
                "www.oe24.at",
                "www.sr.de",
                "www.tagesschau.de"
            ]
        },
        {
            "rule": "sensic\\.net\\/tp\\.gif",
            "cookies": 0,
            "fingerprinting": 0,
            "subdomains": [
                "c391eb55b9eb6b1c82af00ead80178f6eed9add068dfd09774038c55.trk",
                "e21d3f32cbce5b53523c58b3e2c7d8609c8bdc58d8a6ddd032de28c1.trk",
                "d432f990b4ccf0ab797a9056ff6c22368d616fa881ea34041119ce6f.trk",
                "b85d4af79d9b8e12c1a45b6076bb47bcfc494b9a3a04df05c7ecb5d0.trk",
                "2cfda508e9fb6bd8768183e1498a23d2b34d346d07a20d24e3f86a8f.trk",
                "5f0b45e3598523dcf564776fcf5307b3bc68cfaa82c508aaeb587367.trk",
                "7dd7f8200fe1199d2fb099788d5dab3ebe0e9297b556806bcc38ecdf.trk",
                "484c5f8a5064cb61207fef37d5f0c3da4ea9cd542c161c9fb68dbe06.trk",
                "920da5626d8799110556cfd71a2d5d93134c0db9cd8f23d162c68bc1.trk",
                "45fb8faf09c605771db1e5b4854f4bf59b0a3a5396969032f0ec7241.trk",
                "4f971e465609ea04ae0c6a02b8d910b02b103aa66d24de844b574f01.trk",
                "bbd32ac525381f9191c28e7cebcb41e7ab4ca0c04a9de4d6059476e6.trk",
                "9ff507148626baba2bc50f4345d06fdb2824caffa86a337492565f52.trk",
                "66affa2888a8dbf7f48ce08320299e4a82ceae09272fffaa5e0b9ee4.trk",
                "219d8cff1211ffb31cd627d5c7d5569a2615cd3797e440da5e5b257a.trk"
            ],
            "apis": {},
            "sites": 15,
            "prevalence": 0.00153,
            "cnames": [],
            "responseHashes": [],
            "type": "Preflight",
            "firstPartyCookies": {},
            "firstPartyCookiesSent": {
                "_gb_lh": 0.00020352091177368474,
                "get_top_level_domain_cookie": 0.00020352091177368474
            },
            "exampleSites": [
                "ard.de",
                "m.oe24.at",
                "tv.sport1.de",
                "webradio.ffh.de",
                "www.ardmediathek.de",
                "www.hessenschau.de",
                "www.hr4.de",
                "www.hr1.de",
                "www.hr-inforadio.de",
                "www.hr2.de",
                "www.hr3.de",
                "www.hr-fernsehen.de",
                "www.oe24.at",
                "www.sr.de",
                "www.tagesschau.de"
            ]
        },
        {
            "rule": "sensic\\.net\\/tp\\.gif",
            "cookies": 0,
            "fingerprinting": 0,