{
    "domain": "showmeyouradsnow.com",
    "owner": {},
    "source": [
        "DuckDuckGo-DE"
    ],
    "prevalence": 0.000911,
    "sites": 9,
    "subdomains": [
        "go"
    ],
    "cnames": [],
    "fingerprinting": 1,
    "resources": [
        {
            "rule": "showmeyouradsnow\\.com\\/MQ6YMA7\\.js",
            "cookies": 0,
            "fingerprinting": 1,
            "subdomains": [
                "go"
            ],
            "apis": {
                "Navigator.prototype.userAgent": 5,
                "window.localStorage": 5,
                "Date.prototype.getTime": 5
            },
            "sites": 5,
            "prevalence": 0.000506,
            "cnames": [],
            "responseHashes": [
                "cd03010027ada5168f613830833cbdf06d3e00361d4a7a4648c6438f7258ddc1"
            ]
        },
        {
            "rule": "showmeyouradsnow\\.com\\/vast-im\\.js",
            "cookies": 0.000405,
            "fingerprinting": 1,
            "subdomains": [
                "go"
            ],
            "apis": {
                "Navigator.prototype.userAgent": 6,
                "HTMLMediaElement.prototype.canPlayType": 4,
                "Document.cookie getter": 4,
                "Date.prototype.getTime": 4,
                "Document.cookie setter": 4
            },
            "sites": 6,
            "prevalence": 0.000608,
            "cnames": [],
            "responseHashes": [
                "fdefbaffd134578c5117da46baee5b4992776d46cc407aca50a590fe8fa7df5a"
            ]
        },
        {
            "rule": "showmeyouradsnow\\.com\\/api\\/spots\\/10513",
            "cookies": 0.000911,
            "fingerprinting": 0,
            "subdomains": [
                "go"
            ],
            "apis": {},
            "sites": 9,
            "prevalence": 0.000911,
            "cnames": [],
            "responseHashes": [
                "750c0f0b7c37f4e3f4a14e405d48e8abcf93760c58effc22963803ee4932fa15",
                "867d67dee3fe6cc3f231f4515f5611d12d91d8fc615375e3fedb5b0bee9e12eb",
                "36077cc162a3ec917a2c1ad47c10c7352908665a8ad5a21c702a11c12cb5c745",
                "eecba3ec3e975ea0d2d1ba127c2c82f391ddf6abb608e88afd4736a8a86c73e9",
                "395025f81abf6961687852d3bfa7ed592130f901b8d195928c9bb5cd76a9dae6",
                "fde14288f819ff62ea55d250178866cbcc4f2ddb75a65e0597b10ea56af77249",
                "7e28da192e9c51eb5aa7663e6c4b97f896812a25951f50ae676c802f18f65b40",
                "ecbcbdbb5f730927142ca9d7260fc90f5186d70d2ff4f332c3a7a144444be5d1"
            ]
        },
        {
            "rule": "showmeyouradsnow\\.com\\/api\\/spots\\/234622",
            "cookies": 0.00081,
            "fingerprinting": 0,
            "subdomains": [
                "go"
            ],
            "apis": {},
            "sites": 9,
            "prevalence": 0.000911,
            "cnames": [],
            "responseHashes": [
                "c85491a24740ad9bf7deaf3d1f94d079f30544bedb26b710b0b13d6f7f9dd840",
                "621fec7af06d075ac467f4f8637240524c1567dcf27c8b9cec64bf908497270e",
                "8280ac6a34b116712d6685c3f1718636321c58d9372fdbbfcc3087ae1ae0bd39",
                "6ef7474f0ed350b25fa7c50b7472f05a499df34e0cd85b4cece5f522a8fe1a79",
                "d140770e9bd60271f58da2064c11cf2b28482a72cb590b844363e0a7340a8327",
                "da575381b996da7dc78e0f2e25690fee2c5db79c2223e33b425afb356ba87795",
                "daa69c6ad246f6c096fde63d2cd073330f38febfe0c42ea3626140e49ae13dbd",
                "f1291ddab7b7afee37a8bf34b87cf3515b00c522d6983e86661742a2c2ec89b1"
            ]
        }
    ],
    "categories": [],
    "performance": {
        "time": 1,
        "size": 1,
        "cpu": 2,
        "cache": 1
    },
    "cookies": 0.000911,
    "types": {
        "Script": 20,
        "Fetch": 9
    }
}