{
    "domain": "smartredirect.de",
    "owner": {},
    "source": [
        "DuckDuckGo-DE"
    ],
    "prevalence": 0.00163,
    "sites": 16,
    "subdomains": [
        "js"
    ],
    "cnames": [],
    "fingerprinting": 1,
    "resources": [
        {
            "rule": "smartredirect\\.de\\/js\\/",
            "cookies": 0,
            "fingerprinting": 1,
            "subdomains": [
                "js"
            ],
            "apis": {
                "Navigator.prototype.appName": 15
            },
            "sites": 15,
            "prevalence": 0.00153,
            "cnames": [],
            "responseHashes": [
                "3739697e2ffe3e0d982dfee70a95b15f84f761bf9388a7aa80cefdf507cdd3bd",
                "c158bb6021947419d8084e9ebfb62ab3cfd5c9f2db055c56fe872450b553c114",
                "cad1738e991f5ec05b94ca046e01a803582a6f8148c697072f107b572a5fab11",
                "af8e2de082cf047d9604fb96c2eea5e709fc557a77b4dab0cb3bc29f9fe03e6b",
                "d7931722b3b6a7a8f562a6b98092f597d6210a5addf3835ca89efb65a6499545",
                "5df5d05c935a21e38f7cd3c5b7da5dde26660c5a9f2f1b53bc84dff74cab4051",
                "0a01ca1a7265148882fb3b7128a28ccef2287b8b18c34ac231974fedda656c25",
                "d10bd93be2312aaee62eea6f9284b104d626b65f5f967bd77f398e557f02adce",
                "caf2a32f6b5669e12063ad9c3e74780e9d6c3347e54dcf26c06d486e45410c14",
                "81f378a6051685a40ccce4f5c02b7c7a63bc452eb0d04f02170efce5b521e4a6",
                "c1b69722742a8577d6dd74bb5403fd492eb3929c8390744e7e01de5f9718aed8",
                "6e94f0a567dbf0f05d0744c9fba996793bb6c0486250ba543a7d5ff4f593d549",
                "6128952b7429f127b0f822bd79c7a6beea9c0b58f79b32a5109e87d2bb864a58",
                "471cd961fe9ac81df669d923d981b10c57252bb0b368ed826c28ddabac68426e"
            ],
            "type": "Script",
            "exampleSites": [
                "wildundhund.de",
                "forum.digitalfernsehen.de",
                "forum.chip.de",
                "pedelec-elektro-fahrrad.de",
                "statistik.blogtotal.de",
                "thinkpad-forum.de",
                "www.hardwareluxx.de",
                "www.inside-digital.de",
                "www.katzen-forum.net",
                "www.klamm.de",
                "www.lovehelp.de",
                "www.lowbeats.de",
                "www.mamacommunity.de",
                "www.pff.de",
                "www.synology-forum.de"
            ]
        }
    ],
    "categories": [],
    "performance": {
        "time": 0,
        "size": 0,
        "cpu": 0,
        "cache": 3
    },
    "cookies": 0,
    "types": {
        "Script": 15
    }
}