{
    "domain": "smartredirect.de",
    "owner": {},
    "source": [
        "DuckDuckGo-DE"
    ],
    "prevalence": 0.00124,
    "sites": 12,
    "subdomains": [
        "js"
    ],
    "cnames": [],
    "fingerprinting": 1,
    "resources": [
        {
            "rule": "smartredirect\\.de\\/js\\/",
            "cookies": 0.00104,
            "fingerprinting": 1,
            "subdomains": [
                "js"
            ],
            "apis": {
                "Navigator.prototype.appName": 10
            },
            "sites": 11,
            "prevalence": 0.00114,
            "cnames": [],
            "responseHashes": [
                "3739697e2ffe3e0d982dfee70a95b15f84f761bf9388a7aa80cefdf507cdd3bd",
                "174408ca8d0f5464c21da7ea765a6223e2648bc4b60094165c9bb1311b61b3c7",
                "c1f97879b63ea2d2aa712d7d19ec99057ea423ed7e71f1e153276ce6b719f3a0",
                "af8e2de082cf047d9604fb96c2eea5e709fc557a77b4dab0cb3bc29f9fe03e6b",
                "a7a9cdb669fc86acc32e61a3ad96f5146fe2933f29c235e0a060769b54a4b580",
                "81d959d65f78fba6fd61ea9b2f5bfbda102f00a6728a7ab30f56a41940d69842",
                "1f2dbb6886b3c921a09ad02ded7294da9d9e0eeab22ffeb2d1a4f8c981c116ff",
                "c1b69722742a8577d6dd74bb5403fd492eb3929c8390744e7e01de5f9718aed8",
                "471cd961fe9ac81df669d923d981b10c57252bb0b368ed826c28ddabac68426e"
            ],
            "type": "Script",
            "exampleSites": [
                "basic-tutorials.de",
                "forum.digitalfernsehen.de",
                "forum.wildundhund.de",
                "forum.chip.de",
                "statistik.blogtotal.de",
                "www.fancygifts.de",
                "www.fraenkische-rezepte.de",
                "www.inside-digital.de",
                "www.klamm.de",
                "www.lowbeats.de",
                "www.synology-forum.de"
            ]
        },
        {
            "rule": "smartredirect\\.de\\/st\\/",
            "cookies": 0.000207,
            "fingerprinting": 0,
            "subdomains": [
                "js"
            ],
            "apis": {},
            "sites": 2,
            "prevalence": 0.000207,
            "cnames": [],
            "responseHashes": [
                "969a5a5d9b2dff2a99fbd5ced7839c253c2320cf62184d1694589e081a2e2fca"
            ],
            "type": "Script",
            "exampleSites": [
                "thinkpad-forum.de",
                "www.klamm.de"
            ]
        }
    ],
    "categories": [],
    "performance": {
        "time": 0,
        "size": 0,
        "cpu": 0,
        "cache": 3
    },
    "cookies": 0.00114,
    "types": {
        "Script": 13
    }
}