{
    "domain": "speedcurve.com",
    "owner": {},
    "source": [
        "DuckDuckGo-DE"
    ],
    "prevalence": 0.00533,
    "sites": 53,
    "subdomains": [
        "cdn",
        "lux"
    ],
    "cnames": [],
    "fingerprinting": 1,
    "resources": [
        {
            "rule": "speedcurve\\.com\\/js\\/lux\\.js",
            "cookies": 0.00241,
            "fingerprinting": 2,
            "subdomains": [
                "cdn"
            ],
            "apis": {
                "PerformanceTiming.prototype.navigationStart": 50,
                "Navigator.prototype.connection": 3,
                "Navigator.prototype.deviceMemory": 3,
                "Document.cookie getter": 24,
                "Document.cookie setter": 24
            },
            "sites": 53,
            "prevalence": 0.00533,
            "cnames": [],
            "responseHashes": [
                "a26014ec702bc54ed1a3f20bd8c1b4bdceac9a1997fb704ee0e731adb684fb93",
                "71a8fdaf97655c40070a0fd034eeff672a5526d7d768ccd314f46567a440f57d",
                "62008ba58937572f1a34185e7f1957399da3d01b109c84698649767366fb5bde",
                "30f5de0b2a847cd652523fe02534699ac014c6efd682c23c42f1ee8eec62bce0",
                "dab46135ef75c001ac6a08f03633d9512ed3962d242a869c9774069a6aacec95",
                "008a58ddd94e036e29376a204071031e44cf05aa8430574e8f81e7c6fd04254a",
                "00e21d186a73951d6ed675b4c64a9226cab54f981b605b71102298552bbc0ab2",
                "b49528ce7e43219dfc167b85a93a3b3bf00ab461fac3c5eff855f491b18b3f85",
                "e05b92dcf7ea25b8197df1845c56b8aa0e0c9dc63aa9de5c3c6b1c1965a02654",
                "21c48d40ecb6ef30229910310807163b38fd274753935098976b4533de217b55",
                "fdf15be9538d18a0efb93218f4adb133e8aedd90eb4259cd5d1550ad19b689f5",
                "be19a4a0f5dfdbf5c264c4adc3b2607a11aff7a64c28e848d8740be217b35854",
                "4847b35ac2282bad78fd49c2b41d7929ec809389f1ad86a54a69693aef753a30",
                "ad3cf5392a1b2ab94948e3af829c4d06b71466f47e96c6af3eff410a6df8b579",
                "cbafa8981a099b1662748ecaa84c7ae3da2c45828df7ebd9bde32b8edc5b342a",
                "0fadc32921e39803eb8a91017a9a210fcc8ddce5abb225ac5132595a9c886f6e",
                "7b4791e8dcc008c772f932497225b6bd2985038f6850abf6696a76f9f7e5443e"
            ],
            "type": "Script",
            "firstPartyCookies": {
                "lux_uid": {
                    "ttl": 1800,
                    "length": 18,
                    "prevalence": 0.0024127877752086056,
                    "uniqueness": 1
                }
            },
            "firstPartyCookiesSent": {},
            "exampleSites": [
                "developer.mozilla.org",
                "gizmodo.com",
                "lifehacker.com",
                "www.cosmopolitan.com",
                "www.edmunds.com",
                "www.spieletipps.de",
                "www.brigitte.de",
                "www.avclub.com",
                "kuendigen.focus.de",
                "www.essen-und-trinken.de",
                "www.bikeradar.com",
                "www.focus.de",
                "www.bbcgoodfood.com",
                "www.radiotimes.com",
                "mobil.stern.de",
                "www.kino.de",
                "www.tipico.de",
                "www.watson.de",
                "www.gfinityesports.com",
                "www.indiewire.com"
            ]
        },
        {
            "rule": "speedcurve\\.com\\/lux\\/",
            "cookies": 0,
            "fingerprinting": 0,
            "subdomains": [
                "lux"
            ],
            "apis": {},
            "sites": 3,
            "prevalence": 0.000302,
            "cnames": [],
            "responseHashes": [
                "6879e69034d20945d958b5a2b6a4cfcf107c165c3a94fa1a1b068c4a62acb668"
            ],
            "type": "Script",
            "firstPartyCookies": {},
            "firstPartyCookiesSent": {
                "lux_uid": 0.00010053282396702523
            },
            "exampleSites": [
                "mozilla.org",
                "www.kino.de",
                "www.news.com.au"
            ]
        }
    ],
    "categories": [],
    "performance": {
        "time": 1,
        "size": 1,
        "cpu": 0,
        "cache": 3
    },
    "cookies": 0.00241,
    "types": {
        "Script": 56
    },
    "nameservers": [
        "ns3.dnsimple.com",
        "ns4.dnsimple.com",
        "ns1.dnsimple.com",
        "ns2.dnsimple.com"
    ]
}