{
    "domain": "speedcurve.com",
    "owner": {},
    "source": [
        "DuckDuckGo-DE"
    ],
    "prevalence": 0.00463,
    "sites": 46,
    "subdomains": [
        "cdn",
        "lux"
    ],
    "cnames": [],
    "fingerprinting": 2,
    "resources": [
        {
            "rule": "speedcurve\\.com\\/js\\/lux\\.js",
            "cookies": 0.00241,
            "fingerprinting": 2,
            "subdomains": [
                "cdn"
            ],
            "apis": {
                "PerformanceTiming.prototype.navigationStart": 42,
                "Document.cookie getter": 24,
                "Document.cookie setter": 24,
                "Navigator.prototype.connection": 4,
                "Navigator.prototype.deviceMemory": 4
            },
            "sites": 46,
            "prevalence": 0.00463,
            "cnames": [],
            "responseHashes": [
                "4a82228fb89c34423b04046988a8c167c23129780518419c2760b40525fc314e",
                "1ed966efc8b62349b3ebc447fa0f661c1ce7903397e612724706d66eae9ade05",
                "0e7cec00a56dcc4f9b8bafc9003193ccee8cc269f6990c64fc9302b4aa448e6e",
                "6acce36a12d5cc3ac99d1078a756a06c02ead01bdb8c7102a1d55cec24de93cd",
                "1647e28020eaa5351a43d1583a9714bfeedddd6390c1bf4ab3b50f763ac81be5",
                "013a55b90971e17e88baf303bda81497bd7cb6c93f1e3acb11f4a3d5d392c092",
                "26fa0d79e04a76fcdcc99b4800dcbbbb15d141d23d4cd5709846edd39fc1479d",
                "43429e1ff20caaa55b495ca7503f850a0f31b8d10788a987f0fe5592139f7b50",
                "59ecb16e3199ecef077a58693b91dc6bbc977e2501df7b7d0503b60520037732",
                "e05b92dcf7ea25b8197df1845c56b8aa0e0c9dc63aa9de5c3c6b1c1965a02654",
                "e8cbc4f47ddd25d8ab1e84f5e5a6a513dd6748a475fd6846f5e7594d14b6bb8b",
                "d2a037d297fb8370c2e6d5899dd0a208e435a270add6a80bd7b780fb3a056c32",
                "e051c942574203502fd41c3a7c5ef8729c0361411cdeecec25093c5bb9924c50",
                "e79bd3b8ee041a56ab53287410751a73402c68144613316cb5251817370694ef",
                "94d8d35749fcaee12012f50ee2a2d66fdc98b500bade26510e6d35dfc01b0112"
            ],
            "type": "Script",
            "firstPartyCookies": {
                "lux_uid": {
                    "ttl": 1800,
                    "length": 18,
                    "prevalence": 0.0024132730015082957,
                    "uniqueness": 1
                }
            },
            "firstPartyCookiesSent": {},
            "exampleSites": [
                "developer.mozilla.org",
                "gizmodo.com",
                "lifehacker.com",
                "www.cosmopolitan.com",
                "www.galaxus.de",
                "www.watson.de",
                "www.ao.de",
                "www.kino.de",
                "praxistipps.focus.de",
                "www.focus.de",
                "www.theonion.com",
                "email.t-online.de",
                "realsport101.com",
                "www.spieletipps.de",
                "www.essen-und-trinken.de",
                "www.bbcgoodfood.com",
                "www.stern.de",
                "www.ebaumsworld.com",
                "www.brigitte.de",
                "www.gfinityesports.com"
            ]
        },
        {
            "rule": "speedcurve\\.com\\/lux\\/",
            "cookies": 0,
            "fingerprinting": 0,
            "subdomains": [
                "lux"
            ],
            "apis": {},
            "sites": 4,
            "prevalence": 0.000402,
            "cnames": [],
            "responseHashes": [
                "81c7145f88fe90de6256265a86e07fc06748f02e504ecdf00323861fb7e91f57"
            ],
            "type": "Script",
            "firstPartyCookies": {},
            "firstPartyCookiesSent": {
                "lux_uid": 0.00020110608345902463
            },
            "exampleSites": [
                "realsport101.com",
                "www.ao.de",
                "www.spieletipps.de",
                "www.watson.de"
            ]
        }
    ],
    "categories": [],
    "performance": {
        "time": 1,
        "size": 1,
        "cpu": 0,
        "cache": 3
    },
    "cookies": 0.00241,
    "types": {
        "Script": 50
    },
    "nameservers": [
        "ns2.dnsimple.com",
        "ns3.dnsimple.com",
        "ns4.dnsimple.com",
        "ns1.dnsimple.com"
    ]
}