{
    "domain": "speedcurve.com",
    "owner": {},
    "source": [
        "DuckDuckGo-DE"
    ],
    "prevalence": 0.00342,
    "sites": 33,
    "subdomains": [
        "cdn"
    ],
    "cnames": [],
    "fingerprinting": 2,
    "resources": [
        {
            "rule": "speedcurve\\.com\\/js\\/lux\\.js",
            "cookies": 0.00155,
            "fingerprinting": 2,
            "subdomains": [
                "cdn"
            ],
            "apis": {
                "PerformanceTiming.prototype.navigationStart": 32,
                "Document.cookie getter": 15,
                "Document.cookie setter": 15,
                "Navigator.prototype.connection": 3,
                "Navigator.prototype.deviceMemory": 3
            },
            "sites": 33,
            "prevalence": 0.00342,
            "cnames": [],
            "responseHashes": [
                "c9cb16f1ca69ece9452b6c3845b6f3c9df3f8bb4d0dc5a59001fbf5efb29d46b",
                "f6a1b7a12ea0900f6537b74ac24292835d64de3a4f52ab176827b46048a51436",
                "8e0cf75c2cfcb35edbce8e01875f1690dc3ffbfbb3eff4f3e02f69da5a5d6846",
                "895eb06e051e7576e65da211e00d620cf8886e87f71de56583f8ccc4ffcbe799",
                "4b86d55e682e61891e771674a0d86238502ad65483d86374043c1ca3c11fb555",
                "eccc2ec415a62c04085c3a8ed0bed66d15d87b1c45cce979c679d12380b29910",
                "ce308d68090e645d82ab3a189e6c2ccd621a86e21065a2f73a71b01d27c3977a",
                "552516fad7502702a6419f626974049da034a7a084e2829185255f20dac8b4bf",
                "5b756daf2bf1c88009a2ca0a6a1f6f23507af16a63e37f0923fedef7a20d0214",
                "4798c8035be08bfd36e7a50009bc33b8a9c202a09c96e55132094bec1ab52481",
                "8ce539cb845a1de1481bccff267ffedfa8a12f81ffee060c447992409a7bf73f",
                "d0c3681c8eb4e66950f6bf24cfb6b29e8e9842965599a25acdffc13382cd2958"
            ],
            "type": "Script",
            "exampleSites": [
                "mozilla.org",
                "lifehacker.com",
                "www.cosmopolitan.com",
                "www.redtube.com",
                "www.mercedes-benz.com",
                "www.redtube.com.br",
                "www.bbcgoodfood.com",
                "www.bikeradar.com",
                "vergleich.focus.de",
                "kotaku.com",
                "www.spieletipps.de",
                "praxistipps.focus.de",
                "www.pcinvasion.com",
                "www.familie.de",
                "ru.redtube.com",
                "www.mediamarkt.de",
                "unsplash.com",
                "www.desired.de",
                "www.ebaumsworld.com",
                "www.kino.de"
            ]
        }
    ],
    "categories": [],
    "performance": {
        "time": 1,
        "size": 1,
        "cpu": 0,
        "cache": 3
    },
    "cookies": 0.00155,
    "types": {
        "Script": 33
    }
}