{
    "domain": "technical-service.net",
    "owner": {
        "name": "CBC Cologne Broadcasting Center GmbH",
        "displayName": "CBC Cologne Broadcasting Center"
    },
    "source": [
        "DuckDuckGo-DE"
    ],
    "prevalence": 0.00111,
    "sites": 11,
    "subdomains": [
        "te"
    ],
    "cnames": [],
    "fingerprinting": 0,
    "resources": [
        {
            "rule": "technical-service\\.net\\/api",
            "cookies": 0.000201,
            "fingerprinting": 0,
            "subdomains": [
                "te"
            ],
            "apis": {},
            "sites": 10,
            "prevalence": 0.00101,
            "cnames": [],
            "responseHashes": [
                "56b5862c6fcbcb454e879d6eac1bfff9aeda2fd394c194d0f502417b50fb42c0",
                "f298f59458993397071dd16d87cebf414afe308420414832b9438dfa495a4835",
                "a42d34fca9167497ce386dfe3b6d1e21f357c6b496d4aba73cbe3058bf4c1f9f",
                "013f5151f5aa1571402c9b82a9ac35656fb7984893ccca5a41f27a6fc5a0374c",
                "cd0551a5cfdfe69791d78e82a69b4795596f47d16c94c07fb123be68e59b5015",
                "b9214ff0229002dbce77e2a9f41aad328fa34440f84ad6f430c3d3fc5bf04e74",
                "1eaf58843f222c9b1ac85b64470ffe463f01823dd599420b094972bff6225a57",
                "b8ca30da9458af865a3cb5cdd1aedc6a727568204439811fc5f56c1312fdc87b"
            ],
            "type": "XHR",
            "firstPartyCookies": {},
            "firstPartyCookiesSent": {},
            "exampleSites": [
                "kicker.de",
                "www.kochbar.de",
                "www.n-tv.de",
                "www.rtl.de",
                "www.sport.de",
                "www.tele5.de",
                "www.tvnow.de",
                "www.vip.de",
                "www.vox.de",
                "www.wetter.de"
            ]
        }
    ],
    "categories": [],
    "performance": {
        "time": 1,
        "size": 1,
        "cpu": 0,
        "cache": 3
    },
    "cookies": 0.000402,
    "types": {
        "XHR": 10
    },
    "nameservers": [
        "ns3.eurodns.com",
        "ns4.eurodns.com",
        "ns1.eurodns.com",
        "ns2.eurodns.com"
    ]
}