{
    "domain": "trafficfabrik.com",
    "owner": {},
    "source": [
        "DuckDuckGo-DE"
    ],
    "prevalence": 0.00476,
    "sites": 47,
    "subdomains": [
        "delivery",
        "cdas-01"
    ],
    "cnames": [],
    "fingerprinting": 0,
    "resources": [
        {
            "rule": "trafficfabrik\\.com\\/cpanel\\/c\\.php",
            "cookies": 0.000304,
            "fingerprinting": 0,
            "subdomains": [
                "delivery"
            ],
            "apis": {},
            "sites": 4,
            "prevalence": 0.000405,
            "cnames": [],
            "responseHashes": [
                "e3b0c44298fc1c149afbf4c8996fb92427ae41e4649b934ca495991b7852b855"
            ]
        },
        {
            "rule": "trafficfabrik\\.com\\/cpanel\\/b\\.php",
            "cookies": 0.00182,
            "fingerprinting": 0,
            "subdomains": [
                "delivery"
            ],
            "apis": {},
            "sites": 18,
            "prevalence": 0.00182,
            "cnames": [],
            "responseHashes": [
                "e3b0c44298fc1c149afbf4c8996fb92427ae41e4649b934ca495991b7852b855"
            ]
        },
        {
            "rule": "trafficfabrik\\.com\\/cpanel\\/b\\.php",
            "cookies": 0.000405,
            "fingerprinting": 0,
            "subdomains": [
                "delivery"
            ],
            "apis": {},
            "sites": 4,
            "prevalence": 0.000405,
            "cnames": [],
            "responseHashes": [
                "706739ec02b603400e32230952921f5d70e0a5877b29279871f7982e4a9e2297",
                "7cdf88e64a4708b27d5b7a0b18b0a95dfebcebe9f703bd221694dccb56dc9f6a",
                "fa99b41ede9407c298aca61c3979e25055133df102a72b8e40452fc6332524d1"
            ]
        },
        {
            "rule": "trafficfabrik\\.com\\/cpanel\\/f\\.php",
            "cookies": 0.00243,
            "fingerprinting": 0,
            "subdomains": [
                "delivery"
            ],
            "apis": {},
            "sites": 24,
            "prevalence": 0.00243,
            "cnames": [],
            "responseHashes": [
                "a91548a386c5f653d6e171c1264571dbfcd3ea5290f965c4b5edf5d34940a802",
                "65659d85127c39c424309e2e2b056f48c156c0b4de238a4d91730a4740db6551",
                "b2127d49c8f2fcf6e128099a0cf32664d00b39a7f2c6e0870b509295b763588a",
                "77ec0c02fd6270408aaf057e0eb4b85b0ccb935ce7d8ecd4591cf3b406427249",
                "901015bcb42fbd793533712316db67bf58d5b2a000075586b6e0ef18eff8bb81",
                "5e601bad014a60d667471f91b5ac90da0a52a58f520c0c6904c1cbe5f46fb7cc",
                "c0cc330abd4accbdd11940863e09b749c5c843fd6a5d85f142a3649d22275e5e",
                "5ea92e86c0081f8d0dfe410a96f9adf8dba4756c34e7752482eda41a32e49972",
                "7a38d918a63c090e06adcf29874922c3d2f32b0693c9fd4f8400a19adb45fbf3",
                "04036ba760024a5c3e4266e53b29daa6a85e102de87dbeb95b3189a225d3fe4d",
                "cf1823080df3a7e62ac5311096aec367ae5898ef4e3870e7be7db6f3a7e4686b",
                "7d4d244e3bd857cce206d695ccd73c1574d4c8d2977f0537d6744f37259d7163",
                "c7e84babfedd49e78234ff57ac7a7b6618a07c640666694fe23cb514b0e2434e",
                "4946696997a67c4fa4f29f1db96c3fa9952e41b1572144c9782c37109411275c",
                "0cf74ea0d11396297115636713ce0270041fc57c3ce87b6bfb5838689757411c",
                "59767724a62d5801287efeedabe44e52d0f5afdfbb462505ee8d53082b833909",
                "79d3e184b1d235de7e1cb036517d0754209964332f303c5e5a62ec5a308c7447",
                "f63c0dfab9b4cd57e77f30778c4909d2449f418d844e6b934130a970e54e3514",
                "c51abdfbe90eb209417c4f808d6667e601897b0fafb76b694d4bd2c363b1825f",
                "28c5940832d72da68e355e7f139688e24e9279a3d1a3ac6e4f1ef5dfc31bfb22",
                "85bddcdd90c22aef72b6873d6f5afc0e3a0a6583c2944167d470741d0eedd5e0",
                "9806948aa6a2367838df37ac70b0ce3bfa1de04c92c4769b8f3eb398ba759fe3",
                "ae53ea2562b43acda495b9686b846c504a7e70066c1e5e8a0d09fcaafb7e5e83"
            ]
        },
        {
            "rule": "trafficfabrik\\.com\\/assets\\/108\\/108394\\.jpg",
            "cookies": 0.000506,
            "fingerprinting": 0,
            "subdomains": [
                "cdas-01"
            ],
            "apis": {},
            "sites": 5,
            "prevalence": 0.000506,
            "cnames": [],
            "responseHashes": [
                "31a034652bcab5c1426d3067424558c3bce3f34b36eccc2705ab81ead5bd1bcb"
            ]
        },
        {
            "rule": "trafficfabrik\\.com\\/assets\\/105\\/105197\\.gif",
            "cookies": 0.00122,
            "fingerprinting": 0,
            "subdomains": [
                "cdas-01"
            ],
            "apis": {},
            "sites": 12,
            "prevalence": 0.00122,
            "cnames": [],
            "responseHashes": [
                "21e26cff2ddc31dc2f27779b91a0ff1a9d9565cf4eb50d019b7967db3bc01491"
            ]
        },
        {
            "rule": "trafficfabrik\\.com\\/assets\\/108\\/108368\\.jpg",
            "cookies": 0.000608,
            "fingerprinting": 0,
            "subdomains": [
                "cdas-01"
            ],
            "apis": {},
            "sites": 6,
            "prevalence": 0.000608,
            "cnames": [],
            "responseHashes": [
                "3835f015faf9be381a262544ebf7a391e6520de9afe65005907f43cd023e4d2a"
            ]
        },
        {
            "rule": "trafficfabrik\\.com\\/assets\\/101\\/101943\\.gif",
            "cookies": 0.000203,
            "fingerprinting": 0,
            "subdomains": [
                "cdas-01"
            ],
            "apis": {},
            "sites": 2,
            "prevalence": 0.000203,
            "cnames": [],
            "responseHashes": [
                "2aaf9de16bee2fb01ab68097abb03aa8fd7ef332d3e4d055a70c98e38a31d67f"
            ]
        },
        {
            "rule": "trafficfabrik\\.com\\/assets\\/108\\/108395\\.gif",
            "cookies": 0.000405,
            "fingerprinting": 0,
            "subdomains": [
                "cdas-01"
            ],
            "apis": {},
            "sites": 4,
            "prevalence": 0.000405,
            "cnames": [],
            "responseHashes": [
                "14ab7887d41a136b2421e1e30cbe65e7e09983443ce0a83589d4cf2f835ae648"
            ]
        },
        {
            "rule": "trafficfabrik\\.com\\/assets\\/106\\/106666\\.gif",
            "cookies": 0.000203,
            "fingerprinting": 0,
            "subdomains": [
                "cdas-01"
            ],
            "apis": {},
            "sites": 2,
            "prevalence": 0.000203,
            "cnames": [],
            "responseHashes": [
                "6f4905aac0cb6f0c30945a913b5c0d7936d589f8ad9193b3e7046f25d7068abb"
            ]
        },
        {
            "rule": "trafficfabrik\\.com\\/assets\\/101\\/101664\\.gif",
            "cookies": 0.000304,
            "fingerprinting": 0,
            "subdomains": [
                "cdas-01"
            ],
            "apis": {},
            "sites": 3,
            "prevalence": 0.000304,
            "cnames": [],
            "responseHashes": [
                "b037aca32bbb33a1a8e92f4d48da65a3eb63961b5031f492e8d3d5f981e73a27"
            ]
        },
        {
            "rule": "trafficfabrik\\.com\\/cpanel\\/b\\.php",
            "cookies": 0.000304,
            "fingerprinting": 0,
            "subdomains": [
                "delivery"
            ],
            "apis": {},
            "sites": 3,
            "prevalence": 0.000304,
            "cnames": [],