{
    "domain": "trustami.com",
    "owner": {},
    "source": [
        "DuckDuckGo-DE"
    ],
    "prevalence": 0.000905,
    "sites": 9,
    "subdomains": [
        "cdn",
        "app"
    ],
    "cnames": [],
    "fingerprinting": 1,
    "resources": [
        {
            "rule": "trustami\\.com\\/widgetapi\\/widget2\\/trustami-widget\\.js",
            "cookies": 0,
            "fingerprinting": 1,
            "subdomains": [
                "cdn"
            ],
            "apis": {
                "window.sessionStorage": 4,
                "Navigator.prototype.userAgent": 1,
                "Document.cookie getter": 2
            },
            "sites": 9,
            "prevalence": 0.000905,
            "cnames": [],
            "responseHashes": [
                "20150155f509ff32e890d29731926cb3f4521e85be4e37bd6016ddf314d23930"
            ],
            "type": "Script",
            "firstPartyCookies": {},
            "firstPartyCookiesSent": {},
            "exampleSites": [
                "click-licht.de",
                "www.fastenergy.de",
                "www.hood.de",
                "www.hhv.de",
                "www.olerum.de",
                "www.outdoor-renner.de",
                "www.stoff4you.de",
                "www.stoll-espresso.de",
                "www.vitalundfitmit100.de"
            ]
        },
        {
            "rule": "trustami\\.com\\/widgetapi\\/widgetapi-multi\\.php",
            "cookies": 0,
            "fingerprinting": 0,
            "subdomains": [
                "app"
            ],
            "apis": {},
            "sites": 9,
            "prevalence": 0.000905,
            "cnames": [],
            "responseHashes": [
                "4d153256ae2d414446ff6b3973b0a81c05b01d24b202c234088a124d9b079c10",
                "e5d77dd376e35d6e72d654226c3de4dc52f55d82f7232a58f84b2bfa2eb4b7f9",
                "47aff17dd31d3a5d69562b21a0b8a35c6472b714eaae51bc6419a5977f5bf3ca",
                "d6bde4305c96cf875b6755195693354e12093a3deca76077a65ec139e7581028",
                "7650c97c663e3b8ad4d32a8e1f05937f791f9452b267ea93801b2002f27d355b",
                "21fd838c99acd79d0ff7730cf64e57463909a164c631a280ed9b775947fe7791",
                "317b843bd319d7eb6a72fa6b5b860cad6f3142d321dd85aa5da952ac682c7a87",
                "db8e69efafdcf72a8818f3b3bef45069d8ffb6a675881ceed6ad0061370cab90"
            ],
            "type": "Script",
            "firstPartyCookies": {},
            "firstPartyCookiesSent": {},
            "exampleSites": [
                "click-licht.de",
                "www.fastenergy.de",
                "www.hood.de",
                "www.hhv.de",
                "www.olerum.de",
                "www.outdoor-renner.de",
                "www.stoff4you.de",
                "www.stoll-espresso.de",
                "www.vitalundfitmit100.de"
            ]
        },
        {
            "rule": "trustami\\.com\\/widgetapi\\/widget2\\/stylesheets\\/trustamiWidgetFonts\\.46_0\\.css",
            "cookies": 0,
            "fingerprinting": 0,
            "subdomains": [
                "cdn"
            ],
            "apis": {},
            "sites": 7,
            "prevalence": 0.000704,
            "cnames": [],
            "responseHashes": [
                "d30a027b1015d5d261ca3cac659a28fac9c0689fb811cc495bf3bd2ae907ac47"
            ],
            "type": "Stylesheet",
            "firstPartyCookies": {},
            "firstPartyCookiesSent": {},
            "exampleSites": [
                "click-licht.de",
                "www.fastenergy.de",
                "www.hood.de",
                "www.hhv.de",
                "www.outdoor-renner.de",
                "www.stoff4you.de",
                "www.stoll-espresso.de"
            ]
        },
        {
            "rule": "trustami\\.com\\/widgetapi\\/widget2\\/fonts\\/trustamiWidgetFont\\.ttf",
            "cookies": 0,
            "fingerprinting": 0,
            "subdomains": [
                "cdn"
            ],
            "apis": {},
            "sites": 7,
            "prevalence": 0.000704,
            "cnames": [],
            "responseHashes": [
                "19eaa320017c84306da27911b08420e904b3da8d3ac866fab5cb3f7260c46fb4"
            ],
            "type": "Font",
            "firstPartyCookies": {},
            "firstPartyCookiesSent": {},
            "exampleSites": [
                "click-licht.de",
                "www.fastenergy.de",
                "www.hood.de",
                "www.hhv.de",
                "www.outdoor-renner.de",
                "www.stoff4you.de",
                "www.stoll-espresso.de"
            ]
        },
        {
            "rule": "trustami\\.com\\/widgetapi\\/widget2\\/stylesheets\\/style-text_only\\.46_0\\.css",
            "cookies": 0,
            "fingerprinting": 0,
            "subdomains": [
                "cdn"
            ],
            "apis": {},
            "sites": 2,
            "prevalence": 0.000201,
            "cnames": [],
            "responseHashes": [
                "14b8e4e51adfe7cdecbd93c55f57a714276739849843a1acd5e516aa81c92e80"
            ],
            "type": "Stylesheet",
            "firstPartyCookies": {},
            "firstPartyCookiesSent": {},
            "exampleSites": [
                "fastenergy.de",
                "www.stoff4you.de"
            ]
        },
        {
            "rule": "trustami\\.com\\/widgetapi\\/widget2\\/stylesheets\\/style-overlay\\.46_0\\.css",
            "cookies": 0,
            "fingerprinting": 0,
            "subdomains": [
                "cdn"
            ],
            "apis": {},
            "sites": 3,
            "prevalence": 0.000302,
            "cnames": [],
            "responseHashes": [
                "e3e8a31bca45d618e30de3d772597c57109d5956c548319949cbddf7c65c34b1"
            ],
            "type": "Stylesheet",
            "firstPartyCookies": {},
            "firstPartyCookiesSent": {},
            "exampleSites": [
                "hood.de",
                "www.outdoor-renner.de",
                "www.stoff4you.de"
            ]
        },
        {
            "rule": "trustami\\.com\\/widgetapi\\/widget2\\/stylesheets\\/style-overlay-mobile\\.46_0\\.css",
            "cookies": 0,
            "fingerprinting": 0,
            "subdomains": [
                "cdn"
            ],
            "apis": {},
            "sites": 3,
            "prevalence": 0.000302,
            "cnames": [],
            "responseHashes": [
                "f74e6fac9fe838773a187370905c6d158095227ba5f25b8426e3e559c62d3bbf"
            ],
            "type": "Stylesheet",
            "firstPartyCookies": {},
            "firstPartyCookiesSent": {},
            "exampleSites": [
                "hood.de",
                "www.outdoor-renner.de",
                "www.stoff4you.de"
            ]
        },
        {
            "rule": "trustami\\.com\\/widgetapi\\/img\\/no-demo\\.png",
            "cookies": 0,
            "fingerprinting": 0,
            "subdomains": [
                "cdn"
            ],
            "apis": {},
            "sites": 3,
            "prevalence": 0.000302,
            "cnames": [],
            "responseHashes": [
                "6cf048141d430a40de54ee2d4a658b3d8a8554e9fd8fb290e605eb65b5dc472a"
            ],
            "type": "Image",
            "firstPartyCookies": {},
            "firstPartyCookiesSent": {},
            "exampleSites": [
                "hood.de",
                "www.outdoor-renner.de",
                "www.stoff4you.de"
            ]
        },
        {
            "rule": "trustami\\.com\\/img\\/trustami-favicon\\.png",
            "cookies": 0,
            "fingerprinting": 0,
            "subdomains": [
                "cdn"
            ],
            "apis": {},
            "sites": 3,
            "prevalence": 0.000302,
            "cnames": [],