{
    "domain": "vlitag.com",
    "owner": {},
    "source": [
        "DuckDuckGo-DE"
    ],
    "prevalence": 0.000916,
    "sites": 9,
    "subdomains": [
        "services",
        "tag",
        "assets",
        "logs",
        "media"
    ],
    "cnames": [],
    "fingerprinting": 2,
    "resources": [
        {
            "rule": "vlitag\\.com\\/adv1\\/",
            "cookies": 0.000509,
            "fingerprinting": 0,
            "subdomains": [
                "services"
            ],
            "apis": {},
            "sites": 5,
            "prevalence": 0.000509,
            "cnames": [],
            "responseHashes": [
                "2338b4cddaa8a9770c6434228c02d1ee98ae6f0e71bd06faafd85ec6988157e3",
                "371f9850398e982a252074c9bef52a1a25c028a1ee9c526737263a2e2b57db80",
                "7514944d347adab0372c8ede447f012055259005b6777a73f0676eb761e86a01",
                "9f8a79bfd70758707a542fa412365e900740fd0cf73febc144a158601a15e952"
            ],
            "type": "Script",
            "exampleSites": [
                "10minutemail.com",
                "opposition24.com",
                "www.ihr-wellness-magazin.de",
                "www.poftut.com",
                "www.thewatchcartoononline.tv"
            ]
        },
        {
            "rule": "vlitag\\.com\\/v3\\/1600313084\\/",
            "cookies": 0.000713,
            "fingerprinting": 1,
            "subdomains": [
                "tag"
            ],
            "apis": {
                "window.sessionStorage": 7,
                "Document.cookie getter": 6,
                "Navigator.prototype.userAgent": 7,
                "Navigator.prototype.cookieEnabled": 5,
                "Navigator.prototype.appVersion": 2,
                "Navigator.prototype.appName": 2
            },
            "sites": 7,
            "prevalence": 0.000713,
            "cnames": [],
            "responseHashes": [
                "a4f823bd35e9c438eeb6192bfc4fa38c7f2bf8ffe4b0859d492d2f0722137aef",
                "a855aa7abdd684020d35bdddcf6ff1d299458391772b2791a58d898fb81b59a6",
                "a499c5ee1f4f0949f836dfb435069f7591d7b83869680083b6145e869078f63f",
                "201514fff81286e532925d3f2be87671989a526e83f8251e3d0d3449b1be545a",
                "952ddbcbd0f513cb793703a63620aab0f222e83408b6e4be248c349483d13cc1",
                "9c8ba1ed507e7af6bb11bd95c69026b5c177c005a3a479ece83f3cf1e485e03d"
            ],
            "type": "Script",
            "exampleSites": [
                "10minutemail.com",
                "helpdeskgeek.com",
                "opposition24.com",
                "www.ihr-wellness-magazin.de",
                "www.klamm.de",
                "www.online-tech-tips.com",
                "www.poftut.com"
            ]
        },
        {
            "rule": "vlitag\\.com\\/page_status",
            "cookies": 0.000916,
            "fingerprinting": 0,
            "subdomains": [
                "services"
            ],
            "apis": {},
            "sites": 9,
            "prevalence": 0.000916,
            "cnames": [],
            "responseHashes": [
                "41ef556b0a4f4bdd486a106c3c90f6b5b89889c3f5040af4028e81c9837994ec"
            ],
            "type": "XHR",
            "exampleSites": [
                "10minutemail.com",
                "helpdeskgeek.com",
                "mkyong.com",
                "opposition24.com",
                "www.ihr-wellness-magazin.de",
                "www.klamm.de",
                "www.online-tech-tips.com",
                "www.poftut.com",
                "www.thewatchcartoononline.tv"
            ]
        },
        {
            "rule": "vlitag\\.com\\/prebid\\/default\\/prebid-v3\\.27\\.1\\.js",
            "cookies": 0.000916,
            "fingerprinting": 2,
            "subdomains": [
                "assets"
            ],
            "apis": {
                "Navigator.prototype.userAgent": 9,
                "Navigator.prototype.cookieEnabled": 9,
                "window.sessionStorage": 9,
                "Navigator.prototype.appName": 9,
                "window.localStorage": 9,
                "Document.cookie getter": 8,
                "Date.prototype.getTime": 3,
                "Navigator.prototype.doNotTrack": 3,
                "Navigator.prototype.language": 3
            },
            "sites": 9,
            "prevalence": 0.000916,
            "cnames": [],
            "responseHashes": [
                "95fc9714dac8bd337ce132795cad502384be2789302d241d94c9fa471aa1aa90",
                "773958f96d7251976a6effa23f09d8eb1afb862698b76fb5604407a2d8fc6723"
            ],
            "type": "Script",
            "exampleSites": [
                "10minutemail.com",
                "helpdeskgeek.com",
                "mkyong.com",
                "opposition24.com",
                "www.ihr-wellness-magazin.de",
                "www.klamm.de",
                "www.online-tech-tips.com",
                "www.poftut.com",
                "www.thewatchcartoononline.tv"
            ]
        },
        {
            "rule": "vlitag\\.com\\/plugins\\/vlPlayer\\/viPlayer_v34\\.min\\.js",
            "cookies": 0.000916,
            "fingerprinting": 1,
            "subdomains": [
                "assets"
            ],
            "apis": {
                "Date.prototype.getTime": 1
            },
            "sites": 9,
            "prevalence": 0.000916,
            "cnames": [],
            "responseHashes": [
                "84d05519c9d78ab2cd2f2fb100212682aef643803183308a93c741f908526e0c"
            ],
            "type": "Script",
            "exampleSites": [
                "10minutemail.com",
                "helpdeskgeek.com",
                "mkyong.com",
                "opposition24.com",
                "www.ihr-wellness-magazin.de",
                "www.klamm.de",
                "www.online-tech-tips.com",
                "www.poftut.com",
                "www.thewatchcartoononline.tv"
            ]
        },
        {
            "rule": "vlitag\\.com\\/sub\\/",
            "cookies": 0.000916,
            "fingerprinting": 0,
            "subdomains": [
                "logs"
            ],
            "apis": {},
            "sites": 9,
            "prevalence": 0.000916,
            "cnames": [],
            "responseHashes": [
                "e3b0c44298fc1c149afbf4c8996fb92427ae41e4649b934ca495991b7852b855"
            ],
            "type": "Image",
            "exampleSites": [
                "10minutemail.com",
                "helpdeskgeek.com",
                "mkyong.com",
                "opposition24.com",
                "www.ihr-wellness-magazin.de",
                "www.klamm.de",
                "www.online-tech-tips.com",
                "www.poftut.com",
                "www.thewatchcartoononline.tv"
            ]
        },
        {
            "rule": "vlitag\\.com\\/plugins\\/cmptcf2\\/cmp2\\.js",
            "cookies": 0.000305,
            "fingerprinting": 1,
            "subdomains": [
                "assets"
            ],
            "apis": {
                "Navigator.prototype.product": 3,
                "Navigator.prototype.userAgent": 3,
                "window.localStorage": 3,
                "Document.cookie getter": 3,
                "Date.prototype.getTime": 3
            },
            "sites": 3,
            "prevalence": 0.000305,
            "cnames": [],
            "responseHashes": [
                "76d918813eae91e926a2523cb9cee953d0afb3615add22675a3ae20867c3652c"
            ],
            "type": "Script",
            "exampleSites": [
                "mkyong.com",
                "opposition24.com",
                "www.poftut.com"
            ]
        },
        {
            "rule": "vlitag\\.com\\/media\\/icon\\/vi-logo\\.svg",
            "cookies": 0.000407,
            "fingerprinting": 0,
            "subdomains": [
                "assets"
            ],