{
    "domain": "xueserverhost.com",
    "owner": {},
    "source": [
        "DuckDuckGo-DE"
    ],
    "prevalence": 0.00141,
    "sites": 14,
    "subdomains": [
        "asg1"
    ],
    "cnames": [],
    "fingerprinting": 1,
    "resources": [
        {
            "rule": "xueserverhost\\.com\\/F61CQwa\\.js",
            "cookies": 0,
            "fingerprinting": 1,
            "subdomains": [
                "asg1"
            ],
            "apis": {
                "Navigator.prototype.userAgent": 12
            },
            "sites": 13,
            "prevalence": 0.00131,
            "cnames": [],
            "responseHashes": [
                "6c7ef84f024fd83bb6d8a85b92dd05007fd299e9a25538d37383135350a4b1bf"
            ],
            "type": "Script",
            "firstPartyCookies": {},
            "firstPartyCookiesSent": {},
            "exampleSites": [
                "animalporn.me",
                "animalporn.stream",
                "animalsex.party",
                "animalsex.site",
                "animalzoosex.best",
                "dogporntube.site",
                "horseporntube.fun",
                "horsesexzoo.site",
                "zooanimalporn.club",
                "zooporn.video",
                "zoosex.me",
                "zoozooanimalsexporn.monster",
                "zoozoosexporn.com"
            ]
        },
        {
            "rule": "xueserverhost\\.com\\/api\\/spots\\/222317",
            "cookies": 0.00131,
            "fingerprinting": 0,
            "subdomains": [
                "asg1"
            ],
            "apis": {},
            "sites": 13,
            "prevalence": 0.00131,
            "cnames": [],
            "responseHashes": [
                "234f6afff944c4245629459a435161a6be88892b7fb5e99be0c79c6fc751f814",
                "caed62d9a8fcac3d940452c571ab37c047dfc35e9a3518342b04c5eecccb192b",
                "fc219a7f2ebab6e66bff0bba0db0f26e08ab9950c0691e8d99e9831cd5642f8a",
                "e099a3829045dab3eb4ecbba3299cb1eec2fa76039316359a256a1c5dee717c1",
                "8a1c569c8deb8715c7f528747f945707208df231efe4f490f3a5a8c4cb812b3b",
                "e298e596fbffc1f77799441d989b3ab03511e3f7efe0998cc39c8883679e817c",
                "aed44f1f5b3189c9d13eb36d976f0df4ec61c98b00b8478a0ab63d7e2317d927",
                "13618ce9ab41a2f9cc4abf54592f402dc3df09c6667de59a6fe42915d8c44704",
                "e150486147450d794a9923082d6405ced553d681f892301fa08c5045abd2479d",
                "89eac5210fdd13bd9ef05d380d3d34dd3927fb7223e99428f35b292da4705117",
                "427cd12478aabb02fb2af67c60c9d2372f7474982f2e608c23f484a6725ade9c",
                "bef360d7b566246669d127b854b40e3c939da204e1cf5b275b0e81d87309474e"
            ],
            "type": "Fetch",
            "firstPartyCookies": {},
            "firstPartyCookiesSent": {},
            "exampleSites": [
                "animalporn.me",
                "animalporn.stream",
                "animalsex.party",
                "animalsex.site",
                "animalzoosex.best",
                "dogporntube.site",
                "horseporntube.fun",
                "horsesexzoo.site",
                "zooanimalporn.club",
                "zooporn.video",
                "zoosex.me",
                "zoozooanimalsexporn.monster",
                "zoozoosexporn.com"
            ]
        }
    ],
    "categories": [],
    "performance": {},
    "cookies": 0.00141,
    "types": {
        "Script": 13,
        "Fetch": 13
    },
    "nameservers": [
        "ns2.topdns.me",
        "ns3.topdns.me",
        "ns1.topdns.me"
    ]
}