{
    "domain": "ahcdn.com",
    "owner": {},
    "source": [
        "DuckDuckGo"
    ],
    "prevalence": 0.000786,
    "sites": 34,
    "subdomains": [
        "ip166249210",
        "ip166251508"
    ],
    "fingerprinting": 0,
    "resources": [
        {
            "rule": "ahcdn\\.com\\/key=j2n-qzLc8TjkPqi32W1Vsw,s=,,end=1578967014\\/state=NsXy\\/reftag=093898225\\/origin=152108259\\/videos\\/b\\/7\\/2f83b423893ca81fda62fc77ac1983e462babe\\/440x250\\.mp4",
            "cookies": 0.0000462,
            "fingerprinting": 0,
            "subdomains": [
                "ip166249210"
            ],
            "apis": {},
            "sites": 2,
            "prevalence": 0.0000462
        },
        {
            "rule": "ahcdn\\.com\\/key=zGustbrkAsv6yfDpapNTBg,s=,,end=1578966540\\/state=NsXy\\/reftag=093898225\\/origin=152108259\\/videos\\/b\\/7\\/2f83b423893ca81fda62fc77ac1983e462babe\\/440x250\\.mp4",
            "cookies": 0.0000462,
            "fingerprinting": 0,
            "subdomains": [
                "ip166249210"
            ],
            "apis": {},
            "sites": 2,
            "prevalence": 0.0000462
        },
        {
            "rule": "ahcdn\\.com\\/key=JPB3-KLNG+6idlMIKcy70Q,s=,,end=1578958818\\/state=NsXy\\/reftag=093898225\\/origin=152108259\\/videos\\/0\\/c\\/245ee44a10de4bebd39bd3b20ddc4f2053bde1\\.mp4",
            "cookies": 0.0000231,
            "fingerprinting": 0,
            "subdomains": [
                "ip166251508"
            ],
            "apis": {},
            "sites": 2,
            "prevalence": 0.0000462
        },
        {
            "rule": "ahcdn\\.com\\/key=xujbBTORe+bKEEXBVb-KSw,s=,,end=1578962539\\/state=NsXy\\/reftag=093898225\\/origin=152108259\\/videos\\/2\\/1\\/1601fbd4e70797351e134b34c3d660cbc33d93\\.mp4",
            "cookies": 0.0000462,
            "fingerprinting": 0,
            "subdomains": [
                "ip166249210"
            ],
            "apis": {},
            "sites": 2,
            "prevalence": 0.0000462
        }
    ],
    "categories": [],
    "performance": {
        "time": 1,
        "size": 1,
        "cpu": 0,
        "cache": 3
    },
    "cookies": 0.000601
}