{
    "domain": "ahcdn.com",
    "owner": {},
    "source": [
        "DuckDuckGo"
    ],
    "prevalence": 0.000365,
    "sites": 18,
    "subdomains": [
        "ip166251506",
        "ip167806656",
        "ip166249210"
    ],
    "cnames": [],
    "fingerprinting": 0,
    "resources": [
        {
            "rule": "ahcdn\\.com\\/key=02SpAHf4yJ6mgUqf6hEWgA,s=,,end=1590554638\\/state=NAL7\\/reftag=093898225\\/origin=152108259\\/videos\\/2\\/1\\/1601fbd4e70797351e134b34c3d660cbc33d93\\.mp4",
            "cookies": 0.0000405,
            "fingerprinting": 0,
            "subdomains": [
                "ip166251506"
            ],
            "apis": {},
            "sites": 2,
            "prevalence": 0.0000405,
            "cnames": []
        },
        {
            "rule": "ahcdn\\.com\\/key=0cl0bBdKZ6LgC6JTz8G3XQ,s=,,end=1590376044\\/state=NAL7\\/reftag=093898225\\/origin=152108259\\/videos\\/9\\/a\\/60bf0e5030cf455def19c6f9eba899b77e6e22\\.mp4",
            "cookies": 0.0000203,
            "fingerprinting": 0,
            "subdomains": [
                "ip167806656"
            ],
            "apis": {},
            "sites": 2,
            "prevalence": 0.0000405,
            "cnames": []
        },
        {
            "rule": "ahcdn\\.com\\/key=S4XUrvjjiHa7LhUn72939A,s=,,end=1590550651\\/state=NAL7\\/reftag=093898225\\/origin=152108259\\/videos\\/a\\/1\\/91d5762aa1b0b6954d4d0c85df9c52149bb9fb\\.mp4",
            "cookies": 0.0000203,
            "fingerprinting": 0,
            "subdomains": [
                "ip166249210"
            ],
            "apis": {},
            "sites": 2,
            "prevalence": 0.0000405,
            "cnames": []
        }
    ],
    "categories": [],
    "performance": {},
    "cookies": 0.000223,
    "types": {
        "Media": 6
    }
}