{
    "domain": "webengage.co",
    "owner": {
        "name": "Webklipper Technologies Pvt Ltd",
        "displayName": "Webklipper"
    },
    "source": [
        "DuckDuckGo"
    ],
    "prevalence": 0.000486,
    "sites": 24,
    "subdomains": [
        "z71681296",
        "76a9a71",
        "11b564088",
        "8261812b",
        "zc2ab3738",
        "14507c325",
        "z15ba20876",
        "311c5643",
        "z10a5caac9",
        "z13410604b",
        "z10a5caccd",
        "311c48c7",
        "d3a4aba0",
        "z47b66864",
        "z134106257",
        "z134105974",
        "z47b65873",
        "z10a5cc115",
        "z47b6642d",
        "82618208",
        "58addc52"
    ],
    "cnames": [],
    "fingerprinting": 1,
    "resources": [
        {
            "rule": "webengage\\.co\\/storage-frame-1\\.16\\.htm",
            "cookies": 0,
            "fingerprinting": 1,
            "subdomains": [
                "z71681296",
                "76a9a71",
                "11b564088",
                "8261812b",
                "zc2ab3738",
                "14507c325",
                "z15ba20876",
                "311c5643",
                "z10a5caac9",
                "z13410604b",
                "z10a5caccd",
                "311c48c7",
                "d3a4aba0",
                "z47b66864",
                "z134106257",
                "z134105974",
                "z47b65873",
                "z10a5cc115",
                "z47b6642d",
                "82618208",
                "58addc52"
            ],
            "apis": {
                "window.localStorage": 24,
                "Date.prototype.getTime": 2
            },
            "sites": 24,
            "prevalence": 0.000486,
            "cnames": []
        }
    ],
    "categories": [],
    "performance": {},
    "cookies": 0,
    "types": {
        "Document": 24
    }
}