{
    "domain": "aaxads.com",
    "owner": {
        "name": "Acceptable Ads Exchange",
        "displayName": "Acceptable Ads Exchange"
    },
    "source": [
        "DuckDuckGo-NO"
    ],
    "prevalence": 0.00353,
    "sites": 35,
    "subdomains": [
        "c",
        "l3"
    ],
    "cnames": [],
    "fingerprinting": 2,
    "resources": [
        {
            "rule": "aaxads\\.com\\/aax\\.js",
            "cookies": 0.00353,
            "fingerprinting": 1,
            "subdomains": [
                "c"
            ],
            "apis": {
                "Navigator.prototype.userAgent": 35,
                "Date.prototype.getTimezoneOffset": 34,
                "window.sessionStorage": 34,
                "Date.prototype.getTime": 35,
                "Document.cookie getter": 32,
                "window.localStorage": 35,
                "Document.cookie setter": 32,
                "Navigator.prototype.vendor": 1
            },
            "sites": 35,
            "prevalence": 0.00353,
            "cnames": [],
            "responseHashes": [
                "9a882b15042007441d9c875d1d6d8754977f43072f3abf1a6dea4c56ee2adbd1",
                "289c7b0faaf5f07b0213e5cfcc29ca6f837f9cdc1cae10e3e354216d4b0e1388",
                "56d76381a5123a8ace8966ed0baad6c14572e8a53de133a66e0121604cb7540f",
                "2e211dfeba509afaff224f3e0e852618a95a76463472e91c965d0a6b97e8298f",
                "28e8417f696fa6f417ffde79d5f29ab672f67c06cedeaaac7feb803604280136",
                "7ec82073bbd110e21a8872618678456373e366b0655aac03d41d62b7a0cac8b8",
                "16785424b9c89aff87ff0419979cd7212b5373d9ea812ccb99bc29353646bf3f",
                "5b065ea504dc2fda299a62f33fb9918a7e4306e7c9ab768ab475a21f4fb31c25",
                "518ad96db940c9f5c86b6bbe1474cc66fc86eb38f6bab196c9003d030502067d",
                "aa799fa37aa77cdfa6cf1f13ca85bbde4413a8a68c0f61831e1001358b8cf563",
                "6a0ebb29ad153c2442bf60dd9fe09109e1e54a515692369ef2b9b37ca3a2c8b2",
                "c860219b14bc3dc8c7ac169fb74550f35a40d26be5af256882d4f6975609e55c",
                "87e8077808680e9424a54b13323d200717154fd17e736048ce89e90555d1ebcc",
                "8e732611b829f5de4fd9b6f98c9d75711c03c3a89c3ef1a143f8ccd5282616b8",
                "35102010064202705a3106e059980849da19dacb4e3df4d4f8cc4659fbf98e91",
                "016560f03eeb366409d06a5d1df3b9d8760c54bc0903ed57f2b3c551acec94ed",
                "25396416070021484c5914263cc6aeb42f91b8c4ccb8c68e2e7f6f2a00bfa6e8",
                "8a9511d88c4b2b353c5740246bc502ca32bc9232b42368e1ba4286ecd2d77daa",
                "74ce6c26b76de05cea730e563e2bebe7b87686a3b792b10e08f47271b1840868",
                "3d7b48fa1ecafa939eee8ce368728bf47561d522a6859618d45547641d5ed4a9",
                "353dbd63afad998df01383a46d26247bfe87c73897b1301b6bea3ff38c7db995",
                "92f02b259b6aa82b4e2bdc00545359b1fb99e33800714d783051ecb73b2015fa",
                "f4fce74310524d10260ee2ac318b154ec82ede4d38ccdb47564bc531375083f0",
                "bb9bdfcb36fb359a3a34677650dc630b59268e73e7ee22f7216422dcda7b9a8c",
                "a539e6ce4e6184f5ddfbe36b4155f79de2502addb8285d426c79b1e453f34369",
                "235423d050a1a28d19fd4d8b7230b7c3f5c0d4b1f7038b1a3c69f75f1727ae8c",
                "85f9c7b4c36281bb09af8f42eded5d6890bdbf74177f7550f4b4cdb3eefff0fa",
                "95b523746800b28ac89f8e20b9d6f50717a1ca63d10a9087cec9b387e6fdfd84",
                "6d3713f037ebc2fe4534f9111ff643f5816ef05325788eb31c1848ccfbd698c6",
                "2191989e03aeb5e40afbec859b0775f2053a09591e806b5f64689090759e1a1e",
                "eaf4495ba50a631130f34b3a395f91b9066b30712716a3a28bb0ed82ea28f03e",
                "475057c69564e8add24fbd36392d64d376c70afd920c5b84e4952f7164f87cd5",
                "bbb2f3189f151b4df76ec62aa911cc2061885bfc0bdff1d4b364e50c8723349f",
                "a318ecaaaf20a3a39521bc45c0152240eecc78e7148668345cc37515f8ad1888"
            ],
            "type": "Script",
            "firstPartyCookies": {
                "aasd": {
                    "ttl": null,
                    "length": 17,
                    "prevalence": 0.003223856538384042,
                    "uniqueness": 1
                },
                "__aaxsc": {
                    "ttl": null,
                    "length": 1,
                    "prevalence": 0.003223856538384042,
                    "uniqueness": 0.0625
                }
            },
            "firstPartyCookiesSent": {
                "_li_dcdm_c": 0.00040298206729800525,
                "get_top_level_domain_cookie": 0.00020149103364900262
            },
            "exampleSites": [
                "m.ranker.com",
                "mashable.com",
                "www.reddit.com",
                "www.stuff.co.nz",
                "tor-browser.en.softonic.com",
                "www.monstersandcritics.com",
                "www.supercheats.com",
                "ccm.net",
                "www.resetera.com",
                "onedio.com",
                "skyrimcommands.com",
                "www.askmen.com",
                "gbatemp.net",
                "ezgif.com",
                "windowsreport.com",
                "www.ranker.com",
                "gamepress.gg",
                "old.reddit.com",
                "thedailycoin.org",
                "www.seattletimes.com"
            ]
        },
        {
            "rule": "aaxads\\.com\\/pxusr\\.gif",
            "cookies": 0,
            "fingerprinting": 0,
            "subdomains": [
                "c"
            ],
            "apis": {},
            "sites": 35,
            "prevalence": 0.00353,
            "cnames": [],
            "responseHashes": [
                "8ac1703c1c34b2be426deda409d39258f82fae17f13e645f377f337a954aedde"
            ],
            "type": "Image",
            "firstPartyCookies": {},
            "firstPartyCookiesSent": {},
            "exampleSites": [
                "m.ranker.com",
                "mashable.com",
                "www.reddit.com",
                "www.monstersandcritics.com",
                "www.resetera.com",
                "arkids.net",
                "www.washingtontimes.com",
                "en.softonic.com",
                "brickset.com",
                "onedio.com",
                "prosettings.net",
                "www.ghacks.net",
                "gamepress.gg",
                "skyrimcommands.com",
                "progameguides.com",
                "www.gamerevolution.com",
                "gbatemp.net",
                "softonic.com",
                "tor-browser.en.softonic.com",
                "www.billboard.com"
            ]
        },
        {
            "rule": "aaxads\\.com\\/log",
            "cookies": 0,
            "fingerprinting": 0,
            "subdomains": [
                "l3"
            ],
            "apis": {},
            "sites": 35,
            "prevalence": 0.00353,
            "cnames": [],
            "responseHashes": [
                "796c46ec10bc9105545f6f90d51593921b69956bd9087eb72bee83f40ad86f90"
            ],
            "type": "Image",
            "firstPartyCookies": {},
            "firstPartyCookiesSent": {
                "_li_dcdm_c": 0.00040298206729800525,
                "get_top_level_domain_cookie": 0.00020149103364900262
            },