{
    "domain": "bannerflow.net",
    "owner": {},
    "source": [
        "DuckDuckGo-NO"
    ],
    "prevalence": 0.00221,
    "sites": 22,
    "subdomains": [
        "c"
    ],
    "cnames": [],
    "fingerprinting": 2,
    "resources": [
        {
            "rule": "bannerflow\\.net\\/tr\\/v2\\/pixel",
            "cookies": 0.00181,
            "fingerprinting": 0,
            "subdomains": [
                "c"
            ],
            "apis": {},
            "sites": 18,
            "prevalence": 0.00181,
            "cnames": [],
            "responseHashes": [
                "e3b0c44298fc1c149afbf4c8996fb92427ae41e4649b934ca495991b7852b855"
            ],
            "type": "Other",
            "firstPartyCookies": {},
            "firstPartyCookiesSent": {},
            "exampleSites": [
                "e24.no",
                "www.aftenposten.no",
                "www.dalane-tidende.no",
                "www.dustin.no",
                "www.dustinhome.no",
                "www.fremover.no",
                "www.helg.no",
                "www.ifinnmark.no",
                "www.lofot-tidende.no",
                "www.op.no",
                "www.prisjakt.no",
                "www.prisjakt.nu",
                "www.rablad.no",
                "www.ranablad.no",
                "www.sb.no",
                "www.smaalenene.no",
                "www.tb.no",
                "www.tk.no"
            ]
        },
        {
            "rule": "bannerflow\\.net\\/fs\\/api\\/v2\\/font",
            "cookies": 0.00171,
            "fingerprinting": 0,
            "subdomains": [
                "c"
            ],
            "apis": {},
            "sites": 17,
            "prevalence": 0.00171,
            "cnames": [],
            "responseHashes": [
                "b2b1e711e591707f4e7d869682238557638529f888cc1bb8793021c6edfda04a",
                "d1612a0fbe69aefaf049c09fe247205ba12866c17d8dc0ae3946f9fc4e8cfa4c",
                "0f04ba36540c25447904bdfcd18b77eb9ec768176c2790b4ac31a45b3964d0ab",
                "15028f4b8d30c9d5ad94180000e432a5b63832fea047cc0630c4421cc573cba1",
                "a21544a68197fa609fd80047e21b389f9705960cce33acd54b1bae9b03f7f6f6",
                "9538b94b680b10f915ab4e53b0c646c3aae968943df1c5e205683272d4d3b04f",
                "8d05745314abd9f90e1b0943b730ad3ee38d1359b2579baca146e84b445a66af",
                "cb1da67a348329cf0c8f7e004f6ff8943a9c2a391c6c9a9a1da6f08c0848e3a0",
                "30afc2c1239b4c8896cc766d1d7f3a9ccba9e6d143bf3e6096ed5c6cf42695cd",
                "47e5618a5d9e4fc719212842724fa83c6e8fa18282c7a60b4f9986339bc8a758",
                "ef3f1d34cca5a925452f38e04a8ba38e8ecbf70aa39e46c2e6cfc9c284cdb775",
                "7d69135a70ab9b243bcf6044e601b3fc5574bcea6c0a80cf99be1a08dabdef3b",
                "57a137a5b3631a8620dbc3ddc5f5dbd07c1124f09d73255a95335433661709a1",
                "35a39180e4acc5b0796ba88fc5dcbaf380398abfac0c020ee4066c39d61a2970",
                "c38bec29fc5a972659c36e976ec8b7b0e82ac901da5f4a867b268961e05abc9e"
            ],
            "type": "Font",
            "firstPartyCookies": {},
            "firstPartyCookiesSent": {},
            "exampleSites": [
                "e24.no",
                "www.aftonbladet.se",
                "www.aftenposten.no",
                "www.dalane-tidende.no",
                "www.fremover.no",
                "www.helg.no",
                "www.ifinnmark.no",
                "www.op.no",
                "www.prisjakt.no",
                "www.prisjakt.nu",
                "www.rablad.no",
                "www.ranablad.no",
                "www.sb.no",
                "www.smaalenene.no",
                "www.tb.no",
                "www.svd.se",
                "www.tk.no"
            ]
        },
        {
            "rule": "bannerflow\\.net\\/io\\/api\\/image\\/optimize",
            "cookies": 0.00161,
            "fingerprinting": 0,
            "subdomains": [
                "c"
            ],
            "apis": {},
            "sites": 16,
            "prevalence": 0.00161,
            "cnames": [],
            "responseHashes": [
                "e34deb76b5d7d52afa5865baaf4f3e55fce08995a151fc2d78a7ce9cbeb25b50",
                "db9dd0afb11f059bb2edd437b7a72502900d5d969c42adf682e8b93795d4f628",
                "9d4b54b405473967c708dedf1b827833426b0ad5f118614b2fc41b3d91f4a9a9",
                "6c484397455036d09d391f7a768692f297feba60bd9e200e13692e12ed64f650",
                "4befa866be45a42eba1200eb339828f684c5e1a88ad6995a8afed20b4eeee1df",
                "d3b5ce4c1b8db5f6c02c5abc65caa3ac87dc85578916f25ec29fde7f5b98fded",
                "d7a698a0052763b6411128d200412ce00a07c1d15d92fa5f5bc1877a84824fcc",
                "b201a13d78047cea540937b567b835fc4909edb2cc7554f10e6d8e9854d94f42",
                "7793cbc966e53871d6e60d298073b9df62bc82f68d2af7c486d9ef6fd86d6585",
                "90ac3dcfcf0809239d2391b04b06a790904bf047192101b97489f3a4ef124501",
                "1eb5fcff943fad1b1855301f36dddcaf5e8e90d0cea7e71b7821f78af40bddf1",
                "ba376843ff04240d7a88d9e1543d25bd252324ef9e0ea8b0704085017cf5f10e",
                "ed5fa962fb7c9b098e4abc0956e2da68b4d5660d827428b9663d19a0765a2593"
            ],
            "type": "Image",
            "firstPartyCookies": {},
            "firstPartyCookiesSent": {},
            "exampleSites": [
                "e24.no",
                "bors.e24.no",
                "www.aftenposten.no",
                "www.dalane-tidende.no",
                "www.helg.no",
                "www.ifinnmark.no",
                "www.lofot-tidende.no",
                "www.op.no",
                "www.prisjakt.no",
                "www.prisjakt.nu",
                "www.rablad.no",
                "www.ranablad.no",
                "www.sb.no",
                "www.smaalenene.no",
                "www.tb.no",
                "www.tk.no"
            ]
        },
        {
            "rule": "bannerflow\\.net\\/scripts\\/animated-creative\\.c5b76fb64da6d2dc7532\\.js",
            "cookies": 0.000502,
            "fingerprinting": 1,
            "subdomains": [
                "c"
            ],
            "apis": {
                "Navigator.prototype.userAgent": 5,
                "Navigator.prototype.vendor": 5
            },
            "sites": 5,
            "prevalence": 0.000502,
            "cnames": [],
            "responseHashes": [
                "50bf11088effbe4314810d8309a06a72c33e9cabaf234f50aef9052650292868"
            ],
            "type": "Script",
            "firstPartyCookies": {},
            "firstPartyCookiesSent": {},
            "exampleSites": [
                "e24.no",
                "www.ifinnmark.no",
                "www.op.no",
                "www.prisjakt.nu",
                "www.tb.no"
            ]
        },
        {
            "rule": "bannerflow\\.net\\/scripts\\/widget\\.4b9fd76dcab6cf8cf21b\\.js",
            "cookies": 0.000301,
            "fingerprinting": 0,
            "subdomains": [
                "c"
            ],
            "apis": {},
            "sites": 3,
            "prevalence": 0.000301,
            "cnames": [],
            "responseHashes": [
                "421c172f4f115ba30cbb6ad5b5b706c9084b2033f6a70a72efce5a20bf0689e9"
            ],
            "type": "Script",
            "firstPartyCookies": {},
            "firstPartyCookiesSent": {},
            "exampleSites": [
                "aftonbladet.se",
                "www.lofot-tidende.no",
                "www.svd.se"
            ]
        },
        {
            "rule": "bannerflow\\.net\\/scripts\\/animated-creative\\.e2c7880b8bf6403037f0\\.js",
            "cookies": 0.000703,
            "fingerprinting": 1,
            "subdomains": [
                "c"
            ],
            "apis": {
                "Navigator.prototype.userAgent": 7,
                "Navigator.prototype.vendor": 7
            },
            "sites": 7,