{
    "domain": "bannerflow.net",
    "owner": {},
    "source": [
        "DuckDuckGo-NO"
    ],
    "prevalence": 0.00112,
    "sites": 11,
    "subdomains": [
        "c"
    ],
    "cnames": [],
    "fingerprinting": 1,
    "resources": [
        {
            "rule": "bannerflow\\.net\\/scripts\\/animated-creative\\.5\\.7f0e68ca475c0cd5c49b\\.js",
            "cookies": 0.000811,
            "fingerprinting": 1,
            "subdomains": [
                "c"
            ],
            "apis": {
                "Navigator.prototype.userAgent": 8
            },
            "sites": 8,
            "prevalence": 0.000811,
            "cnames": [],
            "responseHashes": [
                "5a084e647a43938e31a84d0ddae194ca92bc5f04cf66a16a216416afc3551196"
            ]
        },
        {
            "rule": "bannerflow\\.net\\/fs\\/api\\/v2\\/font",
            "cookies": 0.00101,
            "fingerprinting": 0,
            "subdomains": [
                "c"
            ],
            "apis": {},
            "sites": 10,
            "prevalence": 0.00101,
            "cnames": [],
            "responseHashes": [
                "a160f99705689fc50c2af0509af00313d145057db090afd26f200e5a899219e5",
                "597028d50ffcbdc62c2bde438a823e0f35fdcb7030696bec1eadf692488ee882",
                "50006f4087fd702bd6c4f356a63516307d14b00aae2f8286b84b4728a626b9a4",
                "443add277d4b93c0faada1a7ca5a501462ebd0c7f3c93cd4253a8029076bf243",
                "4ebb51bf8dbb100a2215fc28c9fabd9f85fcb0669cdca385007487fd775edb8b",
                "7834448de950b1fba8d550ee50d4e76f51ec7cfd7c2097a67fc13ed29f32c41c",
                "63c326aaa49d0972a73df96f7076b865be070a627a7cc67ad0feb90e09bb6ec1",
                "dd1298e6505463e1bcafac2f7715d576250ceaf9683c726ac4631beef24605f7",
                "a4a8cbe56cc60f2bbe379d5ab1e94e9d3ac9d177f0c900112fa35f2cba1acefb"
            ]
        },
        {
            "rule": "bannerflow\\.net\\/io\\/api\\/image\\/optimize",
            "cookies": 0.00112,
            "fingerprinting": 0,
            "subdomains": [
                "c"
            ],
            "apis": {},
            "sites": 12,
            "prevalence": 0.00122,
            "cnames": [],
            "responseHashes": [
                "f14543bfb07ff024d5679ea46d1814ea91b6414a0dc1daa95cc30f77ebb51b92",
                "21b88052589fb3baf26edba3cfa28ab2673eaa92f7e573b4fa037048f36e7688",
                "482b3cd86bc45c8c3893baa415add33caad8789e220e3c20465f54a54945d329",
                "bf05ebb1210821807b4b8942a21a7b04452b4915ceb9201ad00b37e69f267213",
                "517238286b24e776d60c53e0b144538d24b8acf2ea1c2a5717601ecb65248355",
                "30c9b2c2a0c8ca80b986fd795f599270648bf04a858e844a819fc4e94f9117f9",
                "72ab46eb2682b6b9f2c08911406f21c9b386d275249e6645a732bfbe420bacbb",
                "f0d03a8a0dbba392556668b415daa6cbf23924d7eddb44d36e793f642b0114e9",
                "3c4f57d9fdc18923d5c32a513205624812a59cab8908b8e379ede44267df0233",
                "c9359f7455024393e69df0f5c6473bd8fade096db74d316a717d1a8d4ec2bf70",
                "4d6895320292b4ab0854a700acc0f1e0e81e291d2f7645efab661f54edc3b715"
            ]
        },
        {
            "rule": "bannerflow\\.net\\/accounts\\/aftenpost-no\\/5addfbec890ac04cccdb0933\\/images\\/abe35f8f-d246-4038-8569-f2efb7e7a02e\\.svg",
            "cookies": 0.000101,
            "fingerprinting": 0,
            "subdomains": [
                "c"
            ],
            "apis": {},
            "sites": 2,
            "prevalence": 0.000203,
            "cnames": [],
            "responseHashes": [
                "a498822661958ef10f242cec9a1b057b6216f2a12c8dd1bd28b3b0b5f3b2125d"
            ]
        },
        {
            "rule": "bannerflow\\.net\\/accounts\\/tele2\\/5b87ddd842b953241ca7d568\\/images\\/4915f38b-710a-4823-8ed5-3117c7085468\\.svg",
            "cookies": 0.000101,
            "fingerprinting": 0,
            "subdomains": [
                "c"
            ],
            "apis": {},
            "sites": 2,
            "prevalence": 0.000203,
            "cnames": [],
            "responseHashes": [
                "aed1550f076dcca69b3335045136943ea619824320bc42766432d1ae4447a858"
            ]
        },
        {
            "rule": "bannerflow\\.net\\/accounts\\/tele2\\/5b87ddd842b953241ca7d568\\/images\\/e0c8ab91-acca-411c-b8d6-dab02d996714\\.svg",
            "cookies": 0.000101,
            "fingerprinting": 0,
            "subdomains": [
                "c"
            ],
            "apis": {},
            "sites": 2,
            "prevalence": 0.000203,
            "cnames": [],
            "responseHashes": [
                "de14fbf92c16921d7bc2bc0b56d10747ee227db52f8f50de677abe736349b367"
            ]
        },
        {
            "rule": "bannerflow\\.net\\/accounts\\/aftonbladet\\/573c33cb082dcc0960609e07\\/images\\/5a1b6982-7b26-4d85-9279-36300ae607fd\\.svg",
            "cookies": 0.000101,
            "fingerprinting": 0,
            "subdomains": [
                "c"
            ],
            "apis": {},
            "sites": 2,
            "prevalence": 0.000203,
            "cnames": [],
            "responseHashes": [
                "cdb170bb9152ca424f79e301155120b95edada65710691889f263db5a022803f"
            ]
        },
        {
            "rule": "bannerflow\\.net\\/scripts\\/animated-creative\\.5\\.53a97c7b06d9c7df2f39\\.js",
            "cookies": 0.000203,
            "fingerprinting": 1,
            "subdomains": [
                "c"
            ],
            "apis": {
                "Navigator.prototype.userAgent": 2
            },
            "sites": 2,
            "prevalence": 0.000203,
            "cnames": [],
            "responseHashes": [
                "10173ecb10dd17f9d8ed7a3f8e1c46ff27196c0d4f9f7d9f08c4640bb8b8c364"
            ]
        },
        {
            "rule": "bannerflow\\.net\\/accounts\\/aftenpost-no\\/5addfbec890ac04cccdb0933\\/images\\/ad3c5a30-b3a0-4ee5-9ca5-f181a9457a84\\.svg",
            "cookies": 0.000101,
            "fingerprinting": 0,
            "subdomains": [
                "c"
            ],
            "apis": {},
            "sites": 2,
            "prevalence": 0.000203,
            "cnames": [],
            "responseHashes": [
                "4055071fce82b9e9972289fe928c264d68f63b0b1877a247ba074d2d9bafaf24"
            ]
        },
        {
            "rule": "bannerflow\\.net\\/accounts\\/aftenpost-no\\/5addfbec890ac04cccdb0933\\/images\\/89544151-e95a-4a70-9359-53105baa5f79\\.svg",
            "cookies": 0.000101,
            "fingerprinting": 0,
            "subdomains": [
                "c"
            ],
            "apis": {},
            "sites": 2,
            "prevalence": 0.000203,
            "cnames": [],
            "responseHashes": [
                "a4ac4d165ff3f937ef82362c76c33804d40024dbc40a53bb2eba965619e7a3aa"
            ]
        },
        {
            "rule": "bannerflow\\.net\\/accounts\\/aftenpost-no\\/5addfbec890ac04cccdb0933\\/images\\/8df8b0b8-a2a3-4d9c-89e8-1b0965441b31\\.svg",
            "cookies": 0.000101,
            "fingerprinting": 0,
            "subdomains": [
                "c"
            ],
            "apis": {},
            "sites": 2,
            "prevalence": 0.000203,
            "cnames": [],
            "responseHashes": [
                "e4b630a5b09cc8a6293ee50bbf083e50b7609e4ab4745a399d14a585d21051ea"
            ]
        },
        {
            "rule": "bannerflow\\.net\\/accounts\\/aftenpost-no\\/5addfbec890ac04cccdb0933\\/images\\/39ad22b6-dc6a-4d42-89fa-e7a69f5656cc\\.svg",
            "cookies": 0.000101,
            "fingerprinting": 0,
            "subdomains": [
                "c"
            ],
            "apis": {},
            "sites": 2,
            "prevalence": 0.000203,
            "cnames": [],