{
    "domain": "doublepimp.com",
    "owner": {},
    "source": [
        "DuckDuckGo-NO"
    ],
    "prevalence": 0.00141,
    "sites": 14,
    "subdomains": [
        "cdn.engine.phn",
        "engine.phn"
    ],
    "cnames": [],
    "fingerprinting": 2,
    "resources": [
        {
            "rule": "doublepimp\\.com\\/Scripts\\/infinity\\.js\\.aspx",
            "cookies": 0.001,
            "fingerprinting": 2,
            "subdomains": [
                "cdn.engine.phn"
            ],
            "apis": {
                "Navigator.prototype.userAgent": 10,
                "Navigator.prototype.platform": 10,
                "window.sessionStorage": 10,
                "window.localStorage": 10,
                "Date.prototype.getTimezoneOffset": 10,
                "Screen.prototype.width": 10,
                "Screen.prototype.height": 10,
                "Navigator.prototype.mimeTypes": 10,
                "Document.cookie getter": 3,
                "Document.cookie setter": 1
            },
            "sites": 10,
            "prevalence": 0.001,
            "cnames": [],
            "responseHashes": [
                "0d217ab5cb64b17dca3cdc9f2d6fa1a0b080b34299bcdbb5450a85ea7edf08e4",
                "70678dc180de0127af6713cf3dd0b5b5769528b0167fce1c639124fd2d557631",
                "5f091323ec47122381c35e97b1bddb3fb8615bcc5d41de4b8d42b28a41580f07",
                "5f08336070b2fe0d8843eae23d3591c89aa440818912d42d212c8784b3f31f73",
                "053673a32abcfb5fb235ae4125579e15480ec2de6ccf31f62aaff153fdb41381",
                "ae8a893e654daf07f2e99483de0001b69594522e1c8761f2639cdb9c21687984",
                "4b79c42214fbe716e1dd53a298093683b31abb181255a36bce677ba90c3991a0",
                "8e256b49b4529dc3dd3aa53ac873b76c56501132e6e4e289ad90fca28c2c15f7",
                "31a9d654ae0eb535d3791f7c52aca6d8fe52852241e7be602df09d2b031caa61"
            ],
            "type": "Script",
            "firstPartyCookies": {
                "g36FastPopSessionRequestNumber": {
                    "ttl": null,
                    "length": 1,
                    "prevalence": 0.00010046212577858148,
                    "uniqueness": 1
                }
            },
            "firstPartyCookiesSent": {},
            "exampleSites": [
                "efukt.com",
                "fapxl.com",
                "m.fuqer.com",
                "oncam.me",
                "pornve.com",
                "www.fuqer.com",
                "www.gotporn.com",
                "www.nudevista.com",
                "www.pornhd.com",
                "www.porntube.com"
            ]
        },
        {
            "rule": "doublepimp\\.com\\/Tag\\.engine",
            "cookies": 0.001,
            "fingerprinting": 0,
            "subdomains": [
                "engine.phn"
            ],
            "apis": {},
            "sites": 10,
            "prevalence": 0.001,
            "cnames": [],
            "responseHashes": [
                "3b3be278ec753742118a3fed3f67d7dbe76dbe3ee8b58fdea3613eac09cd4262",
                "b3d79ef734ff6b058644cfb2c209f4501658396437b92d0f5b97a34abae2a422",
                "b7ccee81bb377d3faac3c49095bb56656c42fe7b6645acda23145b5c01311cdd",
                "758ce1e949fe3ca69444b89708c7c659b47b32db09329864cc2e60b58f7f99d9",
                "393ac9973ee4b6d045917b3c9bb9851a7a7da5c71a758e00547b51c69bc9783e",
                "f4d1972e68368038db6fa3656af4edf33a3497f7234e9bfc935815000e31093b",
                "6a3f4f51885e47c8f93a066bd56f4e049cfb745f245342d3af3fc04d5443eddc",
                "bcb9653b678b3bd24395490a39b7c130efcd1b87208c5bf2c05c3ae8f6cdcf8d",
                "0630ec144d3c911c64da9c0765a1cc733f17660ec94f08816986e01b6032a55d"
            ],
            "type": "Script",
            "firstPartyCookies": {},
            "firstPartyCookiesSent": {},
            "exampleSites": [
                "efukt.com",
                "fapxl.com",
                "m.fuqer.com",
                "oncam.me",
                "pornve.com",
                "www.fuqer.com",
                "www.gotporn.com",
                "www.nudevista.com",
                "www.pornhd.com",
                "www.porntube.com"
            ]
        },
        {
            "rule": "doublepimp\\.com\\/Scripts\\/MediaScripts\\/b\\.js",
            "cookies": 0.000301,
            "fingerprinting": 1,
            "subdomains": [
                "cdn.engine.phn"
            ],
            "apis": {
                "Navigator.prototype.userAgent": 3,
                "Date.prototype.getTime": 3
            },
            "sites": 3,
            "prevalence": 0.000301,
            "cnames": [],
            "responseHashes": [
                "549ab2f9c2dfdee4dbc7632d379c03972b3a1ef2e130fb17f29052e080a117fe"
            ],
            "type": "Script",
            "firstPartyCookies": {},
            "firstPartyCookiesSent": {},
            "exampleSites": [
                "efukt.com",
                "oncam.me",
                "www.nudevista.com"
            ]
        },
        {
            "rule": "doublepimp\\.com\\/Scripts\\/MediaScripts\\/i\\.js",
            "cookies": 0.000603,
            "fingerprinting": 0,
            "subdomains": [
                "cdn.engine.phn"
            ],
            "apis": {},
            "sites": 6,
            "prevalence": 0.000603,
            "cnames": [],
            "responseHashes": [
                "88fc335cb5371d34c6797be7410367a27602cd805fd3075084b592e1eea9cad9"
            ],
            "type": "Script",
            "firstPartyCookies": {},
            "firstPartyCookiesSent": {},
            "exampleSites": [
                "fapxl.com",
                "m.fuqer.com",
                "oncam.me",
                "www.fuqer.com",
                "www.gotporn.com",
                "www.pornhd.com"
            ]
        },
        {
            "rule": "doublepimp\\.com\\/link\\.engine",
            "cookies": 0.000301,
            "fingerprinting": 0,
            "subdomains": [
                "engine.phn"
            ],
            "apis": {},
            "sites": 3,
            "prevalence": 0.000301,
            "cnames": [],
            "responseHashes": [],
            "type": "Document",
            "firstPartyCookies": {},
            "firstPartyCookiesSent": {},
            "exampleSites": [
                "spankbang.com",
                "ru.spankbang.com",
                "stvid.com"
            ]
        },
        {
            "rule": "doublepimp\\.com\\/Redirect\\.eng",
            "cookies": 0.000402,
            "fingerprinting": 0,
            "subdomains": [
                "engine.phn"
            ],
            "apis": {},
            "sites": 4,
            "prevalence": 0.000402,
            "cnames": [],
            "responseHashes": [
                "e553011b335ebea0f7c5602242e4edb8cbda7d2eff3548d331221509743ee9b5",
                "c79ea60270926c05e2768d23c5f1e29d4bdf4f24ed338e8b45bee9cac0b7e444"
            ],
            "type": "Document",
            "firstPartyCookies": {},
            "firstPartyCookiesSent": {},
            "exampleSites": [
                "spankbang.com",
                "ru.spankbang.com",
                "stvid.com",
                "www.analdin.com"
            ]
        },
        {
            "rule": "doublepimp\\.com\\/preroll\\.engine",
            "cookies": 0.000201,
            "fingerprinting": 0,
            "subdomains": [
                "engine.phn"
            ],
            "apis": {},
            "sites": 2,
            "prevalence": 0.000201,
            "cnames": [],
            "responseHashes": [
                "fc364f756b626f71121aecb5baa07fae59094cf0a1d75635fbd7ecc764999c76"
            ],
            "type": "Fetch",
            "firstPartyCookies": {},
            "firstPartyCookiesSent": {},
            "exampleSites": [
                "analdin.com",
                "www.nastyvideotube.com"
            ]
        }
    ],