{
    "domain": "gaug.es",
    "owner": {},
    "source": [
        "DuckDuckGo-NO"
    ],
    "prevalence": 0.000402,
    "sites": 4,
    "subdomains": [
        "secure"
    ],
    "cnames": [],
    "fingerprinting": 1,
    "resources": [
        {
            "rule": "gaug\\.es\\/track\\.js",
            "cookies": 0.000301,
            "fingerprinting": 1,
            "subdomains": [
                "secure"
            ],
            "apis": {
                "Date.prototype.getTime": 4,
                "Document.cookie setter": 3,
                "Navigator.prototype.userAgent": 4,
                "Document.cookie getter": 3,
                "Screen.prototype.width": 4
            },
            "sites": 4,
            "prevalence": 0.000402,
            "cnames": [],
            "responseHashes": [
                "df2698e6cf74ed890afa92da10051f880df2ce0b3257b73c5d9ae2f6bea82d3c"
            ],
            "type": "Script",
            "firstPartyCookies": {
                "_gauges_cookie": {
                    "ttl": 5,
                    "length": 1,
                    "prevalence": 0.0003011443485243927,
                    "uniqueness": 0.3333333333333333
                },
                "_gauges_unique_hour": {
                    "ttl": 3604,
                    "length": 1,
                    "prevalence": 0.0003011443485243927,
                    "uniqueness": 0.3333333333333333
                },
                "_gauges_unique_day": {
                    "ttl": 86404,
                    "length": 1,
                    "prevalence": 0.0003011443485243927,
                    "uniqueness": 0.3333333333333333
                },
                "_gauges_unique_month": {
                    "ttl": 2678404,
                    "length": 1,
                    "prevalence": 0.0003011443485243927,
                    "uniqueness": 0.3333333333333333
                },
                "_gauges_unique_year": {
                    "ttl": 31536004,
                    "length": 1,
                    "prevalence": 0.0003011443485243927,
                    "uniqueness": 0.3333333333333333
                },
                "_gauges_unique": {
                    "ttl": 31536004,
                    "length": 1,
                    "prevalence": 0.0003011443485243927,
                    "uniqueness": 0.3333333333333333
                }
            },
            "firstPartyCookiesSent": {},
            "exampleSites": [
                "smittenkitchen.com",
                "stackoverflow.blog",
                "wattsupwiththat.com",
                "www.omgubuntu.co.uk"
            ]
        },
        {
            "rule": "gaug\\.es\\/track\\.gif",
            "cookies": 0,
            "fingerprinting": 0,
            "subdomains": [
                "secure"
            ],
            "apis": {},
            "sites": 4,
            "prevalence": 0.000402,
            "cnames": [],
            "responseHashes": [
                "8337212354871836e6763a41e615916c89bac5b3f1f0adf60ba43c7c806e1015"
            ],
            "type": "Image",
            "firstPartyCookies": {},
            "firstPartyCookiesSent": {},
            "exampleSites": [
                "smittenkitchen.com",
                "stackoverflow.blog",
                "wattsupwiththat.com",
                "www.omgubuntu.co.uk"
            ]
        }
    ],
    "categories": [],
    "performance": {
        "time": 1,
        "size": 1,
        "cpu": 0,
        "cache": 3
    },
    "cookies": 0.000301,
    "types": {
        "Script": 4,
        "Image": 4
    },
    "nameservers": [
        "ns-1458.awsdns-54.org",
        "ns-1754.awsdns-27.co.uk",
        "ns-451.awsdns-56.com",
        "ns-940.awsdns-53.net"
    ]
}