{
    "domain": "geoip-js.com",
    "owner": {},
    "source": [
        "DuckDuckGo-NO"
    ],
    "prevalence": 0.000924,
    "sites": 9,
    "subdomains": [],
    "cnames": [],
    "fingerprinting": 0,
    "resources": [
        {
            "rule": "geoip-js\\.com\\/geoip\\/v2\\.1\\/country\\/me",
            "cookies": 0.000719,
            "fingerprinting": 0,
            "subdomains": [],
            "apis": {},
            "sites": 7,
            "prevalence": 0.000719,
            "cnames": [],
            "responseHashes": [
                "de27c8813396c255d0847255a9a90ce1ff70b97d8943a0877893780c2fd89af5",
                "f7b514f5b7aa650bfef93f3f471b860cbc8e6af47ca8018eb55d56661b9ee076",
                "0dc4c9b9a67d496e3fc1aa71885d5fef7a41ff1a8cd4f9cb12ebd5268d9ff9f0",
                "e02b2aa5cae57b03908e0a3ab8240eb4e07e0873e67fa8c8093c37815737b67c",
                "1d956ed706c5b1557c3d500ad7db43d30ba586916348e941191b21393fc42727",
                "c95af63f6e4f3f6b016a80c63060387f68efe392dac62e07bbebcdb5337e6cb0"
            ],
            "type": "XHR",
            "exampleSites": [
                "jamf.com",
                "epson.com",
                "numerologist.com",
                "us.roborock.com",
                "www.ajdesigner.com",
                "www.jimdunlop.com",
                "www.vitra.com"
            ]
        },
        {
            "rule": "geoip-js\\.com\\/js\\/apis\\/geoip2\\/v2\\.1\\/geoip2\\.js",
            "cookies": 0.000308,
            "fingerprinting": 0,
            "subdomains": [],
            "apis": {},
            "sites": 3,
            "prevalence": 0.000308,
            "cnames": [],
            "responseHashes": [
                "c3b1cf19770719801574ad3b639f639406c72458057748ae064a229fbcee7c9a"
            ],
            "type": "Script",
            "exampleSites": [
                "epson.com",
                "numerologist.com",
                "www.sc.com"
            ]
        },
        {
            "rule": "geoip-js\\.com\\/geoip\\/v2\\.1\\/city\\/me",
            "cookies": 0.000308,
            "fingerprinting": 0,
            "subdomains": [],
            "apis": {},
            "sites": 3,
            "prevalence": 0.000308,
            "cnames": [],
            "responseHashes": [
                "7da9e6f7775814b6a40baba5f58d66bec2a4a348beb92c627b3268c121b0d643",
                "3343585427bca455666c67767530fbf2256080d98e6843fbec9cf53151c44b56"
            ],
            "type": "XHR",
            "exampleSites": [
                "autolist.com",
                "www.autolist.com",
                "www.sc.com"
            ]
        }
    ],
    "categories": [],
    "performance": {
        "time": 1,
        "size": 1,
        "cpu": 0,
        "cache": 3
    },
    "cookies": 0.000924,
    "types": {
        "XHR": 10,
        "Script": 3
    }
}