{
    "domain": "instacloud.io",
    "owner": {
        "name": "Elfsight",
        "displayName": "Elfsight"
    },
    "source": [
        "DuckDuckGo-NO"
    ],
    "prevalence": 0.000806,
    "sites": 8,
    "subdomains": [
        "api"
    ],
    "cnames": [],
    "fingerprinting": 0,
    "resources": [
        {
            "rule": "instacloud\\.io\\/",
            "cookies": 0,
            "fingerprinting": 0,
            "subdomains": [
                "api"
            ],
            "apis": {},
            "sites": 8,
            "prevalence": 0.000806,
            "cnames": [],
            "responseHashes": [
                "af3e31e9030c007c3d67a10cf82e38aa279bd09806a2472dca9183e81623bcda",
                "6782b94feb9609835a592df07779eb59eac9540210c788c28c99572abf948dae",
                "8df959765bc763185436c70957773625f48a23f22a189f17cf5ab38a8b665976",
                "c80d5bbfbc22006b0de1950f68a52f22fe50790e1640272194bd17c933b14f5b",
                "e0908be2b2a2de8326bafced625b4b663def76e9b2cb7ff429b5d2367191de08",
                "de94bc3158a585489610c9babb165641cdbea6acc7230e04591d289bd57df3e2",
                "cf37f44284fe3b4dc2936751ca0d8e8aeb0a7c093130fed5f1c7df3739f51fb2"
            ],
            "type": "Fetch",
            "firstPartyCookies": {},
            "firstPartyCookiesSent": {},
            "exampleSites": [
                "feetup.com",
                "no.svane.com",
                "oleana.no",
                "store.closetcorepatterns.com",
                "www.coolinarika.com",
                "www.fjellforum.no",
                "www.matsentralen.no",
                "www.normal.no"
            ]
        }
    ],
    "categories": [],
    "performance": {
        "time": 0,
        "size": 0,
        "cpu": 0,
        "cache": 3
    },
    "cookies": 0,
    "types": {
        "Fetch": 8
    },
    "nameservers": [
        "rihana.ns.cloudflare.com",
        "dilbert.ns.cloudflare.com"
    ]
}