{
    "domain": "ip-api.com",
    "owner": {},
    "source": [
        "DuckDuckGo-NO"
    ],
    "prevalence": 0.00412,
    "sites": 41,
    "subdomains": [
        "pro"
    ],
    "cnames": [],
    "fingerprinting": 0,
    "resources": [
        {
            "rule": "ip-api\\.com\\/json\\/",
            "cookies": 0,
            "fingerprinting": 0,
            "subdomains": [
                "pro"
            ],
            "apis": {},
            "sites": 11,
            "prevalence": 0.00111,
            "cnames": [],
            "responseHashes": [
                "586eb30b7d31e51d13f742ae547a059384c4013a4a7c7bc5d26d25452a3faae1",
                "b886cea20f4b3335f810b71317a7c7f2b36e141478c8866a9457b4180c785c6e",
                "ac3aae0db71497073479eb89ab84c0c59abb3e22efb6176a940690445742f5e6",
                "d35c8301de6501402d20698171c6db4e7db05b2a3bf14d76907cf19a30e22dcc",
                "a17d5077f3ea9cd5768d12f85a7e288ba3d3e0561ac154fdcee0a47b1f842af5",
                "0e3468c986da1bd52a1b0ecd4e896b9ae9883809cf01126ae23d2e0496eb01ad",
                "58e948f95af0e292af14968c4dfc35df175453e164459c23952c771321bce4e6",
                "2773e730f15491d4a187f25fded3ce21226272deeaeb4e132d5f13de90d9dce5",
                "6d38ff77768778674ef84865eb61362be591087caedfe1430eb03700104de89b"
            ],
            "type": "Script",
            "firstPartyCookies": {},
            "firstPartyCookiesSent": {},
            "exampleSites": [
                "evenstadmusikk.no",
                "examples.yourdictionary.com",
                "grammar.yourdictionary.com",
                "lekmer.no",
                "nelly.com",
                "panduro.com",
                "www.24hshop.no",
                "www.babyshop.no",
                "www.motorspeed.no",
                "www.na-kd.com",
                "www.snuslageret.no"
            ]
        },
        {
            "rule": "ip-api\\.com\\/json\\/",
            "cookies": 0,
            "fingerprinting": 0,
            "subdomains": [
                "pro"
            ],
            "apis": {},
            "sites": 12,
            "prevalence": 0.00121,
            "cnames": [],
            "responseHashes": [
                "716148c76bde4351a6ee7b4eeb913cbd7273cf729f111cdd62e22475353620b4",
                "97a47bc280c99a2a4cc84e16f46884c0e44d5cf40888761355e0e2a0f30ed2d3",
                "79d66d219d50d8bec9b72fccfd7842fcfaec96bacaebed70b11bbc2a425f47de"
            ],
            "type": "XHR",
            "firstPartyCookies": {},
            "firstPartyCookiesSent": {},
            "exampleSites": [
                "fabel.no",
                "goldprice.org",
                "indianexpress.com",
                "wordfinder.yourdictionary.com",
                "www.canon.no",
                "www.carandbike.com",
                "www.comparitech.com",
                "www.rosintechproducts.com",
                "www.scoopwhoop.com",
                "www.w3schools.com",
                "www.yourdictionary.com",
                "www.zebra.com"
            ]
        },
        {
            "rule": "ip-api\\.com\\/json",
            "cookies": 0,
            "fingerprinting": 0,
            "subdomains": [
                "pro"
            ],
            "apis": {},
            "sites": 3,
            "prevalence": 0.000301,
            "cnames": [],
            "responseHashes": [
                "716148c76bde4351a6ee7b4eeb913cbd7273cf729f111cdd62e22475353620b4"
            ],
            "type": "XHR",
            "firstPartyCookies": {},
            "firstPartyCookiesSent": {},
            "exampleSites": [
                "imslp.org",
                "www.fleshlight.com",
                "www.vitaminaswim.com"
            ]
        },
        {
            "rule": "ip-api\\.com\\/json",
            "cookies": 0,
            "fingerprinting": 0,
            "subdomains": [
                "pro"
            ],
            "apis": {},
            "sites": 10,
            "prevalence": 0.001,
            "cnames": [],
            "responseHashes": [
                "716148c76bde4351a6ee7b4eeb913cbd7273cf729f111cdd62e22475353620b4"
            ],
            "type": "Fetch",
            "firstPartyCookies": {},
            "firstPartyCookiesSent": {},
            "exampleSites": [
                "vartoslo.no",
                "www.cio.com",
                "www.computerworld.com",
                "www.csoonline.com",
                "www.infoworld.com",
                "www.macworld.co.uk",
                "www.macworld.com",
                "www.pcworld.com",
                "www.podbike.com",
                "www.techadvisor.co.uk"
            ]
        },
        {
            "rule": "ip-api\\.com\\/csv\\/",
            "cookies": 0,
            "fingerprinting": 0,
            "subdomains": [
                "pro"
            ],
            "apis": {},
            "sites": 2,
            "prevalence": 0.000201,
            "cnames": [],
            "responseHashes": [
                "6389f8dbb95d8806a5d55d55b64dc899e198848d721310654e2d9434bdc08e0c"
            ],
            "type": "XHR",
            "firstPartyCookies": {},
            "firstPartyCookiesSent": {},
            "exampleSites": [
                "homebrewtalk.com",
                "www.rogerebert.com"
            ]
        },
        {
            "rule": "ip-api\\.com\\/json\\/",
            "cookies": 0,
            "fingerprinting": 0,
            "subdomains": [
                "pro"
            ],
            "apis": {},
            "sites": 3,
            "prevalence": 0.000301,
            "cnames": [],
            "responseHashes": [
                "716148c76bde4351a6ee7b4eeb913cbd7273cf729f111cdd62e22475353620b4"
            ],
            "type": "Fetch",
            "firstPartyCookies": {},
            "firstPartyCookiesSent": {},
            "exampleSites": [
                "sketchup.com",
                "www.tailit.com",
                "www.thefreshloaf.com"
            ]
        }
    ],
    "categories": [],
    "performance": {
        "time": 1,
        "size": 1,
        "cpu": 0,
        "cache": 3
    },
    "cookies": 0,
    "types": {
        "Script": 11,
        "XHR": 17,
        "Fetch": 13
    },
    "nameservers": [
        "b.ip-api.com",
        "a.ip-api.com"
    ]
}