{
    "domain": "klarnauserservices.com",
    "owner": {},
    "source": [
        "DuckDuckGo-NO"
    ],
    "prevalence": 0.00321,
    "sites": 32,
    "subdomains": [
        "babea371",
        "cafea271",
        "f72de57c.playground",
        "ab041ed8.playground"
    ],
    "cnames": [],
    "fingerprinting": 0,
    "resources": [
        {
            "rule": "klarnauserservices\\.com\\/match\\/",
            "cookies": 0.00321,
            "fingerprinting": 0,
            "subdomains": [
                "babea371",
                "cafea271",
                "f72de57c.playground",
                "ab041ed8.playground"
            ],
            "apis": {},
            "sites": 32,
            "prevalence": 0.00321,
            "cnames": [],
            "responseHashes": [
                "aac5c3a70dbcd5d39bc0628a226679f95ac2982f80baebcba28b829f4cf77cac",
                "e57741c8c55ad96651f9df4909003d2f5ac90356c5d8048072ae1456eddda846",
                "f32d6a6f56b06c524600f17e434f81345af29123611a0ba248ed7dd9ba847c76",
                "112952ab5025f60028805000800dc48cde5dadceeabd6377da670042a1fbdce0",
                "c90abe7245a9f44eaca70ab92e74b321bc314915ae6237ba7484f1e77f79aba7",
                "80bf6b64e86d23120a9478f2466a80a5887fa85e652dc75af268044bd509acc7",
                "2b6e971b7003d8a6c218a173966e4e264842204c2ae00dd03f6d255a884afc28",
                "c981cf5321aa0638752345a1a0bff669faec2348125e7ca63b719275f4111515",
                "57e91bfc645695dbad28f92f7fdade2ccbea585f40ec65e37b2f3d87e7593c13",
                "0885ad017d2c93ab4738ef91cc6c2adb377dcbf41de4085870c3ce66ce793ee1",
                "ed5242b534546c4f23e921fecfc83b5aeb2146ad954a8dbfa1873168483d6731",
                "b523d9aef6756953a4095051c2a5d8b0aa1ff326c8ae8bcc1bc86603c6992afd",
                "9f1630085cff9241f2a9dcefb1c4fb66aec2cccf500dfd3cb05823fbd2353dcd",
                "e953069330e03883f24108fc6649cbf623d9336130a00afed406cdb999b0b7fb",
                "727f0b2e211c13d3309da4a26ac6d0b13ed02925551d59afe29b85e0600df5a8",
                "e8599c0d893a6ae57cd0cab1d06fee9cdde5052a93bc2af4292d4f2b4f6eec89",
                "8fb53cc5a90f500d65a969619665deafc327613a094394e975105617a1688752",
                "70a31751fbd6bb851375d092d38ec95952eade82217285c66cfc6d8c2a9d45af",
                "9ac3a14aae0edfc4fefb1da74fbcd3f0ef30596e4919c6d129929b25beafb78f",
                "5ce298bf896ac83b092d1afdcf991e094d0223c0f27ec19f951f6ed94fc62ca8",
                "aba1fd25e43d862b1c10f7d935c4480062049350a316698486ee61bb44c80689",
                "d91f3de4789fe79ba597713f986e1aedb5fd33ded26e49447a46782c6c758a18",
                "619ba398fe233a060d03b0745430114a0dbe85616194a3ed80572e8af02e292c",
                "a9733a29c91b9f294110ab40d2ebd26d35ab35b97ea9aa9ebdae490327eca0e9",
                "1e9ca7a782fe00143f8d2c869826bf89d0b168bdbbb80db17482ff6ffe4fc9b0",
                "da5b4c499b7fcd17fef1dfebc68484d8e554a679e84eb46beb1a15884a4da70c",
                "8c8d4cdb93d7fbd2ee1dc075e7505b911c1ff540e67878d1cd987712a844fabb",
                "83cbaeee21bd5f94643ccc1735afd535c0d1551156700d207ce7f4c32db93614",
                "c8620a79e94cd244b8dee11c143b29463206a5914790488ecf116f312688ef50",
                "a8e9e9db37ec94ffd334f17d5c8625884da0efefd5cbd9c0dd1010fea6f35390",
                "3d29f7d13e408107a6f521e2970de87449ddaea888801409c02d77000edff74e"
            ],
            "type": "Fetch",
            "firstPartyCookies": {},
            "firstPartyCookiesSent": {
                "ku1-vid": 0.0018059596669007724
            },
            "exampleSites": [
                "www.kvalitetstid.no",
                "www.fargerike.no",
                "tapetfabrikken.no",
                "www.vintandyork.com",
                "sunkost.no",
                "www.outnorth.no",
                "www.dyson.no",
                "www.gero.no",
                "www.na-kd.com",
                "rayconglobal.com",
                "www.fender.com",
                "www.byttdekk.com",
                "www.skruvat.no",
                "spisriktig.no",
                "www.leatherman.com",
                "www.maxgaming.no",
                "sovesofaspesialisten.no",
                "www.clarks.co.uk",
                "www.elgato.com",
                "www.bodystore.no"
            ]
        }
    ],
    "categories": [],
    "performance": {
        "time": 1,
        "size": 1,
        "cpu": 0,
        "cache": 1
    },
    "cookies": 0.00321,
    "types": {
        "Fetch": 32
    },
    "nameservers": [
        "ns-1430.awsdns-50.org",
        "ns-1568.awsdns-04.co.uk",
        "ns-442.awsdns-55.com",
        "ns-759.awsdns-30.net"
    ]
}