{
    "domain": "klarnauserservices.com",
    "owner": {},
    "source": [
        "DuckDuckGo-NO"
    ],
    "prevalence": 0.00271,
    "sites": 27,
    "subdomains": [
        "babea371",
        "cafea271",
        "f72de57c.playground"
    ],
    "cnames": [],
    "fingerprinting": 0,
    "resources": [
        {
            "rule": "klarnauserservices\\.com\\/match\\/",
            "cookies": 0.00271,
            "fingerprinting": 0,
            "subdomains": [
                "babea371",
                "cafea271",
                "f72de57c.playground"
            ],
            "apis": {},
            "sites": 27,
            "prevalence": 0.00271,
            "cnames": [],
            "responseHashes": [
                "1d7eca1179defb97be5cf3e71064e84e20183564337eeba6780fe8d7f3c8bd55",
                "62bc88637ee8f13a14ec2b75d53dea27cd3a833c35cb2c8e4ee1439782eff47e",
                "900a3a7eab80ea11bc5aec0dc43aec4be43459c7314d5d04744319061b4be897",
                "8f84ec4d4752e30e81e3c0ec2540db61aaf1e6c47b736846656a59e114dde80b",
                "26119fa94071649cef9df93be17db3ffbd8bef10a9e885cf76c592b2b3472e87",
                "da33dd05d255a905a4895a38a64111836787e1de6461ac7bcfa6b348b6c44c5c",
                "ed5b133af05e0533315f373008cb62914e19257c6d2eea73f24db8f10001677b",
                "3f553c731a78ee54a7c7fdafcbb5380be091c9fae27b5fc0d572be6a361c2125",
                "d049af9680c7011a4de165e1c49d805f347b20cbbe6564ae9ca1b78a2abc1a8e",
                "76d4aac8265157445d8f2de8b9e585399de287bd1ecf8f9ba3def84c946ec8ea",
                "4fdeffd538674cc1f3aa165c945f0b9ca65cfc0e18c5b02c7315e479e1ac01cc",
                "bb174b81a5536cd19e06ca6cf850d27cbba325c6b4a897e6bd3e57eab917e88d",
                "df0ee6f753daffd715b969ceb3a9c304719a6a423158dfac07634654ea11c905",
                "30fd5e0b755f719b97e090734496cd02f579989a9bc43a6c767e084be4533a1c",
                "bdc958a74c6676a6573e65a18905615270d18438a6d7ac18296602d9ad51c9de",
                "d66276e2b0f8c66910deb6207fcbd8e006a6af11928c746ead90d234de2613b9",
                "28c9c3c852f7a48ed151c4736b9c8501310b4dd9a81b9f9e26546d4afd5caeb0",
                "77884690b08fc47b439619bb9c1be258fd3d5c90b3ecf041851e8c4344a78561",
                "430222357509fd2caed1c5f7597315ad4ce69a855045434f6a1968cc8d96d0fd",
                "24133f662707b0821007cfa06e1e439afd5d71ad5e6f739850ca443fc690c68f",
                "09b98634c3e57ff79e480fdfd6425e6e64487e5c78a25b0f355ace8ed7dae01a",
                "735125d4bb2ef6af3223c00eb0e5bc58f7d19469219af08b302ffc97e5c41ba8",
                "cf44ec95f82fb73d07acde48318802c7f425591781abdaa76220c59e0afcc678",
                "cf5c4c26fb0ebd62180d28dbdc1cff395172075deb7f4d19fa49b03bc141e61b",
                "57dabd9697f6fe101f8da30c1faa8315c74ba44980cabdf53a455592c70607dd",
                "e44c5fdb0783945b288e418963fe4175b996aa8f4e6b1e6e288f7b22784efc19"
            ],
            "type": "Fetch",
            "firstPartyCookies": {},
            "firstPartyCookiesSent": {
                "ku1-vid": 0.0014064697609001407
            },
            "exampleSites": [
                "www.outnorth.no",
                "www.elgato.com",
                "www.tilbords.no",
                "www.ospreyeurope.com",
                "www.maximsport.no",
                "www.fender.com",
                "kreativdekor.no",
                "unaascycling.no",
                "sousvidesupreme.com",
                "sunkost.no",
                "www.maxgaming.no",
                "www.blimo.no",
                "www.fargerike.no",
                "www.corsair.com",
                "shop.fender.com",
                "feetfirst.no",
                "braasport.no",
                "www.barbershop.no",
                "www.lekia.no",
                "www.flatspot.com"
            ]
        }
    ],
    "categories": [],
    "performance": {
        "time": 1,
        "size": 1,
        "cpu": 0,
        "cache": 1
    },
    "cookies": 0.00271,
    "types": {
        "Fetch": 27
    },
    "nameservers": [
        "ns-1430.awsdns-50.org",
        "ns-1568.awsdns-04.co.uk",
        "ns-442.awsdns-55.com",
        "ns-759.awsdns-30.net"
    ]
}