{
    "domain": "mantisadnetwork.com",
    "owner": {},
    "source": [
        "DuckDuckGo-NO"
    ],
    "prevalence": 0.00181,
    "sites": 18,
    "subdomains": [
        "mantodea",
        "ecs",
        "assets",
        "resizer"
    ],
    "cnames": [],
    "fingerprinting": 1,
    "resources": [
        {
            "rule": "mantisadnetwork\\.com\\/prebid\\/display",
            "cookies": 0,
            "fingerprinting": 0,
            "subdomains": [
                "mantodea"
            ],
            "apis": {},
            "sites": 12,
            "prevalence": 0.00121,
            "cnames": [],
            "responseHashes": [
                "69e5f39792d631f3ffd1a1e6c859af23ab134473988cd74e3195c82e9ec4367b",
                "7a082cb137dad8bd1410d73169c34050481d74b8b1252cf35e47d694ea98ea90",
                "1382d2c7cfc6695bec34fee6909ed691b16789565c42f28126e305f328e831b2",
                "4e12bc94e5c3339d9217bc199613462110db52ca4efb4442606d73947ae7dc86",
                "5352720a5ffb778e42dbb1d4b81c975c02018dd660e1fe9c430cbf13dba78762",
                "3092ac9101f2877b647eef80d1c3ed1dabfcc73826d12ed60351ba4f6292f09b",
                "4cf028fcb8c98467a91c286121e07b9aab20e09363661c5d4f351087a678ce68",
                "889f4b9691ac6dd2a39cb77cc6ed5b3d3fc53eee79ff713972af859a94a970f1"
            ],
            "type": "XHR",
            "firstPartyCookies": {},
            "firstPartyCookiesSent": {},
            "exampleSites": [
                "bongino.com",
                "hellopoetry.com",
                "lidblog.com",
                "reason.com",
                "www.androidauthority.com",
                "www.barstoolsports.com",
                "www.bleepingcomputer.com",
                "www.considerable.com",
                "www.fossmint.com",
                "www.slant.co",
                "www.songfacts.com",
                "www.thewrap.com"
            ]
        },
        {
            "rule": "mantisadnetwork\\.com\\/prebid\\/iframe",
            "cookies": 0,
            "fingerprinting": 0,
            "subdomains": [
                "mantodea"
            ],
            "apis": {},
            "sites": 7,
            "prevalence": 0.000705,
            "cnames": [],
            "responseHashes": [
                "1f3e1cacab5cf736b7eb8557ee0f78e5ee0d3f8f1d07d1000cc46fed20ea064e",
                "ae92ca4eef011e92b3c34b2ddb21e7e88262e32aa0226d72e8f13cbaa1b2e918",
                "3fc1ada2089fa37ce6dd867167e632fa5caade691a2e8c543887efb9a0cd581a",
                "c0e1652a28f894e2a03cc968e696d5f1a73e7aac5643c9c8aab029bbcf438201",
                "8cdd44b63efe04ff3647457b8160ccfa71cbd47d17a4bec78ad10cbda78b53c5",
                "3e47d005796ea0b3d2cc357aa9f1028b779cf722dca7ac2107b6b84731b17a69"
            ],
            "type": "Document",
            "firstPartyCookies": {},
            "firstPartyCookiesSent": {},
            "exampleSites": [
                "bongino.com",
                "hellopoetry.com",
                "reason.com",
                "www.barstoolsports.com",
                "www.bleepingcomputer.com",
                "www.considerable.com",
                "www.slant.co"
            ]
        },
        {
            "rule": "mantisadnetwork\\.com\\/sync\\/pixel\\/query",
            "cookies": 0,
            "fingerprinting": 0,
            "subdomains": [
                "ecs"
            ],
            "apis": {},
            "sites": 7,
            "prevalence": 0.000705,
            "cnames": [],
            "responseHashes": [
                "6adc3d4c1056996e4e8b765a62604c78b1f867cceb3b15d0b9bedb7c4857f992"
            ],
            "type": "Image",
            "firstPartyCookies": {},
            "firstPartyCookiesSent": {},
            "exampleSites": [
                "bongino.com",
                "hellopoetry.com",
                "reason.com",
                "www.barstoolsports.com",
                "www.bleepingcomputer.com",
                "www.considerable.com",
                "www.slant.co"
            ]
        },
        {
            "rule": "mantisadnetwork\\.com\\/mantodea\\.min\\.js",
            "cookies": 0,
            "fingerprinting": 1,
            "subdomains": [
                "assets"
            ],
            "apis": {
                "Date.prototype.getTimezoneOffset": 4,
                "Date.prototype.getTime": 4,
                "window.localStorage": 4
            },
            "sites": 5,
            "prevalence": 0.000504,
            "cnames": [],
            "responseHashes": [
                "702860ece298e04a0ba8ee1e81ec2152125ac38f84f80322c90fa8edadfbfea5"
            ],
            "type": "Script",
            "firstPartyCookies": {},
            "firstPartyCookiesSent": {},
            "exampleSites": [
                "grasscity.com",
                "greenito.com",
                "internationalhighlife.com",
                "www.autoflowering-cannabis.com",
                "www.thcfarmer.com"
            ]
        },
        {
            "rule": "mantisadnetwork\\.com\\/website\\/ads",
            "cookies": 0.000504,
            "fingerprinting": 0,
            "subdomains": [
                "ecs"
            ],
            "apis": {},
            "sites": 5,
            "prevalence": 0.000504,
            "cnames": [],
            "responseHashes": [
                "0c467eb609b42e5876bfb74cbc7e6c1a8d55fc430329ea4d71fed42f5d813374",
                "036a38ab9aa87d637f652d5ea433615827503dfe46113716ede22c006353be59",
                "722e60f879e3b30d8b1bf67fa5e7f562ae6a42a8400bb39ba459b9a9cd2bd5e1"
            ],
            "type": "Script",
            "firstPartyCookies": {},
            "firstPartyCookiesSent": {},
            "exampleSites": [
                "grasscity.com",
                "internationalhighlife.com",
                "www.allbud.com",
                "www.autoflowering-cannabis.com",
                "www.thcfarmer.com"
            ]
        },
        {
            "rule": "mantisadnetwork\\.com\\/mantis-ad-network\\/image\\/fetch\\/fl_lossy,q_90\\/https:\\/\\/images\\.mantisadnetwork\\.com\\/5d9d88768a32a5ef1abe2be5be7baf06\\.gif",
            "cookies": 0.000101,
            "fingerprinting": 0,
            "subdomains": [
                "resizer"
            ],
            "apis": {},
            "sites": 2,
            "prevalence": 0.000201,
            "cnames": [],
            "responseHashes": [],
            "type": "Image",
            "firstPartyCookies": {},
            "firstPartyCookiesSent": {},
            "exampleSites": [
                "grasscity.com",
                "www.allbud.com"
            ]
        },
        {
            "rule": "mantisadnetwork\\.com\\/adsbymantis\\.svg",
            "cookies": 0,
            "fingerprinting": 0,
            "subdomains": [
                "assets"
            ],
            "apis": {},
            "sites": 5,
            "prevalence": 0.000504,
            "cnames": [],
            "responseHashes": [
                "013638477bb88378604d1b89467d4d6d5634f0ecccf188515d612264b48d5590"
            ],
            "type": "Image",
            "firstPartyCookies": {},
            "firstPartyCookiesSent": {},
            "exampleSites": [
                "grasscity.com",
                "internationalhighlife.com",
                "www.allbud.com",
                "www.autoflowering-cannabis.com",
                "www.thcfarmer.com"
            ]
        },
        {
            "rule": "mantisadnetwork\\.com\\/track\\/impression",
            "cookies": 0,
            "fingerprinting": 0,
            "subdomains": [
                "ecs"
            ],
            "apis": {},
            "sites": 6,
            "prevalence": 0.000604,
            "cnames": [],
            "responseHashes": [
                "6adc3d4c1056996e4e8b765a62604c78b1f867cceb3b15d0b9bedb7c4857f992"
            ],
            "type": "Image",