{
    "domain": "rtk.io",
    "owner": {
        "name": "RTK.IO, Inc",
        "displayName": "RTK.IO"
    },
    "source": [
        "DuckDuckGo-NO"
    ],
    "prevalence": 0.00218,
    "sites": 21,
    "subdomains": [
        "sync"
    ],
    "cnames": [],
    "fingerprinting": 0,
    "resources": [
        {
            "rule": "rtk\\.io\\/cs",
            "cookies": 0.00124,
            "fingerprinting": 0,
            "subdomains": [
                "sync"
            ],
            "apis": {},
            "sites": 15,
            "prevalence": 0.00156,
            "cnames": [],
            "responseHashes": [
                "358e052c8ea7ff06e71718e96b1497faa76c05555c8fde71572df575b2da23be",
                "bdd38b7cb5591bfaffda8b1a72fcdfd26767b5c4a079a86b960c6e7e627b4261",
                "46690044263e9c06d846432cb4ff06a32b82b6045755fd5fdd9dc62b6a4defd8",
                "296f41147596077d2dab88cb1d080005afddcca4d12d6b76b0cc7581b2636d7e",
                "7678b9eb1db207631a4d24bd725090086f82722a959bf908ee71c4d37616e4e5",
                "ff876828c5325f6db99179b564c6cfd44c7e141851664463a74749d080a3f283",
                "2af7477318ef3eed6c995483c342e1ec46dd6e8b64af03e812f493d4c525895f",
                "50dd3e3bcd735f3e894e254539f03cdab2c2d8c291d3a2a68190abf27f4204de",
                "0bd8b83393bf4690c63e23d84f3ed41e88117291bcad093556b03c4a09fbe47a",
                "ffa75619c9e4efbc5340078754ef5028d100be9250b3e57d4a35d64eb95011ca",
                "888eae1f5a8abb0aaa159fc308874b7a4afe3023d21d4580608210d2426008da"
            ],
            "type": "Document",
            "exampleSites": [
                "facts.net",
                "guides4gamers.com",
                "patient.info",
                "silicophilic.com",
                "stackabuse.com",
                "steamah.com",
                "www.gamepretty.com",
                "www.globalfirepower.com",
                "www.journaldev.com",
                "www.oddee.com",
                "www.penguins-world.com",
                "www.poftut.com",
                "www.stackabuse.com",
                "www.straight.com",
                "zwiftinsider.com"
            ]
        }
    ],
    "categories": [],
    "performance": {
        "time": 1,
        "size": 1,
        "cpu": 0,
        "cache": 3
    },
    "cookies": 0.00124,
    "types": {
        "Document": 15
    },
    "nameservers": [
        "ns-969.awsdns-57.net",
        "ns-1108.awsdns-10.org",
        "ns-1689.awsdns-19.co.uk",
        "ns-199.awsdns-24.com"
    ]
}