{
    "domain": "trackcmp.net",
    "owner": {
        "name": "ActiveCampaign, Inc.",
        "displayName": "ActiveCampaign"
    },
    "source": [
        "DuckDuckGo-NO"
    ],
    "prevalence": 0.00301,
    "sites": 30,
    "subdomains": [],
    "cnames": [],
    "fingerprinting": 0,
    "resources": [
        {
            "rule": "trackcmp\\.net\\/t_prism_sitemessages\\.php",
            "cookies": 0,
            "fingerprinting": 0,
            "subdomains": [],
            "apis": {},
            "sites": 23,
            "prevalence": 0.00231,
            "cnames": [],
            "responseHashes": [
                "e3b0c44298fc1c149afbf4c8996fb92427ae41e4649b934ca495991b7852b855"
            ],
            "type": "Script",
            "firstPartyCookies": {},
            "firstPartyCookiesSent": {
                "prism_475746447": 0.0001003814495081309,
                "prism_1000309588": 0.0001003814495081309,
                "prism_89661704": 0.0002007628990162618,
                "prism_252292509": 0.0001003814495081309,
                "prism_799692861": 0.0001003814495081309,
                "prism_25900740": 0.0002007628990162618,
                "prism_475892977": 0.0001003814495081309,
                "prism_25946650": 0.0001003814495081309,
                "prism_90057684": 0.0001003814495081309,
                "prism_223686333": 0.0001003814495081309,
                "prism_223853213": 0.0001003814495081309,
                "prism_649998635": 0.0001003814495081309,
                "prism_66978442": 0.0001003814495081309,
                "prism_799379321": 0.0001003814495081309,
                "prism_89813284": 0.0001003814495081309,
                "prism_610588136": 0.0001003814495081309,
                "prism_799319841": 0.0001003814495081309,
                "prism_799531281": 0.0001003814495081309
            },
            "exampleSites": [
                "seekingalpha.com",
                "www.dianekochilas.com",
                "truestory.no",
                "www.personligalmanakk.com",
                "www.nerdsandscoundrels.com",
                "www.leupold.com",
                "leca.no",
                "internationalman.com",
                "m.jpost.com",
                "www.jpost.com",
                "danhenrywatches.com",
                "fightthenewdrug.org",
                "www.evasolo.com",
                "athleanx.com",
                "openbuilds.com",
                "www.lse.ac.uk",
                "parketteksperten.no",
                "www.boss.info",
                "welovetrump.com",
                "tinybuddha.com"
            ]
        },
        {
            "rule": "trackcmp\\.net\\/visit",
            "cookies": 0.000703,
            "fingerprinting": 0,
            "subdomains": [],
            "apis": {},
            "sites": 7,
            "prevalence": 0.000703,
            "cnames": [],
            "responseHashes": [
                "e3b0c44298fc1c149afbf4c8996fb92427ae41e4649b934ca495991b7852b855"
            ],
            "type": "Script",
            "firstPartyCookies": {},
            "firstPartyCookiesSent": {},
            "exampleSites": [
                "bengreenfieldfitness.com",
                "en.yema.com",
                "iconcollective.edu",
                "news.bitcoin.com",
                "thethirdwave.co",
                "www.collective-evolution.com",
                "www.lifehack.org"
            ]
        }
    ],
    "categories": [
        "Ad Motivated Tracking",
        "Advertising",
        "Action Pixels"
    ],
    "performance": {
        "time": 1,
        "size": 1,
        "cpu": 1,
        "cache": 3
    },
    "cookies": 0.000703,
    "types": {
        "Script": 30
    },
    "nameservers": [
        "ns-135.awsdns-16.com",
        "ns-2017.awsdns-60.co.uk",
        "ns-875.awsdns-45.net",
        "ns-1064.awsdns-05.org"
    ]
}