{
    "domain": "vlitag.com",
    "owner": {},
    "source": [
        "DuckDuckGo-NO"
    ],
    "prevalence": 0.00071,
    "sites": 7,
    "subdomains": [
        "services",
        "tag",
        "assets",
        "logs"
    ],
    "cnames": [],
    "fingerprinting": 2,
    "resources": [
        {
            "rule": "vlitag\\.com\\/adv1\\/",
            "cookies": 0.00071,
            "fingerprinting": 0,
            "subdomains": [
                "services"
            ],
            "apis": {},
            "sites": 7,
            "prevalence": 0.00071,
            "cnames": [],
            "responseHashes": [
                "4d0e7fb6bf32544859f73ba740b214a593c49fbb26bc753a557ac06e7c032442",
                "3a069ab51b8a9bab59243cccb47628ec936fecbe37cacff65bb42c583438f333",
                "d42f58d11405a5ed75e109971d0522303bd161aaebea509ff28cbaa59c216677",
                "b6e9fa44003a90cfd1e9a32741523d02923d03106bbd23dd6736da7d65b714cd",
                "15759f59cb9b56bf73b2e89357405bb3dc3bbca313af7ddcf914b87a98d11674",
                "1d6d44651468c06a7ab0e8e7985d2853aa87f6e8873e058d49d74cba6552d3ee"
            ]
        },
        {
            "rule": "vlitag\\.com\\/v3\\/1603128040\\/",
            "cookies": 0.00071,
            "fingerprinting": 1,
            "subdomains": [
                "tag"
            ],
            "apis": {
                "window.sessionStorage": 7,
                "Document.cookie getter": 7,
                "Navigator.prototype.userAgent": 7,
                "Navigator.prototype.cookieEnabled": 4,
                "Navigator.prototype.language": 1
            },
            "sites": 7,
            "prevalence": 0.00071,
            "cnames": [],
            "responseHashes": [
                "fe4dede0a6d098460b38030aafe772462ec9096a6dcd134c6eed735327424332",
                "1a480346d576f1edfc50268d3e017be3f6a19c5879d0210261715ff6e3607b04",
                "45f99e71621467c730ec73c65554def85bf3bbae7bbc9713a5b3dc57a7661c62",
                "c70ec83a63b7dab85d557cae5e7bdb49f54557a89108e5859878b4e4692eee12",
                "9778cb8e93a86c100dd425942bee014ef7523af160979988542dbe2e0b000eff",
                "7edc7056fad5eea7834cdbe65c7bc009dc1535e724b3ced5c87490be85054841"
            ]
        },
        {
            "rule": "vlitag\\.com\\/page_status",
            "cookies": 0.00071,
            "fingerprinting": 0,
            "subdomains": [
                "services"
            ],
            "apis": {},
            "sites": 7,
            "prevalence": 0.00071,
            "cnames": [],
            "responseHashes": [
                "41ef556b0a4f4bdd486a106c3c90f6b5b89889c3f5040af4028e81c9837994ec",
                "0fccc5eddc7135bd90b3b65e3ebf92c312710c803ee5dba9553d37bd9cbc48c4"
            ]
        },
        {
            "rule": "vlitag\\.com\\/plugins\\/cmptcf2\\/cmp2\\.js",
            "cookies": 0.000406,
            "fingerprinting": 2,
            "subdomains": [
                "assets"
            ],
            "apis": {
                "Navigator.prototype.product": 4,
                "Navigator.prototype.userAgent": 4,
                "window.localStorage": 4,
                "Document.cookie getter": 4,
                "Date.prototype.getTime": 4
            },
            "sites": 4,
            "prevalence": 0.000406,
            "cnames": [],
            "responseHashes": [
                "76d918813eae91e926a2523cb9cee953d0afb3615add22675a3ae20867c3652c"
            ]
        },
        {
            "rule": "vlitag\\.com\\/prebid\\/default\\/prebid_v4\\.9\\.1\\.js",
            "cookies": 0.00071,
            "fingerprinting": 1,
            "subdomains": [
                "assets"
            ],
            "apis": {
                "Navigator.prototype.userAgent": 7,
                "Navigator.prototype.cookieEnabled": 7,
                "window.sessionStorage": 7,
                "Navigator.prototype.appName": 7,
                "window.localStorage": 7,
                "Document.cookie getter": 7
            },
            "sites": 7,
            "prevalence": 0.00071,
            "cnames": [],
            "responseHashes": [
                "b901db61c2c7899d65f24c9f9547603ddba803e1b79385c19dc3f580c32fccbf",
                "0e61fff26546e6734e727c4ea730fd8bdd1eb42cb860b2d02fc541439fc8a6b8"
            ]
        },
        {
            "rule": "vlitag\\.com\\/plugins\\/vlPlayer\\/viPlayer_v36\\.min\\.js",
            "cookies": 0.000608,
            "fingerprinting": 0,
            "subdomains": [
                "assets"
            ],
            "apis": {},
            "sites": 6,
            "prevalence": 0.000608,
            "cnames": [],
            "responseHashes": [
                "98d16ba8fc255550f2bb9170331f84ccaea8a551b12c8dc9fc9cb7540ed3b4af"
            ]
        },
        {
            "rule": "vlitag\\.com\\/sub\\/",
            "cookies": 0.00071,
            "fingerprinting": 0,
            "subdomains": [
                "logs"
            ],
            "apis": {},
            "sites": 7,
            "prevalence": 0.00071,
            "cnames": [],
            "responseHashes": [
                "e3b0c44298fc1c149afbf4c8996fb92427ae41e4649b934ca495991b7852b855"
            ]
        }
    ],
    "categories": [],
    "performance": {
        "time": 1,
        "size": 1,
        "cpu": 0,
        "cache": 1
    },
    "cookies": 0.00071,
    "types": {
        "Script": 31,
        "XHR": 7,
        "Image": 7
    }
}