{
    "domain": "wisepops.com",
    "owner": {
        "name": "Benjamin Cahen",
        "displayName": "Benjamin Cahen"
    },
    "source": [
        "DuckDuckGo-NO"
    ],
    "prevalence": 0.00121,
    "sites": 12,
    "subdomains": [
        "loader",
        "popup",
        "tracking"
    ],
    "cnames": [],
    "fingerprinting": 1,
    "resources": [
        {
            "rule": "wisepops\\.com\\/get-loader\\.js",
            "cookies": 0.00121,
            "fingerprinting": 1,
            "subdomains": [
                "loader"
            ],
            "apis": {
                "window.localStorage": 8,
                "Document.cookie getter": 6,
                "Date.prototype.getTime": 8,
                "Document.cookie setter": 7,
                "Navigator.prototype.cookieEnabled": 8
            },
            "sites": 12,
            "prevalence": 0.00121,
            "cnames": [],
            "responseHashes": [
                "e3b0c44298fc1c149afbf4c8996fb92427ae41e4649b934ca495991b7852b855",
                "4a2122da756c9cd0a0d8bdbd2c7be671159fcaa77a8b41259e58897fc99553ab",
                "69e86431576d0a6f46e3b98a508c7e49196b64c550ad6ce1ec5f12d52d041884",
                "c98c5c4f8ba54e8cfe431aa86045643724fbb1d74f46f557c3f3cbed7558e95a",
                "3990b30b779914cedcbd3ed975891b7ae0b495a8a46cd6e02e89492616e5e43d",
                "fa59bd06a9829977db4910f0e678947ccce072658551478cf2ab1da654445f35",
                "2c28c07546c4a1a9d4f5e6a8bd767d3754c00cdfb17031d26cb328517afdf23e",
                "31443edbcbb0abc9ff9f365161f56a55846bbf86ec51e4fb65ede869a9681741"
            ],
            "type": "Script",
            "firstPartyCookies": {
                "wisepops": {
                    "ttl": 63072007,
                    "length": 186,
                    "prevalence": 0.0007052186177715092,
                    "uniqueness": 1
                },
                "wisepops_session": {
                    "ttl": null,
                    "length": 235,
                    "prevalence": 0.0007052186177715092,
                    "uniqueness": 1
                },
                "wisepops_props": {
                    "ttl": 63072007,
                    "length": 202,
                    "prevalence": 0.00010074551682450131,
                    "uniqueness": 1
                },
                "wisepops_visits": {
                    "ttl": 63072005,
                    "length": 40,
                    "prevalence": 0.0006044731009470078,
                    "uniqueness": 1
                }
            },
            "firstPartyCookiesSent": {},
            "exampleSites": [
                "elearningindustry.com",
                "welovetrump.com",
                "www.byggmax.no",
                "www.byggmax.se",
                "www.dailywire.com",
                "www.fiskeribladet.no",
                "www.foodtolove.co.nz",
                "www.inr.no",
                "www.platekompaniet.no",
                "www.purevpn.com",
                "www.underverker.no",
                "www.vl.no"
            ]
        },
        {
            "rule": "wisepops\\.com\\/my-wisepop",
            "cookies": 0,
            "fingerprinting": 0,
            "subdomains": [
                "popup"
            ],
            "apis": {},
            "sites": 9,
            "prevalence": 0.000907,
            "cnames": [],
            "responseHashes": [
                "38b904a1cf83df048360fb2480571b749fd98d57e11f1afdffb5a74a78166fea",
                "376003d4a601d357804b68b1b98b8404ea47d8f96adca90520741fd56d1761ae",
                "fafc78cc49e4c8d73813210eb085b6001f3bdfa352e67d96d5e539654cc1c67f",
                "e1d910aa746371ecf48799b7c4bb24f0e60fcb9ec1cb82554d1f0931f4612637",
                "fcdb478ae9e1b3ea86eae4a2413742102d88f1688e1dd956712032507d9c8539"
            ],
            "type": "XHR",
            "firstPartyCookies": {},
            "firstPartyCookiesSent": {},
            "exampleSites": [
                "elearningindustry.com",
                "www.byggmax.no",
                "www.byggmax.se",
                "www.dailywire.com",
                "www.fiskeribladet.no",
                "www.inr.no",
                "www.platekompaniet.no",
                "www.purevpn.com",
                "www.vl.no"
            ]
        },
        {
            "rule": "wisepops\\.com\\/_\\.gif",
            "cookies": 0,
            "fingerprinting": 0,
            "subdomains": [
                "tracking"
            ],
            "apis": {},
            "sites": 3,
            "prevalence": 0.000302,
            "cnames": [],
            "responseHashes": [
                "ef1955ae757c8b966c83248350331bd3a30f658ced11f387f8ebf05ab3368629"
            ],
            "type": "Other",
            "firstPartyCookies": {},
            "firstPartyCookiesSent": {},
            "exampleSites": [
                "dailywire.com",
                "www.dailywire.com",
                "www.platekompaniet.no"
            ]
        },
        {
            "rule": "wisepops\\.com\\/default\\/index\\/get-loader",
            "cookies": 0.000201,
            "fingerprinting": 1,
            "subdomains": [
                "loader"
            ],
            "apis": {
                "window.localStorage": 1,
                "Document.cookie getter": 1,
                "Date.prototype.getTime": 1,
                "Document.cookie setter": 1,
                "Navigator.prototype.cookieEnabled": 1
            },
            "sites": 2,
            "prevalence": 0.000201,
            "cnames": [],
            "responseHashes": [],
            "type": "Script",
            "firstPartyCookies": {
                "wisepops": {
                    "ttl": 63072005,
                    "length": 161,
                    "prevalence": 0.00010074551682450131,
                    "uniqueness": 1
                },
                "wisepops_session": {
                    "ttl": null,
                    "length": 228,
                    "prevalence": 0.00010074551682450131,
                    "uniqueness": 1
                },
                "wisepops_visits": {
                    "ttl": 63072005,
                    "length": 40,
                    "prevalence": 0.00010074551682450131,
                    "uniqueness": 1
                }
            },
            "firstPartyCookiesSent": {},
            "exampleSites": [
                "underverker.no",
                "www.vl.no"
            ]
        }
    ],
    "categories": [],
    "performance": {
        "time": 1,
        "size": 1,
        "cpu": 1,
        "cache": 1
    },
    "cookies": 0.00121,
    "types": {
        "Script": 14,
        "XHR": 9,
        "Other": 3
    },
    "nameservers": [
        "wally.ns.cloudflare.com",
        "marek.ns.cloudflare.com"
    ]
}