{
    "domain": "wisepops.com",
    "owner": {
        "name": "Benjamin Cahen",
        "displayName": "Benjamin Cahen"
    },
    "source": [
        "DuckDuckGo-NO"
    ],
    "prevalence": 0.00111,
    "sites": 11,
    "subdomains": [
        "loader",
        "popup"
    ],
    "cnames": [],
    "fingerprinting": 1,
    "resources": [
        {
            "rule": "wisepops\\.com\\/get-loader\\.js",
            "cookies": 0.00111,
            "fingerprinting": 1,
            "subdomains": [
                "loader"
            ],
            "apis": {
                "window.localStorage": 9,
                "Document.cookie getter": 7,
                "Date.prototype.getTime": 9,
                "Document.cookie setter": 7,
                "Navigator.prototype.cookieEnabled": 9
            },
            "sites": 11,
            "prevalence": 0.00111,
            "cnames": [],
            "responseHashes": [
                "92750655090687f3789b4f9880296d013faf96a75cceebf143eaada649587ec0",
                "ae5c1da780ba50a0c284259dd5e80b26aee976b63f88af0b822fed730ff73913",
                "ece602f9bdae35187ee408f91bed05ee7fd14fc89ac7b19f58161bdd4e258f75",
                "92084ae7a3fe9df5eb5152749fb82c8d7677b7a0614bba7c62b5cd76498e2fb0",
                "c08d8fe859e81b5aacda9eadd96690bfde06645f0d808b67d233eabb322b6a26",
                "a435419492025a3c5a51d36aad58311f1d26236d038877ee2e97f257b6d33ab4",
                "f8bbb4babb775888b97adbbbeab1ecfd64446f34503e7a5470b1a684279e821a",
                "004a4ac8b94c17965646d40f47fe6453d5c923010b9524b5a9d0960f497dd937",
                "1d68e2904a12f0736d48e095d6cc0c7427eda4c2665f5ff0bed435b26e5c7122"
            ],
            "type": "Script",
            "firstPartyCookies": {
                "wisepops": {
                    "ttl": 63072003,
                    "length": 169,
                    "prevalence": 0.000704083685375176,
                    "uniqueness": 1
                },
                "wisepops_session": {
                    "ttl": null,
                    "length": 230,
                    "prevalence": 0.000704083685375176,
                    "uniqueness": 1
                },
                "wisepops_visits": {
                    "ttl": 63072003,
                    "length": 40,
                    "prevalence": 0.000704083685375176,
                    "uniqueness": 1
                }
            },
            "firstPartyCookiesSent": {},
            "exampleSites": [
                "welovetrump.com",
                "www.byggmax.se",
                "www.byggmax.no",
                "www.eliteprospects.com",
                "www.grontfokus.no",
                "www.platekompaniet.no",
                "www.projectveritas.com",
                "www.purevpn.com",
                "www.svenskafans.com",
                "www.verdidebatt.no",
                "www.vl.no"
            ]
        },
        {
            "rule": "wisepops\\.com\\/my-wisepop",
            "cookies": 0,
            "fingerprinting": 0,
            "subdomains": [
                "popup"
            ],
            "apis": {},
            "sites": 10,
            "prevalence": 0.00101,
            "cnames": [],
            "responseHashes": [
                "12fb86e372fe361e0eb946fcfb0158f18140e269d9e57f830c951b6ddcb00e69",
                "f73e926b488a4830d6d8eb9d181b56f810052fb24f551e03774983e4b526fa32",
                "38b904a1cf83df048360fb2480571b749fd98d57e11f1afdffb5a74a78166fea",
                "e1d910aa746371ecf48799b7c4bb24f0e60fcb9ec1cb82554d1f0931f4612637",
                "99fbba61180dc2538903b6ffd5f8c62eee7b47b98a868dbc406ac2a9c2b89f7d",
                "fcdb478ae9e1b3ea86eae4a2413742102d88f1688e1dd956712032507d9c8539"
            ],
            "type": "XHR",
            "firstPartyCookies": {},
            "firstPartyCookiesSent": {},
            "exampleSites": [
                "byggmax.se",
                "www.byggmax.no",
                "www.eliteprospects.com",
                "www.grontfokus.no",
                "www.platekompaniet.no",
                "www.projectveritas.com",
                "www.purevpn.com",
                "www.svenskafans.com",
                "www.verdidebatt.no",
                "www.vl.no"
            ]
        }
    ],
    "categories": [],
    "performance": {
        "time": 1,
        "size": 1,
        "cpu": 1,
        "cache": 1
    },
    "cookies": 0.00111,
    "types": {
        "Script": 11,
        "XHR": 10
    },
    "nameservers": [
        "marek.ns.cloudflare.com",
        "wally.ns.cloudflare.com"
    ]
}