{
    "domain": "wisepops.com",
    "owner": {
        "name": "Benjamin Cahen",
        "displayName": "Benjamin Cahen"
    },
    "source": [
        "DuckDuckGo-NO"
    ],
    "prevalence": 0.0014,
    "sites": 14,
    "subdomains": [
        "loader",
        "popup",
        "tracking"
    ],
    "cnames": [],
    "fingerprinting": 1,
    "resources": [
        {
            "rule": "wisepops\\.com\\/get-loader\\.js",
            "cookies": 0.000803,
            "fingerprinting": 1,
            "subdomains": [
                "loader"
            ],
            "apis": {
                "window.localStorage": 9,
                "Document.cookie getter": 8,
                "Date.prototype.getTime": 9,
                "Document.cookie setter": 8,
                "Navigator.prototype.cookieEnabled": 9
            },
            "sites": 14,
            "prevalence": 0.0014,
            "cnames": [],
            "responseHashes": [
                "e3b0c44298fc1c149afbf4c8996fb92427ae41e4649b934ca495991b7852b855",
                "356900884b2a6e7b5e73e6d654c72276cf8a93cb4f81325db20a6ee6275fee91",
                "8b4b202bdd40083354cf0a92dfd6eb0e57028c7321ca395e36bb7162b84d3091",
                "5fba4dc0c5f7de2f3ced38d879ea919f85500ff1d034c7454cc1f2c5149277d5",
                "24b778ddbb51dd0f79c9e07f9ff2391ca151b476c296b995415bd7336c28b5f9",
                "0e3fc83462a5fd7aaffcc9ad7ef79c6a6cd7cfcf93a7d680d0cb29f17df7d6a1",
                "8fbe0c0e48c0ec8343f6d00dee19da67b893f128d7dd6c5315a7ef611278f26f",
                "cda728765018ed9476399a7131aee6a2d10010d77ecdc1b541235b60d09046fe",
                "2e65a6119bde26dccdf6040a5e04370848443103f86013aad6dfbb748dbdb46a",
                "ae4b57928a445a87dda2c04bbc80f128cba93b238497b6641f04beb00d0225d1",
                "f50437da782aa60d27f0f59932d58615ca7b7d8081f48059b6c678da7c66e85d"
            ],
            "type": "Script",
            "firstPartyCookies": {
                "wisepops": {
                    "ttl": 63072007,
                    "length": 175,
                    "prevalence": 0.0008026487408447879,
                    "uniqueness": 1
                },
                "wisepops_session": {
                    "ttl": null,
                    "length": 232,
                    "prevalence": 0.0008026487408447879,
                    "uniqueness": 1
                },
                "wisepops_visits": {
                    "ttl": 63072006,
                    "length": 40,
                    "prevalence": 0.0008026487408447879,
                    "uniqueness": 1
                }
            },
            "firstPartyCookiesSent": {},
            "exampleSites": [
                "sdbullion.com",
                "welovetrump.com",
                "www.bmj.com",
                "www.bouwmaat.nl",
                "www.byggmax.se",
                "www.byggmax.no",
                "www.dailywire.com",
                "www.eliteprospects.com",
                "www.grontfokus.no",
                "www.kramerav.com",
                "www.platekompaniet.no",
                "www.purevpn.com",
                "www.verdidebatt.no",
                "www.vl.no"
            ]
        },
        {
            "rule": "wisepops\\.com\\/my-wisepop",
            "cookies": 0,
            "fingerprinting": 0,
            "subdomains": [
                "popup"
            ],
            "apis": {},
            "sites": 11,
            "prevalence": 0.0011,
            "cnames": [],
            "responseHashes": [
                "38b904a1cf83df048360fb2480571b749fd98d57e11f1afdffb5a74a78166fea",
                "19f618a93e43f6d7d2858c9c0d92b112dd5391183a03ecf32437ac88b9372beb",
                "1c2f2c160dedcc8bfb5fee252fcabc219760df959ec8d6d2c2730d1b0f5f3d2a",
                "12fb86e372fe361e0eb946fcfb0158f18140e269d9e57f830c951b6ddcb00e69",
                "f73e926b488a4830d6d8eb9d181b56f810052fb24f551e03774983e4b526fa32",
                "ec0aaad0fb76a61556da7905854ed6a355cdb187d1433e0410683c44666d9543",
                "fcdb478ae9e1b3ea86eae4a2413742102d88f1688e1dd956712032507d9c8539"
            ],
            "type": "XHR",
            "firstPartyCookies": {},
            "firstPartyCookiesSent": {},
            "exampleSites": [
                "bmj.com",
                "www.bouwmaat.nl",
                "www.byggmax.se",
                "www.byggmax.no",
                "www.dailywire.com",
                "www.eliteprospects.com",
                "www.grontfokus.no",
                "www.platekompaniet.no",
                "www.purevpn.com",
                "www.verdidebatt.no",
                "www.vl.no"
            ]
        },
        {
            "rule": "wisepops\\.com\\/default\\/index\\/get-loader",
            "cookies": 0.000201,
            "fingerprinting": 1,
            "subdomains": [
                "loader"
            ],
            "apis": {
                "window.localStorage": 2,
                "Document.cookie getter": 2,
                "Date.prototype.getTime": 2,
                "Document.cookie setter": 2,
                "Navigator.prototype.cookieEnabled": 2
            },
            "sites": 2,
            "prevalence": 0.000201,
            "cnames": [],
            "responseHashes": [],
            "type": "Script",
            "firstPartyCookies": {
                "wisepops": {
                    "ttl": 63072017,
                    "length": 161,
                    "prevalence": 0.00020066218521119696,
                    "uniqueness": 1
                },
                "wisepops_session": {
                    "ttl": null,
                    "length": 228,
                    "prevalence": 0.00020066218521119696,
                    "uniqueness": 1
                },
                "wisepops_visits": {
                    "ttl": 63072017,
                    "length": 40,
                    "prevalence": 0.00020066218521119696,
                    "uniqueness": 1
                }
            },
            "firstPartyCookiesSent": {},
            "exampleSites": [
                "bouwmaat.nl",
                "www.vl.no"
            ]
        },
        {
            "rule": "wisepops\\.com\\/_\\.gif",
            "cookies": 0,
            "fingerprinting": 0,
            "subdomains": [
                "tracking"
            ],
            "apis": {},
            "sites": 2,
            "prevalence": 0.000201,
            "cnames": [],
            "responseHashes": [
                "ef1955ae757c8b966c83248350331bd3a30f658ced11f387f8ebf05ab3368629"
            ],
            "type": "Other",
            "firstPartyCookies": {},
            "firstPartyCookiesSent": {},
            "exampleSites": [
                "dailywire.com",
                "www.platekompaniet.no"
            ]
        }
    ],
    "categories": [],
    "performance": {
        "time": 1,
        "size": 1,
        "cpu": 1,
        "cache": 1
    },
    "cookies": 0.001,
    "types": {
        "Script": 16,
        "XHR": 11,
        "Other": 2
    },
    "nameservers": [
        "marek.ns.cloudflare.com",
        "wally.ns.cloudflare.com"
    ]
}