{
    "domain": "159.89.202.208",
    "owner": {},
    "source": [
        "DuckDuckGo-US"
    ],
    "prevalence": 0.0000685,
    "sites": 10,
    "subdomains": [],
    "cnames": [],
    "fingerprinting": 0,
    "resources": [
        {
            "rule": "159\\.89\\.202\\.208\\/oktogel-960x200\\.php",
            "cookies": 0,
            "fingerprinting": 0,
            "subdomains": [],
            "apis": {},
            "sites": 4,
            "prevalence": 0.0000274,
            "cnames": [],
            "responseHashes": [
                "ab68aa45a7695517860dadedb9e2d8a6cb2429f9cb255bdb50d93face149c50f",
                "81a3f24eb13e213619333021417e62f4dfda0f657fbd88bce8b51e336be4358c"
            ],
            "type": "Image",
            "firstPartyCookies": {},
            "firstPartyCookiesSent": {},
            "exampleSites": []
        },
        {
            "rule": "159\\.89\\.202\\.208\\/ktvtogel-960x200\\.php",
            "cookies": 0,
            "fingerprinting": 0,
            "subdomains": [],
            "apis": {},
            "sites": 4,
            "prevalence": 0.0000274,
            "cnames": [],
            "responseHashes": [
                "f53274e2eb6fab552a798baf2492e74c68af97cf4b67cc609f5ae333486cfe20",
                "26c21cba343674add2eab396cc09e47dd0bd26f1a62810c534cc6d0c508b0f2e"
            ],
            "type": "Image",
            "firstPartyCookies": {},
            "firstPartyCookiesSent": {},
            "exampleSites": []
        },
        {
            "rule": "159\\.89\\.202\\.208\\/viptoto-960x200\\.php",
            "cookies": 0,
            "fingerprinting": 0,
            "subdomains": [],
            "apis": {},
            "sites": 4,
            "prevalence": 0.0000274,
            "cnames": [],
            "responseHashes": [
                "516b0aaa40b6ae4b5ad1041fec5fe207af20934dc631d94ea2adb8f09a76ffd9",
                "7166043a9512b71743466ef6911b17cd1228acf9b0b47289761f1c0d143d2447",
                "d33d35089ee4a1cd249c5dccf54be68c78ff91711a8fcf012e2e3cd96cee4ab7"
            ],
            "type": "Image",
            "firstPartyCookies": {},
            "firstPartyCookiesSent": {},
            "exampleSites": []
        },
        {
            "rule": "159\\.89\\.202\\.208\\/djkasino-728x90\\.php",
            "cookies": 0,
            "fingerprinting": 0,
            "subdomains": [],
            "apis": {},
            "sites": 5,
            "prevalence": 0.0000343,
            "cnames": [],
            "responseHashes": [
                "f89fee93b4bd488e37c22bc1301107e52af6a5d6a66608ac233682f56b0a69d6",
                "c11e8cd5c9a116d62e39437f9d935acde44170d05fb7b4aca71b4118bf1fe813"
            ],
            "type": "Image",
            "firstPartyCookies": {},
            "firstPartyCookiesSent": {},
            "exampleSites": []
        },
        {
            "rule": "159\\.89\\.202\\.208\\/elitetogel-728x90\\.php",
            "cookies": 0,
            "fingerprinting": 0,
            "subdomains": [],
            "apis": {},
            "sites": 5,
            "prevalence": 0.0000343,
            "cnames": [],
            "responseHashes": [
                "291b333ef7f5c527c725e40c6ebc875296d7a93ca11f74255937c90f45287d8f",
                "08e8d91ac0eb0c88063f84072e7e3bd82528de4c9861759e71b41958459e0fa8"
            ],
            "type": "Image",
            "firstPartyCookies": {},
            "firstPartyCookiesSent": {},
            "exampleSites": []
        },
        {
            "rule": "159\\.89\\.202\\.208\\/mvptogel-728x90\\.php",
            "cookies": 0,
            "fingerprinting": 0,
            "subdomains": [],
            "apis": {},
            "sites": 2,
            "prevalence": 0.0000137,
            "cnames": [],
            "responseHashes": [
                "a43f0779e0bc6e26e645ce9f711a64b3e3dbf8b278eddd3a08610b4bf7a49cc3"
            ],
            "type": "Image",
            "firstPartyCookies": {},
            "firstPartyCookiesSent": {},
            "exampleSites": []
        }
    ],
    "categories": [],
    "performance": {},
    "cookies": 0,
    "types": {
        "Image": 24
    },
    "nameservers": []
}