{
    "domain": "24i.com",
    "owner": {},
    "source": [
        "DuckDuckGo-US"
    ],
    "prevalence": 0.0000228,
    "sites": 3,
    "subdomains": [
        "imageresize"
    ],
    "cnames": [],
    "fingerprinting": 0,
    "resources": [
        {
            "rule": "24i\\.com\\/",
            "cookies": 0.0000304,
            "fingerprinting": 0,
            "subdomains": [
                "imageresize"
            ],
            "apis": {},
            "sites": 4,
            "prevalence": 0.0000304,
            "cnames": [],
            "responseHashes": [
                "248f151a126ecd9aa07faa1d314b6e7d6b00c82e3fd0e0963b136c81c2586196",
                "8f140177a01449497c7e69f8b140dae829e7c6dfa8c874583c38e5556154163f",
                "baaef304f65a30e7832d1c98327c5202650241c709f2f7b2317cf80608ea765a"
            ]
        }
    ],
    "categories": [],
    "performance": {},
    "cookies": 0.0000228,
    "types": {
        "Image": 4
    }
}