{
    "domain": "7vid.net",
    "owner": {},
    "source": [
        "DuckDuckGo-US"
    ],
    "prevalence": 0.0000837,
    "sites": 11,
    "subdomains": [
        "vd"
    ],
    "cnames": [],
    "fingerprinting": 1,
    "resources": [
        {
            "rule": "7vid\\.net\\/Sb7AkA7\\.js",
            "cookies": 0,
            "fingerprinting": 1,
            "subdomains": [
                "vd"
            ],
            "apis": {
                "Navigator.prototype.userAgent": 9,
                "window.localStorage": 9,
                "Date.prototype.getTime": 9
            },
            "sites": 9,
            "prevalence": 0.0000685,
            "cnames": [],
            "responseHashes": [
                "c19448b037ed9aa2d8e05833aad3ba34f5aec35c3fd2460bf3e22b5ef58203e5"
            ],
            "type": "Script",
            "exampleSites": [
                "bokepjawa.icu",
                "gratis33.top",
                "jambulmemek.icu",
                "kumpulanbokep.xyz",
                "livevidio.xyz",
                "nontonbf.xyz",
                "sdhot.icu",
                "vidoza.co"
            ]
        },
        {
            "rule": "7vid\\.net\\/api\\/spots\\/59845",
            "cookies": 0.0000837,
            "fingerprinting": 0,
            "subdomains": [
                "vd"
            ],
            "apis": {},
            "sites": 11,
            "prevalence": 0.0000837,
            "cnames": [],
            "responseHashes": [
                "cc43c5131fcf4401c377dcac11014a31287a5274b47614001f8f55d1b4c7c8ce",
                "67fab275dc991bd93e72ae92dbbce6ef183d12c3b685330a28ad9f84b51f9df5",
                "5ce57d9be561b4537d35fa8f8a77c94325b45d33a69947bd98758536f65fee46",
                "4e6f4401113f6c33d7b86daf2d852053e1a58b7507718ada2b341118034a2a8d",
                "59c2ff87d3fc33c8ad2a57b925da903935a87054c6f27cc7231e1ab6a4cc901e",
                "2ded7173746fb881783fcd1d31fa93f61477c0ddb2036bedd972935206723e99",
                "f1df0e8d691b52c9a83fd3eaf42571d6ad5a74abde97e3436e3b7ef4f117ab1e",
                "a5ad43499922af008d57b253e75f7aab7bf2184a7a4e5cb4b44b406a5bd6f75f",
                "ad2717c6b05835aa0ecf2dd8745fc83744b7689a678925983c753fdb6225f96c",
                "3116a0d5b04433f278c1c212d451e60da29356a55357e92a87fd914c6487a794"
            ],
            "type": "Script",
            "exampleSites": [
                "bokepjawa.icu",
                "gratis33.top",
                "jambulmemek.site",
                "jambulmemek.icu",
                "kumpulanbokep.xyz",
                "livevidio.xyz",
                "nontonbf.xyz",
                "sdhot.icu",
                "vidoza.co",
                "vidoza.org"
            ]
        },
        {
            "rule": "7vid\\.net\\/api\\/spots\\/246356",
            "cookies": 0.0000837,
            "fingerprinting": 0,
            "subdomains": [
                "vd"
            ],
            "apis": {},
            "sites": 11,
            "prevalence": 0.0000837,
            "cnames": [],
            "responseHashes": [
                "b50a6eb63561669756d5ee770e1ee9aa9df91de2df2ee2c25b2fb2727fc60680",
                "c7026ff1dd4e93fba4766f66ba291fb888402adf782c337af00c6d2fa93796ce",
                "70b1307014e863e3378ec8090c37621a3710db70b6c3d897b59e2028e4f5265c",
                "ae87aeaf3c75b124502fa177803f051d97ee61ba2b654f1276db9609de78bde5",
                "09bc8f78e1a8ef72458c27f02dde1c95fbb759fb9e0b22a102ab01afba4c36ea",
                "fe9b4b3a0b4042a19efe804c7ee73c02ef38d0d94fce2bb117c5ad9e419c84a0",
                "daf141f3f4db360987bffc6d45fe7db8f73ea9ceda0e23d150b3be64ac223ed5",
                "89e7a3cb859900db93e88f72238ba6ec990082d02af483ab0d6506b248b7940f",
                "a16bc57cfa192b25d22d3a56a6b2d3832f191c2fdfcb311d74aaf90872b06bd3"
            ],
            "type": "Script",
            "exampleSites": [
                "bokepjawa.icu",
                "gratis33.top",
                "jambulmemek.site",
                "jambulmemek.icu",
                "kumpulanbokep.xyz",
                "livevidio.xyz",
                "nontonbf.xyz",
                "sdhot.icu",
                "vidoza.co",
                "vidoza.org"
            ]
        }
    ],
    "categories": [],
    "performance": {},
    "cookies": 0.0000837,
    "types": {
        "Script": 31
    }
}