{
    "domain": "aaxads.com",
    "owner": {
        "name": "Acceptable Ads Exchange",
        "displayName": "Acceptable Ads Exchange"
    },
    "source": [
        "DuckDuckGo-US"
    ],
    "prevalence": 0.00133,
    "sites": 175,
    "subdomains": [
        "c"
    ],
    "cnames": [],
    "fingerprinting": 2,
    "resources": [
        {
            "rule": "aaxads\\.com\\/aax\\.js",
            "cookies": 0.000654,
            "fingerprinting": 1,
            "subdomains": [
                "c"
            ],
            "apis": {
                "Navigator.prototype.userAgent": 85,
                "Date.prototype.getTimezoneOffset": 83,
                "Document.cookie getter": 84,
                "window.sessionStorage": 83,
                "window.localStorage": 86,
                "Date.prototype.getTime": 86,
                "Document.cookie setter": 82,
                "Navigator.prototype.cookieEnabled": 3,
                "Navigator.prototype.vendor": 3
            },
            "sites": 89,
            "prevalence": 0.000677,
            "cnames": [],
            "responseHashes": [
                "8bedbfe7e1c2936ef06e2f417117e1071d07855c9f66e32dc343a1ecf2109a9d",
                "4bdc3375cefa7c4f32e5a659795b41a0569e8425e5bb118ac60e955da7ed9273",
                "a049ecbc3511cd2051735197c606bf7585c05a9c0f204a7b8b6725943a4e5471",
                "eff5d087af3c03b3a5ed96ee869fe6126a8735e24fe8146a6f6a76412196c9af",
                "7de164fe9c4475e38b9707547487497eb344f37f227acd41d892b3fb8afd7887",
                "a8c24ac65676505e1c04ed9991de0c52224b4986327ee5fa3d952b067958bd7a",
                "91908b55f993c2302f9ecf71dbf1ceab9df55e3f2be1b7deefcc46e931eb338b",
                "85446731fb0f92fff43eaff08ebb0bbe3dcb99c36ac1786e8656a7135d95c6cb",
                "1a5cee1405bff430db74f2de09de14e93b552f38654ebb97aa7646e829d66cab",
                "a4485f326260a9aeda16699ecd85e2b9d1a7a036b6d49b4c7ea133813ede7dc2",
                "2f235a469c6958f3322ec4b17305f0d0b0151f41728f2b5bf6a42bd06af93337",
                "8742129c680218b3d523524e3bccb41e88e8857cafef7e3620fc1d096521654a",
                "7d4a7637ffaeb5c80a254071c4d4c312b4eb3a62504d43a213078eb10ccd813d",
                "b1cf617cc894fcb42e11e9f7fb11406949245399adf990a4c0187744abcb0201",
                "22f5bda1546a23a42940c1b8aac281a3a29a362ce24b6f60b8b8d02011c5bea2",
                "241024bd7002ed1e01e1d8f0e4489286e55af68c867d477523497c9fa86077d3",
                "c52956cb5fb4bb0510be695f596fac281ce42b3ee834d6dd7805ecc53355b551",
                "bc752589a40142661ee82234fdd1243a8d66feb41e790405204f7abfd4a3850e",
                "ceb36fac5ad095d9376c2855fb4f631c3e91ecc10655dddef1187dce194925ba",
                "d1bb1660165edfd5fd9510fe426e8556cdd7bcedfbf9b4943e99ca99caf206d4",
                "a2bba95000fcb9de71afd52f0ca19bea31efcb14d4c90dae5b932ac281f3b0f6",
                "532b39bcd5df63fe3cfb04c3e1fd0d06572196dbc1d226c466f1bdcf30a1725d",
                "493f90d9c5f137f1a584040ae1caaf425cc398ab015d088ad68a5a132f3c48b1",
                "1fb22869563ae1ed67b8d40dbbf60bb6fbc1d3a6798beea11bb5160fc79cd284",
                "812b612b959bf0f665d1f3ceb714bf7ce9f730d134101f74e9a70ab604b66eec",
                "8ca4af587012726d8c65d7244b2b9e2a96acaa90b29a6bd060540688b1796da8",
                "32746d59effcfdcbc46776caa66f867bddfa2a1756ce56e520b312f897600b00",
                "7583f1a8ee462c156f1b536c103aa7e19641a7069f61082ea1af0dc830bb69f1",
                "a5df15970865fa93a2996094273e2e599021ff4301bed012b6f0845c10b25d81",
                "93c3fce82f8296b9dabe8582f6dab92fe9c789450e54b7be0d0e9b9c8fc5be8a",
                "f95f4686b55f75625de423926c96febbb81f3791013c601545680f18cc3aeb25",
                "fadc247ab4344c1bb8b2a9c3dcb52cd96b2c809ed01a5413e546e5bec8d1884b",
                "a2b004272b4fe911164478e8ee0e200b84c05cc744fc0d33a35d221022a6d078",
                "fd5f20d7f46ca0a2e2f00c84cd27d6229f02b6e752d3361db7c4381c4a1bff1a",
                "1c32be43356b70e0e582a26db64d7c65a637c6b60cdf2a3c7e6b3e93d3bc3a7b",
                "ecfe76cad97a6fa7d8f50411f29643402c8093cb2feb871a4446c6b1d5abb369",
                "cb8a8b3ed89a01b42bdabf1587bc390b4245b85d2301e9cf44555745a3a5a55b",
                "e0eaa9fa15cf550a417b147beabc4425765ac6d8d16ead00907ce4a689964659",
                "3f097cc2193c0bbdadd24aa99f2a2b5ad3c625aefeb210210b809b6845c5291b",
                "888c3b06336f10ba42877f83e0442df15a82289db281da77a1f6df1d738cfe84",
                "700ea74c362a9a9698e6bb4b74479f5b474def296263547a354884385dda84ed",
                "5c42dfafa2c7b554a9f61b0a03bf63ae9cad4cc459603396d3fc49609b925c7f",
                "e1c6a743ae5353bc28de7dfca6aef52566c793f15c7f70dec3a4dabaa388e0bb",
                "521f447d7551957190e964b86bae3d4ca32f08e6caa208d7fae57829b20bf495",
                "7f0482ec0a7af9d83d93a39d116c080cca2aef868bde11b4d0ed5b7962c7bbde",
                "03b01aa70a84114b51fad22094945e1b0d287f831e51c2cdabef401841f1084b",
                "8bca3c2721a03c3e8a78c973e1e9c03c7d43b9db2572bf90988e193d2279a4f2",
                "5bcce9dd60bfedcc224c94663048c3cb0998e14f39024a3b158be83d155b4fc4",
                "4d18042d701f8c6611bac397b2be75f90679e4cd5752f3324ee1617761617973",
                "fe7ecd33639d5303e965447217622378bd1bf21ce6dafa43e768ca260ea98e8c",
                "27f57475b3097ca3390953de5247a8893d9ef1d304f0908b47f9bdc5feb2a914",
                "0aad7da77d2ed59c396c99a74e49f3a4524dcdbcb5163251b1433d640247aeb4",
                "3689ee9b7bb91be874b19368c352d8644d58119f0e6980fa3a4872480ab34601",
                "e46cb7efd0018acf7fc31d00a9f67ae83c6fb170ca46f0a7d4a571ccf8dd19e0",
                "58cc569ffca13ee7299d6e2912d893a50b9fa6a1d21ab3fc63cabf907a1c8c30",
                "0ecd816a03b1bb1ebcfa168f71a3552f33bbc6a148a118c45424c48780ab1179",
                "df89890f487c3ee05f361b08177afde8b513faa68abfc3397c0891e7e96906e9",
                "6202b97f152f1b6d3d19d35b32c33d36679168a378e779fb98bdd264066977e8",
                "46bfcac72332fb8239f522534c974e346996cc68db28eabd6c8c992be10e0f69",
                "7eff6c8f43d3dedb5e10a486bef925e5f0fe717960a1be0e9fda2c8969f360a4",
                "2db1b5459e9bd2f2c003a12e77df31655b31c0dd5bb8eceef39f0f04d8aa1742",
                "bcd17dc9ce76e330eba20c3836588dddc77232d6f8b6b162f22245fc52cca234",
                "7b8f6076e5e8e23f2dd980c77fdee731b37c7937baa059cd67232392dbf0da64",
                "e4269b4928ff56d7bc36cf5ab219fe741494a50d43d4bf5edc93880fe075771c",
                "228edc517a5d5f001a92f49bc979e24da826061e842dba7a06a6b986271c99d9",
                "ad187f3801d9b18836f8bfde746869b3ec63c80a7df67239b54febd5e956fc76",
                "3e07e6214a8b280db1b672ad5ef7f70cc4ff1188d408cac5f637cc513f11428f",
                "24560f8369ecea10846b6760d3026dd2df562068b04f02c82dbadbe014864dfb",
                "b729ea8f3f85f9fbdbc0cfa302a55f40d67e18b21fe4b42a0850a23565f5d2c3",
                "985e5e0464c248f6b22b0a3efb03df1467e8a90592953aecab22e484195e4af7",
                "e67692a47b8434969a107bdfdbac26e7116e50c70fbb24ef8effbefb332faafd",
                "a309cd42ad9ca37b2c0e9794660b2df32b32c8f9a8a427c56425a253f1283978",
                "db0cba44b24036350405fcef8c6d5712067fd2ba586ff9eef625998099f852dc",
                "2a258ffda92ae68d3f077d7b88225605979d12adc2fe15d31ce143a14c26edf1",
                "18f2695fc2465c64709a0d99b28a94b08202693182dff642d11abef1692aed93",
                "353a0c1bb64799bee51499ed37b2c1b01d0b9b6896fef023a2f0a8e46baf3f9c",
                "2e7ecd8e023ef7eeb480c7bdabc01f0ba82c7b75c47d9e007b0903539fe65c01",
                "383a93cd4c1141f98552deb08f07bc05885a8b99d92546ff9290578e02ebdb1e",
                "6e35a50e04c9932c9f79ef2ff0df340f8944d8d5a3d91ec257a6fe4c735d4c83",
                "a9cf572fd180ad066381d99252fe204f5b6916213c01499b868a877cec5e6a3d",
                "6cbad5ab0f28afc1dbb6468c6fde5c18e08e473c4d09adf5580f626c5ba0816c",
