{
    "domain": "ad-srv.net",
    "owner": {},
    "source": [
        "DuckDuckGo-US"
    ],
    "prevalence": 0.000466,
    "sites": 61,
    "subdomains": [
        "ad"
    ],
    "cnames": [],
    "fingerprinting": 1,
    "resources": [
        {
            "rule": "ad-srv\\.net\\/retarget",
            "cookies": 0.000283,
            "fingerprinting": 0,
            "subdomains": [
                "ad"
            ],
            "apis": {},
            "sites": 37,
            "prevalence": 0.000283,
            "cnames": [],
            "responseHashes": [
                "ffd414fc74f7475da0d9db09c1ec9cfa7f0b8931f6f0d61ed92a37a73346be14",
                "79a6f2d385854822bf9691768a27599a134e5bce70d68eac79430d54a0256c4c",
                "325913516f09ec896fb3597c5361bf7478b9cb1e1951303f39d96cf24fc9eccf",
                "60c9b513960d9c743b6d3ec8858576602de6a26a7cfb9cc394d2716df6713d8e",
                "8152830128df1aa78a0f1c58effe9359892c16ab2f49425ca222648ebe1f05cf",
                "d2a40003b1c8c7be0b7aabec9b014be03734b07a1c4c55f9a7c12680e629061d"
            ],
            "type": "Document",
            "exampleSites": [
                "www.eis.de",
                "www.bitdefender.de",
                "www.beyerdynamic.de",
                "www.campingshop-24.de",
                "www.toutpratique.com",
                "www.womanizer.com",
                "dildoking.de",
                "www.bader.de",
                "www.monsterzeug.de",
                "www.asmc.de",
                "www.butlers.com",
                "www.armorlux.com",
                "www.conrad.ch",
                "www.bdfugue.com",
                "www.matratzen-concord.de",
                "www.swarovski.com",
                "www.gorillasports.de",
                "www.strunz.com",
                "north-america.beyerdynamic.com",
                "www.chapitre.com"
            ]
        },
        {
            "rule": "ad-srv\\.net\\/dsp\\/retargeting\\/ex5onxdur1jd\\/",
            "cookies": 0.0000306,
            "fingerprinting": 0,
            "subdomains": [
                "ad"
            ],
            "apis": {},
            "sites": 4,
            "prevalence": 0.0000306,
            "cnames": [],
            "responseHashes": [
                "c78e6a5be0c5665930c4e42e2d23da00551b1eb0468d220d180e58e49f357e86",
                "b62cff0a66f84849428329f6ca381bffa8ee743563d7f69b48af4ede36751641"
            ],
            "type": "Document",
            "exampleSites": [
                "beyerdynamic.com",
                "europe.beyerdynamic.com",
                "north-america.beyerdynamic.com",
                "www.beyerdynamic.de"
            ]
        },
        {
            "rule": "ad-srv\\.net\\/dsp\\/retargeting\\/bey1jo5hl061\\/",
            "cookies": 0.0000153,
            "fingerprinting": 0,
            "subdomains": [
                "ad"
            ],
            "apis": {},
            "sites": 2,
            "prevalence": 0.0000153,
            "cnames": [],
            "responseHashes": [
                "c1427cdb29e83a4d257af4e1fa3330de02df7baf3430253f97714bccf2a19152"
            ],
            "type": "Document",
            "exampleSites": [
                "asmc.de",
                "www.asmc.de"
            ]
        },
        {
            "rule": "ad-srv\\.net\\/retarget",
            "cookies": 0.0000306,
            "fingerprinting": 0,
            "subdomains": [
                "ad"
            ],
            "apis": {},
            "sites": 4,
            "prevalence": 0.0000306,
            "cnames": [],
            "responseHashes": [
                "1402224488b95dd7a1c42124528e2165bb85a753e6a810f45cf1f95e33f916dc",
                "9f25cf41f66815f9471e8bddb3b03842975613be8594b883a51d0e2df0fd559b"
            ],
            "type": "Script",
            "exampleSites": [
                "monsterzeug.de",
                "www.monsterzeug.de",
                "www.puzzle.de",
                "www.vomfass.de"
            ]
        },
        {
            "rule": "ad-srv\\.net\\/dsp\\/retargeting\\/lxikzv607ogy\\/",
            "cookies": 0.0000153,
            "fingerprinting": 0,
            "subdomains": [
                "ad"
            ],
            "apis": {},
            "sites": 2,
            "prevalence": 0.0000153,
            "cnames": [],
            "responseHashes": [
                "75f6dce64ea699d8d39865a1793abea780c0e090a2c0a5b6ea47e46100412f8e"
            ],
            "type": "Document",
            "exampleSites": [
                "strunz.com",
                "www.strunz.com"
            ]
        },
        {
            "rule": "ad-srv\\.net\\/dsp\\/retargeting\\/z7qshqw17nbd\\/",
            "cookies": 0.0000153,
            "fingerprinting": 0,
            "subdomains": [
                "ad"
            ],
            "apis": {},
            "sites": 2,
            "prevalence": 0.0000153,
            "cnames": [],
            "responseHashes": [
                "9492472d5087103a83c103803d6d7d923436508ef1bdebb02c4bfd111e12225a"
            ],
            "type": "Document",
            "exampleSites": [
                "vomfass.de",
                "www.vomfass.de"
            ]
        }
    ],
    "categories": [],
    "performance": {
        "time": 0,
        "size": 0,
        "cpu": 0,
        "cache": 3
    },
    "cookies": 0.000466,
    "types": {
        "Document": 47,
        "Script": 4
    },
    "nameservers": [
        "ns3.as.neory-dns.net",
        "ns1.as.neory-dns.net",
        "ns2.as.neory-dns.net"
    ]
}