{
    "domain": "adapf.com",
    "owner": {
        "name": "Maverick Inc.",
        "displayName": "Maverick"
    },
    "source": [
        "DuckDuckGo-US"
    ],
    "prevalence": 0.0000832,
    "sites": 12,
    "subdomains": [
        "crs",
        "cas"
    ],
    "cnames": [],
    "fingerprinting": 1,
    "resources": [
        {
            "rule": "adapf\\.com\\/cirqua\\.js",
            "cookies": 0.0000554,
            "fingerprinting": 1,
            "subdomains": [
                "crs"
            ],
            "apis": {
                "Document.cookie getter": 7,
                "Date.prototype.getTime": 8,
                "Document.cookie setter": 7
            },
            "sites": 8,
            "prevalence": 0.0000554,
            "cnames": [],
            "responseHashes": [
                "406e3b90b7af177e33b0f389911fbf4bcd8146218820ca62db323718ecbb161f"
            ],
            "type": "Script",
            "firstPartyCookies": {
                "cirqua_user_uid": {
                    "ttl": 157680000,
                    "length": 22,
                    "prevalence": 0.00004851811805151238,
                    "uniqueness": 1
                }
            },
            "firstPartyCookiesSent": {},
            "exampleSites": [
                "ananweb.jp",
                "cherish-media.jp",
                "nekochan.jp",
                "osusume.excite.co.jp",
                "uranailady.com",
                "usyo.net",
                "wanchan.jp",
                "www.minden.jp"
            ]
        },
        {
            "rule": "adapf\\.com\\/user_uid",
            "cookies": 0,
            "fingerprinting": 0,
            "subdomains": [
                "crs"
            ],
            "apis": {},
            "sites": 8,
            "prevalence": 0.0000554,
            "cnames": [],
            "responseHashes": [
                "52bb714d424db9fab0cb902df4db92985fde333018c7ead075d9299667d16ac4",
                "31a8199ffb6a71e2e17f7fcda29e8b67f05b3326c3fa6d59a50c1cecda0aa146",
                "c206cfd60c3d6e436b5cf654e3322b14e7087420c00795642671012688da4da6",
                "fc9358def195263694b53e48567905be6828c883385171111cc8266c3521fb68",
                "39458a1242732f9dc8393680e50a5f7dc65eb80a3355f5ca6e72492033ea057d",
                "c805326b8c98ccfe2e38fe702118c5960a279625ab1b567911591c6331be20f8",
                "8c76a48fe670119bcdf4b3a470f283f662e3d7a5e646f8c16dff69f1e1e58691"
            ],
            "type": "XHR",
            "firstPartyCookies": {},
            "firstPartyCookiesSent": {},
            "exampleSites": [
                "ananweb.jp",
                "cherish-media.jp",
                "nekochan.jp",
                "osusume.excite.co.jp",
                "uranailady.com",
                "usyo.net",
                "wanchan.jp",
                "www.minden.jp"
            ]
        },
        {
            "rule": "adapf\\.com\\/ad\\/v2",
            "cookies": 0,
            "fingerprinting": 0,
            "subdomains": [
                "cas"
            ],
            "apis": {},
            "sites": 4,
            "prevalence": 0.0000277,
            "cnames": [],
            "responseHashes": [],
            "type": "Preflight",
            "firstPartyCookies": {},
            "firstPartyCookiesSent": {},
            "exampleSites": [
                "ananweb.jp",
                "cherish-media.jp",
                "uranailady.com",
                "usyo.net"
            ]
        },
        {
            "rule": "adapf\\.com\\/ad\\/v2",
            "cookies": 0,
            "fingerprinting": 0,
            "subdomains": [
                "cas"
            ],
            "apis": {},
            "sites": 4,
            "prevalence": 0.0000277,
            "cnames": [],
            "responseHashes": [
                "08f7ec18c4599297f44461f5f73ba050a7e955bf3de75db532388607b393a17d",
                "724220c77d6ad52db9840f8a510d81137ad1503837a8ff9929d32cb2c8d27ebc",
                "84f7721755739d323b4a2db373deb33bbe18bc8de38b2b93d1f7fa70afc38fff"
            ],
            "type": "XHR",
            "firstPartyCookies": {},
            "firstPartyCookiesSent": {},
            "exampleSites": [
                "ananweb.jp",
                "cherish-media.jp",
                "uranailady.com",
                "usyo.net"
            ]
        },
        {
            "rule": "adapf\\.com\\/cirqua_js_logging",
            "cookies": 0,
            "fingerprinting": 0,
            "subdomains": [
                "crs"
            ],
            "apis": {},
            "sites": 4,
            "prevalence": 0.0000277,
            "cnames": [],
            "responseHashes": [
                "b1442e85b03bdcaf66dc58c7abb98745dd2687d86350be9a298a1d9382ac849b"
            ],
            "type": "Image",
            "firstPartyCookies": {},
            "firstPartyCookiesSent": {},
            "exampleSites": [
                "ananweb.jp",
                "cherish-media.jp",
                "uranailady.com",
                "usyo.net"
            ]
        }
    ],
    "categories": [],
    "performance": {
        "time": 0,
        "size": 0,
        "cpu": 0,
        "cache": 0
    },
    "cookies": 0.0000832,
    "types": {
        "Script": 8,
        "XHR": 12,
        "Preflight": 4,
        "Image": 4
    },
    "nameservers": [
        "03.dnsv.jp",
        "04.dnsv.jp",
        "01.dnsv.jp",
        "02.dnsv.jp"
    ]
}