{
    "domain": "addsearch.com",
    "owner": {
        "name": "AddSearch Oy",
        "displayName": "AddSearch"
    },
    "source": [
        "DuckDuckGo-US"
    ],
    "prevalence": 0.000466,
    "sites": 61,
    "subdomains": [],
    "cnames": [],
    "fingerprinting": 1,
    "resources": [
        {
            "rule": "addsearch\\.com\\/searchui\\/v3\\/",
            "cookies": 0,
            "fingerprinting": 1,
            "subdomains": [],
            "apis": {
                "Date.prototype.getTime": 1
            },
            "sites": 35,
            "prevalence": 0.000267,
            "cnames": [],
            "responseHashes": [
                "9db6c0b210ebbe30eab11d5f87835dcab9a6e43cbcf8a2e59cfeecdec30882f7",
                "60c914c6fa2c3fc60c0ad351603f39f4be7e721319f917666e94d0d16dc095be",
                "2d4e7ab12aea07fb250b3776fb21e01278c1da747699c40f5bcec337ccec9e6c",
                "230831f461620f3c3ec227fe649fa12b37269eaedf6a76763c4b4d4d3d25139b",
                "cffdf3f25c91710d74cb72b19e3499ff5537eb2f3c254e0d45d88b6a513f6308",
                "d92edc99d4aeaa85c0f2a436a996c5dfed66614f8a326aedbd59d1f6a2f91e0d",
                "443751ea482b92d583042df4f61bf04b6d5829e393410b14b9ae2d8d08f8871e",
                "13fee4a40448ff72af8910651225e59df74fff89a52413266bd5d81ad6cefe0a",
                "de8cd9945f36997e2b9c33293293e46cefcf3b4c62141e675c448b323dba0771",
                "a2de004c1cee174e5779c167ed8193c8993ed7de723b5fcec7f612bf5f7fdbb1",
                "1e2ad57b6eac6f06d0046b9e9b6749564ebe8d80da0f38976dae7f0cce18c404",
                "cb02ca97f43ab8c824363debb9774b203a2f02fc01238769370576dbed16146b",
                "b4508bac7ff3cd5dcb9d6be568e531de2183385eaa9e0358b198202a7cc23530",
                "dc2ff6f79184d2c0c6cf693edbbb6e9e4a1adb0e81ba950b59cc5e0d0b27ef4b",
                "deaf49e0bd47cb2da095ff270e307180cc0e1902399b83195d9459d0b1856059",
                "9d98c835da110696c39aad2c4f55a74a1fd3a703da3703a9145f00b4ef483e28",
                "f0982a21693422051a218ea15900bf7c274ecb854ef846c216ae1df0bccac2fc",
                "9a75c80e785e19d3aaf00d1e1f615c21a8606630e96f0fd6bdb5bb95f58f5c3a",
                "72732a0f6ae83abb03f3743746ad23561d54cb9d04cce1799e17abfa177524e4",
                "9a0a7531ab653675732ec3eb0f6855330c8b9892e39031993a0e4dda5fb7eb1f",
                "78f23e2f626f199404e7db4116769c2f382f2912d560e6d625af32f294074b35",
                "fa02bb3fc2b0079e25973fed0c9032aa8773970df75d7e7c825bd0565611e38e",
                "c4ae4c4b351cbc215ae43806c2d2123c5a84a36c3b12276bf5141261fefdb3b0",
                "274c10fb0c2c433e5baf7bb912544173b203ebb419ee63eb39e257459ee3c58f",
                "28541b33c5dd7134473a97c75f753ff9924b78f2383daa9d425c2190b3cf0ebc",
                "fc31ad9a585755e9086b5b1fc8dfc29540ee45e5e55c1aa9ec3575b39bfee0be",
                "7876099db0ae7716df1c10de9626c3e7ccbdbc0f2cc17bc4f042ac274d29e72f",
                "cb7e678a6e1bf924e4216cab02e260c30207bff96b396b02a5a560918da11106",
                "5dc189e94f798e3ea96c755c66e4183b4a0427b1523a3f45c7d3485b8b2dfc16",
                "87dbde2de89d064070a1303d28e8dd0399f1eae3ab3e6b2bb4313a6f61979307",
                "fb6a9e496c27885bee902ea1df7995a60dcca69bd6ef25fe11ac592c6f7947f4",
                "e4370b1fbfef43c85333f4aded3db5f03ec371561429fd75a44a9283acb076ce",
                "fadeb1c5dfff5c09a10fe8ea525546bd289236c12ed47cff1f112084297de9e2",
                "c5eb4b3a8771eaaf96bfadc783b79dfbca4a02fb2b50c2ef7af695201bf5f6a8"
            ],
            "type": "Script",
            "exampleSites": [
                "movie-locations.com",
                "www.giac.org",
                "www.blackcircles.com",
                "www.supremecourt.uk",
                "www.dullesglassandmirror.com",
                "www.memoriapress.com",
                "www.f-secure.com",
                "www.onlinemetals.com",
                "www.wuv.de",
                "www.genelec.com",
                "www.sans.org",
                "www.aboutoliveoil.org",
                "www.footankleinstitute.com",
                "www.singleboersen-vergleich.de",
                "azstateparks.com",
                "www.telia.fi",
                "www.mixedmartialarts.com",
                "wiki.ezvid.com",
                "quillandpad.com",
                "rawlsmd.com"
            ]
        }
    ],
    "categories": [],
    "performance": {
        "time": 0,
        "size": 0,
        "cpu": 0,
        "cache": 1
    },
    "cookies": 0,
    "types": {
        "Script": 35
    }
}