{
    "domain": "adingo.jp",
    "owner": {
        "name": "fluct,Inc.",
        "displayName": "fluct"
    },
    "source": [
        "DuckDuckGo-US"
    ],
    "prevalence": 0.0559,
    "sites": 7359,
    "subdomains": [
        "cdn-fluct.sh",
        "sh",
        "i",
        "pdn",
        "cs"
    ],
    "cnames": [],
    "fingerprinting": 1,
    "resources": [
        {
            "rule": "adingo\\.jp\\/f\\.js",
            "cookies": 0,
            "fingerprinting": 1,
            "subdomains": [
                "cdn-fluct.sh"
            ],
            "apis": {
                "Navigator.prototype.userAgent": 42
            },
            "sites": 47,
            "prevalence": 0.000357,
            "cnames": [],
            "responseHashes": [
                "b470acea7eedc542145fe830bd3cdf55b872ad0963ddb8cb2bd20fa208d4bc66",
                "516e8fb717bd395b053edc59d944d6fb62bf1332356da095085b7ee624e7b6d4"
            ]
        },
        {
            "rule": "adingo\\.jp\\/",
            "cookies": 0.000387,
            "fingerprinting": 1,
            "subdomains": [
                "sh"
            ],
            "apis": {
                "Navigator.prototype.userAgent": 21,
                "Navigator.prototype.plugins": 49,
                "window.localStorage": 11
            },
            "sites": 52,
            "prevalence": 0.000395,
            "cnames": [],
            "responseHashes": [
                "b99ce636120411c24fa1f4b2cb507a01171ce63598baa68d616ceae7be61a68c",
                "496238602c9ec1f700031213bf49a451f680ff927ace11f76fcb7882f4ec3b90",
                "5891309131ad3a4c8d285328f02aa9517635ee1ce6100616f83391b691935453",
                "374a3b9a480fae53c67ac503c814ffc6b0072e5166d252dc5a1befd4483af072",
                "f0bdf0972e93460f2671384ad095b8c417df0325cef4c7634f422388d00bcc81",
                "b2cc03398340302925ad79c6eae3f1e43136f437ffd4af6844b72eac6f1a5c44",
                "b19f77cc74879fa77462fc617f360d012e7b3233c350fa5fd51985e5b4ce667e",
                "879e1bd3a46e3fb8cbe63a70ed76e730c8b0055da1ff5bb45d3ef9374eb480bf",
                "56b16e1cdb1af9c4e1a0658f48d251c3f7118a9cb933535c1b5e8efb45c13c8d",
                "5a97f988550a051fa26ab5524486fbed2142c6e5e241eff286877cf43040735a",
                "b8a933d3461b31520aa0ac20e64f03b61694281bd9935192eb1cfc9207fb5f09",
                "77b0ebb91d2456384298d3a8f1c7fd402c767358c98b1139a8725d5235fa0828",
                "69aa18cf0ba0ced4329f48dfddf3dde865ae6d99b82fda3095efd9addc810141",
                "eaccc055c4cfb7363cf78d455b6afcbec4205cc8f50829925546fd4f039f6117",
                "15b2eed16ab725e6d1b497700a920c22241ad341476c68ade7a9d198b42846c1",
                "6534a4b00f31b56c1f3d39d896ae14df9bcd9c6fce403bac8ebbaf2d918e3903",
                "eff46a09cf588a07ae02477a186321dec91674f227ebfa11fcd84cde76d5eea9",
                "83d1dc3c8751d7714778ad17c2f83289d2bafac5f7e48aaa75c7dfd687c8a613",
                "fd545d678a14d1a2a6a88717096447dccd465b1d32539516da3b237e0dae0f70",
                "c83c28872b4090cf745b53258b3ab0d3758464d5fc53f3d0339c6ac7b908d752",
                "1a6ae6aed234c4be35d5cb8dc2be1528dec78f9ace7b3ab484e483d19a8a78fc",
                "6d8df3019514e627d4ca901b3f71f58e8df1a0a71b416596056f1b67d014063a",
                "2ba5cb3abe4263f4bb5ac1892dc513200099da79e60e8c16532089bbf088d6b1",
                "81383c1a428f2972cd8a1dede7c71d436226f7b63b3232947badc0c23320a8fa",
                "12c1d345dadb3c7e7098570596ae1c644f0ed2ba5e64a7f13facf345dc1e2ae4",
                "42be702ae927080dfca92914a561174fcf86f5f7a852c2a8417ddc206366f97c",
                "fdc526d3748a28c8be06da53e7b1e6a8232d5188d9574deaa533db8bbe35eb13",
                "ed7631766ec3f6dcb20048b49d3113a62450dfffa85253cafb3543d9f0e6044d",
                "83d6a1aeb8c9910cd64ca7df6b58e1a7afb21ef37aee54cc978f7ea9e9245260",
                "0a88358a8d2113146b5fbb8ed5ed0dfb230ae2133118335f812ec3f2074e1ecf",
                "c800729c26fa6466808ccd7c828f5c9caf090393857869f524fba34fe7461fb8",
                "664c981f8d7866ad5a42ff946f6d9df5b230ded8f39bd29a13f8f72190e5b482",
                "2bce2f447746d8639fbc068ef88aae1da478664997248200bc9d138686ca3bc5",
                "0b4fa8b5ecfff6988c7284ccef4a357f7e26652a6bd439995b14d26b8cadccf7",
                "a6190dca2d1097de41a9322611f3809fb18dc8497db8b0b851e4f21e2b573b6a",
                "e1a83f22d1e9c79bbdb72181d521ab4a3408163acd6ea3e13ed47520579858fd",
                "be9d497f0ed750e83df31137a02bfd90946c656fb988fde12c20059f6de72d89",
                "11cfada84d8d295c211c24c1b9b98754372bb2afbbb5fc750fc97fa30544f042",
                "c1ec9489eda1b495a9dbecb7469bac5cede040502cfb4b454c9f4a2fd0fcb195",
                "c8eefc6c44f040f4288ca73e168ad3baa10ccf3022322c1e263b6ae7acdd4665",
                "6e3ffad84c96ded938ba93b377601afc79e3516a381f26c291bbb36c7b4a41af",
                "63bde001e9d2abb4fb1e30d2f63587eec2bdbefd12eaf913c91f6304a11b75a1",
                "5f73efa10d64712b50fae6b23dd5855515d8cb94cc396da780384488223e5f73",
                "f4fba62e282f74feba6c3593560cf033d103f57bc3a04d62b414f7e103cbdde9",
                "c5eec369b7fbe0ef07696bb571beb2a21fb9b640a78173657b7f6430239ca11d",
                "0980785b76291fb161b2783a1a49830a52cad2c4ae75dc18293c7903f8e4572d",
                "2fc061940825c11562de08b2fc8293d0dbd00ffd139609bdb948f7aba6516242",
                "2ebdae8e9115538924140e94f61a1d9e3534042045e2bbb7cc4724a8e36ebaa6",
                "ef67da10af48a0890e954cdb15134ace30769c682535048a55347c3ef3512550"
            ]
        },
        {
            "rule": "adingo\\.jp\\/",
            "cookies": 0.000387,
            "fingerprinting": 0,
            "subdomains": [
                "i"
            ],
            "apis": {},
            "sites": 51,
            "prevalence": 0.000387,
            "cnames": [],
            "responseHashes": [
                "b1442e85b03bdcaf66dc58c7abb98745dd2687d86350be9a298a1d9382ac849b"
            ]
        },
        {
            "rule": "adingo\\.jp\\/p\\/",
            "cookies": 0.000159,
            "fingerprinting": 0,
            "subdomains": [
                "sh"
            ],
            "apis": {},
            "sites": 21,
            "prevalence": 0.000159,
            "cnames": [],