{
    "domain": "admenhost.com",
    "owner": {},
    "source": [
        "DuckDuckGo-US"
    ],
    "prevalence": 0.000304,
    "sites": 40,
    "subdomains": [
        "dsfgp"
    ],
    "cnames": [],
    "fingerprinting": 1,
    "resources": [
        {
            "rule": "admenhost\\.com\\/api\\/spots\\/222317",
            "cookies": 0.000205,
            "fingerprinting": 0,
            "subdomains": [
                "dsfgp"
            ],
            "apis": {},
            "sites": 27,
            "prevalence": 0.000205,
            "cnames": [],
            "responseHashes": [
                "4924cae23a715e50a6cf5d34ca1f8cf724e0a1cdfffc8c43e35a8367909ab2fb",
                "c2f9add05848b0d4a5c9345cdb2b66ee380909812b3e40d15c11375769ee70ee",
                "870f4cbcd62fc8d37b8441cc30e2dfdf6f92f31833ce13d5ddc19593ab4b8477",
                "38e94627693fcba620689c60911054c76c0a49da63e20fa604290ddf11859bd6",
                "db62619f98c3a8f57bef466946f234ae34905305e209fa409c54361e48b3ca70",
                "222d980a7d3ba27f1a73306613bddbeea9ebb954e662f33628a5aa27d7416a59",
                "eadc3ba7d4100d5ad156a19fda1c5caf49a55f19453ca8cbaadc6c5a06dac31c",
                "e3ef0f6589785861fa98a0aebc09a6d84719994605cbdfe4a4c4fadd9402570b",
                "76dcf72f1ef5c5b500cd7f9c6479c6ce6c5c0731bd49f0859d700825287213c0",
                "15c5015385cb29f423e2fe17e15314d14b61e0a47f2835259f29ba6eca1a8f91",
                "baa23eff17067c164c7681a903a9477b1541ddd1db732afe015df3c4edcd926d",
                "405dbefd019dfbddfdbcf8769acc0f9ff736aeffbbb1e4f0d045eaf706afe7bb",
                "486aded3cb88d342c74704ce8afb2561d560917548a978b2b399fd934e152f4e",
                "5cf8bb3d962292dd01711b99433c7f34426952cd2299723b60edfd41640e285b",
                "7583c688efb1bee4a045d2a8d365c1483b66761d8de6ef274c99e97cd9a5fef9",
                "129c194d9672dcd2bd0c8f1f1d23a2522dc739bcbfa52a913203c60b2c908c76",
                "c8d874aad0ddda9e55074bad890522c45770b3cf8bf7e17b06d9d45ec4ae478c",
                "40b7429a535ba811b659e547a125955a7875d676726ab7e358bf5a36732a1938",
                "f2bd772e9cb400660c97a573b87ad1231e5a5401a02a8893cb47ffddb8c2a6dd",
                "308f5f5bc133c3e596f1c381b2026f3969a5bbfa851beb3a44c4d06a5ee0be55",
                "db2013803640ebb2515a70380585fd7483e70cfade141eab832c976791c7138e",
                "833b6f4bc41b4e9bef3a1c4729025783a76f95446983f6c7a90a343f77752355",
                "0d51601695c4a75528f108708238d4336b5c82549a6b1c8f70f1fcd65122c9b3",
                "c4be22a250a9d7de8fa9751a29781c3b66ba4e9ba2eb0ddcaba65a6eca69d589",
                "d0824e07b031aa3592f0cb38287abeaf331d92cb737b81919e71b1486c31ead6",
                "d986bfed309dcbafb5c4d479dc9a78f90a0988ab3bcb0dc0bd594dc193b3f7f5"
            ],
            "type": "Fetch",
            "exampleSites": [
                "zoosex.gold",
                "teenbestialityporn.com",
                "zoosex.fun",
                "zooporn.video",
                "analzoosexporn.website",
                "animalsex.blue",
                "animalsex.site",
                "animalsex.party",
                "bestialitydogtube.website",
                "zoosex.me",
                "thefreebeastmovs.com",
                "zoosexart.com",
                "analbestialitytube.space",
                "horsezoofiliatube.space",
                "sexwithanimalsvideos.com",
                "zooporn.shiksha",
                "bestialityhorsefuck.space",
                "girlsexwithanimals.com",
                "dogbestiality.website",
                "animalsex.me"
            ]
        },
        {
            "rule": "admenhost\\.com\\/vast-im\\.js",
            "cookies": 0.000038,
            "fingerprinting": 1,
            "subdomains": [
                "dsfgp"
            ],
            "apis": {
                "Navigator.prototype.userAgent": 24,
                "HTMLMediaElement.prototype.canPlayType": 24,
                "Date.prototype.getTime": 24,
                "Document.cookie getter": 5,
                "Document.cookie setter": 5
            },
            "sites": 25,
            "prevalence": 0.00019,
            "cnames": [],
            "responseHashes": [
                "a7f0d21f21c67f777cc156950f2c4022e6190f8fdff4d6d8b12af1748997170d"
            ],
            "type": "Script",
            "exampleSites": [
                "horsesexzoo.site",
                "teenbestialityporn.com",
                "animalsex.site",
                "amateurbestiality.fun",
                "analbestialitytube.space",
                "zoosex.gold",
                "bestialityhorsefuck.space",
                "sexwithanimalsvideos.com",
                "animalsex.me",
                "dogporntube.site",
                "analzoosexporn.website",
                "zoobestialitymovies.com",
                "dogbestiality.website",
                "animalporn.stream",
                "thefreebeastmovs.com",
                "animalporn.name",
                "zoosex.fun",
                "horsezoofiliatube.space",
                "bestialitydogtube.website",
                "girlsexwithanimals.com"
            ]
        }
    ],
    "categories": [],
    "performance": {
        "time": 1,
        "size": 1,
        "cpu": 2,
        "cache": 1
    },
    "cookies": 0.000281,
    "types": {
        "Fetch": 27,
        "Script": 25
    }
}