{
    "domain": "adnxtr.com",
    "owner": {
        "name": "White Ops, Inc",
        "displayName": "White Ops"
    },
    "source": [
        "DuckDuckGo-US"
    ],
    "prevalence": 0.000396,
    "sites": 52,
    "subdomains": [
        "s"
    ],
    "cnames": [],
    "fingerprinting": 3,
    "resources": [
        {
            "rule": "adnxtr\\.com\\/2\\/696173\\/analytics\\.js",
            "cookies": 0,
            "fingerprinting": 1,
            "subdomains": [
                "s"
            ],
            "apis": {
                "window.name": 47,
                "Date.prototype.getTime": 47
            },
            "sites": 48,
            "prevalence": 0.000365,
            "cnames": [],
            "responseHashes": [
                "2ba87dad6271d6a802f5217f36ecbadac8f6e8bfe1d4de3a9ae2c7ea0e9d6fc6",
                "c82a1c01ca2ecc94031c2a2ba70ac59d88236814a1267ac6f78ead4e3eba10ec",
                "483c85e310d385fbf4c8efcfcd74bc3d6a76cfd3c61a9b1fd7aca6e41f4bd963",
                "d1f21d571d5e02e310ce30d4ec3afb15bdc3d23e13f47d4610de61b78f83a2e4",
                "266ba043d2ed4b22bd03af91e740aa052b6d0edc76607d2ccb351b5de0746692",
                "930879cfd9bfa1a3097044b07232bfb34f5f2898a314556ddfbbe4567409801c",
                "f14119d8af512ed77253edcbeeacf6a5f4e6e883ea706477bea2b449e337d64c",
                "992795340743b80b36e50ed8cb6406d24d6c191917f0b8ad346827c60aecbba4",
                "20ef0ae04b36e36529d8d3424bbca1ca09b721b9d0f49998745542bb4bbc1435",
                "37ca3289f2a809561f01af9e722f080f5b781a34a8eaf6a3a22c80033d09ded7",
                "d4777e82013ae60416ef79cc78d1e796ce5651c75b07331e21154391a5c17712",
                "45a950bd979a1c28e8bf2f44da9718a6063997a8d5de8cd598aeda5dd142f41d",
                "353322ae566439779597f1043b832c5ebc0500d8dfcf6081b933d097a23e67a0",
                "14e3dd5b7b979d6ddd5c0cb8f69e4a445e37dba07eb0c8a57f9ad100c2f5c3e9",
                "3fc750cc80483cfc184714483b3cc1cf9298e6641c53e33209100e699684dfad",
                "f7c74d747cb868e8383de434487fd08b0ceb7975b5b0191c18af5bc1cd59c158",
                "147866fb654440d36a00223c6fd76d762b4ccd4de3b77a17dec40d0e08073c18",
                "4c9b9878417096a5ca5ee084dd8acbf2a4ac6d3ac6274d46bc38c81efb50eb6f",
                "e7118636b86048456789c33be72e168aacf07522e06a80caf3665de2d58c839a",
                "79eb46f59ffdfb1c9bac5122e77b03fb75e85eace0074d7802f7e143679159dc",
                "12978c05ba86f71cc73061666efde959232888de8096b4c89b7a0d7a2016b29b",
                "31f546e53d27eb8191320805a75b3deb80a0a1690f414cf0ec703006b2c5cf26",
                "83bc9e1f55bb82b89b6c017b1910d2bfc7bb002d8baaf3ca367fc9c4177fb018",
                "d5f666384bb6324bded16b456090d5561dbfde964498b6b4c87530b3be72b07f",
                "bb33783b880ff36360cf263544058215bc34f8d42a75498b5f103474abf91e9e",
                "241f89a59e00f047c75143ae5108f85a8d73d16e5bbfb912603a20d72487e300",
                "6feb6d5dfc89688cbabcf0b24add22b079347b638f85ee74738f30ff434ade23",
                "2e162070cbba8df9fa130a15522b2dfeae60ee32d9f43a21bd38cdcc236a54e3",
                "382f8843d03bf3ed7207544681813bf4e578d93195fca9bb462cd6d8b49f5d94",
                "defc5e1e7ab9c92773ce744de3029944296d51585bd9d7c2d25293ca2596fbe5",
                "2f80bfd85913c03ecd26303fd3ca3412da377c6363301042160706ac8c7efbe7",
                "51c18cf4e065793b2d3422f0e2b7243d3082e3f249f857036782c5dedda26921",
                "a0dd5fa47662d4c0bd3ac253cd94cd1d6e0780af5ce9b5a20a8392e2d0b3bf51",
                "864fdec3546818ce4dcd4172361474d229a8a072e1f58e4bf825f722db4110dc",
                "92160b433c500a263802f3ebb7aace119fe152e9f56800c2309cfb5e2030f126",
                "3624e4961b1bbf3f92b3c5e44aee2d5fa276adfdf80e588945f6c7870f328200",
                "85ab2f1518d7085e10826f5da9d893ed19685bd3c848ed61c23baf5cd81da7e1",
                "cd8dbe448cdfe3dfa01e60ff04920194e71de8f794f210de52b0cc28f4b5f6dd",
                "ce33d7dba081b13bf4f2c93d9be5ffb151176770775ddc102b5468fe6083f4fa",
                "7b64150ae837623becb9b1b0a068ac020e7242a5294c6dbad8e5bd5b66d56191",
                "3555613d5e34d9af43c6868d9d0e9985bc484db3923f3e3aeedfe1805c31d037",
                "8c411e75792520edefb7d292688a29a375dfcc0e2bc13badde982ec5d4de1f41",
                "bbbfb8fb80c9379cf5e309ec17c5e7b10211f83fd84ffbc5e9b563291722ed8d",
                "3bb0233864e14e7cdade98354584d886c93e1cf65e22b1da45b6b43ca9e5a6a0",
                "e9616d675b3e2f9a6ba1f0bc7e0df9ff92f77d4711bb1c53f477f7a2fc64e698",
                "0693153c3612fa84440a26b3a0e20b9e1c8fd918d4b303f55cedfa147e986dbe"
            ],
            "type": "Script",
            "exampleSites": [
                "groundclearances.com",
                "www.subaru.com",
                "brilicious.brilio.net",
                "www.thehealthyapron.com",
                "www.deepsouthdish.com",
                "www.ascentforums.com",
                "www.nosalty.hu",
                "www.pakwheels.com",
                "bloodsugareasy.com",
                "carsalesbase.com",
                "kimatv.com",
                "belcy.jp",
                "www.mesinspirationsculinaires.com",
                "www.subaruoutback.org",
                "autoc-one.jp",
                "de.motor1.com",
                "firstreviewhere.com",
                "suv2021.com",
                "www.idee-fuer-mich.de",
                "bigworldtale.com"
            ]
        },
        {
            "rule": "adnxtr\\.com\\/2\\/4\\.76\\.0\\/main\\.js",
            "cookies": 0,
            "fingerprinting": 3,
            "subdomains": [
                "s"
            ],
            "apis": {
                "Navigator.prototype.userAgent": 35,
                "Navigator.prototype.permissions": 32,
                "Notification.permission": 34,
                "Screen.prototype.availHeight": 29,
                "Screen.prototype.availWidth": 29,
                "Screen.prototype.colorDepth": 29,
                "Screen.prototype.pixelDepth": 29,
                "Screen.prototype.height": 29,
                "Screen.prototype.width": 29,
                "Navigator.prototype.onLine": 29,
                "PerformanceTiming.prototype.navigationStart": 29,
                "Performance.prototype.memory": 28,
                "window.devicePixelRatio": 29,
                "window.name": 29,
                "console.memory": 28,
                "window.localStorage": 29,
                "Navigator.prototype.vendor": 29,
                "Navigator.prototype.appCodeName": 29,
                "Navigator.prototype.languages": 29,
                "Navigator.prototype.mediaDevices": 25,
                "Navigator.prototype.hardwareConcurrency": 29,
                "Navigator.prototype.deviceMemory": 25,
                "Navigator.prototype.plugins": 29,
                "Screen.prototype.availLeft": 29,
                "Screen.prototype.availTop": 29,
                "Screen.prototype.orientation": 29,
                "Navigator.prototype.platform": 29,
                "Navigator.prototype.maxTouchPoints": 29,
                "Navigator.prototype.connection": 29,
                "Date.prototype.getTime": 29,
                "Date.prototype.getTimezoneOffset": 29,
                "Intl.DateTimeFormat.prototype.resolvedOptions": 29,
                "speechSynthesis.__proto__.getVoices": 29,
                "Navigator.prototype.getBattery": 29,
                "URL.createObjectURL": 27,
                "WebGLRenderingContext.prototype.getExtension": 1,
                "WebGLRenderingContext.prototype.getParameter": 1,
                "CSSStyleDeclaration.setProperty(\"fontFamily\",…)": 1,
                "Navigator.prototype.keyboard": 1
            },
            "sites": 37,
            "prevalence": 0.000281,
            "cnames": [],
            "responseHashes": [
                "fe9f8c74730c62a11233d1ce17c0962f7db49fc57a76c0e40e18781154d40835"
            ],