{
    "domain": "adperfect.com",
    "owner": {},
    "source": [
        "DuckDuckGo-US"
    ],
    "prevalence": 0.000125,
    "sites": 18,
    "subdomains": [
        "sso",
        "casmp"
    ],
    "cnames": [],
    "fingerprinting": 0,
    "resources": [
        {
            "rule": "adperfect\\.com\\/client_authentication\\/",
            "cookies": 0.0000208,
            "fingerprinting": 0,
            "subdomains": [
                "sso"
            ],
            "apis": {},
            "sites": 3,
            "prevalence": 0.0000208,
            "cnames": [],
            "responseHashes": [],
            "type": "Document",
            "firstPartyCookies": {},
            "firstPartyCookiesSent": {},
            "exampleSites": [
                "post-gazette.com",
                "obituaries.post-gazette.com",
                "ottawacitizen.remembering.ca"
            ]
        },
        {
            "rule": "adperfect\\.com\\/widget\\/retailadvertiser",
            "cookies": 0.0000832,
            "fingerprinting": 0,
            "subdomains": [
                "casmp"
            ],
            "apis": {},
            "sites": 12,
            "prevalence": 0.0000832,
            "cnames": [],
            "responseHashes": [
                "5a58ff291f6ced06509fc5d01caea93451128787865e9c084272f52e4f3e1639",
                "5e9838e2965bda9834fb9559e95bfa0d67b3e5e770caa1a7f0e14d54062fc933",
                "7569c5da57abb6d9e386898b9e16b3d884975f36d0bd146258ee0d33cf541c39",
                "e75a943b184e25e0245ab4858e0f02782b10403fc87a8c320d254c33e71a3750",
                "3ba3e2ce368bc3fd447939b3c373be736647ec710e3ab3e88efaf853e07e5086",
                "f0b25499e7dd0fbc62a31ea5ee009cad1d1cef37f9a99ce5c2d01dfcbb8faeaf",
                "1e0eab17632e7a374e6597b4a8e381ac44d4cf2be3e7acced52f5396f88a33d1",
                "0cf1b326dd19726ef1f73c1529300cfa723218d1bb3428d3b51a82ac46cd667a",
                "063cef264e0e71270c9ba03b19f587cb3db512fc57658f568a2aefa1cc9dbfd9",
                "afedba405890ea7d83a00f787b2fc4c0bd934aa4bde141a5ad4a2432382ae41e",
                "31d8de1edd57aa8107a35150602db977716502acb6e124c3215f08d95b3c8065"
            ],
            "type": "Script",
            "firstPartyCookies": {},
            "firstPartyCookiesSent": {},
            "exampleSites": [
                "dailyitem.com",
                "www.eagletribune.com",
                "www.gloucestertimes.com",
                "www.goshennews.com",
                "www.heraldbulletin.com",
                "www.mankatofreepress.com",
                "www.newburyportnews.com",
                "www.normantranscript.com",
                "www.salemnews.com",
                "www.thedailystar.com",
                "www.tribdem.com",
                "www.tribstar.com"
            ]
        }
    ],
    "categories": [],
    "performance": {
        "time": 0,
        "size": 0,
        "cpu": 0,
        "cache": 0
    },
    "cookies": 0.000125,
    "types": {
        "Document": 3,
        "Script": 12
    },
    "nameservers": [
        "ns-934.awsdns-52.net",
        "ns-1304.awsdns-35.org",
        "ns-1893.awsdns-44.co.uk",
        "ns-240.awsdns-30.com"
    ]
}