{
    "domain": "adventive.com",
    "owner": {
        "name": "Adventive, Inc.",
        "displayName": "Adventive"
    },
    "source": [
        "DuckDuckGo-US"
    ],
    "prevalence": 0.000236,
    "sites": 34,
    "subdomains": [
        "ads"
    ],
    "cnames": [],
    "fingerprinting": 2,
    "resources": [
        {
            "rule": "adventive\\.com\\/ad",
            "cookies": 0.000194,
            "fingerprinting": 1,
            "subdomains": [
                "ads"
            ],
            "apis": {
                "window.name": 20,
                "Date.prototype.getTime": 20,
                "Screen.prototype.width": 11,
                "Screen.prototype.height": 11
            },
            "sites": 28,
            "prevalence": 0.000194,
            "cnames": [],
            "responseHashes": [
                "7ae3f55f63018200a8e6fb54204f01598103d46719176be816f6be94f3ff9945",
                "d7e890fc0979b2b5a15197ebc82fd0cbd028d447fcfd9525df8039f768d2b389",
                "0cb82fc62fccec24182c2bf75a839e899a70f651784bd7f32e9285a7e250ed44",
                "96dfc96ce98388af87e3d3e55f1c8a72441aa8ab0e226df88ece5b62ea33865f",
                "e067c3b74d76d1027203b34f69ba10765942b5e4d21df1400a324e6b2e33bfd3",
                "88f5a15743ad1982e818f93a64d56a0d3b4980b31916183e39f177ce03c69da7",
                "899bbfc31455b0e6e1960114623e5f5b14a56fe622751ab90d0da89c74121234",
                "c37bc35ca2861533856da87bad21fee7d3a519800a0e3d8ba1aa556bb23fe151",
                "461539208ab2bf4de3f98d3476ee65c052b7b77194a2452b946d1a296af104e6",
                "778a1872f14a14ee00840376076973540a6b037c941c0321ecacf51080ab9836",
                "1b5c347b6125ca326d011d874736552d18718eca2041c3b8b126b0b51adbca0b",
                "f7942442e31fb9add8cf37cd369ca7fc4d02edacfe120f9ea65892d5123cfa01",
                "18952f85b399a619045ec461525a2b72fc48b48fdc6fa25e86252e40e95a6505",
                "e5c0ac0a03f37e9987749ecb917a19fa9ae47cab5f3e687c0584d9df4e2ed935",
                "70c3c4ce6e514f6a7d7eaabc90a7608b8898b9b036d768c4040fd6236728be99",
                "5ae2d6808d33edb10e3ceec932a34b878c24f7a9e6801e292d9f22b3414081a0",
                "d9bb9af19f80b71725fcd3be8e743ceb75a0c5937ffddb2fedb8390ab0afea2a",
                "f336140574efe4a14e58bb284df335fa8dfce316a4299e5f13cfe97f46d63e71",
                "92196fb81336ea2a1a9aa94f57d199931421c2df81fc122d68224f6e952ccce9",
                "0103a334ed3cdc95f17c34ed0778b6050a5b1a4a3ba9e35deea35520193d560f",
                "320551a5c36185ae638e0bd09a509b07b58f7ebfd49bcae46c838068c18be4e1",
                "fbdd6422d1f9fbaf6ea09d30bea56a65a7951e4278a1e7edfc0e82b7b8e4a592",
                "fa9bbc15293ca28b638839d9d0f7f1da25ce1d72714678c552dda9e21eb66e03",
                "55ce96b774a49f0c10b6a15c7c0f8fa4756f2ddbf16b5b1362af8c918c68f8ea"
            ],
            "type": "Script",
            "firstPartyCookies": {},
            "firstPartyCookiesSent": {},
            "exampleSites": [
                "www.gundogmag.com",
                "www.houstoniamag.com",
                "www.highsnobiety.com",
                "www.sarasotamagazine.com",
                "www.rifleshootermag.com",
                "www.postandcourier.com",
                "www.rep-am.com",
                "hypebeast.com",
                "www.pdxmonthly.com",
                "durangoherald.com",
                "www.petersenshunting.com",
                "www.theday.com",
                "acs.org",
                "cen.acs.org",
                "www.northamericanwhitetail.com",
                "www.winemag.com",
                "www.newsday.com",
                "dcist.com",
                "www.gunsandammo.com",
                "racer.com"
            ]
        },
        {
            "rule": "adventive\\.com\\/api\\/stats",
            "cookies": 0.000181,
            "fingerprinting": 0,
            "subdomains": [
                "ads"
            ],
            "apis": {},
            "sites": 26,
            "prevalence": 0.000181,
            "cnames": [],
            "responseHashes": [
                "b1442e85b03bdcaf66dc58c7abb98745dd2687d86350be9a298a1d9382ac849b"
            ],
            "type": "Image",
            "firstPartyCookies": {},
            "firstPartyCookiesSent": {
                "get_top_level_domain_cookie": 0.000006945650286508075
            },
            "exampleSites": [
                "www.northamericanwhitetail.com",
                "www.newsday.com",
                "www.travelweekly.com",
                "cen.acs.org",
                "www.pdxmonthly.com",
                "acs.org",
                "www.gameandfishmag.com",
                "www.postandcourier.com",
                "www.petersenshunting.com",
                "www.rep-am.com",
                "www.highsnobiety.com",
                "www.gundogmag.com",
                "www.handgunsmag.com",
                "hypebeast.com",
                "www.sarasotamagazine.com",
                "www.shootingtimes.com",
                "www.theday.com",
                "dcist.com",
                "durangoherald.com",
                "www.houstoniamag.com"
            ]
        },
        {
            "rule": "adventive\\.com\\/ui\\/img\\/tracker\\.php",
            "cookies": 0.0000139,
            "fingerprinting": 0,
            "subdomains": [
                "ads"
            ],
            "apis": {},
            "sites": 2,
            "prevalence": 0.0000139,
            "cnames": [],
            "responseHashes": [
                "b1442e85b03bdcaf66dc58c7abb98745dd2687d86350be9a298a1d9382ac849b"
            ],
            "type": "Image",
            "firstPartyCookies": {},
            "firstPartyCookiesSent": {},
            "exampleSites": [
                "highsnobiety.com",
                "www.highsnobiety.com"
            ]
        }
    ],
    "categories": [],
    "performance": {
        "time": 0,
        "size": 0,
        "cpu": 0,
        "cache": 3
    },
    "cookies": 0.000236,
    "types": {
        "Script": 28,
        "Image": 28
    },
    "nameservers": [
        "may.ns.cloudflare.com",
        "igor.ns.cloudflare.com"
    ]
}