{
    "domain": "adxadserv.com",
    "owner": {},
    "source": [
        "DuckDuckGo-US"
    ],
    "prevalence": 0.00024,
    "sites": 35,
    "subdomains": [
        "ads",
        "static"
    ],
    "cnames": [],
    "fingerprinting": 3,
    "resources": [
        {
            "rule": "adxadserv\\.com\\/ad",
            "cookies": 0,
            "fingerprinting": 0,
            "subdomains": [
                "ads"
            ],
            "apis": {},
            "sites": 20,
            "prevalence": 0.000137,
            "cnames": [],
            "responseHashes": [
                "4b2933f1abf9527afa73d31d35d8ebd60db137af637ae5c3d3e06e31474c82d8",
                "82c2433459b5c0dfcb4a3d93d92c1cd037b90fe1f86142d7e27a2207276734a1",
                "c5cdf516536dedab9677b0d6c46ac12cc5c71f072005a86e4632316f3662642b",
                "cf4a0e29895691cb80e01184415e908f55e411663733ae12962c1d49bf184e25",
                "5c8d481e400f11236791ac892461c35c9234183a3177ce820cd8a0f914b77b04",
                "94241987f48c8ac960c7f73b078e7039254d704b3d0026a67ad3b4eecebbeb7a",
                "85586ebbc9fbb55474a65a0a8a7e060dcb5e52ce3f9f0ad05e698ecf2e2419db",
                "d7dadf78b7af83e39cc6bc8e26e5e2e720db4fddd640bbf80bfe4968dab2f99e",
                "011e35a95ae9489589de8cfcc60bc25e823cc9eb98502791f15e93cba865aa28",
                "8fdc7096634634f0d23f221f69040947f1416027cde879816727abccf55be613",
                "a13fc7594cfae0c533c1cb4d56a8336e80291c2cf0e8907eb3a74bc6c74da71a",
                "f40516af20438fbd9b988b27722382f851c38ae0d3560075a9de3fc281833383",
                "eb648fa371204d50ed3c2c9088903dad9f20093a35d81436afdb4802918c84e5",
                "8bad3ac2b25d718818f7e7f58d855ce40ab59fd2d8a682bfe6ca16057559caa5",
                "9345081248cb55363309c6cb4b591ee34c2d4d692e6c096abd91f11a12175c25",
                "74ebe82d2321c2e128de6e214bf2707925fb4470bb66715a6dae257e8b761a96",
                "ab02e492c86c86e49afde057a26a401ef522352bf8bcb5b318c1b435346bdcec",
                "5ff835ca67731c5dcd28ecd483e86ec39e8ee7d54d1d7dd77fa287caf5e05828",
                "99ce24ab01a6fdb4c1cd20543729fd6acaef6eeb4b26ac5c30e602aa0936aca2"
            ],
            "type": "Document",
            "firstPartyCookies": {},
            "firstPartyCookiesSent": {},
            "exampleSites": [
                "avgle.com",
                "desibahu.com",
                "fcksex.com",
                "hentaifromhell.org",
                "highporn.net",
                "hindipornstories.org",
                "japanhub.net",
                "jav.la",
                "jav.sh",
                "jav.vin",
                "javfree.la",
                "javhub.net",
                "javla.tv",
                "javsky.tv",
                "muchohentai.com",
                "supjav.com",
                "verhentai.top",
                "videoslounge.com",
                "www.jkhentai.net",
                "xjavtube.com"
            ]
        },
        {
            "rule": "adxadserv\\.com\\/css\\/wm\\.css",
            "cookies": 0,
            "fingerprinting": 0,
            "subdomains": [
                "static"
            ],
            "apis": {},
            "sites": 17,
            "prevalence": 0.000116,
            "cnames": [],
            "responseHashes": [
                "425ada380ee0eea11f25db022a49856977415561b9728b9add91e5a79edd10e3"
            ],
            "type": "Stylesheet",
            "firstPartyCookies": {},
            "firstPartyCookiesSent": {},
            "exampleSites": [
                "avgle.com",
                "fcksex.com",
                "hentaifromhell.org",
                "highporn.net",
                "japanhub.net",
                "jav.la",
                "jav.sh",
                "jav.vin",
                "javfree.la",
                "javhub.net",
                "javla.tv",
                "javsky.tv",
                "muchohentai.com",
                "supjav.com",
                "verhentai.top",
                "videoslounge.com",
                "xjavtube.com"
            ]
        },
        {
            "rule": "adxadserv\\.com\\/ascripts\\/gcr\\.js",
            "cookies": 0.00011,
            "fingerprinting": 3,
            "subdomains": [],
            "apis": {
                "window.localStorage": 18,
                "Date.prototype.getTime": 18,
                "Navigator.prototype.userAgent": 17,
                "Navigator.prototype.language": 18,
                "Screen.prototype.colorDepth": 17,
                "Navigator.prototype.deviceMemory": 14,
                "window.devicePixelRatio": 18,
                "Navigator.prototype.hardwareConcurrency": 17,
                "Screen.prototype.width": 18,
                "Screen.prototype.height": 18,
                "Screen.prototype.availWidth": 17,
                "Screen.prototype.availHeight": 17,
                "Date.prototype.getTimezoneOffset": 18,
                "Intl.DateTimeFormat.prototype.resolvedOptions": 18,
                "window.sessionStorage": 18,
                "window.indexedDB": 18,
                "Navigator.prototype.platform": 17,
                "Navigator.prototype.doNotTrack": 17,
                "Navigator.prototype.appName": 17,
                "Navigator.prototype.plugins": 17,
                "CanvasRenderingContext2D.prototype.isPointInPath": 17,
                "HTMLCanvasElement.prototype.toDataURL": 17,
                "WebGLRenderingContext.prototype.getSupportedExtensions": 17,
                "WebGLRenderingContext.prototype.getParameter": 17,
                "WebGLRenderingContext.prototype.getContextAttributes": 17,
                "WebGLRenderingContext.prototype.getExtension": 17,
                "WebGLRenderingContext.prototype.getShaderPrecisionFormat": 17,
                "Navigator.prototype.languages": 18,
                "Navigator.prototype.maxTouchPoints": 17,
                "Navigator.prototype.productSub": 17,
                "Document.cookie getter": 16,
                "Document.cookie setter": 16,
                "Navigator.prototype.mediaDevices": 14
            },
            "sites": 20,
            "prevalence": 0.000137,
            "cnames": [],
            "responseHashes": [
                "4c17d8e0fa184b34585cee448d6ea434eb24e5f70f9b79fb905d632f1155c4bb"
            ],
            "type": "Script",
            "firstPartyCookies": {},
            "firstPartyCookiesSent": {},
            "exampleSites": [
                "avgle.com",
                "desibahu.com",
                "fcksex.com",
                "hentaifromhell.org",
                "highporn.net",
                "hindipornstories.org",
                "japanhub.net",
                "jav.la",
                "jav.sh",
                "jav.vin",
                "javfree.la",
                "javhub.net",
                "javla.tv",
                "javsky.tv",
                "muchohentai.com",
                "supjav.com",
                "verhentai.top",
                "videoslounge.com",
                "www.jkhentai.net",
                "xjavtube.com"
            ]
        },
        {
            "rule": "adxadserv\\.com\\/ascripts\\/pxl\\.js",
            "cookies": 0.00011,
            "fingerprinting": 3,
            "subdomains": [],
            "apis": {
                "window.localStorage": 18,
                "Date.prototype.getTime": 18,
                "Navigator.prototype.userAgent": 17,
                "Navigator.prototype.language": 17,
                "Screen.prototype.colorDepth": 17,
                "Navigator.prototype.deviceMemory": 14,
                "window.devicePixelRatio": 18,
                "Navigator.prototype.hardwareConcurrency": 17,
                "Screen.prototype.width": 17,
                "Screen.prototype.height": 17,
                "Screen.prototype.availWidth": 17,
                "Screen.prototype.availHeight": 17,