{
    "domain": "adxpremium.services",
    "owner": {},
    "source": [
        "DuckDuckGo-US"
    ],
    "prevalence": 0.0006,
    "sites": 79,
    "subdomains": [
        "rtb",
        "s2",
        "s333"
    ],
    "cnames": [],
    "fingerprinting": 0,
    "resources": [
        {
            "rule": "adxpremium\\.services\\/openrtb2\\/auction",
            "cookies": 0.000327,
            "fingerprinting": 0,
            "subdomains": [
                "rtb"
            ],
            "apis": {},
            "sites": 45,
            "prevalence": 0.000342,
            "cnames": [],
            "responseHashes": [
                "3b4c1cac16bdd7dd065eb98c20e972da9ef8b514ddc12a5e2dcd615c91d2979a",
                "36b1b31359f683d1541697c827287cf3a1eb39ae8596d77116f7a06cf4fe0d49",
                "691c69e9a384f9a1e196eacb01fc2376cc6600d0cef333934b54dd5b4172bcee",
                "4ee49343684c0a031f27f8356c467640b8ab29cb2cabdf4e0bb7d105f59dc812",
                "89ce737e17cd4e7d36492ffee1dceafffce3e399a6de47cd56f8fcb9756a387f",
                "1dec29f9d5bd111685aeac4a715d69a73881a78adf0a31acdd35a17e85e42101",
                "1a48ce7b6b9ea845caf49ed857eadfaed3748803953b707c655f3cf2c52a3a83",
                "9bb4c0a3796803ec733e9db64f683008d9f58a772dc2ec6e8e9ced79836460a7",
                "8d017aa70a5165998ee5ea3a8b9354ef158937164da1adb13d015224ee117a38",
                "596aed83536cf0f6ed598bd98b97d9aba9f49edf10151feebe4ec9f3121a2a8b",
                "7bd630de53d60f2e986341ecaffef627a08b3dc7bbab70af0927e1b240c9d519",
                "33de26c4efd4c2004de518c5a601d3c8418e90fa51b4b792c16cc1142fe7c2cb",
                "e8a3ae05ebf3c1ad9de2c794a009e271f59d43d45eba87fe82787f556ff23283",
                "97086551eb23dec8b38cbf8a71e402f72216ea48692516424e13594bd59beab3",
                "f3a18336c2892c8a953ee73c6fc2a8fbe01cf48bc4f5d26382500fba0de8fbfb",
                "8ad30a65823278f3a58dfcfcc6bcdc99517ab078804e71e3a451dcd92dc888c1",
                "cd58b5e2bae66e31b0a0fdfecec70b8e7fb8341b585b701e2526a9a4f9d32ea4",
                "729316b44763988936a3abaa2a0770bde93ce6abdef84e6ae4b8dbabe488ce90",
                "d8209f8bcbc0d22328cceed243c97cf8bf15795ef91224db434cd957f35cd60d",
                "139335207d3ba8203f2a125bdf71ccce05c5f89194e480d349fa891bbb205fb9",
                "eae3aa48f0fb9e5e7f6a0f383b907c950770ea201ab810ef5d2dae7b5b14ce09",
                "2480e380de9295cfeef5b5ef4a8147f713eb80d9d8f4c150badfdffd15657295",
                "7430a19b26e35d0ec381dece0fc71b449debf57115c40474b631c74eed9e698c",
                "1b16b753d3a46245124186e78f67752292ee5b0aab680e6faffd29a0a799c523",
                "1dbcb2382e1a3b1d4614ca70b2bf75b7f03556cbf353bf9d8cef727e05f397ce",
                "4d8ae455a0aacd2bb7cbed0997f296ec5806d628efcec17a048f8af390b49346",
                "966ea5c27e0642999f395421904549fea7c1e5e244dd3e0a1c54ac7583116a31",
                "679a65dea066d98d59cdfe986c2e8554a44a77a45a46950fb1e28c72a1aea194",
                "3394dc9ae6b8ab3c721282eedc121a6dd99f54d5930b37eede37018545471f5a",
                "159b53cb60388752b117911332fe228657d0f4fccfd01b1220f013b6eb0eba04",
                "bcf57957b340c277c0b0b5d23021a6e0745a9ab7e9f160945448b3bbab12bcbf",
                "03d765c1be8ab7e822c87d194c33df6ba308868cec4f29f4bc510a7d1355d9ae",
                "32846968f725bab00c7dc9eca2022801cc862446171220866e60685ba61b56a5",
                "043add18f7a8c4359d359fb69aa4bc231e0ac5849c98dfd0f67d7be28ae5f90c",
                "1ad7ad752ecb8883f1a7d801c5f02a67e0d1bd52b57657c3e47befc653ffc531",
                "fd8cef3bf7168ef73b86947138b841ac08f68530897b4f2547aaee2a02c05f77",
                "2f579fd3bafb7d2940a8f5d0134a905e6bf7c00ddd560f43b3f5348dc61cbd57",
                "dde5145af7c58fbaa9843ed1288cad08d94de21f9c464541a04550be2fd96708",
                "46cdd199c77f67af7dc2fd02f13312add9a5428c0b103190bf9c630c9aa23c77",
                "e649ba6b41b09530e286e466f2e96d21b73962bdf13e5dfc50e23630bb4c9f53"
            ],
            "type": "XHR",
            "exampleSites": [
                "yahoo.com",
                "matadornetwork.com",
                "www.novosti.rs",
                "www.index.hr",
                "www.jutarnji.hr",
                "nv.ua",
                "www.dnevnik.si",
                "www.theweek.in",
                "pickupline.net",
                "collider.com",
                "www.onegreenplanet.org",
                "mobilityarena.com",
                "pink.rs",
                "vuzlit.ru",
                "www1.realclearpolitics.com",
                "www.jewishworldreview.com",
                "studme.org",
                "local.dmv.org",
                "aws-www.aol.com",
                "www.gazetatema.net"
            ]
        },
        {
            "rule": "adxpremium\\.services\\/setuid",
            "cookies": 0.0000911,
            "fingerprinting": 0,
            "subdomains": [
                "rtb"
            ],
            "apis": {},
            "sites": 17,
            "prevalence": 0.000129,
            "cnames": [],
            "responseHashes": [
                "e3b0c44298fc1c149afbf4c8996fb92427ae41e4649b934ca495991b7852b855"
            ],
            "type": "Image",
            "exampleSites": [
                "yahoo.com",
                "aws-www.aol.com",
                "codesource.io",
                "collider.com",
                "evz.ro",
                "informer.rs",
                "kukuklok.com",
                "mobilityarena.com",
                "new-www1.realclearpolitics.com",
                "pink.rs",
                "srbin.info",
                "www.dnevnik.si",
                "www.indiatvnews.com",
                "www.novosti.rs",
                "www.panorama.com.al",
                "www.theweek.in",
                "www1.realclearpolitics.com"
            ]
        },
        {
            "rule": "adxpremium\\.services\\/graphql",
            "cookies": 0.000106,
            "fingerprinting": 0,
            "subdomains": [
                "s2",
                "s333"
            ],
            "apis": {},
            "sites": 21,
            "prevalence": 0.000159,
            "cnames": [],
            "responseHashes": [],
            "type": "Other",
            "exampleSites": [
                "www.theweek.in",
                "www.dnevnik.si",
                "www.novosti.rs",
                "www.krstarica.com",
                "www.capital.ro",
                "www.indiatvnews.com",
                "www.b92.net",
                "kukuklok.com",
                "forum.krstarica.com",
                "codesource.io",
                "www.slobodna-bosna.ba",
                "www.hribi.net",
                "informer.rs",
                "srbin.info",
                "naslovi.net",
                "mobilityarena.com",
                "hellosehat.com",
                "evz.ro",
                "pink.rs",
                "www.panorama.com.al"
            ]
        },
        {
            "rule": "adxpremium\\.services\\/graphql",
            "cookies": 0.0000835,
            "fingerprinting": 0,
            "subdomains": [
                "s2",
                "s333"
            ],
            "apis": {},
            "sites": 21,
            "prevalence": 0.000159,
            "cnames": [],