{
    "domain": "afi-b.com",
    "owner": {
        "name": "For it Inc.",
        "displayName": "For it"
    },
    "source": [
        "DuckDuckGo-US"
    ],
    "prevalence": 0.000104,
    "sites": 15,
    "subdomains": [
        "t"
    ],
    "cnames": [],
    "fingerprinting": 1,
    "resources": [
        {
            "rule": "afi-b\\.com\\/jslib\\/lpcv\\.js",
            "cookies": 0,
            "fingerprinting": 1,
            "subdomains": [
                "t"
            ],
            "apis": {
                "Document.cookie getter": 7,
                "window.localStorage": 7
            },
            "sites": 8,
            "prevalence": 0.0000555,
            "cnames": [],
            "responseHashes": [
                "d9ff1ec76a917896c696f5b42550a9828588b716d5f4a95dd9410149c14d4333",
                "4df8673f8bad6659c20e389dbafeea2b813fb230cac0a2e4746da38bc9e09620",
                "33baa7612c78e510ec5a21de40421de0e435a474f614b047f1beffb1dd0ab451",
                "890252406e198bda498b680fa0044657329b87333fe433fc47bb146dc377d104",
                "bde3b497457a855f4a4cc2cd9f02e44d255e49934e768941b2cf3d722525b40f",
                "73d6e2b4227266bfe9516fba14e9985975e7c2e383f20758fc7f4ed0d0fff8df",
                "68d8d66a26c82aaf957fec4c25ae60ee8c80b496de823ab53f2f4c9f6b476e96"
            ],
            "type": "Script",
            "firstPartyCookies": {},
            "firstPartyCookiesSent": {},
            "exampleSites": [
                "aucfan.com",
                "aucview.aucfan.com",
                "eikaiwa.weblio.jp",
                "erogazo-ngo.com",
                "www.donki.com",
                "www.dospara.co.jp",
                "www.ekiten.jp",
                "www.sejuku.net"
            ]
        }
    ],
    "categories": [],
    "performance": {
        "time": 0,
        "size": 0,
        "cpu": 0,
        "cache": 0
    },
    "cookies": 0.0000139,
    "types": {
        "Script": 8
    },
    "nameservers": [
        "ns1.value-domain.com",
        "ns2.value-domain.com"
    ]
}