{
    "domain": "air.tv",
    "owner": {},
    "source": [
        "DuckDuckGo-US"
    ],
    "prevalence": 0.000357,
    "sites": 47,
    "subdomains": [
        "embed",
        "cdn-sp-s3"
    ],
    "cnames": [],
    "fingerprinting": 1,
    "resources": [
        {
            "rule": "air\\.tv\\/v1\\/twoview_bootstrap\\.js",
            "cookies": 0,
            "fingerprinting": 1,
            "subdomains": [
                "embed"
            ],
            "apis": {
                "Navigator.prototype.userAgent": 22
            },
            "sites": 23,
            "prevalence": 0.000175,
            "cnames": [],
            "responseHashes": [
                "4f686dd20f3fa773cc8cf10df12d20ee8a9c2a6bcc842ca1797f46b0557fdd40",
                "8d4ae406c7ae4319d5494fad2cf3744679421dcbb8c45c4c5dd2dc4fff0be40e",
                "2dd7983e88e1a824bd4d9e9720ae274dc8d286e5ae178bbc09c543a0a5c049d0",
                "807d079800361c6b63236eb89eb333fa6355341666d62ce3b9a912c07fabe717",
                "d385bb914d7803d499a7eca3f6ce359f80ac7b30a0ff141642811da589a4eb5a",
                "9a9c751996bf4cda8c8392b68cf1a8f6ffcc2f53af7f6769c717b340febc8b20",
                "e9f8dc4ff97f06118c63a4b9cff348d47072061f9eaaab6d14ff83d81bf6937d",
                "4af8686180c3e4d60a212a0f43bdaeb78b862e7b6a7bfc13dea703bcb55e575d",
                "14b2f46b3ce283fa7cc1120cf7b934f93e9c85fa6112d6bbdd8e97eb4d1b5807",
                "b93e3b1ac40054d954684ff8e797f2d0673b932559cefecebcec43832eadfc38",
                "6a39f5567b8cc9c6d61bddbfb5fe031924069defa2fa2f91bc0da0ae132aeb83",
                "a81df1c4cf05db8eea5ef876a42ce3c4e06536a930175cd52c4701dd139a473b",
                "e0cd7bfcf7a5d859fc942fea74a2ee038fd246ae0fbf920a5a54005254b49e79",
                "fc4ef80d0a3cba26a7ea7a208a559eb4d40475cff26ea1bab7d665e49e193bf8",
                "6a43815fc7c8054ed2efda6dc9ea327743aaada83b958f21b3d647a85b8aad35",
                "b910cd81880293f5d7e61267a435097bb41ce356c9ccec83f8d3be6cdb49c430"
            ]
        },
        {
            "rule": "air\\.tv\\/airtv\\.js\\/v\\/2020-09-29_00-25-37\\/twoview-1\\.0\\.js",
            "cookies": 0,
            "fingerprinting": 1,
            "subdomains": [
                "cdn-sp-s3"
            ],
            "apis": {
                "Navigator.prototype.userAgent": 31,
                "window.localStorage": 31
            },
            "sites": 32,
            "prevalence": 0.000243,
            "cnames": [],
            "responseHashes": [
                "953da8a23dc2b4bcebc3075b04ad4ecbc02dc14f3f1af512371ae45171056170"
            ]
        },
        {
            "rule": "air\\.tv\\/airtv\\.js\\/v\\/2020-09-29_00-25-37\\/airtv-2\\.0\\.js",
            "cookies": 0,
            "fingerprinting": 1,
            "subdomains": [
                "cdn-sp-s3"
            ],
            "apis": {
                "Navigator.prototype.userAgent": 2,
                "Date.prototype.getTime": 2,
                "Navigator.prototype.languages": 2,
                "HTMLMediaElement.prototype.canPlayType": 2,
                "MediaSource.isTypeSupported": 2,
                "window.localStorage": 2,
                "Navigator.prototype.mimeTypes": 2,
                "Event.prototype.timeStamp": 2
            },
            "sites": 2,
            "prevalence": 0.0000152,
            "cnames": [],
            "responseHashes": [
                "998295de9d234a610c564c3305c67e49f6c89fed554e5691b8a6a02bdc3874f1"
            ]
        }
    ],
    "categories": [],
    "performance": {
        "time": 1,
        "size": 1,
        "cpu": 0,
        "cache": 1
    },
    "cookies": 0,
    "types": {
        "Script": 57
    }
}