{
    "domain": "analytics-sm.com",
    "owner": {},
    "source": [
        "DuckDuckGo-US"
    ],
    "prevalence": 0.000549,
    "sites": 79,
    "subdomains": [],
    "cnames": [],
    "fingerprinting": 1,
    "resources": [
        {
            "rule": "analytics-sm\\.com\\/js\\/v1\\/beacon\\.js",
            "cookies": 0.000243,
            "fingerprinting": 1,
            "subdomains": [],
            "apis": {
                "Document.cookie getter": 39,
                "Date.prototype.getTime": 46,
                "Document.cookie setter": 35,
                "Date.prototype.getTimezoneOffset": 46
            },
            "sites": 48,
            "prevalence": 0.000333,
            "cnames": [],
            "responseHashes": [
                "133b0a1570d26f9e1beeecaeb4587a8f449c65bff8c87895cdd7e98879644ba6"
            ],
            "type": "Script",
            "firstPartyCookies": {
                "__t1613492257235": {
                    "ttl": -1613492256,
                    "length": 4,
                    "prevalence": 0.000006945795015697497,
                    "uniqueness": 1
                },
                "sm_uuid": {
                    "ttl": 251788731175,
                    "length": 12,
                    "prevalence": 0.0002431028255494124,
                    "uniqueness": 0.9428571428571428
                },
                "__t1613494400599": {
                    "ttl": -1613494398,
                    "length": 4,
                    "prevalence": 0.000006945795015697497,
                    "uniqueness": 1
                },
                "__t1613502454665": {
                    "ttl": -1613502451,
                    "length": 4,
                    "prevalence": 0.000006945795015697497,
                    "uniqueness": 1
                },
                "__t1613506570514": {
                    "ttl": -1613506569,
                    "length": 4,
                    "prevalence": 0.000006945795015697497,
                    "uniqueness": 1
                },
                "__t1613507934953": {
                    "ttl": -1613507933,
                    "length": 4,
                    "prevalence": 0.000006945795015697497,
                    "uniqueness": 1
                },
                "__t1613508416489": {
                    "ttl": -1613508415,
                    "length": 4,
                    "prevalence": 0.000006945795015697497,
                    "uniqueness": 1
                },
                "__t1613510119812": {
                    "ttl": -1613510117,
                    "length": 4,
                    "prevalence": 0.000006945795015697497,
                    "uniqueness": 1
                },
                "__t1613511725292": {
                    "ttl": -1613511725,
                    "length": 4,
                    "prevalence": 0.000006945795015697497,
                    "uniqueness": 1
                },
                "__t1613513494793": {
                    "ttl": -1613513494,
                    "length": 4,
                    "prevalence": 0.000006945795015697497,
                    "uniqueness": 1
                },
                "__t1613516135090": {
                    "ttl": -1613516134,
                    "length": 4,
                    "prevalence": 0.000006945795015697497,
                    "uniqueness": 1
                },
                "__t1613528164317": {
                    "ttl": -1613528139,
                    "length": 4,
                    "prevalence": 0.000006945795015697497,
                    "uniqueness": 1
                },
                "__t1613532696176": {
                    "ttl": -1613532695,
                    "length": 4,
                    "prevalence": 0.000006945795015697497,
                    "uniqueness": 1
                },
                "__t1613532696179": {
                    "ttl": -1613532695,
                    "length": 4,
                    "prevalence": 0.000006945795015697497,
                    "uniqueness": 1
                },
                "__t1613535822338": {
                    "ttl": -1613535821,
                    "length": 4,
                    "prevalence": 0.000006945795015697497,
                    "uniqueness": 1
                },
                "__t1613535975843": {
                    "ttl": -1613535955,
                    "length": 4,
                    "prevalence": 0.000006945795015697497,
                    "uniqueness": 1
                },
                "__t1613547887719": {
                    "ttl": -1613547885,
                    "length": 4,
                    "prevalence": 0.000006945795015697497,
                    "uniqueness": 1
                },
                "__t1613549871409": {
                    "ttl": -1613549868,
                    "length": 4,
                    "prevalence": 0.000006945795015697497,
                    "uniqueness": 1
                },
                "__t1613550070253": {
                    "ttl": -1613550056,
                    "length": 4,
                    "prevalence": 0.000006945795015697497,
                    "uniqueness": 1
                },
                "__t1613568922794": {
                    "ttl": -1613568899,
                    "length": 4,
                    "prevalence": 0.000006945795015697497,
                    "uniqueness": 1
                },
                "__t1613569625783": {
                    "ttl": -1613569624,
                    "length": 4,
                    "prevalence": 0.000006945795015697497,
                    "uniqueness": 1
                },
                "__t1613570435814": {
                    "ttl": -1613570424,
                    "length": 4,
                    "prevalence": 0.000006945795015697497,
                    "uniqueness": 1
                },
                "__t1613575382534": {
                    "ttl": -1613575378,
                    "length": 4,
                    "prevalence": 0.000006945795015697497,
                    "uniqueness": 1
                },
                "__t1613579382079": {
                    "ttl": -1613579381,
                    "length": 4,
                    "prevalence": 0.000006945795015697497,
                    "uniqueness": 1
                },
                "__t1613580159334": {
                    "ttl": -1613580158,
                    "length": 4,
                    "prevalence": 0.000006945795015697497,
                    "uniqueness": 1
                },
                "__t1613580598605": {
                    "ttl": -1613580598,
                    "length": 4,
                    "prevalence": 0.000006945795015697497,
                    "uniqueness": 1
                },
                "__t1613581710389": {
                    "ttl": -1613581709,
                    "length": 4,
                    "prevalence": 0.000006945795015697497,
                    "uniqueness": 1
                },
                "__t1613585244161": {
                    "ttl": -1613585227,
                    "length": 4,
                    "prevalence": 0.000006945795015697497,
                    "uniqueness": 1
                },
                "__t1613586790045": {
                    "ttl": -1613586780,
                    "length": 4,
                    "prevalence": 0.000006945795015697497,
                    "uniqueness": 1
                },
                "__t1613587542976": {
                    "ttl": -1613587510,
                    "length": 4,
                    "prevalence": 0.000006945795015697497,
                    "uniqueness": 1
                },
                "__t1613588268956": {
                    "ttl": -1613588268,
                    "length": 4,
                    "prevalence": 0.000006945795015697497,
                    "uniqueness": 1
                },
                "__t1613588353991": {
                    "ttl": -1613588351,