{
    "domain": "areyouwatchingthis.com",
    "owner": {},
    "source": [
        "DuckDuckGo-US"
    ],
    "prevalence": 0.0000758,
    "sites": 11,
    "subdomains": [
        "metabet.static.api",
        "metabet.static"
    ],
    "cnames": [],
    "fingerprinting": 0,
    "resources": [
        {
            "rule": "areyouwatchingthis\\.com\\/api\\/odds\\.json",
            "cookies": 0,
            "fingerprinting": 0,
            "subdomains": [
                "metabet.static.api"
            ],
            "apis": {},
            "sites": 11,
            "prevalence": 0.0000758,
            "cnames": [],
            "responseHashes": [
                "93ef135ccb318f984e50eabad9bb0ac6c360185712efc00631b30f98be926291",
                "831d6dc8c3bb845b89c65e7184458a583c0a7c7167477cd966f7997638f82b0a",
                "8493f4f11f4783041b23ce5c9e06137a26901103f59bd21e5cd9b7f29944e4b3",
                "bf849f94ed2228f6deb22cc4d1a1eb273d38dbf2ae72b707205bca2d62e26a0f",
                "7d1a501a6b086b88646753b0d6a32103ac2d7b3d4760ea00c0734afd8e833477",
                "e2653a64fb8b0a5b98897aaddcee9e5de88bd587cfbd897d88bacd381f80077b",
                "757f54bf1dee635c289a8baf00dfdde615825e714545b9bba00cf303d72e0447",
                "182f24a8b76b474ca52b720eddc90e12503741726515279fe939823420cd6185",
                "7a2942689c02d2e7a00fc1eaaf17ab76466fc64adfda18bf44150bbc2c2ce7b7"
            ],
            "type": "XHR",
            "firstPartyCookies": {},
            "firstPartyCookiesSent": {},
            "exampleSites": [
                "draftkings.com",
                "www.acmepackingcompany.com",
                "www.behindthesteelcurtain.com",
                "www.bigblueview.com",
                "www.blazersedge.com",
                "www.cagesideseats.com",
                "www.mmafighting.com",
                "www.mmamania.com",
                "www.ninersnation.com",
                "www.outsports.com",
                "www.thelines.com"
            ]
        },
        {
            "rule": "areyouwatchingthis\\.com\\/api\\/sideodds\\.json",
            "cookies": 0,
            "fingerprinting": 0,
            "subdomains": [
                "metabet.static.api"
            ],
            "apis": {},
            "sites": 3,
            "prevalence": 0.0000207,
            "cnames": [],
            "responseHashes": [
                "a4ac8936308013f548f4d59e056dbe4a38f74feed389c22fb59a13125eca55dc",
                "3332833bdf290ab9e87defd4f3e63288cf98b9021bf948ff9f5ea6591ce62772"
            ],
            "type": "XHR",
            "firstPartyCookies": {},
            "firstPartyCookiesSent": {},
            "exampleSites": [
                "draftkings.com",
                "www.blazersedge.com",
                "www.cagesideseats.com"
            ]
        },
        {
            "rule": "areyouwatchingthis\\.com\\/tracking\\/metabet\\/",
            "cookies": 0,
            "fingerprinting": 0,
            "subdomains": [
                "metabet.static"
            ],
            "apis": {},
            "sites": 9,
            "prevalence": 0.000062,
            "cnames": [],
            "responseHashes": [
                "e3b0c44298fc1c149afbf4c8996fb92427ae41e4649b934ca495991b7852b855"
            ],
            "type": "XHR",
            "firstPartyCookies": {},
            "firstPartyCookiesSent": {},
            "exampleSites": [
                "acmepackingcompany.com",
                "www.behindthesteelcurtain.com",
                "www.bigblueview.com",
                "www.blazersedge.com",
                "www.mmafighting.com",
                "www.mmamania.com",
                "www.ninersnation.com",
                "www.outsports.com",
                "www.thelines.com"
            ]
        }
    ],
    "categories": [],
    "performance": {},
    "cookies": 0,
    "types": {
        "XHR": 23
    },
    "nameservers": [
        "ns-2028.awsdns-61.co.uk",
        "ns-342.awsdns-42.com",
        "ns-669.awsdns-19.net",
        "ns-1096.awsdns-09.org"
    ]
}