{
    "domain": "bablic.com",
    "owner": {},
    "source": [
        "DuckDuckGo-US"
    ],
    "prevalence": 0.000137,
    "sites": 18,
    "subdomains": [
        "e2",
        "d",
        "cdn2"
    ],
    "cnames": [],
    "fingerprinting": 2,
    "resources": [
        {
            "rule": "bablic\\.com\\/api\\/engine\\/ping",
            "cookies": 0.0000761,
            "fingerprinting": 0,
            "subdomains": [
                "e2"
            ],
            "apis": {},
            "sites": 10,
            "prevalence": 0.0000761,
            "cnames": [],
            "responseHashes": [
                "54413ba79a1c80dd0976c5286d01d267c46f8f76f8f256f268f5ced8e8a8f657",
                "09b3696ec8f34e92dae2c4e94c067d0d10bb9b3bc6cd7b3bfeb2c1ede1bae3f2",
                "ebb83c9f6e152b9654503c987494c35365240d5668646c3355de26d21c5577f8",
                "3cdc1641bc7193b30f56d67393b25c05d6e26c9c779ee02e73af4c101208bf12",
                "1a83d8adafdcf73c5bf0db79b21337fbcdbd6aadda3af93b811ee120933c8f74",
                "9341bdc839e56ed26e296bbf06e4cff4c7be3c98f314c7b7b0806fe8c7e74618",
                "3fd142f22c4037e4cd55cd1c807a177fb02c9bb4aa7eef62bdcc3535a0be6f70",
                "caff67cb6d39727a5296b92ab38a5f89edc0fc6fd2536337c8fd7ca2555b1064",
                "8793e2caf101ba3eaa40bd3cc3ab119c433cca873c99c9bfe640ceba7d91b120"
            ],
            "type": "XHR",
            "exampleSites": [
                "camp-fire.jp",
                "www.bajadesigns.com",
                "www.bswhealth.com",
                "www.cov.care",
                "www.mesaaz.gov",
                "www.nationalgeographic.org",
                "www.permatex.com",
                "www.powtoon.com",
                "www.rogueeurope.eu",
                "www.stellar.org"
            ]
        },
        {
            "rule": "bablic\\.com\\/snippet\\/57c745d43bc985e6680df36a\\.js",
            "cookies": 0.0000152,
            "fingerprinting": 2,
            "subdomains": [
                "d"
            ],
            "apis": {
                "window.localStorage": 2,
                "window.indexedDB": 2,
                "Navigator.prototype.userAgent": 2,
                "Document.cookie getter": 2,
                "Document.cookie setter": 2,
                "Navigator.prototype.language": 2
            },
            "sites": 2,
            "prevalence": 0.0000152,
            "cnames": [],
            "responseHashes": [
                "0ed5c2cd0fd9fafe0d8c1fd29b82446ee4d3bb7b31e2faa8a12d3dda371e43e3"
            ],
            "type": "Script",
            "exampleSites": [
                "bswhealth.com",
                "www.bswhealth.com"
            ]
        },
        {
            "rule": "bablic\\.com\\/snippet\\/5e8d1a41c8ff6000013b5db3\\.js",
            "cookies": 0.0000152,
            "fingerprinting": 2,
            "subdomains": [
                "d"
            ],
            "apis": {
                "window.localStorage": 2,
                "window.indexedDB": 2,
                "Navigator.prototype.userAgent": 2,
                "Navigator.prototype.languages": 2,
                "Navigator.prototype.language": 2,
                "Document.cookie setter": 2,
                "Document.cookie getter": 2
            },
            "sites": 2,
            "prevalence": 0.0000152,
            "cnames": [],
            "responseHashes": [
                "6d1e4ecfce2eca5d36c25b0a98cd8481b2058fda6db60b4eea49fd79dff5a0b0"
            ],
            "type": "Script",
            "exampleSites": [
                "cov.care",
                "www.cov.care"
            ]
        },
        {
            "rule": "bablic\\.com\\/js\\/bablic\\.3\\.9\\.js",
            "cookies": 0.0000228,
            "fingerprinting": 2,
            "subdomains": [
                "cdn2"
            ],
            "apis": {
                "window.localStorage": 3,
                "window.indexedDB": 3,
                "Navigator.prototype.userAgent": 3,
                "Document.cookie getter": 3,
                "Document.cookie setter": 3,
                "Navigator.prototype.language": 3
            },
            "sites": 3,
            "prevalence": 0.0000228,
            "cnames": [],
            "responseHashes": [
                "c8fa64d453ed4cadf70f960b0b0058d2119ee0d98bac1a6d1a1a0cfae36a2f9f"
            ],
            "type": "Script",
            "exampleSites": [
                "nationalgeographic.org",
                "www.nationalgeographic.org",
                "www.rogueeurope.eu"
            ]
        }
    ],
    "categories": [],
    "performance": {
        "time": 0,
        "size": 0,
        "cpu": 0,
        "cache": 3
    },
    "cookies": 0.000122,
    "types": {
        "XHR": 10,
        "Script": 7
    }
}