{
    "domain": "bannersolution.net",
    "owner": {},
    "source": [
        "DuckDuckGo-US"
    ],
    "prevalence": 0.0000764,
    "sites": 11,
    "subdomains": [
        "engine",
        "cdn"
    ],
    "cnames": [],
    "fingerprinting": 2,
    "resources": [
        {
            "rule": "bannersolution\\.net\\/",
            "cookies": 0,
            "fingerprinting": 1,
            "subdomains": [
                "engine"
            ],
            "apis": {
                "window.devicePixelRatio": 6,
                "Screen.prototype.width": 5,
                "Screen.prototype.height": 5,
                "Navigator.prototype.userAgent": 6,
                "Element.prototype.getClientRects": 3
            },
            "sites": 9,
            "prevalence": 0.0000625,
            "cnames": [],
            "responseHashes": [
                "c53329cfaaa06d2d017ded38dfca919d06849a3dd9de05871145292762e02280",
                "350fc3bcbc023401b4b4c32f741d389f077c9e281265dd0b64400b5486a33933",
                "2c789b3d824ff883735f785a787a012aefc1fc37b1358f7d4fd97b1c69caac2d",
                "d65690d7f3f5d4a6188376ada3908a1282ac10359222fd983fbc54204bbfc903",
                "6c1d87a82c14c963223490fed6a8dd09839334b0b524030cd955b8f95039b38d",
                "a1d51cfa8443ac4e45cc03429bce811824bca8b473114fab0a8db9f51762368d",
                "2e341ea4e35c8e46b93de46a1bfce1c6da04e7b064c454fd545e9535b7f537f2",
                "08c624f250c171f252bb9bce7a8d7ae876efa4f81f02894707d0070235240709"
            ],
            "type": "Script",
            "firstPartyCookies": {},
            "firstPartyCookiesSent": {},
            "exampleSites": [
                "cnycentral.com",
                "ktiv.com",
                "wgem.com",
                "www.actionnewsnow.com",
                "www.myarklamiss.com",
                "www.wfmj.com",
                "www.wsav.com",
                "www.wsaz.com",
                "www.wvtm13.com"
            ]
        },
        {
            "rule": "bannersolution\\.net\\/imp",
            "cookies": 0,
            "fingerprinting": 0,
            "subdomains": [
                "engine"
            ],
            "apis": {},
            "sites": 9,
            "prevalence": 0.0000625,
            "cnames": [],
            "responseHashes": [
                "e3b0c44298fc1c149afbf4c8996fb92427ae41e4649b934ca495991b7852b855"
            ],
            "type": "Other",
            "firstPartyCookies": {},
            "firstPartyCookiesSent": {},
            "exampleSites": [
                "cnycentral.com",
                "ktiv.com",
                "wgem.com",
                "www.actionnewsnow.com",
                "www.myarklamiss.com",
                "www.wfmj.com",
                "www.wsav.com",
                "www.wsaz.com",
                "www.wvtm13.com"
            ]
        },
        {
            "rule": "bannersolution\\.net\\/vb",
            "cookies": 0,
            "fingerprinting": 0,
            "subdomains": [
                "engine"
            ],
            "apis": {},
            "sites": 9,
            "prevalence": 0.0000625,
            "cnames": [],
            "responseHashes": [
                "e3b0c44298fc1c149afbf4c8996fb92427ae41e4649b934ca495991b7852b855"
            ],
            "type": "Other",
            "firstPartyCookies": {},
            "firstPartyCookiesSent": {},
            "exampleSites": [
                "cnycentral.com",
                "ktiv.com",
                "wgem.com",
                "www.actionnewsnow.com",
                "www.myarklamiss.com",
                "www.wfmj.com",
                "www.wsav.com",
                "www.wsaz.com",
                "www.wvtm13.com"
            ]
        },
        {
            "rule": "bannersolution\\.net\\/",
            "cookies": 0,
            "fingerprinting": 1,
            "subdomains": [
                "engine"
            ],
            "apis": {
                "window.devicePixelRatio": 4,
                "Screen.prototype.width": 3,
                "Screen.prototype.height": 3,
                "Navigator.prototype.userAgent": 4
            },
            "sites": 4,
            "prevalence": 0.0000278,
            "cnames": [],
            "responseHashes": [
                "3f801791452264f76a847133c8acf75be06667e3c2de80340d7f9bde7d9423dd",
                "b6dd27353067e3e29fc3f4f25a1b31e8577e9aa27a40ee3f48774b71d8c10ec6",
                "0ac0157f1bde1ea445faae5a8d3a7ca932bd23b4f0207dd1b88362044bdfe6a7"
            ],
            "type": "Document",
            "firstPartyCookies": {},
            "firstPartyCookiesSent": {},
            "exampleSites": [
                "actionnewsnow.com",
                "www.actionnewsnow.com",
                "www.myarklamiss.com",
                "www.wsav.com"
            ]
        },
        {
            "rule": "bannersolution\\.net\\/ta11aaae9\\/img\\/du8nv_y8m4vp_2fb3bfb4\\.zip\\/index\\.html",
            "cookies": 0,
            "fingerprinting": 0,
            "subdomains": [
                "cdn"
            ],
            "apis": {},
            "sites": 2,
            "prevalence": 0.0000139,
            "cnames": [],
            "responseHashes": [
                "ac4ec60bb99ba78f535c26a0a2aa2a6b049ee39359f2fe200eb6f297450031df"
            ],
            "type": "Document",
            "firstPartyCookies": {},
            "firstPartyCookiesSent": {},
            "exampleSites": [
                "actionnewsnow.com",
                "www.actionnewsnow.com"
            ]
        },
        {
            "rule": "bannersolution\\.net\\/ta11aaae9\\/img\\/du8nv_y8m4vp_2fb3bfb4\\.zip\\/14f09605740867b170abd832c8cd7fa2\\.js",
            "cookies": 0,
            "fingerprinting": 1,
            "subdomains": [
                "cdn"
            ],
            "apis": {
                "Navigator.prototype.appName": 2
            },
            "sites": 2,
            "prevalence": 0.0000139,
            "cnames": [],
            "responseHashes": [
                "c38faed114391071afeda7600dea39b91e594565e82a87540c7db86058c8e226"
            ],
            "type": "Script",
            "firstPartyCookies": {},
            "firstPartyCookiesSent": {},
            "exampleSites": [
                "actionnewsnow.com",
                "www.actionnewsnow.com"
            ]
        },
        {
            "rule": "bannersolution\\.net\\/ta11aaae9\\/img\\/du8nv_y8m4vp_2fb3bfb4\\.zip\\/media\\/14d391252da9be19e323844efcf3f528\\.png",
            "cookies": 0,
            "fingerprinting": 0,
            "subdomains": [
                "cdn"
            ],
            "apis": {},
            "sites": 2,
            "prevalence": 0.0000139,
            "cnames": [],
            "responseHashes": [
                "921f2753bc6f0ebc9bd8e04edc20d0eeca1ac33fc9d07c906ce927558979370e"
            ],
            "type": "Image",
            "firstPartyCookies": {},
            "firstPartyCookiesSent": {},
            "exampleSites": [
                "actionnewsnow.com",
                "www.actionnewsnow.com"
            ]
        },
        {
            "rule": "bannersolution\\.net\\/ta11aaae9\\/img\\/du8nv_y8m4vp_2fb3bfb4\\.zip\\/media\\/ba1c5fc013dca1526e02f8feecccedcc\\.svg",
            "cookies": 0,
            "fingerprinting": 0,
            "subdomains": [
                "cdn"
            ],
            "apis": {},
            "sites": 2,
            "prevalence": 0.0000139,
            "cnames": [],
            "responseHashes": [
                "0d37ed7a882409d5ab1097af48b4466eeae564774e8b331a60552cd1b12c1f85"
            ],
            "type": "Image",
            "firstPartyCookies": {},
            "firstPartyCookiesSent": {},