{
    "domain": "bannersolution.net",
    "owner": {},
    "source": [
        "DuckDuckGo-US"
    ],
    "prevalence": 0.0000835,
    "sites": 11,
    "subdomains": [
        "engine"
    ],
    "cnames": [],
    "fingerprinting": 1,
    "resources": [
        {
            "rule": "bannersolution\\.net\\/",
            "cookies": 0,
            "fingerprinting": 1,
            "subdomains": [
                "engine"
            ],
            "apis": {
                "window.devicePixelRatio": 7,
                "Screen.prototype.width": 7,
                "Screen.prototype.height": 7,
                "Navigator.prototype.userAgent": 7,
                "Element.prototype.getClientRects": 3
            },
            "sites": 10,
            "prevalence": 0.0000759,
            "cnames": [],
            "responseHashes": [
                "fdb626ed7d9d132f561aa8f13b6b3344c8aea67e334adea215ad9d65e94679c8",
                "195ad2e29022b9ed4f2967680554a6563170a6c11b9b607829b9bddba6224f6c",
                "112fe05471b99884d544c1a0731ef671736a56f8bf2daab24f03bb5d14dc9ff7",
                "c085b53c03437b1401aa66e355287418120b968a7134e3d31e5df0d9cc65d56c",
                "4a4cb4a54ac1617f9395198ac8330833a8ea835c2e334d5ebd668e89cd4def91",
                "0ab2c128d408f4e29a6373e1ce38523da570947f3faf8d1a9755284f22780d7d",
                "2485dc02168ccedafc863dbf802db77783890d91f2ad79317b6be294f54a3bcc",
                "198b147cf8ccc9d97df3f675d809b59c82df266d3eac17fd55b200d5a4384a6f",
                "8e4631d4782c7ec74d3c79527a36c9405ca4a712dc9c2997ac512839ac1fa15b"
            ]
        },
        {
            "rule": "bannersolution\\.net\\/",
            "cookies": 0,
            "fingerprinting": 1,
            "subdomains": [
                "engine"
            ],
            "apis": {
                "window.devicePixelRatio": 3,
                "Navigator.prototype.userAgent": 3,
                "Screen.prototype.width": 1,
                "Screen.prototype.height": 1
            },
            "sites": 3,
            "prevalence": 0.0000228,
            "cnames": [],
            "responseHashes": [
                "114338bb1aa0a0044ee0cfd7fa980ae78edd7062d4270e5a8592ab712b4c8a27",
                "8b7957de405a8bd57f888b5f2aef35e48edf347b2b527bc02fb0cb9a1326bd7f"
            ]
        }
    ],
    "categories": [],
    "performance": {},
    "cookies": 0,
    "types": {
        "Script": 10,
        "Document": 3
    }
}