{
    "domain": "baqend.com",
    "owner": {},
    "source": [
        "DuckDuckGo-US"
    ],
    "prevalence": 0.000311,
    "sites": 41,
    "subdomains": [
        "telekom.app",
        "sunrise.app",
        "empiriecom.app",
        "carhartt-wip.app",
        "decathlonnl.app",
        "decathlontr.app",
        "decathlonpt.app",
        "decathlon.app",
        "galeria.app",
        "orsay.app"
    ],
    "cnames": [],
    "fingerprinting": 1,
    "resources": [
        {
            "rule": "baqend\\.com\\/v1\\/speedkit\\/install\\.js",
            "cookies": 0.0000304,
            "fingerprinting": 2,
            "subdomains": [
                "telekom.app",
                "sunrise.app",
                "empiriecom.app",
                "carhartt-wip.app",
                "decathlonnl.app",
                "decathlontr.app",
                "decathlonpt.app",
                "decathlon.app",
                "galeria.app",
                "orsay.app"
            ],
            "apis": {
                "window.localStorage": 12,
                "Navigator.prototype.userAgent": 12,
                "window.indexedDB": 12,
                "PerformanceTiming.prototype.navigationStart": 10,
                "window.devicePixelRatio": 6,
                "Screen.prototype.width": 5,
                "Document.cookie setter": 4,
                "Document.cookie getter": 7
            },
            "sites": 12,
            "prevalence": 0.0000911,
            "cnames": [],
            "responseHashes": [
                "4ea1a5244b9477f59fd78d0c44ff91a4f00c535b711a0b92274bf86e0471939a",
                "f699bea6a4aff091a6c42527d23767cb2388b3057f1528527ad4c8354624b725",
                "17c40eb1cfefef6b37a562447eb8bd113a7f534b64825055401922f6b748dfbc",
                "a99e8d07f67eb9176c3d8b26829d6b7dfc9e987235acc0b44a2f5ab3cd8b80dc",
                "56980ee9afd9a8538f721844a0bf5c6058c7c75be5e0259714d3f807c01a75f3",
                "8e50b930429afc5790a8e412aeee583a8e0f52bf2381174cfed24fb6f3e9c719",
                "72f6001569973e39e6aa4b0e520270abbbdfbaa3d9b51a6920d4124abd8a82aa",
                "03f260f743a13d74dbde83023c3624841b57ccc892ffde059ad42dbcfac4f846",
                "4f32327ca06bc0a15814d2168161808758602d398cdcf0f6eb88f6207fef3c05",
                "71e41b8e923bc5c6ad812c234a170d1023cea3193c79981c9152a5dc0785e7b1"
            ],
            "type": "Script",
            "exampleSites": [
                "t-online.de",
                "kommunikationsdienste.t-online.de",
                "mip.sunrise.ch",
                "www.baur.de",
                "www.carhartt-wip.com",
                "www.decathlon.nl",
                "www.decathlon.com.tr",
                "www.decathlon.pt",
                "www.decathlon.de",
                "www.galeria.de",
                "www.orsay.com",
                "www.sunrise.ch"
            ]
        }
    ],
    "categories": [],
    "performance": {
        "time": 0,
        "size": 0,
        "cpu": 0,
        "cache": 0
    },
    "cookies": 0.000076,
    "types": {
        "Script": 12
    }
}