{
    "domain": "benchplatform.com",
    "owner": {
        "name": "Benchmarketing",
        "displayName": "Benchmarketing"
    },
    "source": [
        "DuckDuckGo-US"
    ],
    "prevalence": 0.0000531,
    "sites": 7,
    "subdomains": [
        "tag"
    ],
    "cnames": [],
    "fingerprinting": 1,
    "resources": [
        {
            "rule": "benchplatform\\.com\\/benchmarketingsmarttag\\/get",
            "cookies": 0.000038,
            "fingerprinting": 1,
            "subdomains": [
                "tag"
            ],
            "apis": {
                "Date.prototype.getTime": 4
            },
            "sites": 5,
            "prevalence": 0.000038,
            "cnames": [],
            "responseHashes": [
                "ded68604d3ba2ff5530e8bda8c85b9e4fce5b301c1480597076c88af0a8f7808",
                "339f2c9992f518d8f80c874be37dfff2e1c574d66d27b16e56550216a7b04731",
                "19560973c9950b64aa413110c54b279f04a96a2b7e5489bd95b78b34cca7e3b1",
                "a179251e85050ab257ca0c7651dbac74de7ebd706f8e7609dfb0d92872348d11"
            ]
        }
    ],
    "categories": [],
    "performance": {
        "time": 0,
        "size": 0,
        "cpu": 0,
        "cache": 0
    },
    "cookies": 0.0000531,
    "types": {
        "Script": 5
    }
}