{
    "domain": "bestcontentprovider.top",
    "owner": {},
    "source": [
        "DuckDuckGo-US"
    ],
    "prevalence": 0.000137,
    "sites": 18,
    "subdomains": [
        "a",
        "b",
        "cdn3"
    ],
    "cnames": [],
    "fingerprinting": 0,
    "resources": [
        {
            "rule": "bestcontentprovider\\.top\\/loader",
            "cookies": 0.0000683,
            "fingerprinting": 0,
            "subdomains": [
                "a"
            ],
            "apis": {},
            "sites": 9,
            "prevalence": 0.0000683,
            "cnames": [],
            "responseHashes": [
                "6ebbcf3fc3060856dad75ed1207e9f405271da07444a1e6e142ebe86b618a4fd",
                "924725db12daa78ed31cb11ff4a363ee67af2ac1289498c6076150fafc708a30",
                "c03eb85fcb6286e6d1782351674bb7cfff2baef3fb6d5cc3c8a4c62a98cc9b92",
                "6d5fb2108c85bb6934e3aa038a4c38ba00da69a5fe77aa402ff0b14a578e8df1",
                "2a43882cf7e4c942b0293c0fac61d64254f3a95ff4bd738e61e9bd45f8c6fe62",
                "2818e23c1f80cd71f3b90ac02770bdecb2e190681a1123b45fd9a4a2e459586b",
                "73ea4fefeb04805a3043f7bcc1f153fefaad90f338254a70ae5f4e9165a187b1",
                "d1b9ce7748a6fb43ec5ec0bf33d1cb8e659b812ba10b5e099896a5c64d7b3c3e"
            ]
        },
        {
            "rule": "bestcontentprovider\\.top\\/i",
            "cookies": 0.0000683,
            "fingerprinting": 0,
            "subdomains": [
                "b"
            ],
            "apis": {},
            "sites": 9,
            "prevalence": 0.0000683,
            "cnames": [],
            "responseHashes": [
                "e3b0c44298fc1c149afbf4c8996fb92427ae41e4649b934ca495991b7852b855"
            ]
        },
        {
            "rule": "bestcontentprovider\\.top\\/b3\\/f1\\/61429\\/00000319123\\.gif",
            "cookies": 0.0000152,
            "fingerprinting": 0,
            "subdomains": [
                "cdn3"
            ],
            "apis": {},
            "sites": 2,
            "prevalence": 0.0000152,
            "cnames": [],
            "responseHashes": [
                "b8f9445a80608ce17fa2bd6ce8aac9d517fe538640d06b7da20447c588541a58"
            ]
        },
        {
            "rule": "bestcontentprovider\\.top\\/92\\/c7\\/44650\\/00000211461\\.gif",
            "cookies": 0.000038,
            "fingerprinting": 0,
            "subdomains": [
                "cdn3"
            ],
            "apis": {},
            "sites": 5,
            "prevalence": 0.000038,
            "cnames": [],
            "responseHashes": [
                "9a8c0d14a190afffa3c3737bb7ac136b55baacc33fe174b6dd7aaf0a87c9359c"
            ]
        },
        {
            "rule": "bestcontentprovider\\.top\\/11\\/f8\\/61865\\/00000323612\\.gif",
            "cookies": 0.0000152,
            "fingerprinting": 0,
            "subdomains": [
                "cdn3"
            ],
            "apis": {},
            "sites": 2,
            "prevalence": 0.0000152,
            "cnames": [],
            "responseHashes": [
                "75f299916ad8b7f15bfb6b92ce9924f3229ad8555f2b44fd3e90616c353061a5"
            ]
        },
        {
            "rule": "bestcontentprovider\\.top\\/5f\\/12\\/65546\\/00000346546\\.jpg",
            "cookies": 0.0000152,
            "fingerprinting": 0,
            "subdomains": [
                "cdn3"
            ],
            "apis": {},
            "sites": 2,
            "prevalence": 0.0000152,
            "cnames": [],
            "responseHashes": [
                "19b5288270e277a83fdf4c3eca1aa7755994f718544238073873b9e9c4cce87f"
            ]
        },
        {
            "rule": "bestcontentprovider\\.top\\/bc\\/75\\/71273\\/00000388080\\.gif",
            "cookies": 0.00000759,
            "fingerprinting": 0,
            "subdomains": [
                "cdn3"
            ],
            "apis": {},
            "sites": 2,
            "prevalence": 0.0000152,
            "cnames": [],
            "responseHashes": [
                "12bf49b1674e8d2dc30065d425101a2c8d24fe59d87c9101b425910228b2333f"
            ]
        }
    ],
    "categories": [],
    "performance": {
        "time": 0,
        "size": 0,
        "cpu": 0,
        "cache": 3
    },
    "cookies": 0.000137,
    "types": {
        "Document": 9,
        "Image": 22
    }
}