{
    "domain": "boatchat.com",
    "owner": {},
    "source": [
        "DuckDuckGo-US"
    ],
    "prevalence": 0.000048,
    "sites": 7,
    "subdomains": [
        "service12",
        "static12"
    ],
    "cnames": [],
    "fingerprinting": 1,
    "resources": [
        {
            "rule": "boatchat\\.com\\/VisitorManager\\/Scripts\\/chat5058\\.js",
            "cookies": 0.0000343,
            "fingerprinting": 1,
            "subdomains": [
                "service12"
            ],
            "apis": {
                "Navigator.prototype.userAgent": 5,
                "window.name": 5,
                "Document.cookie getter": 5,
                "window.localStorage": 5,
                "Document.cookie setter": 5,
                "Date.prototype.getTime": 5
            },
            "sites": 5,
            "prevalence": 0.0000343,
            "cnames": [],
            "responseHashes": [
                "9c890780c6f00c31112a30cc1ce44c0acecc4e854bcf2c3b262cf843b0e993e2"
            ],
            "type": "Script",
            "firstPartyCookies": {
                "CC_GAINFO_f1fd2348-4e41-4ffd-84bc-8ebce4e81722": {
                    "ttl": null,
                    "length": 118,
                    "prevalence": 0.000006852929284622712,
                    "uniqueness": 1
                },
                "CC_BId2f1fd2348-4e41-4ffd-84bc-8ebce4e81722": {
                    "ttl": 8640001,
                    "length": 36,
                    "prevalence": 0.000006852929284622712,
                    "uniqueness": 1
                },
                "CC_SID2f1fd2348-4e41-4ffd-84bc-8ebce4e81722": {
                    "ttl": null,
                    "length": 36,
                    "prevalence": 0.000006852929284622712,
                    "uniqueness": 1
                },
                "CC_STATUS_89G4f1fd2348-4e41-4ffd-84bc-8ebce4e81722": {
                    "ttl": null,
                    "length": 24,
                    "prevalence": 0.000006852929284622712,
                    "uniqueness": 1
                },
                "CC_GAINFO_777bab1f-7c47-4af7-83bc-e814fa764d29": {
                    "ttl": null,
                    "length": 118,
                    "prevalence": 0.000006852929284622712,
                    "uniqueness": 1
                },
                "CC_BId2777bab1f-7c47-4af7-83bc-e814fa764d29": {
                    "ttl": 8640002,
                    "length": 36,
                    "prevalence": 0.000006852929284622712,
                    "uniqueness": 1
                },
                "CC_SID2777bab1f-7c47-4af7-83bc-e814fa764d29": {
                    "ttl": null,
                    "length": 36,
                    "prevalence": 0.000006852929284622712,
                    "uniqueness": 1
                },
                "CC_STATUS_89G4777bab1f-7c47-4af7-83bc-e814fa764d29": {
                    "ttl": null,
                    "length": 24,
                    "prevalence": 0.000006852929284622712,
                    "uniqueness": 1
                },
                "CC_GAINFO_60fe07c8-df12-4dcd-b7b6-9051811c872f": {
                    "ttl": null,
                    "length": 118,
                    "prevalence": 0.000006852929284622712,
                    "uniqueness": 1
                },
                "CC_BId260fe07c8-df12-4dcd-b7b6-9051811c872f": {
                    "ttl": 8640004,
                    "length": 36,
                    "prevalence": 0.000006852929284622712,
                    "uniqueness": 1
                },
                "CC_SID260fe07c8-df12-4dcd-b7b6-9051811c872f": {
                    "ttl": null,
                    "length": 36,
                    "prevalence": 0.000006852929284622712,
                    "uniqueness": 1
                },
                "CC_STATUS_89G460fe07c8-df12-4dcd-b7b6-9051811c872f": {
                    "ttl": null,
                    "length": 24,
                    "prevalence": 0.000006852929284622712,
                    "uniqueness": 1
                },
                "CC_NOTIFICATIONSTATE": {
                    "ttl": null,
                    "length": 1,
                    "prevalence": 0.000006852929284622712,
                    "uniqueness": 1
                },
                "CC_GAINFO_b5c54331-641e-4247-9560-764ac6e9a70b": {
                    "ttl": null,
                    "length": 118,
                    "prevalence": 0.000006852929284622712,
                    "uniqueness": 1
                },
                "CC_BId2b5c54331-641e-4247-9560-764ac6e9a70b": {
                    "ttl": 8640010,
                    "length": 36,
                    "prevalence": 0.000006852929284622712,
                    "uniqueness": 1
                },
                "CC_SID2b5c54331-641e-4247-9560-764ac6e9a70b": {
                    "ttl": null,
                    "length": 36,
                    "prevalence": 0.000006852929284622712,
                    "uniqueness": 1
                },
                "CC_STATUS_89G4b5c54331-641e-4247-9560-764ac6e9a70b": {
                    "ttl": null,
                    "length": 24,
                    "prevalence": 0.000006852929284622712,
                    "uniqueness": 1
                },
                "CC_GAINFO_f62221c0-2d17-4063-9f16-34071d86a836": {
                    "ttl": null,
                    "length": 118,
                    "prevalence": 0.000006852929284622712,
                    "uniqueness": 1
                },
                "CC_BId2f62221c0-2d17-4063-9f16-34071d86a836": {
                    "ttl": 8640007,
                    "length": 36,
                    "prevalence": 0.000006852929284622712,
                    "uniqueness": 1
                },
                "CC_SID2f62221c0-2d17-4063-9f16-34071d86a836": {
                    "ttl": null,
                    "length": 36,
                    "prevalence": 0.000006852929284622712,
                    "uniqueness": 1
                },
                "CC_STATUS_89G4f62221c0-2d17-4063-9f16-34071d86a836": {
                    "ttl": null,
                    "length": 24,
                    "prevalence": 0.000006852929284622712,
                    "uniqueness": 1
                }
            },
            "firstPartyCookiesSent": {},
            "exampleSites": [
                "crestliner.com",
                "www.denisonyachtsales.com",
                "www.hmy.com",
                "www.lundboats.com",
                "www.popyachts.com"
            ]
        },
        {
            "rule": "boatchat\\.com\\/bcvhs\\/new_visitor_v3",
            "cookies": 0,
            "fingerprinting": 0,
            "subdomains": [
                "service12"
            ],
            "apis": {},
            "sites": 5,
            "prevalence": 0.0000343,
            "cnames": [],
            "responseHashes": [
                "fe0f58ce4ce40e832fe50be2107ed5051c07fbeaa7d2ada5cfee0b42348dd659",
                "58b78f4711348dccfa8dbbb91e38de5cd481b2497286a74467eaee74a66cf8a6",
                "8e13ed2193b4ce755da3c4e21d016a715bc3bf68c7e8540537eacd9ce1950063",
                "8f117bd2de63f20ba8126a6d9c6e70c96b3c00246e4c354383da7373c68fe493"
            ],
            "type": "Script",
            "firstPartyCookies": {},
            "firstPartyCookiesSent": {
                "__lotl": 0.000013705858569245425,
                "__utmc": 0.000006852929284622712,
                "__utmz": 0.000006852929284622712
            },
            "exampleSites": [
                "crestliner.com",
                "www.denisonyachtsales.com",
                "www.hmy.com",
                "www.lundboats.com",
                "www.popyachts.com"
            ]
        },
        {
            "rule": "boatchat\\.com\\/bcvhs\\/page_stay",
            "cookies": 0,
            "fingerprinting": 0,
            "subdomains": [
                "service12"
            ],