{
    "domain": "bonertraffic14.pro",
    "owner": {},
    "source": [
        "DuckDuckGo-US"
    ],
    "prevalence": 0.000846,
    "sites": 122,
    "subdomains": [
        "cdn"
    ],
    "cnames": [],
    "fingerprinting": 2,
    "resources": [
        {
            "rule": "bonertraffic14\\.pro\\/sdk\\/push_web\\/",
            "cookies": 0.000527,
            "fingerprinting": 2,
            "subdomains": [
                "cdn"
            ],
            "apis": {
                "Navigator.prototype.userAgent": 74,
                "Document.cookie getter": 63,
                "Date.prototype.getTime": 76,
                "Document.cookie setter": 63,
                "window.localStorage": 54,
                "Navigator.prototype.platform": 51,
                "window.devicePixelRatio": 76,
                "Navigator.prototype.appName": 58
            },
            "sites": 76,
            "prevalence": 0.000527,
            "cnames": [],
            "responseHashes": [
                "0e51b7a95736b75213d81a15efb8fa0c836e9ac7a3f12a29652f04ec1e30cbce",
                "5f9c9e1b721dbceae0ad6c97fc6289911842108eaba84d628858029c13b2daf1",
                "c030a207c521a9fa7a7bae5b86289f9825295fb24839d7c6b4eeba07707ba5b8",
                "248cfe3cb222e9dc90fbe5bcbc334eb0054d91d09bdd8f8b8a08c90782faa6c6",
                "7a376c03136864f3634b8477d8dda77d0a8c1217b4a87c666f627f6cab3bd927",
                "e0f0b35cc3596a62b3767d262a51a53c565b5e6499482866b3bcc1418fa60834",
                "0f7ace60506563e8d35af9ff916c53758f160ebf736e679c0398fb78ea1b0329",
                "30e9a99fdb85b98f0fe3d07d2120a4ded506278544c032dbe68173ef1d50f5fe",
                "3a11bcb4eb4b58681b3de07878add09d41ba99eb2e35d95d13b5aa9e9117bf9a",
                "8d925e83bb959ef566fb33e4b54401822d6dfd69f0d0b5cad9694666dcf977c9",
                "862d0967195efb658d3560d3b5274ae75c33eb81bf3a5836ee918cd3f18b5b51",
                "2d47d23500dc7b9e241f4a99ffeefce04b10b1c2c2cc2f05c07f37c81f21c8a9",
                "79038eb9a83b79728b01a4680e13676b1f95c75df893e19479dffe2dc495859e",
                "df9d6f9c18d99194432b6efddf2ba4e8cf828c4f63ff46f9650bc0a2bbbcd328",
                "eab544ca6426c6998a0bbde93aadf26c4511be7f5932c1a8471d0a6f37e9ad88",
                "83466253073fa137788838073a365f181c1f6381d505d4f0563443d4dd04349e",
                "2201e096713e4678bc821cda2d6517f0c108c27b1a9726c16a767fb2d9eaf76f",
                "6bea87a51db2b5a7795269a60dc159ff2338e71dee3f64b05499907a50007ef7",
                "c5fb1f7570c603eecc18e7ad6afce4aea5580466a321f7e8eca25c0efa9f413f",
                "cc52a6502f19d55a675466339e54d408e015f438e05234dcb0ee254e371b940f",
                "704b70d99a8864e7e8f6e7991360f6e421d1691a16a53f3152d8f08430f41a70",
                "00b1dafe8c22c79dedd418013a52a3571520c858845aead426bf28cac843a104",
                "131c8b86aa0f25d240c908cb3b63251c802ee217c6b5f27b9f041f4acd582995",
                "6d92058c5d031711d044b286d4d9a62ea6c6d9602492b580f21b521d1649e89a",
                "9eb3600994ae77a3c9f535167d2b8e6c0c07d9cb2cff86297cab4d0a197bce76",
                "4417deb4d497c5226b74259b29411cf12db1b8fce53f166093c567bbb9b3095a",
                "2c82916db4aa5e41956c779b0dadc61cd812e1395277ba34bb33cf7445766a07",
                "b12d0cf2aeb30168a9ccc683dc294546e1f41db58974128e989e4c3906e6feb3",
                "1e229b322c2379ccb5f29c790d08ea63fa46404ddb36966c94ce9cd65282f467",
                "41614013b48f083c9b782e1ab5e95e9f3698fc84b5be0b2231a66046b7287b77",
                "17bc69d79b0bb313265675b2fa7ac59e17743b4ec93b12fd1f62baaa964015f3",
                "483efe7ca4b89264a32028200ad8aa93482a764876e9317b2bcd9eec3a8ae1be",
                "0836fa6bcbafd0298d9a91ef7c104c74ed47a078e37352034e7c17aa26a299b6",
                "2cdcd76f759c0c018c5189c74354dc1febffd274b20649a5e46248248f0bc7c9",
                "75579921c50d1ab4f4b7131bd487475846c8e3110c0e4b420ba40d649cad8a12",
                "3702553b482f6aab37d7838e88161f0da5a40ebfbf8f88566367fd1ad417782c",
                "f1147e8592dc32202977b2dc2170cb2b4062875dfc5ffe3626ac46376ae9de12",
                "7860afae450f3d8ad7193d38fe9bce3e5773af4095a4f59d53ed67ddb1da83b7",
                "2d2868c33d234f49ee586631eaaf1aa452ed75fa7278f092ee9eae6c910180c4",
                "0f42de0240401f6a97d0267953353d74300e7f448fe8fdba685eafe204f6716b",
                "b65e6b6971782baa26a82d597da959f6fabb665e726f17efd92d5c98c10f94c7",
                "a7b58448a7ec3c19b3edc5fe4bc9fdfb1e9dab4983b9950118d3313925bfd5df",
                "87dc2e057e88985ef9615663296ceef00f264991645422f1d0c7d78a7b230989",
                "d544942133e6405c7c937767b4b2032493cf2b8f72f4931b44a11c32ffb8fd11",
                "dd8128d4071a0f9fea2c7bb624c7e6b8636f6b982779c0ce6675785345aa2e8a",
                "e1c8a1113c7fdaccb4bee47a93b10a445113284b0d60a609dddcbfa4bdb8419e",
                "b2cb7e56a1d013df33f1d6ba6bd3d453154b3ff4327eb80f5707148cffcee7c2",
                "636fe85ad073ca47df5f393e0e4d4e01b78991cf119c9d377159a20704c72191",
                "87e9f1700252d50f7cac7e964a6152a65aafa7699571f4033cb635f53657645d",
                "64ff1a776ccd18698beff2fd1dc77b7677db7ede389d2c6127550d1c2fb2201a",
                "8f65de4f31b38006b4435dbfa2784c8005ef6305412a0de94a0b4825fce2df7e",
                "ed3c0904002da64b833269f84719053e48f30d67fccb5ca2663d1f903898a1d4",
                "ee8a2781089e20c14b817b5e684b8d7d93b48fdeb5547e6273c6f9cb86e08acb",
                "867133f842c4be1c09c9d673889eb00e135f00bed349540d0f097b097a3b7e25"
            ],
            "type": "Script",
            "firstPartyCookies": {
                "rvt_inlpush_cnt_4987": {
                    "ttl": 86402,
                    "length": 1,
                    "prevalence": 0.00006238000512902265,
                    "uniqueness": 0.2222222222222222
                },
                "rvt_inlpush_cnt_4913": {
                    "ttl": 86401,
                    "length": 1,
                    "prevalence": 0.00006238000512902265,
                    "uniqueness": 0.2222222222222222
                },
                "rvt_inlpush_cnt_5328": {
                    "ttl": 86409,
                    "length": 1,
                    "prevalence": 0.000013862223362005031,
                    "uniqueness": 1
                },
                "rvt_inlpush_cnt_4710": {
                    "ttl": 86401,
                    "length": 1,
                    "prevalence": 0.000006931111681002516,
                    "uniqueness": 1
                },
                "rvt_inlpush_shown_5329": {
                    "ttl": 86402,
                    "length": 1,
                    "prevalence": 0.000006931111681002516,
                    "uniqueness": 1
                },
                "rvt_inlpush_cnt_5073": {
                    "ttl": 86411,
                    "length": 1,
                    "prevalence": 0.000006931111681002516,
                    "uniqueness": 1
                },
                "rvt_inlpush_cnt_5320": {
                    "ttl": 86400,
                    "length": 1,
                    "prevalence": 0.000006931111681002516,
                    "uniqueness": 1
                },
                "rvt_inlpush_shown_4913": {
                    "ttl": 86402,
                    "length": 1,
                    "prevalence": 0.000055448893448020125,
                    "uniqueness": 0.125
                },
                "rvt_inlpush_cnt_4795": {
                    "ttl": 86401,
                    "length": 1,
                    "prevalence": 0.000006931111681002516,
                    "uniqueness": 1
                },
                "rvt_inlpush_cnt_4992": {
                    "ttl": 86409,
                    "length": 1,
                    "prevalence": 0.000027724446724010062,
                    "uniqueness": 0.25
                },
                "rvt_inlpush_shown_4992": {
                    "ttl": 86411,
                    "length": 1,