{
    "domain": "brightmountainmedia.com",
    "owner": {},
    "source": [
        "DuckDuckGo-US"
    ],
    "prevalence": 0.0000987,
    "sites": 13,
    "subdomains": [
        "console"
    ],
    "cnames": [],
    "fingerprinting": 1,
    "resources": [
        {
            "rule": "brightmountainmedia\\.com\\/sync",
            "cookies": 0.0000531,
            "fingerprinting": 0,
            "subdomains": [
                "console"
            ],
            "apis": {},
            "sites": 7,
            "prevalence": 0.0000531,
            "cnames": [],
            "responseHashes": [
                "a455180804aa26918637d1efe6a24280655a7180f1c455928c4434d9f1bd82a0",
                "9234fcff8023910ee8bbdd1d0ad241400b74cbb7241d9ea2e298747089c3b442",
                "d90742af72a14b724a2174f7c8cf598aeb4fd874fdd197813e1c0bd14a70e748",
                "2cc9d1c86b19da89cd6f18ea9ffb7938402d249f20d6c4b0ac24ca9a72cd75a0"
            ]
        },
        {
            "rule": "brightmountainmedia\\.com\\/setcuid",
            "cookies": 0.000038,
            "fingerprinting": 0,
            "subdomains": [
                "console"
            ],
            "apis": {},
            "sites": 5,
            "prevalence": 0.000038,
            "cnames": [],
            "responseHashes": [
                "ef1955ae757c8b966c83248350331bd3a30f658ced11f387f8ebf05ab3368629"
            ]
        }
    ],
    "categories": [],
    "performance": {
        "time": 0,
        "size": 0,
        "cpu": 0,
        "cache": 3
    },
    "cookies": 0.0000835,
    "types": {
        "Document": 12
    }
}