{
    "domain": "c-ovn.jp",
    "owner": {
        "name": "BrainPad Inc.",
        "displayName": "BrainPad"
    },
    "source": [
        "DuckDuckGo-US"
    ],
    "prevalence": 0.000106,
    "sites": 14,
    "subdomains": [
        "s-sync",
        "p-co"
    ],
    "cnames": [],
    "fingerprinting": 1,
    "resources": [
        {
            "rule": "c-ovn\\.jp\\/s-sync",
            "cookies": 0.0000228,
            "fingerprinting": 1,
            "subdomains": [
                "s-sync"
            ],
            "apis": {
                "Navigator.prototype.doNotTrack": 9,
                "Document.cookie getter": 8,
                "Document.cookie setter": 3
            },
            "sites": 9,
            "prevalence": 0.0000685,
            "cnames": [],
            "responseHashes": [
                "adb5adcef25823622a5750069ca452164ac7dedeb5e9bb4a3a1d4fda2b212da6",
                "3bc7ed3737381ed0fdd7989c453f48dd67cfdfc8fbc2876235534f6a0cb0d6fb",
                "7620e9fbfab535523fd065254cc01c068e9e91d5435647a2a7cde29c420c6ba7",
                "f96a9e91e9c4f8b3e8d247e0108dc98ef782d8fd153cc937167ab9187bd72334",
                "24b362b78ffe7e19304cab027c50959401eca11432b3667da53e29b186293592",
                "97d1204c08cc881ca049835a086b804d62ecf3ca884638d278c0dcf9e5895093",
                "b731316d7c40713f771dd04f2f15606c8fdadbb8c097974420395b2652a21152",
                "b1c2a1d575edfe39ec5eeb33a37164856717af2eafd7dfd4e64b84f6fab21420"
            ],
            "type": "Script",
            "exampleSites": [
                "yomiuri.co.jp",
                "komachi.yomiuri.co.jp",
                "style.nikkei.com",
                "www.family.co.jp",
                "www.nikkei.com",
                "www.shiseido.co.jp",
                "www.shinseibank.com",
                "www.subaru.jp",
                "www.yomiuri.co.jp"
            ]
        },
        {
            "rule": "c-ovn\\.jp\\/c-sync",
            "cookies": 0.0000532,
            "fingerprinting": 0,
            "subdomains": [
                "p-co"
            ],
            "apis": {},
            "sites": 8,
            "prevalence": 0.0000609,
            "cnames": [],
            "responseHashes": [
                "cf4724b2f736ed1a0ae6bc28f1ead963d9cd2c1fd87b6ef32e7799fc1c5c8bda"
            ],
            "type": "Image",
            "exampleSites": [
                "yomiuri.co.jp",
                "komachi.yomiuri.co.jp",
                "style.nikkei.com",
                "www.family.co.jp",
                "www.nikkei.com",
                "www.shiseido.co.jp",
                "www.shinseibank.com",
                "www.yomiuri.co.jp"
            ]
        }
    ],
    "categories": [],
    "performance": {
        "time": 0,
        "size": 0,
        "cpu": 0,
        "cache": 0
    },
    "cookies": 0.0000989,
    "types": {
        "Script": 9,
        "Image": 8
    }
}