{
    "domain": "carpentercomparison.com",
    "owner": {},
    "source": [
        "DuckDuckGo-US"
    ],
    "prevalence": 0.000194,
    "sites": 28,
    "subdomains": [],
    "cnames": [],
    "fingerprinting": 2,
    "resources": [
        {
            "rule": "carpentercomparison\\.com\\/v2nlfZdn3WoydGB1vjUETH1FnPIs9s3tfOmWUoMQxerMX82X2Uytr4JrrHDfUxs_v",
            "cookies": 0.0000832,
            "fingerprinting": 2,
            "subdomains": [],
            "apis": {
                "Navigator.prototype.userAgent": 18,
                "Date.prototype.getTime": 18,
                "window.localStorage": 18,
                "Document.cookie getter": 18,
                "Document.cookie setter": 12,
                "Notification.permission": 12
            },
            "sites": 18,
            "prevalence": 0.000125,
            "cnames": [],
            "responseHashes": [
                "e71d25bf3a4ea402acc870a8b4574bfc719aeb30fd1c6510da9c8ee6ddc974b6",
                "53cb9eb1bddaa43ca3c2d4e3234ae9e3bb3cfb32f2b50966b5819dce2215b83a",
                "a3bf51c8bcfabd36356cb85deb2891b23ef75defd1c610042e857ba587356f5e",
                "3ebd5f6b016f15c1d7b5ebff180b9890ef414957bd13e581b49f9c26ad4a66ba",
                "1896ed19aecf98f97e40d6614ec006143f56d7d40f5fc25480a6d1c6efdca61e",
                "7ac0a62f9d1605519656fa6e6fd6bff5badad59b09aec1cf6eff1820c055521b",
                "b8e28db16b324ef260843dab8e49f0517d9cc475cbebff580904432d570f99e3",
                "a65b1a22639290ff6f2e7074f9b9ef79fe5c1463f2158571e25ae6d12744a105",
                "d0daaf1af6479f3e13aa824ab104ac47f2323894477991bb36115fafab45017d",
                "e7bc001d34dd1f91b91f2fd27e4ef1cb74c48338a48c0703a222e0e931b20178",
                "4ecf1c6052ea0286751427aebb0575c4bbcc7be174db302e389a528e1c04785b",
                "d7c334916fb8b014197692726413a772ca2430381f1dd8c8d60d9ab0ef151915",
                "1ee6e1b862482bdfb5ae394cf31887e4060c5114307959ddedf93402f191347b",
                "ddab0550e2ba3ca4e9ac406a983f196fa2646808aa384cc828ae9695668924a5",
                "c3e7ede99aeaaaa3f03d3aeeb4999a517d64720713465a19ec7afa0913b9075a",
                "355f4fbaf53defee4727e8bdcac0c0437ba18414b9df8a92c4250e5a055360f2",
                "f0a54fbb645bbaaaade48aa3f192568049167049d2a1ba36ebef4795760e3336"
            ],
            "type": "Script",
            "firstPartyCookies": {
                "_awl": {
                    "ttl": 94608000,
                    "length": 94,
                    "prevalence": 0.00008317334017203019,
                    "uniqueness": 1
                },
                "_admrla": {
                    "ttl": 94608000,
                    "length": 57,
                    "prevalence": 0.00006238000512902265,
                    "uniqueness": 1
                }
            },
            "firstPartyCookiesSent": {},
            "exampleSites": [
                "nzherald.co.nz",
                "notices.nzherald.co.nz",
                "obits.al.com",
                "obits.cleveland.com",
                "obits.democratandchronicle.com",
                "obits.lohud.com",
                "obits.masslive.com",
                "obits.dallasnews.com",
                "obits.mlive.com",
                "obits.nj.com",
                "obits.oklahoman.com",
                "obits.nola.com",
                "obits.oregonlive.com",
                "obits.pennlive.com",
                "obits.syracuse.com",
                "obits.tennessean.com",
                "obits.theadvocate.com",
                "www.legacy.com"
            ]
        },
        {
            "rule": "carpentercomparison\\.com\\/v2vtmcZ7HcU8qofdPAfmo2LvkJA-PZRYQ8lE46amZv5L5EonGkMsMsu4K-LFhxQIiRsBc2-55eieElOVO",
            "cookies": 0,
            "fingerprinting": 0,
            "subdomains": [],
            "apis": {},
            "sites": 2,
            "prevalence": 0.0000139,
            "cnames": [],
            "responseHashes": [
                "1476f8ffec350d9d70841a70d6fe06245f715c4dc158faada7ff9cd7d0d38e13"
            ],
            "type": "Fetch",
            "firstPartyCookies": {},
            "firstPartyCookiesSent": {},
            "exampleSites": [
                "al.com",
                "obits.al.com"
            ]
        },
        {
            "rule": "carpentercomparison\\.com\\/v2ohzsAOhHGnIbaYYf5F0wX7oSTH3pYyuCCQciJuoF3q3xiYR9JSlULYuPPNVd0Qx2wo4WxMW_AtBwdlp",
            "cookies": 0,
            "fingerprinting": 0,
            "subdomains": [],
            "apis": {},
            "sites": 2,
            "prevalence": 0.0000139,
            "cnames": [],
            "responseHashes": [],
            "type": "Fetch",
            "firstPartyCookies": {},
            "firstPartyCookiesSent": {},
            "exampleSites": [
                "mlive.com",
                "obits.mlive.com"
            ]
        },
        {
            "rule": "carpentercomparison\\.com\\/v2veiG8FP65BT5p1IqxIkYVeJdRguTgq5JFc1i3XyTVCl57GLWno18_IqLOLY3WIBA2rjvaHfUt0kk26n",
            "cookies": 0,
            "fingerprinting": 0,
            "subdomains": [],
            "apis": {},
            "sites": 2,
            "prevalence": 0.0000139,
            "cnames": [],
            "responseHashes": [],
            "type": "Fetch",
            "firstPartyCookies": {},
            "firstPartyCookiesSent": {},
            "exampleSites": [
                "nj.com",
                "obits.nj.com"
            ]
        },
        {
            "rule": "carpentercomparison\\.com\\/v2zaxDCuSWvAhKE6wTY2GpN8p6EtT6tPJQzM4iVBhXRu6SfJLc078lTtXnCgPKa-bIprhViM5idhBLyQpkw",
            "cookies": 0,
            "fingerprinting": 0,
            "subdomains": [],
            "apis": {},
            "sites": 2,
            "prevalence": 0.0000139,
            "cnames": [],
            "responseHashes": [
                "4355a46b19d348dc2f57c046f8ef63d4538ebb936000f3c9ee954a27460dd865"
            ],
            "type": "Other",
            "firstPartyCookies": {},
            "firstPartyCookiesSent": {},
            "exampleSites": [
                "pennlive.com",
                "obits.pennlive.com"
            ]
        },
        {
            "rule": "carpentercomparison\\.com\\/v2wmpW-oHpFXENx1KAWtmHoKDh0TPLxW8wPnydGmeVEbzqTEQuUr-GQRgrbw47DXyH4QrPzUFTKK-vEe2",
            "cookies": 0,
            "fingerprinting": 0,
            "subdomains": [],
            "apis": {},
            "sites": 2,
            "prevalence": 0.0000139,
            "cnames": [],
            "responseHashes": [],
            "type": "Fetch",
            "firstPartyCookies": {},
            "firstPartyCookiesSent": {},
            "exampleSites": [
                "pennlive.com",
                "obits.pennlive.com"
            ]
        }
    ],
    "categories": [],
    "performance": {},
    "cookies": 0.000152,
    "types": {
        "Script": 18,
        "Fetch": 8,
        "Other": 2
    },
    "nameservers": [
        "ns-1627.awsdns-11.co.uk",
        "ns-305.awsdns-38.com",
        "ns-697.awsdns-23.net",
        "ns-1212.awsdns-23.org"
    ]
}