{
    "domain": "caspio.com",
    "owner": {},
    "source": [
        "DuckDuckGo-US"
    ],
    "prevalence": 0.000243,
    "sites": 32,
    "subdomains": [
        "c1abn908",
        "c0gfs168"
    ],
    "cnames": [],
    "fingerprinting": 1,
    "resources": [
        {
            "rule": "caspio\\.com\\/dp\\/5DFC80007c756dc5a20f4f789349\\/emb",
            "cookies": 0.000213,
            "fingerprinting": 1,
            "subdomains": [
                "c1abn908"
            ],
            "apis": {
                "window.localStorage": 28
            },
            "sites": 28,
            "prevalence": 0.000213,
            "cnames": [],
            "responseHashes": [
                "1fcb613e795df028183e42c14f8f4667b012e68648ba3d524d42b3e664b139b6"
            ]
        },
        {
            "rule": "caspio\\.com\\/dp\\/5DFC80007c756dc5a20f4f789349",
            "cookies": 0.00022,
            "fingerprinting": 1,
            "subdomains": [
                "c1abn908"
            ],
            "apis": {
                "window.localStorage": 29
            },
            "sites": 30,
            "prevalence": 0.000228,
            "cnames": [],
            "responseHashes": [
                "fa8cab4da7d591e487126f5bf6b220e4d98fd75718ccf9708e974137a049e46f",
                "45fac426b82ff9812dd308dc9421a24052a54e4e61cf3190153a55b3f4b2df03",
                "20aa0faaf3d61c28fe8dcd66ea62ba331c531416d25e95dd6ba50dabe23eb53a",
                "72c21d3e0b0d8118fdce56ea8a55e5d259bede027e9e3aa7ec879fe060494a48",
                "f07c1658889667583f8289fa959504765ae4823836fb4b56349d3913b28b8194",
                "0182f2f5788495520c4bc8b7840bc1a0536c2f26acf66386c3eeb30cf12e39e2",
                "5795005105bd101c004743fd75438c4e31389f3d3e96616f0895355745e2c60e",
                "920884406a2dbb9bb13957f4acc2b95b2c73b78454cb13613863ee75dc5b3190",
                "2765a91c37740f657b0c0d43ffa7fd1d621ecd9d8edef45969475af66430a0f5",
                "7cbb8509677a7107e9d383da5a33a399bbb214d79eaf00e4f0f97db4bcb17815",
                "00710ceefc309abe16ea9075f98e693d9c5a05a1ed5e8cc7c61c3e70839cf763",
                "4df76e599076e411a0aceda15785470ae07a945ce8949c380dea11b2b3c16166",
                "9e6171ef6361eada327bd25960e980e2e8a1824bb89763c749abf000ccb8ff18",
                "95b64e79e705f065038ba54e3f17cfd98e623eb21c7dafd8965f38b9ee094c9b",
                "47982c7ef0fa56cef1221152a582de0a7a7b907445c33e220b03a48fae49f8e1",
                "de3d53e7e701a14d6e083ea08ff85b9aaf4efa30ef3d3b3a1d44116fa7c09492",
                "54825bce3554df29100e5660cef31ed3b0f3414b3dae5edc56d63b880292c4d0",
                "6f7529fb7ba59b41cacef2a0245738705f8bdf283332bfbffe36eb557977c1e9",
                "7ca475610058bb263de21aaf567b2e28352b9b0150eae6aa259b39b60d65dc00",
                "444f939d5c4a76837fbb62ed8274769c5b2b09d29e22899c32b55da1cd09fa89",
                "237323a9b59c86a6b018626b6bfc6ce11efcd105dff15101f6d00127b5e45e81",
                "ea67d12af7dc0a979eaa351f1955f36548964ff849ca5a560c85fd73303d27ed",
                "d7f7666ea539a202c8f05c78fc61d165fd766ceda43f234e0a6b5b2dafd8350b",
                "faeb33ee7601773066c657bb69140ed02240a7399f898186a64a397767e9cbba",
                "f3b70dd3f98926120fc7674061dd0f29d92daf69fbcb0dcd28665a30554884c1",
                "73d019084f36a2f2319f0d6f3b63890715d5b9b616a325c98590623f58bd0040",
                "eeee6b699103a5507662c726a216fb3ff30da9bc6dce0e71b0fa97fc825edcf2",
                "5c285d1961a4a0abdbc26e90fffbf8a2f82b9665fb0538d87bd57e41d854472c"
            ]
        },
        {
            "rule": "caspio\\.com\\/css\\/5DFC80007c756dc5a20f4f789349\\/STA0BBFE45B94242E39CC4A5FB71DC02C8\\/637318129059600000\\/",
            "cookies": 0.000228,
            "fingerprinting": 0,
            "subdomains": [
                "c1abn908"
            ],
            "apis": {},
            "sites": 30,
            "prevalence": 0.000228,
            "cnames": [],
            "responseHashes": [
                "b25823b66f67d0237294bbb5545572036003ed65d3eb107b88161f07eedda8ec"
            ]
        },
        {
            "rule": "caspio\\.com\\/dp\\/checkcookieaccepted",
            "cookies": 0.000235,
            "fingerprinting": 0,
            "subdomains": [
                "c1abn908",
                "c0gfs168"
            ],
            "apis": {},
            "sites": 31,
            "prevalence": 0.000235,
            "cnames": [],
            "responseHashes": [
                "ac3fe68261b8be00e5232c7f813d5e2adafc6cd9e245c5a456e78dbdf25f10d8"
            ]
        }
    ],
    "categories": [],
    "performance": {},
    "cookies": 0.000243,
    "types": {
        "Script": 58,
        "Stylesheet": 30,
        "XHR": 31
    }
}