{
    "domain": "cazamba.com",
    "owner": {},
    "source": [
        "DuckDuckGo-US"
    ],
    "prevalence": 0.000129,
    "sites": 17,
    "subdomains": [
        "api",
        "as"
    ],
    "cnames": [],
    "fingerprinting": 1,
    "resources": [
        {
            "rule": "cazamba\\.com\\/common\\/czmb\\.min\\.js",
            "cookies": 0,
            "fingerprinting": 1,
            "subdomains": [
                "api"
            ],
            "apis": {
                "Date.prototype.getTime": 10,
                "Navigator.prototype.doNotTrack": 10,
                "Document.cookie getter": 7,
                "Navigator.prototype.userAgent": 10
            },
            "sites": 10,
            "prevalence": 0.0000759,
            "cnames": [],
            "responseHashes": [
                "e6fe4465e098fbcec6e4d8429928c47b962beaa5e2ded19f6310030506a5ce2a"
            ]
        },
        {
            "rule": "cazamba\\.com\\/rm",
            "cookies": 0.0000759,
            "fingerprinting": 0,
            "subdomains": [
                "as"
            ],
            "apis": {},
            "sites": 10,
            "prevalence": 0.0000759,
            "cnames": [],
            "responseHashes": [
                "e7f79e7c66773c809523556a353b3339ab9d1e2f64f8c2cdf1b9041092cdd58c",
                "cc946a7d83ffd74e424fc454963204e4c034206adabc505d589cabde38ad351e",
                "4af9bc486f11317f56f984216576cdf1e68ffc52ac07abbe7171a16be9e08395",
                "0cf167eb92eae18adba4a628cbaa0ace761ae54089846c914c1e611269f76ebf",
                "c388278a4cb99019168301fab96f16a09ecb1ec906f52a12a8abea0097d6af10",
                "680de12d60220fbb4d76ea43da68e920301af9e193fc47ac6432574c020e57cd",
                "f6340f994fb853698cc99ca420322308c94d35b3cbf163938fd99686d59555e3",
                "c8d2ed82f84f94f2c006f23a71ff8fd37d9a37ec82be9c9d6e696aa53f90872f",
                "d7227097ad8a5df17b602631f9729670137147b3f695885fdc51d8ab0c3d6846"
            ]
        },
        {
            "rule": "cazamba\\.com\\/cs",
            "cookies": 0.0000531,
            "fingerprinting": 0,
            "subdomains": [
                "as"
            ],
            "apis": {},
            "sites": 7,
            "prevalence": 0.0000531,
            "cnames": [],
            "responseHashes": [
                "e3b0c44298fc1c149afbf4c8996fb92427ae41e4649b934ca495991b7852b855"
            ]
        }
    ],
    "categories": [],
    "performance": {
        "time": 0,
        "size": 0,
        "cpu": 0,
        "cache": 3
    },
    "cookies": 0.000129,
    "types": {
        "Script": 20,
        "XHR": 7
    }
}