{
    "domain": "cjpowered.com",
    "owner": {},
    "source": [
        "DuckDuckGo-US"
    ],
    "prevalence": 0.000111,
    "sites": 16,
    "subdomains": [
        "cjshpfy"
    ],
    "cnames": [],
    "fingerprinting": 0,
    "resources": [
        {
            "rule": "cjpowered\\.com\\/getPluginJS",
            "cookies": 0,
            "fingerprinting": 0,
            "subdomains": [
                "cjshpfy"
            ],
            "apis": {},
            "sites": 9,
            "prevalence": 0.0000625,
            "cnames": [],
            "responseHashes": [
                "a8c0fef538974800e21908b068ffd11241b8bbd690accc6fdfbb6363db4aa43d",
                "5615e215d044afd354856c8507f2a263d4278e02974cbaf5716a9e10e6eecbe0",
                "c04fa0da96a3331862a4315f6b2fe20c114edaa0049756cd6b2776d285e70da9",
                "9d603496762e3b4f8c8b4a17b98a4277fa184dca3de4d58021b27ce913975632",
                "dbb5e0aac2d265c576f91aa113669ef53bbeb15ec6a11aa5828d339f141fae64",
                "1653d7512c77398e25a2282daaeca430c5bfa2ea8467f887f0ebf1e17ae8af57",
                "89e9a030b99191466f7db63fe8c496f56d723f082586a2fcb96739c0f1597489"
            ],
            "type": "Script",
            "firstPartyCookies": {},
            "firstPartyCookiesSent": {},
            "exampleSites": [
                "ruggable.com",
                "seikousa.com",
                "us.organicbasics.com",
                "www.brumate.com",
                "www.mikasa.com",
                "www.peets.com",
                "www.pfaltzgraff.com",
                "www.pier1.com",
                "www.thefryecompany.com"
            ]
        }
    ],
    "categories": [],
    "performance": {},
    "cookies": 0,
    "types": {
        "Script": 9
    },
    "nameservers": [
        "ns-1664.awsdns-16.co.uk",
        "ns-455.awsdns-56.com",
        "ns-552.awsdns-05.net",
        "ns-1244.awsdns-27.org"
    ]
}