{
    "domain": "clickfuse.com",
    "owner": {},
    "source": [
        "DuckDuckGo-US"
    ],
    "prevalence": 0.000592,
    "sites": 78,
    "subdomains": [
        "srv"
    ],
    "cnames": [],
    "fingerprinting": 1,
    "resources": [
        {
            "rule": "clickfuse\\.com\\/showads\\/showad\\.js",
            "cookies": 0.0000152,
            "fingerprinting": 1,
            "subdomains": [
                "srv"
            ],
            "apis": {
                "Navigator.prototype.mimeTypes": 33,
                "Document.cookie getter": 28,
                "Navigator.prototype.userAgent": 33,
                "Date.prototype.getTime": 15,
                "Document.cookie setter": 2
            },
            "sites": 35,
            "prevalence": 0.000266,
            "cnames": [],
            "responseHashes": [
                "121ae026d1d567da7208c6a6be6d10149b0125f406be5dbde1c339fe94cc1c43"
            ]
        },
        {
            "rule": "clickfuse\\.com\\/showads\\/adunit\\.php",
            "cookies": 0.00038,
            "fingerprinting": 0,
            "subdomains": [
                "srv"
            ],
            "apis": {},
            "sites": 53,
            "prevalence": 0.000402,
            "cnames": [],
            "responseHashes": [
                "04d314433343894d2fdf7b558c2662a5fc902e9120bf878476ff3de1c0184f55",
                "123d1274838602f6de325a4d282297974b64cd05ca543c272d89f4bab1998e25",
                "5ac1f400063f472f91cf2eb10661ff1b52029a5f1aa656e2fce3593db97cadfb",
                "182d936b821f37ea0f540d15161270e9500c43eaac73be0a70cbc57e7396625f",
                "f9e72cfdfef3d7be5783af5921f9b00d70b0d0acd102c110dcfe64c780781587",
                "2b9f436dde94a6862a49dbc5a30ad7eddfda45efe1ec6ed6bc7fc072325cf182",
                "3c8ffb5249c6d7fef6183cb3baed0208fb94847c12cf3cd63756c4dd51bb5253",
                "aa17b4d008bb38c3b6acd3e30600e507761793443f4646707ae085b283266f19",
                "240589f63896ad80b6f32c698dbb07fecd95b75f99d8853c6541d36b6979f117",
                "1120bec0b62c47181241afa928f0ab78c98f486be5bd0159b7ce7c73882ca896",
                "1a9e0bf70fa8ca27598dc23a8d240f0358fa79e229c9bbcefa130f702afe8b9e",
                "76af7dd6121519f8804749cb16ba9867f97a93d21c854b317eb3b04a5d9bf6d5",
                "889f2ef755caa97c36e45cfcbc9f604b6fa575229e715d98c7404b0b1b5424e1",
                "477d4c14bf2388e95fc195df5a186f7790cd5896dc5fd53fb3a0e5f970819b5c",
                "216d10b2d6c98dd458661e8992c1793b8431947c8a1e27b2d4246dcdef00a2cb",
                "a11a3f33b1d71997423562fcae25f1b9e6a6cf0d34571378651907cb45114247",
                "d9723a73190a9edd3b833558f799617cc721cdc0150ef9ecd7d24d1e39707e3e",
                "aa24c1de4b22a8dc8b586d2b3bc045fc88291fa2a1485d7422140705e29f2961",
                "fd561eac53549f4ab62ca365e11b91288a45956c526a4c8706a06ca7aba356ad",
                "9fa45aafdb247d3fc62d98cc04558d02416e741789149eeec293c7839721280e",
                "35c8522eb29a653fc439af7c2952a9e7f70fbe0d64a81770a37ab404d61482bf",
                "104c6351e75ac836d0f24b47db63992f739711652c8826c0c0a8f9e91a0d4180",
                "0bb2b439af96e06b996d7dee1832d4dc46fcf00d835a5669540b2744cb66f442",
                "d9a2030eb3d31044cb107e57cda533806215b11c0d9e7142fe7c823e6ae9edcb",
                "2904f6510caaeb95c9c05e6a8bc704ef48ccdf33b62d6146ffd0b6524440b328",
                "ad0c1300987da1db3dd250d7b1b65754f03798e4dbc20dd1f643a3596a1ba236",
                "cce818a23ff1f847b442966698328d9ae65085e3bfc342e74a71cdbef3d43ae7",
                "c535ad523bc37cc3ab5d3ab213cf64e946dd454e85bf2d4ca8b197c197b8670a",
                "c2c5756b47ab36b671de4a802e38b7a90046d26addd7e2cc71bc9b87f7c5a39f",
                "a4263a1745f80730bd8afa3db23db044546b96cb24be1f0dadd996a00f91829a",
                "060d35b65fa7cf0f96b87b1f4120d7f4380e25830fc9093b187786017dc9d878",
                "53ef52e39f45babafbb890abe87fb6ac37ce4c1cb06a659191200a9071090ae3",
                "5178483d8b8c1fa8eb6a57ce4efeae91fbdda34abc277e2233346363aaa2827c",
                "cd732ce47b20d9c458fe55f5e6eaa57376746dfd8fdd7ed4a4fc5b7b59cf989a",
                "638361ff8d92b81b9b9393759e322174a2850434b23047282fef7bdce04a7ea6",
                "e806d18ec00ebe59307d5a02e4594142fcdac1b5eb0c977cf8ab3cc542405b3b",
                "52d478f08c3ca70d4ff312351dce8d77f2af1ac5c0c5d846bb82f4f610a935f2",
                "0bf27800be76994c07eba4101fbcece9075c25f3bf6c11fb1d8bffc5cf88f130",
                "a1b8ead1e2cbad9f474e53db78fb232102df364ab2ba5b5dfda77d2c0d097260"
            ]
        },
        {
            "rule": "clickfuse\\.com\\/showads\\/track\\/imp\\.php",
            "cookies": 0.0000531,
            "fingerprinting": 0,
            "subdomains": [
                "srv"
            ],
            "apis": {},
            "sites": 56,
            "prevalence": 0.000425,
            "cnames": [],
            "responseHashes": [
                "b2c78c910f5ea29e3a9d223dabc203c055c8708b1fe7d83788b490638126db4d"
            ]
        },
        {
            "rule": "clickfuse\\.com\\/showads\\/track\\/bb\\.php",
            "cookies": 0.00000759,
            "fingerprinting": 0,
            "subdomains": [
                "srv"
            ],
            "apis": {},
            "sites": 6,
            "prevalence": 0.0000456,
            "cnames": [],
            "responseHashes": [
                "b2c78c910f5ea29e3a9d223dabc203c055c8708b1fe7d83788b490638126db4d"
            ]
        },
        {
            "rule": "clickfuse\\.com\\/showads\\/js\\/cf\\.min\\.js",
            "cookies": 0,
            "fingerprinting": 1,
            "subdomains": [
                "srv"
            ],
            "apis": {
                "Date.prototype.getTime": 3,
                "Navigator.prototype.mimeTypes": 3,
                "Navigator.prototype.userAgent": 3,
                "Document.cookie getter": 1
            },
            "sites": 3,
            "prevalence": 0.0000228,
            "cnames": [],
            "responseHashes": [
                "121ae026d1d567da7208c6a6be6d10149b0125f406be5dbde1c339fe94cc1c43"
            ]
        },
        {
            "rule": "clickfuse\\.com\\/showads\\/showad\\.php",
            "cookies": 0,
            "fingerprinting": 1,
            "subdomains": [
                "srv"
            ],
            "apis": {
                "Date.prototype.getTime": 3,
                "Navigator.prototype.mimeTypes": 3,
                "Navigator.prototype.userAgent": 3,
                "Document.cookie getter": 1
            },
            "sites": 3,
            "prevalence": 0.0000228,
            "cnames": [],
            "responseHashes": [
                "121ae026d1d567da7208c6a6be6d10149b0125f406be5dbde1c339fe94cc1c43"
            ]
        }
    ],
    "categories": [],
    "performance": {
        "time": 0,
        "size": 0,
        "cpu": 0,
        "cache": 3
    },
    "cookies": 0.000493,
    "types": {
        "Script": 94,
        "Image": 62
    }
}