{
    "domain": "clivads.com",
    "owner": {},
    "source": [
        "DuckDuckGo-US"
    ],
    "prevalence": 0.000167,
    "sites": 22,
    "subdomains": [
        "los"
    ],
    "cnames": [],
    "fingerprinting": 0,
    "resources": [
        {
            "rule": "clivads\\.com\\/resource",
            "cookies": 0.0000228,
            "fingerprinting": 0,
            "subdomains": [
                "los"
            ],
            "apis": {},
            "sites": 11,
            "prevalence": 0.0000835,
            "cnames": [],
            "responseHashes": [
                "f683886201e4c80d9463f9e8ef676bcdd6e0a87e6b0d3eb1ef86e7983495db37",
                "a15da60cfb52a38b7d8683442a00ace37434d8efd635399738fae4f5439b0011",
                "90c8d41f60ac1c8754aab9a0ae8ed6c0d8bf6dc760b3dfcdcce84a6bd8c973fc",
                "6b4351cc30dead5ffcdc409c27a535257e6968be03611d50ddcb1d357383dbad",
                "0f6040b1e2ec2cf3737eb777fa60f059bb32753dfcf43e04528f0dddaced8b6a",
                "63b001b6c7fbcd4d1ca033637add15558cb8a3fc8ba6b1080bda52eac469b15a",
                "6720a2e95d9623a5434e7118df59391dbcfb4f58608968c97b0ae316a935e7bd",
                "4c3a73ef1045131d2c3a48659e7c3a0e2664412d08b235cf2da5f69cbdb0764f",
                "3070008242b79380b58130a467cda89b37fec526f5aafd74fd6e1970c1071ff7",
                "1f46e67c715635a12f134edc66341afe425793cbcc852264ab5fc479c3848291"
            ]
        }
    ],
    "categories": [],
    "performance": {},
    "cookies": 0.0000759,
    "types": {
        "Document": 11
    }
}