{
    "domain": "cnzz.com",
    "owner": {
        "name": "Alibaba Group",
        "displayName": "Alibaba"
    },
    "source": [
        "DuckDuckGo-US"
    ],
    "prevalence": 0.000722,
    "sites": 95,
    "subdomains": [
        "s95",
        "s9",
        "v1",
        "s4",
        "s22",
        "s5",
        "s13",
        "s96",
        "s19",
        "s23",
        "s11",
        "pcookie",
        "s6",
        "s10",
        "s28",
        "s73",
        "w"
    ],
    "cnames": [],
    "fingerprinting": 2,
    "resources": [
        {
            "rule": "cnzz\\.com\\/z_stat\\.php",
            "cookies": 0.0000456,
            "fingerprinting": 2,
            "subdomains": [
                "s95",
                "s9",
                "v1",
                "s4",
                "s22",
                "s5",
                "s13",
                "s96",
                "s19",
                "s23",
                "s11"
            ],
            "apis": {
                "Navigator.prototype.cookieEnabled": 22,
                "Screen.prototype.height": 22,
                "Screen.prototype.width": 22,
                "Navigator.prototype.userAgent": 22,
                "Date.prototype.getTime": 22,
                "Navigator.prototype.language": 22,
                "Document.cookie getter": 6,
                "Document.cookie setter": 6
            },
            "sites": 24,
            "prevalence": 0.000182,
            "cnames": [],
            "responseHashes": [
                "6df3b0fa5917ecb3d6738471b0c0de5028df4c47cef667bfc1c0abcc4f64e315",
                "e3b0c44298fc1c149afbf4c8996fb92427ae41e4649b934ca495991b7852b855",
                "30b2ae76f543985725e752f81147b452453d21e5bc877526e66fddd0c520a4eb",
                "7aa77163c99d766ff029cbca75bfd9d08097393815d74e506ad4f2fea9f6335a",
                "29e312ab16ee4cec81f1f002d748b5727e4fbdda12836fa63899fe51f7ad9ee5",
                "290162714567bdc3d67df204398f80deae3a7e5eed8911e0a981d5a13b8163a4",
                "5d85965ab1538c7c8aef0e2b0912e5bbcabaabc738a7d4bb68b84669cdcc750d",
                "e3b6ef5ed0868d168b71704a80985b59e49d752c4d9b041477b987dd2961b330",
                "876d5c8e999a9c7a3114d617a17ff8ada32375cb3433af5b67f1f7977735c62e",
                "a268112d029c30a83dd75fdfc06ed5ed03d194023b1b3cf1c7264752ab5c3abf",
                "fe91efb2640c982bb501e6be0eba73cf994f9874fd944ac8fc20512380f9c7ee",
                "d15b1bfe2d192d8cb0167e3851b7d4d2dcdd6139168a252ab6d1f0761801579d",
                "63f70bf938fb828d92689f5285b1456572575a9adb6eb6bdaa72a091a3b8feb1",
                "9a6b7cdd0fe80602413f54d0705ce837c1b149251b8c41a9c636156952b84394",
                "3c0dd13f100c6042073c73d542c21c02b16a4330f74c9cf8e4195e55a32f0f0a",
                "5a5a8b39c4a0f68498d27105cc926c4437e10a7d8161f08a100a262c203e3940",
                "a304e7b1041accd4a048f0ee39358a5d1094d3df8d57c7952eeb478ee82951c3",
                "ae8db2910a50876726b94b55ab859ce952dc2b77782526848ed3fd17d885cbd3",
                "e666fbb0fa41c7ff4d59ba7fe5e9ad067eb34b35ec286e4ef96c8b44e055c960",
                "9b34fb9c06210cf7cadec45c472c14beb6b096d87961c2d384241c3c18a71eba",
                "f3e9213cd2f0946593b5f681e81f082d0d5b9dc67eec862b3dc01c6e521a81dd",
                "d9d66f9f1564567af62e6289cf4ed301fca00e1ff8a561b2ad26d16b4ff90387"
            ],
            "type": "Script",
            "exampleSites": [
                "pcappsfull.com",
                "xnxxfreeporn.xyz",
                "www.linkmoon5.me",
                "fiio.com",
                "85cc.net",
                "www.deepin.org",
                "www.qzsp39.com",
                "www.yealink.com",
                "www.wuxiaworld.co",
                "www.webcomicsapp.com",
                "track.4px.com",
                "www.geeetech.com",
                "www.andyemulator.com",
                "www.miindo7.me",
                "finance.sina.com.cn",
                "www.redsun7.me",
                "hdsex18.xxx",
                "www.livescore18.com",
                "sci-hub.scihubtw.tw",
                "888173.com"
            ]
        },
        {
            "rule": "cnzz\\.com\\/app\\.gif",
            "cookies": 0.000122,
            "fingerprinting": 0,
            "subdomains": [
                "pcookie"
            ],
            "apis": {},
            "sites": 16,
            "prevalence": 0.000122,
            "cnames": [],
            "responseHashes": [
                "cf4724b2f736ed1a0ae6bc28f1ead963d9cd2c1fd87b6ef32e7799fc1c5c8bda"
            ],
            "type": "Image",
            "exampleSites": [
                "acnow.net",
                "exceptionshub.com",
                "fanfox.net",
                "fr.wingwit.com",
                "it.wingwit.com",
                "m.fanfox.net",
                "m.mangahere.cc",
                "ordenador.wingwit.com",
                "pcappsfull.com",
                "www.3u.com",
                "www.andyemulator.com",
                "www.chinadaily.com.cn",
                "www.jjwxc.net",
                "www.mangahome.com",
                "www.mangatown.com",
                "www.mangahere.cc"
            ]
        },
        {
            "rule": "cnzz\\.com\\/stat\\.php",
            "cookies": 0.0000608,
            "fingerprinting": 2,
            "subdomains": [
                "s13",
                "s6",
                "s9",
                "v1",
                "s10",
                "s23",
                "s4",
                "s95",
                "s28",
                "s73",
                "s11"
            ],
            "apis": {
                "Navigator.prototype.cookieEnabled": 17,
                "Document.cookie getter": 8,
                "Screen.prototype.height": 17,
                "Screen.prototype.width": 17,
                "Navigator.prototype.userAgent": 17,
                "Date.prototype.getTime": 17,
                "Document.cookie setter": 8,
                "Navigator.prototype.language": 17
            },
            "sites": 17,
            "prevalence": 0.000129,
            "cnames": [],
            "responseHashes": [
                "3c6ad4a86fd1d772096b6f2cde6b46bb5ad3a00c914a7b226e017ad9a218ecae",
                "40e0a6aa5f9e17017c636b391c45d3081b8b97cb3c4220877621f77803231cf7",
                "395cfa8bd70fb563f1707a100b3cae8cd56689dd52bbdfd6e9e9074153e3069e",
                "491721036493f8a30e337360cf10b6d88a8be4aaa8c68a2213f8017b7bda6855",
                "b3be2808fce0d486e2d8b6bd6bcf9bdebe6d2af9c20d5185219a7424ffe0f591",
                "519b41ff55ec110d44284c30bdc4ea2a5f4fb2d154f754de68048918512cb0b5",
                "1c49665d471042fe5d74c0d918d70b71d766cc1843c0b3e97dd67a241cc31600",
                "0b7582a3ce1a805ea7275a5d5d5aa5380afed1dff1f2003aca47155d6f8e2b12",
                "8848882bffb786a3b38dd22f780a9a0e79da2bad59495c92703de1e61b989937",
                "fcb4826b19eb6fc0995f99549b64b5d1285ad1502e690ddb4d0a2005b7dd50b7",
                "ae2ff2158734be741a7024446aad1899e448e1c9ba0de2ae16a8a587f7643ba1",
                "857a6a64360e396e6bad598124d78c9b33a1157446569dd048d4ab4116932085",
                "688187dc8e72aec0349bf13497dc8a027380f5c22e3b7328bc40ff42acd757ce",
                "594297f8ee6fc0730c0c0f232c14637b6afac8fa277c96dd1f7d1294e74d84b0",
                "87fb849396b9cf421e1964c7e91ccbcdbd22a8a5e560d8914ecec64308fc8533"
            ],
            "type": "Script",