{
    "domain": "confirmit.com",
    "owner": {},
    "source": [
        "DuckDuckGo-US"
    ],
    "prevalence": 0.000349,
    "sites": 46,
    "subdomains": [
        "digitalfeedback.euro",
        "digitalfeedback.us"
    ],
    "cnames": [],
    "fingerprinting": 1,
    "resources": [
        {
            "rule": "confirmit\\.com\\/api\\/digitalfeedback\\/loader",
            "cookies": 0,
            "fingerprinting": 1,
            "subdomains": [
                "digitalfeedback.euro",
                "digitalfeedback.us"
            ],
            "apis": {
                "Navigator.prototype.userAgent": 24
            },
            "sites": 25,
            "prevalence": 0.00019,
            "cnames": [],
            "responseHashes": [
                "12431f6680a5a18d9f80d1d3b0af8ace445eab30034b1ade5d3152978e038219",
                "2657c3cc75ed77868489a483386037510c6337cea0228dcbddf5ff36df6a2930",
                "2cb296fcb26e1c50e09386a1a14b95a4629050eac16f1dc18bd7d6d5bbf64cb1",
                "d205899f25e84cb8caaa97e510f18158be962ec848e7ceadb2a6fded0c23b0e1",
                "4abd22ea2200f1feb61d347b3db8d4e95e6b59de37338338537380047b1d5213",
                "7f7612bfc7802aac96bd1d71961e5dc7ccfe3d38c08ec43db604272c7b1cbab1",
                "3bb274341f8b5ce60a68ed3b0e681b7ef66a1e2799a8dbd9a5554da025e77836",
                "79764b0c7e12b693d7f42a47f85ef43e3710456262ead9f35bf154d5b036627e",
                "b6e45789741c42eb0e68eaa554e5fc78b5832193d9caf0b48e7ddfe9181b27d2",
                "f72c8c50db63232c4db8e1c86a24817989824343e04241fb9791dceeba30d575",
                "5784d1233b6d6d867e5a23311e815820ad0d929a0437532530a8320164925fef",
                "9e4b634aa41a907b9e6bb048fe49867cfd0272b45ae453d54bb3c62b09b50365",
                "f45ef92f6f3a078c2f28b7efe6163273ea4ff9345ebc959c124e662e0fa738d9",
                "6bf8ec4ab145aff0bb4cc6f7226825f1780537e99a825fe7d797648b606daaae",
                "d6679d4e7f7e21c940ef4679d26d8ac67f5080abff6cfd53d146b94a6cad5a50",
                "47c4787572dcbc664e4fb7ca1cec5e9ef773b6bd4da2a8c1b8e543bb904592bd",
                "6cf496735e42e16d342ab50b51f54cf50e38aeee2cae61640a030d776a3edfd7",
                "8a792198dffcf4cb4d6f1fdc234f8b86b9d41c9ba05f1cb31920f9ecad68ca57",
                "b8e865d1562037eec96cc4656a47b71dad1744e76d0462d32961fe0bbc2e24d8"
            ],
            "type": "Script",
            "exampleSites": [
                "www.bricodepot.fr",
                "www.tivo.com",
                "support.motorola.com",
                "www.dietdoctor.com",
                "www.cromwell.co.uk",
                "www.manulife.ca",
                "community.swisscom.ch",
                "www.postnord.dk",
                "forums.lenovo.com",
                "www.lenovo.com",
                "www.conrad.se",
                "www.svenskafans.com",
                "trinesmatblogg.no",
                "www.accaglobal.com",
                "infpl.fpl.com",
                "pcsupport.lenovo.com",
                "support.lenovo.com",
                "support.quest.com",
                "www.internetmedicin.se",
                "swisscom.ch"
            ]
        },
        {
            "rule": "confirmit\\.com\\/api\\/digitalfeedback\\/static\\/v26\\/intercept-survey\\.js",
            "cookies": 0,
            "fingerprinting": 1,
            "subdomains": [
                "digitalfeedback.euro"
            ],
            "apis": {
                "Navigator.prototype.product": 8,
                "Navigator.prototype.userAgent": 8
            },
            "sites": 8,
            "prevalence": 0.0000608,
            "cnames": [],
            "responseHashes": [
                "3a3333a78ed25c00dfff3658104c11767604bc881b2cd12fa26ee29a94984c06"
            ],
            "type": "Script",
            "exampleSites": [
                "swisscom.ch",
                "community.swisscom.ch",
                "samvirke.dk",
                "www.dst.dk",
                "www.internetmedicin.se",
                "www.puuilo.fi",
                "www.rusta.com",
                "www.swisscom.ch"
            ]
        },
        {
            "rule": "confirmit\\.com\\/api\\/digitalfeedback\\/loader\\/prod\\/scenario",
            "cookies": 0.0000076,
            "fingerprinting": 1,
            "subdomains": [
                "digitalfeedback.euro",
                "digitalfeedback.us"
            ],
            "apis": {
                "Document.cookie getter": 6,
                "window.sessionStorage": 5,
                "Date.prototype.getTime": 5,
                "window.localStorage": 9,
                "Navigator.prototype.userAgent": 7,
                "Document.cookie setter": 1
            },
            "sites": 27,
            "prevalence": 0.000205,
            "cnames": [],
            "responseHashes": [
                "b5cdfce3f0a89259d60841819f4c5c3f46dd5bfaeeb6f669292664df3280b1a3",
                "0b6192f6f38e013113af08b34640533553430e1d0f4e5c855ff1e5c9c3125734",
                "05b3835a7ecc20e542b4f5ce4e4d7382ae11de54f788fcd88d96da7b40e0299c",
                "368bf8205fe7f3e9cf66392d45a163d16fa672faf31f0432c7e384b52a079283",
                "792c711888d6215e37ddde8d16da479ee222117f3944fd21426394df9306acdb",
                "0697f2e7b7730684277b176ecc56f6515198e4837414ad9d1a1f03df05cb9177",
                "5316e9625e64f8206c451ceb7a610671c6b1549d4fbbd8d9ce1e283b5577c79a",
                "d641aa01969ddb4ebee22e17adbff9468c92bd5510135aaf01bff7a7873c5a15",
                "7a51d8928e666439b145528ff35db5f5772777e277dd19bf023f44c6a7cd6b3f",
                "70f1cd0173e093cf372dd6338f5773d24fedd9c95c6e6fe09acdc87b508dfaf4",
                "ada68a9534dd3c57c6219315ba5e1de8cd338f61b2216591d363413b288b562e",
                "8628a73048ee7bb3b965cf56f8167c9e0bedb7742329e26217ee26ce00d13e37",
                "45a77775782921c6d15a4942565d4693711db81d9d797dd2b8bdd64d85050781",
                "cd505c132dbc844fe96f53bf44a523b0bd3082f1fae460417b0fcd798cc1d089",
                "2d9f7c459e50a4af3b55a91deb50087cede685a13c5f4b815d5cfed3fed2a0ac",
                "24817c92bed636c12dd01f098517074b872c08657c6cc6f327a5519efc4c0184",
                "91c04c8970570c3179ec28548f5f0c8c016b340899fdf32a012d55691b9a0b80",
                "bf43e60a77354a1e175e934e310fe774012d97daab68decafb44ee421342cce6",
                "7afb7e3a4d65d3e8eacbbb6c06a70437e03ae43e34e560655a3a87b5aaeb11d5",
                "d40d5e0ed6d5f025b182f4cbedd18f3158c76cf9931ca02fe77980e1bc7bac00",
                "357433558aed11d6dae6013bfc36ecd55b03f3c82a25cf90f2483008b22386cf",
                "f8e6e031ff38b6329e3e0474dcd4ce2a0e672c92f48ec995586700f3792cee95"
            ],
            "type": "Script",
            "exampleSites": [
                "www.lenovo.com",
                "www.smhi.se",
                "community.swisscom.ch",
                "www.swisscom.ch",
                "pcsupport.lenovo.com",
                "www.postnord.dk",
                "infpl.fpl.com",
                "forums.lenovo.com",
                "support.motorola.com",
                "www.puuilo.fi",
                "www.internetmedicin.se",
                "www.dietdoctor.com",
                "www.tivo.com",
                "support.lenovo.com",
                "www.rusta.com",
                "www.cromwell.co.uk",
                "samvirke.dk",
                "www.manulife.ca",
                "www.mykidstime.com",
                "www.bricodepot.fr"
            ]
        },
        {
            "rule": "confirmit\\.com\\/api\\/digitalfeedback\\/static\\/v25\\/intercept-survey\\.js",
            "cookies": 0,
            "fingerprinting": 1,
            "subdomains": [
                "digitalfeedback.us",
                "digitalfeedback.euro"
            ],
            "apis": {
                "Navigator.prototype.product": 18,
                "Navigator.prototype.userAgent": 18
            },
            "sites": 18,