{
    "domain": "connecto.io",
    "owner": {
        "name": "ThoughtFabrics Solutions Pvt. Ltd.",
        "displayName": "ThoughtFabrics Solutions"
    },
    "source": [
        "DuckDuckGo-US"
    ],
    "prevalence": 0.000137,
    "sites": 18,
    "subdomains": [
        "server",
        "cdn",
        "api"
    ],
    "cnames": [],
    "fingerprinting": 1,
    "resources": [
        {
            "rule": "connecto\\.io\\/javascripts\\/connect\\.prod\\.min\\.js",
            "cookies": 0.0000304,
            "fingerprinting": 1,
            "subdomains": [
                "server",
                "cdn"
            ],
            "apis": {
                "window.localStorage": 5,
                "Date.prototype.getTime": 5,
                "Document.cookie setter": 4,
                "Document.cookie getter": 1
            },
            "sites": 6,
            "prevalence": 0.0000456,
            "cnames": [],
            "responseHashes": [
                "6414fbfb793edcb138b2085ef85681729479b38a38289321f3b394627c5e5a21"
            ]
        },
        {
            "rule": "connecto\\.io\\/",
            "cookies": 0.0000683,
            "fingerprinting": 0,
            "subdomains": [
                "server"
            ],
            "apis": {},
            "sites": 9,
            "prevalence": 0.0000683,
            "cnames": [],
            "responseHashes": [
                "40cdc027bd4a3d256d5c27d2f7a34f8e4822c22e675763beb7121eeec48a6163",
                "6da0be9e17614ee33ec85feb0c6fca524a7a4f69494c0b6c46f9aa07c16a2658",
                "5eecd5f22a0c23e7de6a6b4435aa8ee9416401a6caa900b1a31cb370e0ed9a1e",
                "dabdd6f100253541faf871871eadd931b8e516e3f76a20481d4cbe3375c41c64",
                "e9da1db4f10d70f2a1ed919aa39236bd50f3eae9c39bcd228c6b85a541dd7476",
                "e0b4c02c17a700e0bb7d85419d8eeb2f37c57dd3f30fbc8abf7aefa53e81ec2f"
            ]
        },
        {
            "rule": "connecto\\.io\\/page",
            "cookies": 0.000038,
            "fingerprinting": 0,
            "subdomains": [
                "api"
            ],
            "apis": {},
            "sites": 5,
            "prevalence": 0.000038,
            "cnames": [],
            "responseHashes": [
                "111f983da71c087ad4df6a841d8dd8fa0940866e23b8e10c34892d8d9bc6ec45",
                "07b4492620228d323d5017c034d465a6372c2c69e209a1f77060967f64a3849c",
                "1bf0ec617b6d2544c7260c1b4f8e16ff9eafa9754f57db681a4ad721602e81e1",
                "238582a1639c779859e5c12c680db3591b6f2aabd11d2cbca9ce736b6d8638fd"
            ]
        },
        {
            "rule": "connecto\\.io\\/identify",
            "cookies": 0.0000304,
            "fingerprinting": 0,
            "subdomains": [
                "api"
            ],
            "apis": {},
            "sites": 4,
            "prevalence": 0.0000304,
            "cnames": [],
            "responseHashes": [
                "d45115bf248b8d4b58aa07c8194d9553a03583f5a2097275715c48cd83ed5025",
                "07b4492620228d323d5017c034d465a6372c2c69e209a1f77060967f64a3849c",
                "238582a1639c779859e5c12c680db3591b6f2aabd11d2cbca9ce736b6d8638fd"
            ]
        },
        {
            "rule": "connecto\\.io\\/track",
            "cookies": 0.0000228,
            "fingerprinting": 0,
            "subdomains": [
                "api"
            ],
            "apis": {},
            "sites": 3,
            "prevalence": 0.0000228,
            "cnames": [],
            "responseHashes": [
                "3b3bbeab454b3121be793ab68b4bf36e24870fe9ead27816e41a7dec66eade4c",
                "238582a1639c779859e5c12c680db3591b6f2aabd11d2cbca9ce736b6d8638fd"
            ]
        }
    ],
    "categories": [],
    "performance": {
        "time": 0,
        "size": 0,
        "cpu": 0,
        "cache": 0
    },
    "cookies": 0.000129,
    "types": {
        "Script": 6,
        "XHR": 21
    }
}