{
    "domain": "contobox.com",
    "owner": {},
    "source": [
        "DuckDuckGo-US"
    ],
    "prevalence": 0.000106,
    "sites": 14,
    "subdomains": [
        "am",
        "cbmedia3"
    ],
    "cnames": [],
    "fingerprinting": 1,
    "resources": [
        {
            "rule": "contobox\\.com\\/v3\\/frontend\\/creatives\\/getcode\\.js",
            "cookies": 0.0000835,
            "fingerprinting": 1,
            "subdomains": [
                "am"
            ],
            "apis": {
                "Document.cookie getter": 5
            },
            "sites": 11,
            "prevalence": 0.0000835,
            "cnames": [],
            "responseHashes": [
                "e9e8dff47295adca119eb545b0af66213f7e1813054e017a70126d339dbf7027",
                "736da08c6eb4be5e403d54801c38140fae71216493e47159a1e69a867217d80f",
                "c3441ca013d06d4f67d3fdd803de515b1d4ace8a71dbb66d1674e75216b1a9f6",
                "775fd5d22c640f802b2b22b172fcf94d8fe96fa1016d24f89d260e0b4ad8c333",
                "8ff5ef545fc43556193bbc90a1563871150b821376dc9707a572c8fd37eecec1",
                "903a7de2913400dcd0ace150ac89ded818b40d77564ce0ca4262a4dfc69b5988",
                "b1eb464f1242183416fdc6046344683c55b9800560fbedbe47a17a5aa76e5329",
                "83fb3ea13a1441ee46790b2aec519e7a0eea990f8488ccfab4017db852f00f48",
                "d1daca546d528342a12f721dcc5587ab1eee9f57c2991219ad8059055a183f20"
            ],
            "type": "Script",
            "exampleSites": [
                "audiokarma.org",
                "birdfeederhub.com",
                "www.koreanbapsang.com",
                "www.laurengreutman.com",
                "www.lazycatkitchen.com",
                "www.lowes.ca",
                "www.renodepot.com",
                "www.rona.ca",
                "www.sallybeauty.com",
                "www.smartpakequine.com",
                "www.toyota.ca"
            ]
        },
        {
            "rule": "contobox\\.com\\/cbox_banners\\/neutrogena_healthy_scalp_q4_2020\\/160x600\\/index\\.html",
            "cookies": 0,
            "fingerprinting": 1,
            "subdomains": [
                "cbmedia3"
            ],
            "apis": {
                "CSSStyleDeclaration.setProperty(\"fontFamily\",…)": 2
            },
            "sites": 2,
            "prevalence": 0.0000152,
            "cnames": [],
            "responseHashes": [
                "6e6180b43a65eccfee6446ef5636217f23e78d74c9101e60d8e91e9ceb08d509"
            ],
            "type": "Document",
            "exampleSites": [
                "audiokarma.org",
                "www.koreanbapsang.com"
            ]
        },
        {
            "rule": "contobox\\.com\\/v3\\/frontend\\/creatives\\/viewload\\.js",
            "cookies": 0.000038,
            "fingerprinting": 0,
            "subdomains": [
                "am"
            ],
            "apis": {},
            "sites": 5,
            "prevalence": 0.000038,
            "cnames": [],
            "responseHashes": [
                "0db0d99e9daf4573ded51346285232fb51d33ecf2ab714af12b88cccf3706487",
                "443a5be98d0d220d86322ba537de2b6190aa3a0d23c3fd009e63dc649f632410",
                "6e270dc5b5f2a3d5fb5a3efa14ff34d5ab24048a40a6e7af35979c642c07ecf6",
                "c0b0c90227f76208f25a456e9792ee31431a13907fc1d96cb2068e4f368d7b08"
            ],
            "type": "Script",
            "exampleSites": [
                "audiokarma.org",
                "birdfeederhub.com",
                "www.koreanbapsang.com",
                "www.lazycatkitchen.com",
                "www.toyota.ca"
            ]
        },
        {
            "rule": "contobox\\.com\\/cbox_banners\\/neutrogena_healthy_scalp_q4_2020\\/728x90\\/index\\.html",
            "cookies": 0,
            "fingerprinting": 1,
            "subdomains": [
                "cbmedia3"
            ],
            "apis": {
                "Navigator.prototype.userAgent": 1,
                "Navigator.prototype.platform": 1,
                "CSSStyleDeclaration.setProperty(\"fontFamily\",…)": 1
            },
            "sites": 2,
            "prevalence": 0.0000152,
            "cnames": [],
            "responseHashes": [
                "8e500650c85e68485507259ab56450ac7e7176b7201f273459a6ea95aafb988b"
            ],
            "type": "Document",
            "exampleSites": [
                "birdfeederhub.com",
                "www.lazycatkitchen.com"
            ]
        },
        {
            "rule": "contobox\\.com\\/v3\\/wsgetcode\\.js",
            "cookies": 0.000038,
            "fingerprinting": 1,
            "subdomains": [
                "am"
            ],
            "apis": {
                "Navigator.prototype.userAgent": 5,
                "Date.prototype.getTime": 4
            },
            "sites": 5,
            "prevalence": 0.000038,
            "cnames": [],
            "responseHashes": [
                "b421e7e6b32e83fe93dc4f099600672136c14314cfd6a06c151d6497bb9cec5d",
                "22ecc531a90b8a1587abe149c344b301b24a3b7a8cde8fecfc9ae067d5fd559d",
                "025bd6699ce66d6539cc0cff98c5cf978ce6e386a58ffaa18b09bfce077183a4",
                "f926ba3f7c10cc7386f5a3bc7c5560f7cd3eab16998d20d87cfeb6aec350e847"
            ],
            "type": "Script",
            "exampleSites": [
                "lowes.ca",
                "www.lowes.ca",
                "www.renodepot.com",
                "www.rona.ca",
                "www.smartpakequine.com"
            ]
        }
    ],
    "categories": [],
    "performance": {
        "time": 0,
        "size": 0,
        "cpu": 0,
        "cache": 0
    },
    "cookies": 0.000106,
    "types": {
        "Script": 21,
        "Document": 4
    }
}