{
    "domain": "contentsfeed.com",
    "owner": {},
    "source": [
        "DuckDuckGo-US"
    ],
    "prevalence": 0.000175,
    "sites": 23,
    "subdomains": [
        "linkback",
        "gold",
        "white",
        "inven",
        "danawa"
    ],
    "cnames": [
        {
            "original": "ad.danawa.com",
            "resolved": "danawa.contentsfeed.com"
        },
        {
            "original": "zicf.inven.co.kr",
            "resolved": "inven.contentsfeed.com"
        }
    ],
    "fingerprinting": 2,
    "resources": [
        {
            "rule": "contentsfeed\\.com\\/src\\/lb4camphack\\.min\\.js",
            "cookies": 0.0000152,
            "fingerprinting": 1,
            "subdomains": [
                "linkback"
            ],
            "apis": {
                "Date.prototype.getTime": 2,
                "window.localStorage": 2,
                "Document.cookie getter": 2,
                "Navigator.prototype.platform": 2,
                "Navigator.prototype.userAgent": 2,
                "Document.cookie setter": 2
            },
            "sites": 2,
            "prevalence": 0.0000152,
            "cnames": [],
            "responseHashes": [
                "2a8344f086e5cbc5d0358bfd30f51c2b0330d2ca5c4a9585ad9a1cdb8c4b5a10"
            ],
            "type": "Script",
            "exampleSites": [
                "nap-camp.com",
                "camphack.nap-camp.com"
            ]
        },
        {
            "rule": "contentsfeed\\.com\\/lb\\/getuid",
            "cookies": 0.0000837,
            "fingerprinting": 0,
            "subdomains": [
                "gold"
            ],
            "apis": {},
            "sites": 11,
            "prevalence": 0.0000837,
            "cnames": [],
            "responseHashes": [
                "d4ab71b3ff6f860d814fc41436303d7e54b8dadb7e2d38a316d7ef68222353b0",
                "6cb156b24acda0682528777cacc5689150502b99eaa8e63d51a0c308dc6b41f3",
                "351fab03ad84789ac04848c9538bfa678c1e05423de6bb97fdc31603df598792",
                "4b38292264e60f9eba8c87afbf1d7420a8fdc6ade52985496411db048156e74f",
                "40b8dd61b4b21649c9801ff04f7f7dd0d5852a6eff443877d00b3a02b5c04d31",
                "9c9b9939edbfc9c583ce1a64db50efc568da044efa0013508011f593cb3bdd3f",
                "4905dc1fe32826677c7e87f571f8cd74c53fd074d7ae7201f53c81b35175313a",
                "42c49bafed5537542aa348a6cde331554c36c84db8b2bf8b6191e1c4581477d2",
                "f788321066d2ec3d32487953cd09d913d47e0fd2d9bef0dd86d7b7b69ed7d2a0",
                "f9a9fee094209c0faeac4824e14be3590b75639865c46c866fe4a18508c5f790"
            ],
            "type": "XHR",
            "exampleSites": [
                "nap-camp.com",
                "camphack.nap-camp.com",
                "gakumado.mynavi.jp",
                "hinata.me",
                "m.inven.co.kr",
                "mainichi.jp",
                "mlbpark.donga.com",
                "woman.mynavi.jp",
                "woman.excite.co.jp",
                "www.asahi.com",
                "www.asagei.com"
            ]
        },
        {
            "rule": "contentsfeed\\.com\\/lb\\/syncuid",
            "cookies": 0.0000609,
            "fingerprinting": 0,
            "subdomains": [
                "gold"
            ],
            "apis": {},
            "sites": 10,
            "prevalence": 0.0000761,
            "cnames": [],
            "responseHashes": [
                "e3b0c44298fc1c149afbf4c8996fb92427ae41e4649b934ca495991b7852b855"
            ],
            "type": "Image",
            "exampleSites": [
                "nap-camp.com",
                "camphack.nap-camp.com",
                "gakumado.mynavi.jp",
                "hinata.me",
                "mainichi.jp",
                "mlbpark.donga.com",
                "woman.mynavi.jp",
                "woman.excite.co.jp",
                "www.asahi.com",
                "www.asagei.com"
            ]
        },
        {
            "rule": "contentsfeed\\.com\\/lb\\/syncuid",
            "cookies": 0.0000304,
            "fingerprinting": 0,
            "subdomains": [
                "gold"
            ],
            "apis": {},
            "sites": 10,
            "prevalence": 0.0000761,
            "cnames": [],
            "responseHashes": [
                "d4ab71b3ff6f860d814fc41436303d7e54b8dadb7e2d38a316d7ef68222353b0",
                "e360c69f5f1947243c80832f4e0b365e47d9731134968bd2e98e59608e786801",
                "351fab03ad84789ac04848c9538bfa678c1e05423de6bb97fdc31603df598792",
                "bebd4b0f77d0057ef9bda6e7b8eb790389990c4a2cd81f8233bc896db2902fb6",
                "9c9b9939edbfc9c583ce1a64db50efc568da044efa0013508011f593cb3bdd3f",
                "b43db35b77d6d950d44482d1bc1236f1d4e9c628e2a5fb5c593498336ce844cd",
                "c0176eeaab6be6d53285430e863aa9256cdbbfc3cb0b2a360bfa5a0396834bbd",
                "d9ec67e64e93f8002c946845edf46962025ace9dd35eeeca6b4107c25b5c0b93",
                "7f669e0f4d00a8fbecbf45d9a4bcb7aafc444224a8e8afeba25b41a6d67233b6"
            ],
            "type": "XHR",
            "exampleSites": [
                "nap-camp.com",
                "camphack.nap-camp.com",
                "gakumado.mynavi.jp",
                "hinata.me",
                "mainichi.jp",
                "mlbpark.donga.com",
                "woman.mynavi.jp",
                "woman.excite.co.jp",
                "www.asahi.com",
                "www.asagei.com"
            ]
        },
        {
            "rule": "contentsfeed\\.com\\/lb\\/sd\\/nw",
            "cookies": 0.0000304,
            "fingerprinting": 0,
            "subdomains": [
                "gold"
            ],
            "apis": {},
            "sites": 10,
            "prevalence": 0.0000761,
            "cnames": [],
            "responseHashes": [
                "e3b0c44298fc1c149afbf4c8996fb92427ae41e4649b934ca495991b7852b855"
            ],
            "type": "Image",
            "exampleSites": [
                "nap-camp.com",
                "camphack.nap-camp.com",
                "gakumado.mynavi.jp",
                "hinata.me",
                "mainichi.jp",
                "mlbpark.donga.com",
                "woman.mynavi.jp",
                "woman.excite.co.jp",
                "www.asahi.com",
                "www.asagei.com"
            ]
        },
        {
            "rule": "contentsfeed\\.com\\/src\\/lb4iv\\.min\\.js",
            "cookies": 0.00000761,
            "fingerprinting": 1,
            "subdomains": [
                "linkback"
            ],
            "apis": {
                "Date.prototype.getTime": 1,
                "window.localStorage": 1,
                "Document.cookie getter": 1,
                "Navigator.prototype.userAgent": 1,
                "Document.cookie setter": 1
            },
            "sites": 2,
            "prevalence": 0.0000152,
            "cnames": [],
            "responseHashes": [],
            "type": "Script",
            "exampleSites": [
                "inven.co.kr",
                "www.inven.co.kr"
            ]
        },
        {
            "rule": "contentsfeed\\.com\\/RealMedia\\/ads\\/Creatives\\/A1Media\\/A1_google_gateway\\/hidden\\.html",
            "cookies": 0.0000152,
            "fingerprinting": 1,
            "subdomains": [
                "white"
            ],
            "apis": {
                "window.localStorage": 2
            },
            "sites": 2,
            "prevalence": 0.0000152,
            "cnames": [],
            "responseHashes": [
                "fd50e8a315c4a3c307396b9b1c493fd273da3a747571ea9b938da333f001b327"
            ],
            "type": "Document",
            "exampleSites": [
                "inven.co.kr",
                "m.inven.co.kr"
            ]
        },
        {
            "rule": "contentsfeed\\.com\\/RealMedia\\/ads\\/adstream_sx\\.ads\\/minven\\/webzine@Bottom",