{
    "domain": "czilladx.com",
    "owner": {},
    "source": [
        "DuckDuckGo-US"
    ],
    "prevalence": 0.000769,
    "sites": 111,
    "subdomains": [
        "request-global",
        "request"
    ],
    "cnames": [],
    "fingerprinting": 0,
    "resources": [
        {
            "rule": "czilladx\\.com\\/serve\\/header\\.php",
            "cookies": 0,
            "fingerprinting": 0,
            "subdomains": [
                "request-global"
            ],
            "apis": {},
            "sites": 11,
            "prevalence": 0.0000762,
            "cnames": [],
            "responseHashes": [
                "e3b0c44298fc1c149afbf4c8996fb92427ae41e4649b934ca495991b7852b855",
                "81aedcac82044bc76e734fc8c8a6a548c7c3e7f2f8ec0460d6c13710fec67ae9",
                "9c7310821c0825b337d334cf2f0263b024a971d76346e1a3059589bb319d57bd"
            ],
            "type": "XHR",
            "firstPartyCookies": {},
            "firstPartyCookiesSent": {},
            "exampleSites": [
                "adapools.org",
                "coindataflow.com",
                "coinmarketcal.com",
                "coinpaprika.com",
                "thecryptobasic.com",
                "whattomine.com",
                "wheretomine.io",
                "www.coinlore.com",
                "www.crypto-rating.com",
                "www.cryptoglobe.com",
                "www.dapp.com"
            ]
        },
        {
            "rule": "czilladx\\.com\\/serve\\/get\\.php",
            "cookies": 0,
            "fingerprinting": 0,
            "subdomains": [
                "request-global"
            ],
            "apis": {},
            "sites": 42,
            "prevalence": 0.000291,
            "cnames": [],
            "responseHashes": [
                "2334e76ee758a0b6a5fd459d131f1dda9f4ae6edf0bbeb4a5ce1f011ec14f955",
                "0495e4b23f4f9c088dc8b4cf869636b3981d879df60c2e0b2c64098bd6c447b2",
                "ceef47dedbc3b5260991f23d6a5c09548c871b6c8b759397185033dabd20976e",
                "4df33474450759d94315d9d75f9a3213a55456cd26f1e7109bef173cfa9a7275",
                "05adc6bb03ec76b81a670a8838cf17ade7a6fe84470c75e9b6eae00d07179b97",
                "24eaca7f0a06b05719ae1521d9af49c71f9c5c56f705d5e038d9d20310bfb615",
                "60e019a456bfbd913da2d67c52c26fc790fb38c23891e900ab6aa254a73e0ef3",
                "e4b8f985eb708a3439df1b549ac013643f184af442987fd03ea1f9a6a435dc5e",
                "efa11f99cb229de71a7e722a7751b21d0a09148a2096662d0ae2610b74590f19",
                "c4718513646b5bf8865d99e353063d3b2a7565b9933497eaaeb52969d454db3a",
                "d75e1001a34f5b7e5627386b33e41dad093975b8d1429b8d3c4d691b79b3e970",
                "9d60738e6007a62b9d46f1237ec624550e4834af0fb8f7f5bc521cd992613edd",
                "140229618a661b6a26478a44f7460d7b04b9e068499144668192597b492cb2ea",
                "b04989fddef43e4f8269fb56fd4833a54e71cd04caa7eb611a6b738ad9db0959",
                "6b7565238fb008774ac07989f6d6953b6dc28227570db2483e0b9db2bc04fff8",
                "ad7b5e4311dc1347ae59ccfafd6f2964fd95b21dd07817d14598752331d91a1c",
                "d533485eea2a3ad46864db7ae89050eaa70fe3d7ba43771af9d3385aa9ad8262",
                "e4aa339123459169fc13f89799402e27d4fb9c82e7b2c6d3b3e00c80736a93be",
                "14abc8c450ab2a2351566bc637859e890f7791e1ddbd8b7b83e61e7d0f6e4e43",
                "ddb4217acec5fb18b5e9e9078ecc5787749f20d0b43fa90453071bd550a214b4",
                "10f342df5e9b41af3910b9a5cbdc33b13e5e2876f75c8c2f77e312613f3f0011",
                "fee10d053c03372b92048732da658219e8f835eac1511042ab870049c6a1c9f3",
                "835221d06c3753e62cbc748c3862c996b6d649f48912f904ea4d79f49f7d4ae6",
                "e945933d8e4f1339fac6afc35a3ee2f821a62ad8cdc919e230025dace6a405cb",
                "f1d447e15386d87fbb0dc80783fb02b3d6d933955fbc61a79e7e322545dc57a1",
                "5b3ab677729ea546232d45661fbb6f95bd6d5417180a05b5d541e6b40dc874a6",
                "b8b820cffdcd2c9461c93e8135f83bf960bc74478aeca1ac7656cbeb064914c0",
                "6af5861c5bd5840509995d264dbb0eebe460faf55f6073551bdf8c25c111272d",
                "0b59ff264f871e92fda13985d6330b6a6e0465c3d0e45e9c06f99987202190cc",
                "cadf73ceef68fe10efaa2f61ad6ac68e8476d3446c8f5736a697cafaca3d1097",
                "bac61489e743f3157e586aab86fa44f2ced6bee26489bd18852a7345fe883da1",
                "c9acf0b2058128caac5d491cc62dcace8c84fdc666f8c6aefa6085a6b1c90226",
                "0435053e77da2039c8d7022e88e9431438769c17403ce4963fcd92022746d8f9",
                "c96b3eda043361111382bb175e3a2bce79eebf0540d3d825f230053ec071c80c",
                "56c931805c282fe90eb1f16116e4bbf8a96bb0ac837410912a0219857fad2aee",
                "7e3b985c41775317f4907c31440c1f1cb60e6bbe6cbff495b9a8ad0b79056f1c",
                "8bd36f3ea005a0f45c5d106856080d7227b63c0fe6e02a8c20fb7dd9cfd3c7b7",
                "17eb7362a7eeecedb423280e2754641a7933af30d392f7e845940107b88e216b",
                "8c7a3bf54070f7ddeb77920eec1513bd91133389f83c1c151556cdbfdf785d00",
                "02492e0d1b5371e603ffb47b446c6607425330ddff1af3e9a8faa83e5d3338e0",
                "a009f8f2d726ecffa735e51e4fada85999be5f51bb77acc934759f81c676b343"
            ],
            "type": "XHR",
            "firstPartyCookies": {},
            "firstPartyCookiesSent": {},
            "exampleSites": [
                "cryptoage.com",
                "www.livebitcoinnews.com",
                "zycrypto.com",
                "btcmanager.com",
                "coincheckup.com",
                "thecryptobasic.com",
                "coinpaprika.com",
                "www.worldcoinindex.com",
                "www.cryptoground.com",
                "bitcoinexchangeguide.com",
                "coinalyze.net",
                "www.altcoinbuzz.io",
                "www.coinwarz.com",
                "airdrops.io",
                "usethebitcoin.com",
                "cryptomining-blog.com",
                "coin-turk.com",
                "coinmarketcal.com",
                "cryptototem.com",
                "wheretomine.io"
            ]
        },
        {
            "rule": "czilladx\\.com\\/serve\\/view\\.php",
            "cookies": 0,
            "fingerprinting": 0,
            "subdomains": [
                "request-global"
            ],
            "apis": {},
            "sites": 47,
            "prevalence": 0.000326,
            "cnames": [],