{
    "domain": "directly.com",
    "owner": {},
    "source": [
        "DuckDuckGo-US"
    ],
    "prevalence": 0.000144,
    "sites": 19,
    "subdomains": [
        "www",
        "app",
        "smooch-web"
    ],
    "cnames": [],
    "fingerprinting": 2,
    "resources": [
        {
            "rule": "directly\\.com\\/widgets\\/rtm\\/embed\\.js",
            "cookies": 0.0000759,
            "fingerprinting": 1,
            "subdomains": [
                "www",
                "app"
            ],
            "apis": {
                "Navigator.prototype.userAgent": 10,
                "window.localStorage": 10
            },
            "sites": 10,
            "prevalence": 0.0000759,
            "cnames": [],
            "responseHashes": [
                "3c5bd6cd2ee846a017f1611926ff4516ca10467d9b61d4b87db7d1e343399b55"
            ]
        },
        {
            "rule": "directly\\.com\\/chat",
            "cookies": 0.0000759,
            "fingerprinting": 0,
            "subdomains": [
                "www",
                "app"
            ],
            "apis": {},
            "sites": 10,
            "prevalence": 0.0000759,
            "cnames": [],
            "responseHashes": [
                "708eb23070514d4fcc5d8c0919c0053b4c93e264816be7671b119a5a96a64105",
                "24730bf8dc04c67d22e71460a9bff53fd258f917a0e6684088ac5b1e1dbe99b5",
                "b60a5956af3b82fe5b070ec7b6f52cc4236ca0ce95f62ef882d1a0afa23897d8",
                "4261bd01d6b69490debc5192b9bce564395d0ea70303a031d09ed8f4e3b3808e",
                "6bd1b98b6dbcef0f7e83699977b04e0eba3590f89a97223ddff1e8f5ecddeec0",
                "ba7f504354fe5cd7557cf884f333a5724f66f7b85642598d6ebb32fd6e3825f5",
                "2b592ceb30bad7897c378d3593c5432440214b6b479bcfb2a225c1df04e50c3a",
                "ec6b867fb3b67f8a56af270b9372ff47e3657681a7021e31b695c67f5242c274",
                "0a2b63db184f1b6bd40fd5e57b8cd3cf75e6d21d043174718f8cf2348e31fd12"
            ]
        },
        {
            "rule": "directly\\.com\\/widgets\\/rtm\\/style\\.css",
            "cookies": 0.0000759,
            "fingerprinting": 0,
            "subdomains": [
                "www",
                "app"
            ],
            "apis": {},
            "sites": 10,
            "prevalence": 0.0000759,
            "cnames": [],
            "responseHashes": [
                "655bcfc8c3e8483dfa186a0b3e696f65ca691bfd4176baf5ffe1a22bc5ade034"
            ]
        },
        {
            "rule": "directly\\.com\\/chat\\/customCss",
            "cookies": 0.0000607,
            "fingerprinting": 0,
            "subdomains": [
                "www",
                "app"
            ],
            "apis": {},
            "sites": 8,
            "prevalence": 0.0000607,
            "cnames": [],
            "responseHashes": [
                "2d25b16da33886d937111956c981e3179ac6c6ed8b8e5668ac0cdc5f1df83491",
                "f8230f7b6574fd134d7b9ac38132941bc8dff833d704b252baf5762e2bf38c4f",
                "3023ca92b05385231f405d826c81e07720e39b71928313ed054ad50867082b54",
                "1cbd07d3e4e3a2af459de42b91e5adc68f1f911aecaca3bd88d7ef605fdcc876",
                "7f82906f44090cd28a9681f8543f78b7ed67d4c04325ddc61485f218b5a14e24",
                "7eaa865c28c81c0dece12b291a23df7741c4bee28b3232828a439d4ebaa06905"
            ]
        },
        {
            "rule": "directly\\.com\\/assets\\/build\\/chat\\.be56aa8a4926007a6d28\\.js",
            "cookies": 0,
            "fingerprinting": 2,
            "subdomains": [
                "www",
                "app"
            ],
            "apis": {
                "window.localStorage": 10,
                "Navigator.prototype.languages": 8,
                "Navigator.prototype.language": 8,
                "Navigator.prototype.userAgent": 8,
                "Date.prototype.getTime": 10,
                "Navigator.prototype.cookieEnabled": 8,
                "Notification.permission": 10
            },
            "sites": 10,
            "prevalence": 0.0000759,
            "cnames": [],
            "responseHashes": [
                "62de83594e592cf3bcef344eb0e067e824205685e45c4bf82ac8b88d49a02b8a"
            ]
        },
        {
            "rule": "directly\\.com\\/favicons\\/manifest\\.json",
            "cookies": 0.0000759,
            "fingerprinting": 0,
            "subdomains": [
                "www",
                "app"
            ],
            "apis": {},
            "sites": 10,
            "prevalence": 0.0000759,
            "cnames": [],
            "responseHashes": [
                "b7ac10738a3ce14dfcd6799afb541d9d16e215bb3a3c7c5c82134131cdf40679"
            ]
        },
        {
            "rule": "directly\\.com\\/chat\\/checkAuth",
            "cookies": 0.0000759,
            "fingerprinting": 0,
            "subdomains": [
                "www",
                "app"
            ],
            "apis": {},
            "sites": 10,
            "prevalence": 0.0000759,
            "cnames": [],
            "responseHashes": [
                "dc554244144bea0612e4b067aa9c49f24b58b4c1ccec450ef640c2f3b220a8f6"
            ]
        },
        {
            "rule": "directly\\.com\\/chat\\/state",
            "cookies": 0.0000759,
            "fingerprinting": 0,
            "subdomains": [
                "www",
                "app"
            ],
            "apis": {},
            "sites": 10,
            "prevalence": 0.0000759,
            "cnames": [],
            "responseHashes": [
                "eea231b6e1ff837f711d72bbb6584c73677bb5ff629b106016e7be1258d93f91"
            ]
        },
        {
            "rule": "directly\\.com\\/rtm-sw\\.js",
            "cookies": 0.0000759,
            "fingerprinting": 0,
            "subdomains": [
                "www",
                "app"
            ],
            "apis": {},
            "sites": 10,
            "prevalence": 0.0000759,
            "cnames": [],
            "responseHashes": [
                "572bd7576372c8877ebc5ce57ee3f3827587b2a921b23a36c27dd219cdf349df"
            ]
        },
        {
            "rule": "directly\\.com\\/widgets\\/rtm\\/fonts\\/open-sans\\/opensans-regular-webfont\\.woff2",
            "cookies": 0.0000152,
            "fingerprinting": 0,
            "subdomains": [
                "www"
            ],
            "apis": {},
            "sites": 2,
            "prevalence": 0.0000152,
            "cnames": [],
            "responseHashes": [
                "4c1c2e95835201077586a3698cd47806dd18df10d32a1e6cb6aa9e47224a55e3"
            ]
        },
        {
            "rule": "directly\\.com\\/directly\\.1\\.0\\.2\\.min\\.js",
            "cookies": 0,
            "fingerprinting": 1,
            "subdomains": [
                "smooch-web"
            ],
            "apis": {
                "window.matchMedia(\"prefers-reduced-motion\")": 3,
                "Navigator.prototype.userAgent": 3
            },
            "sites": 3,
            "prevalence": 0.0000228,
            "cnames": [],
            "responseHashes": [
                "ddff7a31283e2afec698565b0e4f3827092124637b072b3a0a859a5af88b2e50"
            ]
        },
        {
            "rule": "directly\\.com\\/frame\\.1\\.0\\.2\\.min\\.js",
            "cookies": 0,
            "fingerprinting": 2,
            "subdomains": [
                "smooch-web"
            ],
            "apis": {
                "window.localStorage": 3,
                "Navigator.prototype.onLine": 3,
                "Event.prototype.timeStamp": 3
            },
            "sites": 3,
            "prevalence": 0.0000228,
            "cnames": [],
            "responseHashes": [
                "5a13601d1d62d2898328adada96900c06d59e2f771d4ddc9fc7f112dbd3f9191"
            ]
        }
    ],
    "categories": [],
    "performance": {
        "time": 0,
        "size": 0,
        "cpu": 0,
        "cache": 1
    },