{
    "domain": "directededge.com",
    "owner": {},
    "source": [
        "DuckDuckGo-US"
    ],
    "prevalence": 0.0000304,
    "sites": 4,
    "subdomains": [
        "shopify"
    ],
    "cnames": [],
    "fingerprinting": 0,
    "resources": [
        {
            "rule": "directededge\\.com\\/widget",
            "cookies": 0.0000304,
            "fingerprinting": 0,
            "subdomains": [
                "shopify"
            ],
            "apis": {},
            "sites": 4,
            "prevalence": 0.0000304,
            "cnames": [],
            "responseHashes": [
                "a7a21455596b3c34658323b939824fe0a9082c31006b8f2b5671e1aee3008414",
                "457819b9d500a7d1c8417a48f241bb7b013a3820db9e041b0b3ba002971636e1",
                "f29c66b2012fb37f9881684d0b6a7f8c06ba358d6312d79730ad70dc41eaa1dd"
            ]
        }
    ],
    "categories": [],
    "performance": {},
    "cookies": 0.0000304,
    "types": {
        "Script": 4
    }
}