{
    "domain": "dmpprof.com",
    "owner": {},
    "source": [
        "DuckDuckGo-US"
    ],
    "prevalence": 0.000361,
    "sites": 52,
    "subdomains": [],
    "cnames": [],
    "fingerprinting": 0,
    "resources": [
        {
            "rule": "dmpprof\\.com\\/matching\\/internal",
            "cookies": 0.000188,
            "fingerprinting": 0,
            "subdomains": [],
            "apis": {},
            "sites": 27,
            "prevalence": 0.000188,
            "cnames": [],
            "responseHashes": [
                "8745448916ddafc14c1a825a06402104191fd4392dbe0e54e1a4f8fbaa2a8e33",
                "1d6aef1ba7c7fe8da6ced7a68cada46f60a0cd92c9a6186a6e5deb73f4d032ae",
                "5b0fb30dd2127df5ad3c5e797f6c224e3139872dbcfdd0d3ea2696355ccf6f7b",
                "7837950ab010fc0c9a08c1d5bfb5417f59ab72a7fab29e7fa9e58ac2ef96dfe5",
                "20f713120baf9cbbec58e63645d1287877f465ff669db5ad5e7acd8fb0f9b4d3",
                "d1bdb7aeeb6cf5112920a90fb809f5ccb43bc12bdc07272ac220d39ce535ea00",
                "06c810c034becf5edab141a6b5a485847398d93b1356101019683f2ba89a9885",
                "389d6580cd801aedc5b8fe2e44f341f1594564304d332851df373b6c3cc20884",
                "6a67f42cccb708a8221fea362bb8004cbf8215bc63f540f4b35a6b71ca19384f",
                "8c7c0dcbcd858a4d42968e0114f7660c04cdc73752bc78d44a74c7cdb9eabf70",
                "e8f9ee24c9b96194373ce9c715a8950bc1318d372c184ee645a17c962509949e",
                "e9d0d7498e7eae864ff0911acc426d69c0f6c94a625e93a597651ae2b2d83b5e",
                "3a31119f949a6861598eaf8e4a51e5ebd53d00e5c7812e4b2ed649a0ef6b0912",
                "d7a9a46e1de5bcd8206cc466a334ce2bc35c71b0ae5ab511bb2541105a2feb1a",
                "6dbcfb46f0e03e061250f6f01865d8d4c809e18420be592c824b6f02fda79131",
                "47a95a967a6f7fc9d75745225020cc0f2107d5ae73aa1c2144b25e06f3126235",
                "80ead7d9a76a61c24f640dc3039caf99f49dbf1b31f6148a6335da975189c117",
                "4a4813aed1aef53ad05845a769f8348058cd5b4b6e6b79a32e3969001c0388f4",
                "5c15f8bf093b0d653873d233f0674887ac3fe706d9dd36d100081993ae412e05",
                "81dc28780fbaeee0c9e15cca13017706eecb245bdfbc921a366db230dce91571",
                "8307c0b3f31cfc518e743d93f587d0b7848e261d299b4007c18ee6a10ea29e79",
                "27cced55c2bb4c01101b8c12c76886e6ea38f943ba6862c8138d25e16a44e06c",
                "1d5b6f98e40163a01f030a2ac2989ae8c230de4c31dcecc0c676ffae48b0bb72",
                "4c68aec69aa9e7ab5a5f24d712b7f90a1476206cc9080a65c200a69a97ea8747",
                "ca830b00f3fc9ac94f1536d13f5d8bf7d4e377136b18cdc78659a089e30b79bd",
                "cd2434faaef1b6eebeabbb4383121e88709edfacdb575290872c6e5d213bcd40"
            ],
            "type": "Fetch",
            "firstPartyCookies": {},
            "firstPartyCookiesSent": {},
            "exampleSites": [
                "viplist.pro",
                "kinogo.zone",
                "providosiki.ru",
                "heaclub.ru",
                "lastfiascorun.com",
                "libking.ru",
                "videoprime.ru",
                "www.parwarestaurante.com",
                "epicube.su",
                "mixrolik.ru",
                "mypornstory.ru",
                "cardiograf.com",
                "vklook.ru",
                "vyborok.com",
                "topspiski.com",
                "tarifkin.ru",
                "annahelp.ru",
                "igromagnit.net",
                "srrb.ru",
                "kinotorrs.me"
            ]
        },
        {
            "rule": "dmpprof\\.com\\/data-enrichment",
            "cookies": 0.000188,
            "fingerprinting": 0,
            "subdomains": [],
            "apis": {},
            "sites": 27,
            "prevalence": 0.000188,
            "cnames": [],
            "responseHashes": [
                "44136fa355b3678a1146ad16f7e8649e94fb4fc21fe77e8310c060f61caaff8a"
            ],
            "type": "Fetch",
            "firstPartyCookies": {},
            "firstPartyCookiesSent": {},
            "exampleSites": [
                "heaclub.ru",
                "srrb.ru",
                "videoprime.ru",
                "www.parwarestaurante.com",
                "kinotorrs.me",
                "bitva-ex.ru",
                "libking.ru",
                "epicube.su",
                "viplist.pro",
                "lastfiascorun.com",
                "mypornstory.ru",
                "topspiski.com",
                "yanashla.com",
                "teksty-pesenok.ru",
                "www.yellowbellycafe.com",
                "ruclips.ru",
                "vklook.ru",
                "kinogo.film",
                "vyborok.com",
                "tarifkin.ru"
            ]
        }
    ],
    "categories": [],
    "performance": {},
    "cookies": 0.000361,
    "types": {
        "Fetch": 54
    },
    "nameservers": [
        "marjory.ns.cloudflare.com",
        "jerry.ns.cloudflare.com"
    ]
}