{
    "domain": "doboacki.net",
    "owner": {},
    "source": [
        "DuckDuckGo-US"
    ],
    "prevalence": 0.000173,
    "sites": 25,
    "subdomains": [],
    "cnames": [],
    "fingerprinting": 1,
    "resources": [
        {
            "rule": "doboacki\\.net\\/reset\\.css",
            "cookies": 0.0000208,
            "fingerprinting": 0,
            "subdomains": [],
            "apis": {},
            "sites": 6,
            "prevalence": 0.0000416,
            "cnames": [],
            "responseHashes": [
                "b3f701743349730ce1c9c3f097a80436d5a6ddd055fa30bf5fb4a2786687ef7b",
                "fe54e917f3ab544e0e5712c3949d5c0b84a39b3d8cc12efb9bd6ec503ae6eb4f",
                "39136a2f76409e4bffaa332dc693e9a2b90c66889d0a3cbdd07f4e5227b1c896",
                "35d38e29400eabd0c534921b1071e14038be1fd97a5f41f30de8420b3e485504"
            ],
            "type": "Stylesheet",
            "firstPartyCookies": {},
            "firstPartyCookiesSent": {},
            "exampleSites": [
                "123movies.mx",
                "animemoviespot.com",
                "carpny.org",
                "cinemaindo.co.in",
                "gogoanime.rs",
                "indoxx1.space"
            ]
        },
        {
            "rule": "doboacki\\.net\\/bootstrap\\.css",
            "cookies": 0.0000416,
            "fingerprinting": 0,
            "subdomains": [],
            "apis": {},
            "sites": 12,
            "prevalence": 0.0000832,
            "cnames": [],
            "responseHashes": [
                "b8d8f9b576dac74e01b99e0ee70efb48bae16aa7962999adbe83921eb8cf5623",
                "803dd25bf94344207c1e695d50e035892933e9c80ce9b98f68cb5b429be8f654",
                "a0842fee3312f5cf23020fcdd1ae14d5b4c3cc5faebd47b3266e92de199ea46d",
                "ea7918fa23f3cde9a755dc4c4bde42b9ec0f4c6d70bbe6ec561f794e15cf9965",
                "dd03c70be1c7ccb15fc2da4e98a0a53a4bf68e8f2a153ed8736720feca099d1e",
                "f3fc7c345bb0496604f357db1587a95e09bdc7a8b9f06a07cae7ac1d209f4a4d",
                "915220b9bd9dab69b3c78b63fb5e81989a79b7a28f619a19ce2cd399c142c625",
                "e948112aaedd6e21b6f7fbf7fd2d4916e2ada4417c4b4252d4d52a87c5c369ef",
                "25b1b62bc7657d4f5988ec3bd95cc335bb3a67d39cd50a316df617add6361bb9",
                "5fb641257b094ffa9a84b547d65d230e5fff5a80df67fd60098a5edacb026400"
            ],
            "type": "Stylesheet",
            "firstPartyCookies": {},
            "firstPartyCookiesSent": {},
            "exampleSites": [
                "123movies.mx",
                "animegoo.com",
                "animemoviespot.com",
                "carpny.org",
                "gogoanime.rs",
                "indoxx1.space",
                "justanime.net",
                "lekms.com",
                "on4top.com",
                "putlockerslinks.com",
                "subindohd.com",
                "xmovies8.so"
            ]
        },
        {
            "rule": "doboacki\\.net\\/index\\.css",
            "cookies": 0.0000208,
            "fingerprinting": 0,
            "subdomains": [],
            "apis": {},
            "sites": 7,
            "prevalence": 0.0000485,
            "cnames": [],
            "responseHashes": [
                "b3f701743349730ce1c9c3f097a80436d5a6ddd055fa30bf5fb4a2786687ef7b",
                "30bbc9d781b46664b061e80847c184c810eddf86e8e326c3a8ff5b808ded5ee1",
                "8f508ec212b0b1772a628b84853418ec4c81c605085dae83a1ef74f61b030593",
                "6a34c26c05f04b8902cd7dec1876ba8433c18e5ff80b4aa4292f9b55a2c54198",
                "915220b9bd9dab69b3c78b63fb5e81989a79b7a28f619a19ce2cd399c142c625",
                "9e288b5bf419ed2f63b6cd18678fc0b5a7faed9396fa0ff3c48a5212344fa8a6"
            ],
            "type": "Stylesheet",
            "firstPartyCookies": {},
            "firstPartyCookiesSent": {},
            "exampleSites": [
                "123movies.mx",
                "animemoviespot.com",
                "gogoanime.rs",
                "justanime.net",
                "lekms.com",
                "on4top.com",
                "putlockerslinks.com"
            ]
        },
        {
            "rule": "doboacki\\.net\\/style\\.css",
            "cookies": 0.0000277,
            "fingerprinting": 0,
            "subdomains": [],
            "apis": {},
            "sites": 4,
            "prevalence": 0.0000277,
            "cnames": [],
            "responseHashes": [
                "9b487b900416f6d2e35edc92acb6a5b1d32f60ba949fbec4d264948b4780aefb",
                "790790112422b1aa86261866eb55a7a00e67d31f529d0af684fe9db768c2f0dc",
                "d1ca92a482206076b580efa42432157da56419013f0b50c11dac9b0ce1e6a616"
            ],
            "type": "Stylesheet",
            "firstPartyCookies": {},
            "firstPartyCookiesSent": {},
            "exampleSites": [
                "animegoo.com",
                "lekms.com",
                "putlockerslinks.com",
                "xmovies8.so"
            ]
        },
        {
            "rule": "doboacki\\.net\\/jquery-ui\\.css",
            "cookies": 0.0000139,
            "fingerprinting": 0,
            "subdomains": [],
            "apis": {},
            "sites": 3,
            "prevalence": 0.0000208,
            "cnames": [],
            "responseHashes": [
                "b00c4617f0ef56f6e75ff4d61026758fa397a679d985c46b27702613631e56e7",
                "e1f694fe68762532f8bbe6bdcec8ec589377b01f74f3bae367aca3862a594d46"
            ],
            "type": "Stylesheet",
            "firstPartyCookies": {},
            "firstPartyCookiesSent": {},
            "exampleSites": [
                "animegoo.com",
                "indoxx1.space",
                "justanime.net"
            ]
        },
        {
            "rule": "doboacki\\.net\\/bundle\\.css",
            "cookies": 0.00000693,
            "fingerprinting": 0,
            "subdomains": [],
            "apis": {},
            "sites": 6,
            "prevalence": 0.0000416,
            "cnames": [],
            "responseHashes": [
                "61a2e028c3f0e2442f513d915b4eaa7514ee626beb88f76f604793bcd40ae443",
                "dd03c70be1c7ccb15fc2da4e98a0a53a4bf68e8f2a153ed8736720feca099d1e",
                "fa11932f84e788361a8c8ab8f2a76ee1c5a17387ba38481c247c9c8fe93c8220",
                "8b9530b8f9ee89e78bfbcdc120c0370fa9a40a9e1e25b925f0b0d9968e3f5cd0"
            ],
            "type": "Stylesheet",
            "firstPartyCookies": {},
            "firstPartyCookiesSent": {},
            "exampleSites": [
                "animegoo.com",
                "carpny.org",
                "indoxx1.space",
                "justanime.net",
                "on4top.com",
                "subindohd.com"
            ]
        },
        {
            "rule": "doboacki\\.net\\/event",
            "cookies": 0,
            "fingerprinting": 0,
            "subdomains": [],
            "apis": {},
            "sites": 5,
            "prevalence": 0.0000347,
            "cnames": [],
            "responseHashes": [],
            "type": "XHR",
            "firstPartyCookies": {},
            "firstPartyCookiesSent": {},
            "exampleSites": [
                "animegoo.com",
                "carpny.org",
                "gogoanime.rs",
                "indoxx1.space",
                "justanime.net"
            ]
        },
        {
            "rule": "doboacki\\.net\\/brand\\.png",
            "cookies": 0,
            "fingerprinting": 0,
            "subdomains": [],
            "apis": {},
            "sites": 2,
            "prevalence": 0.0000139,
            "cnames": [],
            "responseHashes": [
                "e3b0c44298fc1c149afbf4c8996fb92427ae41e4649b934ca495991b7852b855"
            ],
            "type": "Image",
            "firstPartyCookies": {},
            "firstPartyCookiesSent": {},