{
    "domain": "doublepimp.com",
    "owner": {},
    "source": [
        "DuckDuckGo-US"
    ],
    "prevalence": 0.000448,
    "sites": 65,
    "subdomains": [
        "engine.phn",
        "cdn.engine.phn"
    ],
    "cnames": [],
    "fingerprinting": 2,
    "resources": [
        {
            "rule": "doublepimp\\.com\\/track\\.engine",
            "cookies": 0.0000138,
            "fingerprinting": 0,
            "subdomains": [
                "engine.phn"
            ],
            "apis": {},
            "sites": 2,
            "prevalence": 0.0000138,
            "cnames": [],
            "responseHashes": [],
            "type": "Fetch",
            "firstPartyCookies": {},
            "firstPartyCookiesSent": {},
            "exampleSites": [
                "bdsmstreak.com",
                "www.totallynsfw.com"
            ]
        },
        {
            "rule": "doublepimp\\.com\\/Scripts\\/infinity\\.js\\.aspx",
            "cookies": 0.0000482,
            "fingerprinting": 2,
            "subdomains": [
                "cdn.engine.phn"
            ],
            "apis": {
                "window.sessionStorage": 28,
                "window.localStorage": 28,
                "Date.prototype.getTimezoneOffset": 28,
                "Navigator.prototype.platform": 28,
                "Navigator.prototype.userAgent": 26,
                "Navigator.prototype.mimeTypes": 26,
                "Screen.prototype.width": 25,
                "Screen.prototype.height": 25,
                "Document.cookie getter": 12,
                "Document.cookie setter": 7
            },
            "sites": 28,
            "prevalence": 0.000193,
            "cnames": [],
            "responseHashes": [
                "5d21d2a5c736737fc8757d234a4ad6820ed280fac3395044182d931c305e77aa",
                "ffcd2ae9ea8e40cc923993cac35f0f6c51de2ae770a904fc855ac99158b8f821",
                "73a87cec7ee2627f70e87f50a5e64b1fdf783d99a9dfc67ad5474bb2ad870e72",
                "f60b692909ed4f0ab644270176f0415ab06404328a3f17caed41a0d605dc3ae2",
                "ec7a94762df5469b938158b72d56f1e6720e2f81280113c90d788f92a07d017e",
                "f155374fdf9d095155b85b16d77d794b0991c17dd61d3cbc1def98c9ab147c7d",
                "3a152769e50a0f6e5f161884c6b7c08045043255a414328620bc9dccf8ac4147",
                "cc9c4ef80f62580b5e0c5816d777836f734d0305eed2e77c975bbd9fe03a3b38",
                "09b1215ebb674d5593b798336caf7ef8763f79dc5137f7ae37c4612fac2b006e",
                "2556144d254a25d42dacf8dd7c22e6a92a425b96a6c01357b7837212756db7d3",
                "f8f3f418790ea1ef0831c21fd0d9c2dd0351cdd695ab0d336af976979fe47de4",
                "123fb1189467b5235cc2e588d944392812de3390f7bfccb8d9e053a4c67662ed",
                "0f32d3b7feeb16fb48f5228884814914df8ab33e334b79a9c54be5476576fb23",
                "fcb0bf2462ae33116ff59f76dbdb9d6bd3bca83a59d25e840de6be4fedc8963c",
                "62a79eceddc9932ef17be8a6eb70788395dc49abb1fbc75aa50294d3121cf322",
                "710530ecd978ac67d1b515fe685f0e20bd6335d4faabc80a0c9118a185fc0b41",
                "c122f58f6b397b4a007344732168d6c74e55c6dee2cd0ecf6c53add499fc7f50",
                "cad6210db7af199fc9cc0ed33cea706f268ecc7b56b480f37825f9f6cd4b9e06",
                "8ac999e7169988adec0fa57e3bdeb69edabd81ddf1ef8fe95ed0e37b2e0af33b",
                "a2317fb660ed2255934a5fa926936331994fb97907908a669c6d18afb3b60043",
                "f26434dca59cc1aec156e04167ede28f931398ecdf7c116bc664aa471b5b7e20",
                "24338d9f0d17c35e5d15ffd64032ea8691da7b916dd39fdc4f55fc0d370e9e93",
                "e6a91da702cc6e231303444a2cc771369a0a535b1a3e0e37e46441c562ac0862",
                "7976560df8255dd078ba5d7825dcb7e529292253f6d9014feadf5016acc44cb4",
                "caa54e4ddf1b64c77014f758a7678d0b63cc03c0c163c5a996c75eee05a34aee",
                "da67f634ba7a771b2614709ea63f006d42055509414f338dfd36e9504a96655b",
                "656ad85ffb3662c95e31ada122d20df9322736b6498aada051837a90e2e9a5c3"
            ],
            "type": "Script",
            "firstPartyCookies": {
                "g36FastPopSessionRequestNumber": {
                    "ttl": null,
                    "length": 1,
                    "prevalence": 0.00004823029275787704,
                    "uniqueness": 0.14285714285714285
                }
            },
            "firstPartyCookiesSent": {},
            "exampleSites": [
                "www.nudevista.com",
                "www.pornhd.com",
                "m.babesandstars.com",
                "www.thenipslip.com",
                "www.totallynsfw.com",
                "www.porndeepfakes.com",
                "fapxl.com",
                "javenglish.cc",
                "www.pornerbros.com",
                "softcoretube.org",
                "www.pornhdin.com",
                "namethatpornstar.com",
                "www.porntube.com",
                "pornve.com",
                "www.sex2021.com",
                "www.spankingtube.com",
                "www.babesandgirls.com",
                "www.pinflix.com",
                "www.pornrox.com",
                "www.babesandstars.com"
            ]
        },
        {
            "rule": "doublepimp\\.com\\/Tag\\.engine",
            "cookies": 0.000193,
            "fingerprinting": 0,
            "subdomains": [
                "engine.phn"
            ],
            "apis": {},
            "sites": 28,
            "prevalence": 0.000193,
            "cnames": [],
            "responseHashes": [
                "41852a17ff435014a8d536e9e40163f7a095c7cd9ff9ce50a6510aff743c06c8",
                "82dae9616e7becce60783f17fd32425ff836ad2468828a34c5207040dc43f498",
                "d1aefe3ea11c0340060b08c735b1341ef3e6515517eece67dbb63073f1e9274f",
                "f162a9275eaef30f5259b558fb53428f914b416b1391057b4e0d7bc37d500563",
                "4c6927a8f92012bfe64ebac5392a5fcce39f078b0eb9a6e167be6641bec55bfb",
                "72635d10a9bba6a76f52ad8f60889ec030a68b3fcba9e790a4e6f313c6c217e5",
                "6d54332256314b8b59c1eb19f757fe663104e122c105ce2f3c58a6b690fd3bcf",
                "bdf55262a0e409d0e88e96381c61867b4fbbbf19cbae39f236ff9a988102cd54",
                "44a103ccbf5e97f76f9a9a29643a7b9f42806e409bc679e344b688853912ef59",
                "1b4e149034d0930f37f7184fbe6f200e0a64a9a9dd2b849b95e9305c95e544f0",
                "85a805291d39d6fa7eba0f5d4f30801e66f086154e3021867d4c3670dc07a617",
                "8f6a1547ad136a6a06dc1fe2fe1b5aabf572ae732370e0b0c03ffb8c13f23e1a",
                "4b543b4189f5fc44730fe824a7b9848402c8be4d503a5e812300f12cf1e8c9a8",
                "7bae4f6feeddbc9537b7b3358aaed71fc0ed4c38039492b6c2261017fb446673",
                "e058f1e40c9d181350bbd8e37cb533bf11062d759bde8a8bd4f2e8a4c91e4a6d",
                "5657bf1ea71ce93ec886ad21e94cc5ebc09429ff777dd3cf0c9a4c5bdb966071",
                "babfee0cf3a49f71a912caf866f2348c9b7ed92b0a69a58432496a8b7c98b3e8",
                "dbcffa32f61dca3d735f0441c1ed8f7100358ea8cb7260d8a7ead0b0f041c240",
                "f60f4445cbc2c36dcc43f0511c10368d84b8415db6e2947526e7d0a9e90c22bf",
                "ee9897b58031717f0d61e12960855fb247b0982543e851475aca3c3f5be14930",
                "d438991d5c840313cd78c6f3b1f2b897d52560e0fd50cd9790e106f37fe37db3",
                "f7b490c2bde5da077edd8bec91466ed6d001ff1cff88164595ca0a0db992405e",
                "b6afa664af22abcb902972c447e4567941249bb9b2816f04d8ac9a89de8da5ca",
                "115bf5487e598880be44be664b5e0a73f9ddb19e7c2735c4305ecf62e98db12c",
                "6c8295fee74c0e5d7f25d6cd925a391d333b7cdf6ee71e6d572226f533c61aa8",
                "4ea36c34048a6e8024df725bc6c8c44c4f0492e758e6bdc5645cb6c5b40ec2ed",
                "12fe4ef8ad504ddbf8acaa57b8cf6c9114782995d751806311d4556b59692848"
            ],
            "type": "Script",
            "firstPartyCookies": {},
            "firstPartyCookiesSent": {
                "lotame_domain_check": 0.0000068900418225538625
            },