{
    "domain": "ehealthcaresolutions.com",
    "owner": {
        "name": "eHealthcare Solutions, LLC",
        "displayName": "eHealthcare Solutions"
    },
    "source": [
        "DuckDuckGo-US"
    ],
    "prevalence": 0.000197,
    "sites": 26,
    "subdomains": [
        "ads"
    ],
    "cnames": [],
    "fingerprinting": 1,
    "resources": [
        {
            "rule": "ehealthcaresolutions\\.com\\/a\\/",
            "cookies": 0,
            "fingerprinting": 1,
            "subdomains": [
                "ads"
            ],
            "apis": {
                "window.localStorage": 12
            },
            "sites": 12,
            "prevalence": 0.0000911,
            "cnames": [],
            "responseHashes": [
                "5082831efe56d4b2f4a15957a984192b703f413565ba422098e643696c836da7",
                "516a958730585808180266eab5c948e150e59e6d925412e22d6ffcfed8d0b2f0",
                "6fe21642b7b9222bd14e1d09f063d232e1cb7ad9659e8efd9623d604f92894f4",
                "33cc037c27780480ebcbfa4e658f406f1bc0f349c3f313fdea37dbf135a8efe2",
                "90c1debe075e3ff08db01701e4977a654fe03bed67143efb552be09e49b1c7ec",
                "a10fa51783985591b2219e479fd0c574ea8c75c977b0470cc70027d13e4c87b1",
                "164922caa0eba7e1e224430c4b636f0e4f9b1376f32b9069fa31bc12b9a8928c",
                "026627e6fe91a3ecb6a7a7b298147af5be0e03cd015b0b64bd8bd6c9447a7917",
                "ef524d787b1a27b464e445b80ce203c67cb37aafcba0065c141dc1ce44a3f173",
                "49bcd05b7615a5031a728f4b8e12bf742d95661473a2aa3d1443772ac98912f1",
                "dd1879027113ac0ebbca3a3312009eaefb46f976359a66f2416e5abf8f1adbed"
            ]
        },
        {
            "rule": "ehealthcaresolutions\\.com\\/ax\\/",
            "cookies": 0,
            "fingerprinting": 1,
            "subdomains": [
                "ads"
            ],
            "apis": {
                "window.localStorage": 2
            },
            "sites": 2,
            "prevalence": 0.0000152,
            "cnames": [],
            "responseHashes": [
                "5de82c9df90c81a15765c357e33deb87c078d8c3e8dcd90a93672031decb0387"
            ]
        },
        {
            "rule": "ehealthcaresolutions\\.com\\/uat\\/",
            "cookies": 0,
            "fingerprinting": 1,
            "subdomains": [
                "ads"
            ],
            "apis": {
                "window.localStorage": 4
            },
            "sites": 4,
            "prevalence": 0.0000304,
            "cnames": [],
            "responseHashes": [
                "8689944da105eb995f462bff0df7843283cc1bc55a2287a5964249ebb5950001",
                "73144e8cab3883ae764e762d3a0f5ee917fb5ef320d27ee0fcf785cfa19b6971",
                "ada65bcd0b7dd951ec17f6395953200762494a5a2b3ae407e3f0bf1ee01aa054"
            ]
        }
    ],
    "categories": [],
    "performance": {
        "time": 1,
        "size": 1,
        "cpu": 0,
        "cache": 3
    },
    "cookies": 0,
    "types": {
        "Script": 18
    }
}