{
    "domain": "eroge.com",
    "owner": {},
    "source": [
        "DuckDuckGo-US"
    ],
    "prevalence": 0.000104,
    "sites": 15,
    "subdomains": [
        "engine",
        "cdn"
    ],
    "cnames": [],
    "fingerprinting": 2,
    "resources": [
        {
            "rule": "eroge\\.com\\/",
            "cookies": 0,
            "fingerprinting": 1,
            "subdomains": [
                "engine"
            ],
            "apis": {
                "window.devicePixelRatio": 8,
                "Screen.prototype.width": 5,
                "Screen.prototype.height": 5,
                "Date.prototype.getTime": 8,
                "window.localStorage": 8,
                "Navigator.prototype.userAgent": 8
            },
            "sites": 8,
            "prevalence": 0.0000556,
            "cnames": [],
            "responseHashes": [
                "3627f51a178753da425515fddf9cd974a4a43052b8cdc5c614d6c6c09470e0ac",
                "a04f22eaf9777dc23402c998a1ab534851dc5827863125334b1fa48167d64a4b",
                "525cabb4840b172789ae1f86dc10f474a4e52e903d9bbd3968cd2093a0e7fcff",
                "74759a14ecee1a15c0c4ebfc1621729da5e0c5a2487d0e87ec2bd7d4c9bbf125",
                "1f104ebf320d17a9e2dc9bddb988b7277e772521d37dbc16089c8163cb688138",
                "82e77c08f64c7fb5e44370f8b0371c3c1f9956abc2eeccf4522582ccf6fa29e5",
                "d366abc838a15cd94c9122dc7262b4aae38c93e2bedcd16dc0892bd91c7d3341"
            ],
            "type": "Document",
            "firstPartyCookies": {},
            "firstPartyCookiesSent": {},
            "exampleSites": [
                "fap-nation.com",
                "freehentaigames.cc",
                "freesexgames.app",
                "gamcoree.com",
                "gamesofdesired.com",
                "mysexgamer.com",
                "onlineporngames.xyz",
                "porngameshd.com"
            ]
        },
        {
            "rule": "eroge\\.com\\/",
            "cookies": 0,
            "fingerprinting": 1,
            "subdomains": [
                "engine"
            ],
            "apis": {
                "Element.prototype.getClientRects": 8
            },
            "sites": 8,
            "prevalence": 0.0000556,
            "cnames": [],
            "responseHashes": [
                "c349a5a388b4c76861ebc72f4a31166e62aefb955b1fbff6f896132421267761",
                "d772ed5d73d65ed5f653db02b3ee1a8cf0c07786dadab08935a5611bf69b73ed",
                "85df21a54e8a14a5ac186dca2461f8204f429340a029133f7846eeb16da9eef6",
                "653fde244f2fd197886d15e4785f37501b11063694253a1d549f5cbd91052f36",
                "2252c79a25ce68c1cd166d3a7877a9a4516c4e2a8e66d7f6c88b0b70497f5835",
                "d665cbb8cb22472d07306cf588d8d0e9c6f985cd5b70b9d00174de19e9ed8f9e",
                "b3c59c58f3623a589e46fb83abbe2cb0212604756d8f048566c56628dec58a02"
            ],
            "type": "Script",
            "firstPartyCookies": {},
            "firstPartyCookiesSent": {},
            "exampleSites": [
                "fap-nation.com",
                "freehentaigames.cc",
                "freesexgames.app",
                "gamcoree.com",
                "gamesofdesired.com",
                "mysexgamer.com",
                "onlineporngames.xyz",
                "porngameshd.com"
            ]
        },
        {
            "rule": "eroge\\.com\\/imp",
            "cookies": 0,
            "fingerprinting": 0,
            "subdomains": [
                "engine"
            ],
            "apis": {},
            "sites": 8,
            "prevalence": 0.0000556,
            "cnames": [],
            "responseHashes": [
                "e3b0c44298fc1c149afbf4c8996fb92427ae41e4649b934ca495991b7852b855"
            ],
            "type": "Other",
            "firstPartyCookies": {},
            "firstPartyCookiesSent": {},
            "exampleSites": [
                "fap-nation.com",
                "freehentaigames.cc",
                "freesexgames.app",
                "gamcoree.com",
                "gamesofdesired.com",
                "mysexgamer.com",
                "onlineporngames.xyz",
                "porngameshd.com"
            ]
        },
        {
            "rule": "eroge\\.com\\/vb",
            "cookies": 0,
            "fingerprinting": 0,
            "subdomains": [
                "engine"
            ],
            "apis": {},
            "sites": 8,
            "prevalence": 0.0000556,
            "cnames": [],
            "responseHashes": [
                "e3b0c44298fc1c149afbf4c8996fb92427ae41e4649b934ca495991b7852b855"
            ],
            "type": "Other",
            "firstPartyCookies": {},
            "firstPartyCookiesSent": {},
            "exampleSites": [
                "fap-nation.com",
                "freehentaigames.cc",
                "freesexgames.app",
                "gamcoree.com",
                "gamesofdesired.com",
                "mysexgamer.com",
                "onlineporngames.xyz",
                "porngameshd.com"
            ]
        },
        {
            "rule": "eroge\\.com\\/t3ad42ab2\\/img\\/2wzuv_xd7p65_154f635b\\.jpg",
            "cookies": 0,
            "fingerprinting": 0,
            "subdomains": [
                "cdn"
            ],
            "apis": {},
            "sites": 4,
            "prevalence": 0.0000278,
            "cnames": [],
            "responseHashes": [
                "0a9a9aca212eb365ad450f9be04f46a3436fbdbf1cfbd724a994188058a36997"
            ],
            "type": "Image",
            "firstPartyCookies": {},
            "firstPartyCookiesSent": {},
            "exampleSites": [
                "freehentaigames.cc",
                "gamcoree.com",
                "gamesofdesired.com",
                "mysexgamer.com"
            ]
        },
        {
            "rule": "eroge\\.com\\/t3ad42ab2\\/img\\/2wzuv_x6kbr4_dbe75aae\\.gif",
            "cookies": 0,
            "fingerprinting": 0,
            "subdomains": [
                "cdn"
            ],
            "apis": {},
            "sites": 3,
            "prevalence": 0.0000208,
            "cnames": [],
            "responseHashes": [
                "f8025d47bb3ffe05fb89d9a292d37648ca0fa7cd1d47dae95c0dbba6d2d2fe3d"
            ],
            "type": "Image",
            "firstPartyCookies": {},
            "firstPartyCookiesSent": {},
            "exampleSites": [
                "freehentaigames.cc",
                "gamesofdesired.com",
                "mysexgamer.com"
            ]
        },
        {
            "rule": "eroge\\.com\\/t3ad42ab2\\/img\\/2wzuv_3n2wym_ca6b5fa9\\.gif",
            "cookies": 0,
            "fingerprinting": 0,
            "subdomains": [
                "cdn"
            ],
            "apis": {},
            "sites": 3,
            "prevalence": 0.0000208,
            "cnames": [],
            "responseHashes": [
                "97fec62d92b23691239c7b7c72c512921f2b27a59b83b32358c975f9136d00f2"
            ],
            "type": "Image",
            "firstPartyCookies": {},
            "firstPartyCookiesSent": {},
            "exampleSites": [
                "freehentaigames.cc",
                "freesexgames.app",
                "porngameshd.com"
            ]
        },
        {
            "rule": "eroge\\.com\\/t3ad42ab2\\/img\\/2wzuv_3sd7uk_7ba4ddf0\\.gif",
            "cookies": 0,
            "fingerprinting": 0,
            "subdomains": [
                "cdn"
            ],
            "apis": {},
            "sites": 4,
            "prevalence": 0.0000278,
            "cnames": [],
            "responseHashes": [
                "cc3c25d73ef9e0949fd24521d3fdb94e850f8595bb9c2205d5376e248894a6de"
            ],
            "type": "Image",
            "firstPartyCookies": {},
            "firstPartyCookiesSent": {},