{
    "domain": "esm1.net",
    "owner": {
        "name": "Dealer Dot Com Inc",
        "displayName": "Dealer Dot Com"
    },
    "source": [
        "DuckDuckGo-US"
    ],
    "prevalence": 0.0000987,
    "sites": 13,
    "subdomains": [
        "pixall"
    ],
    "cnames": [],
    "fingerprinting": 1,
    "resources": [
        {
            "rule": "esm1\\.net\\/cookie-first\\.js",
            "cookies": 0.000038,
            "fingerprinting": 1,
            "subdomains": [
                "pixall"
            ],
            "apis": {
                "Document.cookie setter": 5
            },
            "sites": 5,
            "prevalence": 0.000038,
            "cnames": [],
            "responseHashes": [
                "cc3a6c3a7e401608575a34ae51ae9150cd91a5ba8e5b471f6bf17b40eb888eec",
                "efb67a3dd086e9c218f8ae37d1ccbba9409a460303e3e39c5bed4a285d8f32d3",
                "73d32c886e128029ea6a0309454f9f728833697ff04afd1fd47b62a61dcd4a24",
                "41653f7f7bfa69c9b68fab74cd45e5bde951c65a8fbd32e1a61a9875f2e369e9"
            ]
        },
        {
            "rule": "esm1\\.net\\/v2\\/attribution\\/iframe",
            "cookies": 0.0000607,
            "fingerprinting": 0,
            "subdomains": [
                "pixall"
            ],
            "apis": {},
            "sites": 8,
            "prevalence": 0.0000607,
            "cnames": [],
            "responseHashes": [
                "a7d6d9d8c33e1be62e6ad3c63e33502eb9f793c68c931f88c9598e9bf93e428d",
                "7b6b617e9e54ee4a98d4ce93e15aada154355b0b9371770835d0d65a360e0cca",
                "4c00e7a99d309f493d94c5f1dc7c04aee4135f6f23a8269d57688ac932dc9a01",
                "abe7fe629e5fa25c9647a1e23b7896b3a6dfdc2a51b2704bbea27d923df3026a",
                "84dc24f99d5a2406eceb29b5720864508639263e85ae4a3cc40ba95f5dc6f805",
                "05c95497ced61ae055fa8d5ec35f081f4ae262b913cfe1b241ce5293fa773dd7",
                "16409f3e7e2e5e9d9f985cebead6f52ce1c341e8c7865fd95fa3e468ac425cc8"
            ]
        },
        {
            "rule": "esm1\\.net\\/v2\\/iframe",
            "cookies": 0.00000759,
            "fingerprinting": 0,
            "subdomains": [
                "pixall"
            ],
            "apis": {},
            "sites": 7,
            "prevalence": 0.0000531,
            "cnames": [],
            "responseHashes": [
                "47535a959437dc0749bec9a9064910b610e461ca2132a078c002cd9edbcc2e59",
                "0df968391f2e6bc4cb32d6e25ed20de8aca60728bb4627c4c3ccc57a428cda10",
                "d30b85c6e87a0b5bfdbae18e0a946cb9974f829595d1f039ade68e455c92befd",
                "bc194bee2d42ba307acf6103f37e81008609419846417be2d5be6021dbe57b78",
                "a949308340060d0c97edfd84b918077874f9b8a0ed0a2b823352a59b6fec4d9a",
                "dede1757a231c02a16440bcde416c547ad4228665a1713b3efa3b3d08ed35115"
            ]
        },
        {
            "rule": "esm1\\.net\\/v2\\/pageload",
            "cookies": 0.0000304,
            "fingerprinting": 0,
            "subdomains": [
                "pixall"
            ],
            "apis": {},
            "sites": 4,
            "prevalence": 0.0000304,
            "cnames": [],
            "responseHashes": [
                "e3b0c44298fc1c149afbf4c8996fb92427ae41e4649b934ca495991b7852b855"
            ]
        },
        {
            "rule": "esm1\\.net\\/v2\\/exchange\\/callback\\/adx",
            "cookies": 0.0000531,
            "fingerprinting": 0,
            "subdomains": [
                "pixall"
            ],
            "apis": {},
            "sites": 7,
            "prevalence": 0.0000531,
            "cnames": [],
            "responseHashes": [
                "e3b0c44298fc1c149afbf4c8996fb92427ae41e4649b934ca495991b7852b855"
            ]
        },
        {
            "rule": "esm1\\.net\\/v2\\/exchange\\/callback\\/pub",
            "cookies": 0.0000531,
            "fingerprinting": 0,
            "subdomains": [
                "pixall"
            ],
            "apis": {},
            "sites": 7,
            "prevalence": 0.0000531,
            "cnames": [],
            "responseHashes": [
                "e3b0c44298fc1c149afbf4c8996fb92427ae41e4649b934ca495991b7852b855"
            ]
        },
        {
            "rule": "esm1\\.net\\/v2\\/liveramp\\/callback",
            "cookies": 0.0000607,
            "fingerprinting": 0,
            "subdomains": [
                "pixall"
            ],
            "apis": {},
            "sites": 8,
            "prevalence": 0.0000607,
            "cnames": [],
            "responseHashes": [
                "e3b0c44298fc1c149afbf4c8996fb92427ae41e4649b934ca495991b7852b855"
            ]
        },
        {
            "rule": "esm1\\.net\\/cookie",
            "cookies": 0.0000228,
            "fingerprinting": 0,
            "subdomains": [
                "pixall"
            ],
            "apis": {},
            "sites": 3,
            "prevalence": 0.0000228,
            "cnames": [],
            "responseHashes": [
                "7360bd9d21bf67a7c8583fbe4c139ef981d732dc68671389af747d48ed673575",
                "cb6b9754e45283ab36682bde4d7fe604ed05ff0fe0a1eebd6aefcabd192d3de5"
            ]
        }
    ],
    "categories": [],
    "performance": {
        "time": 0,
        "size": 0,
        "cpu": 0,
        "cache": 0
    },
    "cookies": 0.0000987,
    "types": {
        "Script": 5,
        "Document": 15,
        "Image": 26,
        "XHR": 3
    }
}