{
    "domain": "everquote.com",
    "owner": {},
    "source": [
        "DuckDuckGo-US"
    ],
    "prevalence": 0.000357,
    "sites": 47,
    "subdomains": [
        "ads",
        "tpx"
    ],
    "cnames": [],
    "fingerprinting": 0,
    "resources": [
        {
            "rule": "everquote\\.com\\/gdn\\/ad",
            "cookies": 0.000357,
            "fingerprinting": 0,
            "subdomains": [
                "ads"
            ],
            "apis": {},
            "sites": 47,
            "prevalence": 0.000357,
            "cnames": [],
            "responseHashes": [
                "723b15ac2214b213236db4f46d36c09791c239c4c232daee3d36053f1edc4e88",
                "7ed916815c77d1d6f117a282492079461f14737a7cbbfcb17d65cd415d22a5d2",
                "4c54604137b1b4742320077587d9435419d8fa839975e3141efac454dbb982dc",
                "0ca134ea3e3cfe8f653efd0e35d970067bff522259125f69a3747be674f0aba1",
                "ac1bdfcc60f00aaa842e2eb2160e4dfe7c0b50615a9bb0fc085ccc85a2b0695e",
                "cb04752187ee2158deb0bd4bb9ef23bf9a41b85bdc211aeeb9c07aa22840ad45",
                "c3cffd857274946341e21f53ed13b8bdc82a1167cc088405919fc439b2922274",
                "2038afa549177198c4a9ff1244a699a240ac60fb14b8860c3b7ae81302564f30",
                "4755783f46cea995e996611cd84d13e6ca6d3a1a15ddf1c47e5a5e7b78232c89",
                "3bb3ecb3b846f96530621004273537bc0488cbc855ec253a1e1c877c4dc318ca",
                "1f870aa76650f4bbb4c600c4b16eb2a37a6fa6a1430573b39c5182b24be8e6f0",
                "99796e803b620d7425a387f1ba57a881bd0942ff3d6f9a0f7aec641cca979706",
                "ee8238273ef6caa209160a9246908f5e5a1039276fb02ed15a056db996bf0516",
                "d162b4f76602ec748eecf62269274b098e900205cfec20003c3c4b8e08303fc1",
                "3e5ec6faa79555d916a0fce2f60b0b15b0b6e0822e013f0f73be44fdd87a0f12",
                "399c87774ae2b42c10b0583cb70063fec6a93c445ebdc42bc2e50d5a3bd655fc",
                "9f9e9344fe83afdb1424b926ce983bf2ff5200a1faa84c6b4eb8b5a9f49b706f",
                "ff0862b864292cd5e881e158ee96d74fd4805ef8a615c5a17f60613bd3836383",
                "2f6942f71969025bd5a894d85b5dc7ff53582fb2bdda76b36c36ccad8f38bc0e",
                "86ba9ee480220441466692a8a76bf88248146d088670611b3e3815d0da4a5875",
                "cbc38ce4d7b0f1ee0905850b2f4f4140edfe6f1cccc2f23ddb976ee2620aea7c",
                "4bff7acfedeadfbd9269582ffb0c8df522394e9ea0666fa9c9962f6ee1d9d8e2",
                "abf24b203472b8e800a56502de0af35cd53486b964f1b2eb4e72836f93454efb",
                "2667e57204daea03da6b65a7b76118a39377d889c0cf6f82300ebabc491bbaef",
                "e88a6432f909a51a8311f1602fd6fee248542544b102050eaa920e92861c0abf",
                "9127dd7547181768eddb20de7fb61d28266f2e0367a189655330d040d555475b",
                "e22b1bb8c9ac0ae72b82dd13a98166470ffbeba2864f42f8d6d7f95fff9011f3",
                "4f56038427f7352b02bef37a04a109df0df3c7e067dd90c907b7c6f58e4d0c30",
                "2fced2be17a92077f8ace50294bf5c5737991ce3cc2cd285d8dc35e5c8e25f15",
                "ced4fab6f6f8914ffd0b0653d0a8107351a700f68b404120446417c5e742e22e",
                "b2bd20e8e4233e65ea81b688e0f1979594e0c27e1ea8ce8a72112eca7e631c22",
                "a3e31daee9a8cacdcd088bdb0e8e0de8fd8853230f777696496396f4579c0e96",
                "0acd0128eb978eec4f0cb48908f52fff4bf2db7db48e5cc71a1e09b63d07e274",
                "a10666a9d508be5269129356c1ee462207d06202e7fe9da1aafb6d5e274e7427",
                "47a7e9ff4210ba15eb259de51d3bffd6c9302cefb1c74e905c6ae596d9992aa7",
                "f4a4acf482e70dbffa89d20e7b9ee5f9cd44054098e5b4580fe3502b7f335b1c",
                "fcc27c2e53eb79b77b7a52001c7d552aebf2f7a4f07c1f581a8dc7ff8a1396cb",
                "e6e0779ce0cbf617f3c570be2163cfaea829101ecf2b8e6ebb5c536b0b369b33",
                "97d25be7f365df050fca44a81a282c065708f2d2366d193648107fc905f75762",
                "971f8af172e2e65bf8a0f677533a48a276a485f1de3f658be65ef3f7ae2f9f7b",
                "bbcd6663ee7cc4c9222323e10782a7140553164489b643fd43b2f438dd623e66",
                "7932c4423312e67ffa2d942b15de3cf0032def0ee9858b6e919f67216926a96e",
                "6a838fb28d07318dd81fcc62e1a5b93586935441ac27b545ec2ead7ae28e9766",
                "3588a261a70ea4d89c593b7d5179f147edef183e65470a6fbe484a7951198f25"
            ],
            "type": "Document",
            "exampleSites": [
                "www.xyz.ng",
                "www.worldometers.info",
                "triblive.com",
                "motorbikewriter.com",
                "bmicalc.co",
                "www.todaysdate.com",
                "www.usamega.com",
                "gameslikefinder.com",
                "en.mediamass.net",
                "www.historyplace.com",
                "www.wmtw.com",
                "learnersbucket.com",
                "femalevillains.fandom.com",
                "marketinsider.net",
                "www.everything-birthday.com",
                "www.mystateline.com",
                "localalcohollaws.com",
                "timestamp.online",
                "coolconversion.com",
                "www.whatnationaldayisit.com"
            ]
        },
        {
            "rule": "everquote\\.com\\/pix",
            "cookies": 0.000342,
            "fingerprinting": 0,
            "subdomains": [
                "tpx"
            ],
            "apis": {},
            "sites": 45,
            "prevalence": 0.000342,
            "cnames": [],
            "responseHashes": [
                "ef1955ae757c8b966c83248350331bd3a30f658ced11f387f8ebf05ab3368629"
            ],
            "type": "Image",
            "exampleSites": [
                "www.withinnigeria.com",
                "www.xyz.ng",
                "www.everything-birthday.com",
                "www.bottledprices.com",
                "www.w3docs.com",
                "pythontic.com",
                "networthbro.com",
                "www.usamega.com",
                "www.fox19.com",
                "gameslikefinder.com",
                "www.worldometers.info",
                "coolconversion.com",
                "bezkoder.com",
                "www.weather-forecast.com",
                "localalcohollaws.com",
                "www.caloriesecrets.net",
                "femalevillains.fandom.com",
                "finalank.net",
                "obits.tennessean.com",
                "timestamp.online"
            ]
        },
        {
            "rule": "everquote\\.com\\/gdn\\/image",
            "cookies": 0.0000228,
            "fingerprinting": 0,
            "subdomains": [
                "ads"
            ],
            "apis": {},
            "sites": 3,
            "prevalence": 0.0000228,
            "cnames": [],
            "responseHashes": [
                "5a51100a730d5ca4b14540e26595b73cce5b7cacfb3fa24359a04b287f75cf7f"
            ],
            "type": "Image",
            "exampleSites": [
                "localalcohollaws.com",
                "presscalifornia.com",
                "www.historyplace.com"
            ]
        }
    ],
    "categories": [],
    "performance": {
        "time": 1,
        "size": 1,
        "cpu": 0,
        "cache": 3
    },
    "cookies": 0.000357,
    "types": {
        "Document": 47,
        "Image": 48
    }
}