{
    "domain": "evolok.net",
    "owner": {},
    "source": [
        "DuckDuckGo-US"
    ],
    "prevalence": 0.000123,
    "sites": 18,
    "subdomains": [
        "ieo",
        "nmg",
        "syn",
        "hol",
        "ndcx",
        "rcp",
        "cor"
    ],
    "cnames": [],
    "fingerprinting": 0,
    "resources": [
        {
            "rule": "evolok\\.net\\/ic\\/api\\/social\\/permissions",
            "cookies": 0,
            "fingerprinting": 0,
            "subdomains": [
                "ieo",
                "nmg",
                "syn"
            ],
            "apis": {},
            "sites": 3,
            "prevalence": 0.0000206,
            "cnames": [],
            "responseHashes": [
                "b868637c9a41319a1538d909a6d43758e36dc1d83661ed9bad41aa17d57bf26e",
                "002d74d159493396f449e71e9fe9e202612d7fa42c8c4c41d04e3905a81e6fc8"
            ],
            "type": "XHR",
            "firstPartyCookies": {},
            "firstPartyCookiesSent": {},
            "exampleSites": [
                "indianexpress.com",
                "nation.africa",
                "www.synonymer.se"
            ]
        },
        {
            "rule": "evolok\\.net\\/acd\\/api\\/3\\.0\\/authorize\\/json",
            "cookies": 0.0000617,
            "fingerprinting": 0,
            "subdomains": [
                "nmg",
                "hol",
                "ndcx",
                "rcp",
                "syn"
            ],
            "apis": {},
            "sites": 9,
            "prevalence": 0.0000617,
            "cnames": [],
            "responseHashes": [
                "ba7dcd9d7ae970312f182ef5f0ddaa4b1c2919dd2afa5f7d0c50d86941d9abc3",
                "052f3c489aed23b8f3466f7cd785414a5168b24e2f99c485c59b4d733503a547",
                "8b787e190c108b7267303b86afa3e8ce533d04c00afeec70429185ca6a60a009",
                "bd1730daaa9c4c5d6839734957bf8145c49f214a5cabf2681219c720809067f8",
                "752f7b20cda87e90a8a19cfdc3d7baa0899526bfbdd9e4f5c0916bc4977af5ac",
                "9fcabbabebf76c317a71b752878f20aacbc511973a49cb48c2f393d2d4ad6930",
                "727b9ccdb79311f0d885b1cb0234fba105d147439ccf859b6439c71ba98c9d65",
                "a32cb048ab49283cc24afe630a62ae17a852a03b56a1098045155357372b19c1"
            ],
            "type": "XHR",
            "firstPartyCookies": {},
            "firstPartyCookiesSent": {},
            "exampleSites": [
                "nation.africa",
                "www.hola.com",
                "www.lc.nl",
                "www.realclearhistory.com",
                "www.realcleardefense.com",
                "www.realclearpolitics.com",
                "www.realclearmarkets.com",
                "www.realclearscience.com",
                "www.synonymer.se"
            ]
        },
        {
            "rule": "evolok\\.net\\/acd\\/api\\/3\\.0\\/widgets\\/templates\\/notifier",
            "cookies": 0,
            "fingerprinting": 0,
            "subdomains": [
                "nmg",
                "rcp",
                "syn"
            ],
            "apis": {},
            "sites": 7,
            "prevalence": 0.000048,
            "cnames": [],
            "responseHashes": [],
            "type": "Preflight",
            "firstPartyCookies": {},
            "firstPartyCookiesSent": {},
            "exampleSites": [
                "nation.africa",
                "www.realcleardefense.com",
                "www.realclearhistory.com",
                "www.realclearpolitics.com",
                "www.realclearmarkets.com",
                "www.realclearscience.com",
                "www.synonymer.se"
            ]
        },
        {
            "rule": "evolok\\.net\\/acd\\/api\\/3\\.0\\/widgets\\/templates\\/notifier",
            "cookies": 0,
            "fingerprinting": 0,
            "subdomains": [
                "nmg",
                "cor",
                "rcp",
                "syn"
            ],
            "apis": {},
            "sites": 8,
            "prevalence": 0.0000548,
            "cnames": [],
            "responseHashes": [
                "ce4d92e64e74769954309a0feb70f0745feee2a397674e3ba187a19d2ae65296",
                "e3b0c44298fc1c149afbf4c8996fb92427ae41e4649b934ca495991b7852b855"
            ],
            "type": "XHR",
            "firstPartyCookies": {},
            "firstPartyCookiesSent": {
                "ev_sid": 0.000006852929284622712
            },
            "exampleSites": [
                "nation.africa",
                "www.prensa.com",
                "www.realclearhistory.com",
                "www.realcleardefense.com",
                "www.realclearpolitics.com",
                "www.realclearmarkets.com",
                "www.realclearscience.com",
                "www.synonymer.se"
            ]
        },
        {
            "rule": "evolok\\.net\\/acd\\/api\\/3\\.0\\/widgets\\/templates\\/dwellTime",
            "cookies": 0,
            "fingerprinting": 0,
            "subdomains": [
                "rcp"
            ],
            "apis": {},
            "sites": 5,
            "prevalence": 0.0000343,
            "cnames": [],
            "responseHashes": [
                "e3b0c44298fc1c149afbf4c8996fb92427ae41e4649b934ca495991b7852b855"
            ],
            "type": "XHR",
            "firstPartyCookies": {},
            "firstPartyCookiesSent": {},
            "exampleSites": [
                "realcleardefense.com",
                "www.realclearhistory.com",
                "www.realclearpolitics.com",
                "www.realclearmarkets.com",
                "www.realclearscience.com"
            ]
        }
    ],
    "categories": [],
    "performance": {
        "time": 0,
        "size": 0,
        "cpu": 0,
        "cache": 0
    },
    "cookies": 0.000103,
    "types": {
        "XHR": 25,
        "Preflight": 7
    },
    "nameservers": [
        "ns-1891.awsdns-44.co.uk",
        "ns-243.awsdns-30.com",
        "ns-576.awsdns-08.net",
        "ns-1485.awsdns-57.org"
    ]
}