{
    "domain": "exchangeratesapi.io",
    "owner": {},
    "source": [
        "DuckDuckGo-US"
    ],
    "prevalence": 0.000137,
    "sites": 18,
    "subdomains": [
        "api"
    ],
    "cnames": [],
    "fingerprinting": 0,
    "resources": [
        {
            "rule": "exchangeratesapi\\.io\\/latest",
            "cookies": 0.0000683,
            "fingerprinting": 0,
            "subdomains": [
                "api"
            ],
            "apis": {},
            "sites": 9,
            "prevalence": 0.0000683,
            "cnames": [],
            "responseHashes": [
                "ef0971905e9b868b2fa94f58cf114a192e8d9063f5a5c5a14a087e7035a6a920",
                "01479739c56828f92b713134677e973541d3897ce171683f8777912cf3879fc8",
                "aa185a296da87bde6241d47880def38394da2d04fd5fa219e2d9e19ba7a55d46",
                "de1e2ec8e06173ff126a420bb94ff4e109c7fae79a2fb6364dbdf49571262b82",
                "cf5681847a60135c381ccb998240137569c04496af0af11e4841065682ededa1"
            ]
        }
    ],
    "categories": [],
    "performance": {
        "time": 0,
        "size": 0,
        "cpu": 0,
        "cache": 0
    },
    "cookies": 0.000137,
    "types": {
        "XHR": 9
    }
}