{
    "domain": "expertvoice.com",
    "owner": {},
    "source": [
        "DuckDuckGo-US"
    ],
    "prevalence": 0.0000304,
    "sites": 4,
    "subdomains": [
        "www"
    ],
    "cnames": [],
    "fingerprinting": 1,
    "resources": [
        {
            "rule": "expertvoice\\.com\\/widget\\/recommendations",
            "cookies": 0.0000304,
            "fingerprinting": 0,
            "subdomains": [
                "www"
            ],
            "apis": {},
            "sites": 4,
            "prevalence": 0.0000304,
            "cnames": [],
            "responseHashes": [
                "096a3e7cc658245435ab7f9e1f2547a632dc6cb5c5fc1c84d1920813ae2dcfd0",
                "f150986e05aa821b40b86bb3a4ea33415c1f7e6330b3f6b637b783876393b874",
                "e28b0fcc7ef368a0dde46d94566a61009468c11cc9899caa5be2bf106b4a820b"
            ]
        },
        {
            "rule": "expertvoice\\.com\\/widget\\/js\\/recommendations\\/recommendations-1a4309cf441140c6d326\\.js",
            "cookies": 0,
            "fingerprinting": 1,
            "subdomains": [
                "www"
            ],
            "apis": {
                "Navigator.prototype.userAgent": 1,
                "Element.prototype.getClientRects": 2
            },
            "sites": 4,
            "prevalence": 0.0000304,
            "cnames": [],
            "responseHashes": [
                "801982b3a6c4494d57747b64e2169ae5b9d07e363b45f060d09f5daf167676ca"
            ]
        },
        {
            "rule": "expertvoice\\.com\\/xapi\\/analytics-collector\\/pub\\/1\\.0\\/analyticEvent",
            "cookies": 0.0000304,
            "fingerprinting": 0,
            "subdomains": [
                "www"
            ],
            "apis": {},
            "sites": 4,
            "prevalence": 0.0000304,
            "cnames": [],
            "responseHashes": [
                "a15cc11e3901b1cd5a33f308500c75364b2f94185228191c8737e8fd68752468",
                "cc91b63c9fe7a0c54e9df8960fdc92a93154a5a896266f8cbf3944402a180fb1",
                "054f60aedb2e9239a2e373fdd164b8ea11e4d5a27674e57146d3d44652d8c9e0"
            ]
        }
    ],
    "categories": [],
    "performance": {},
    "cookies": 0.0000304,
    "types": {
        "Document": 4,
        "Script": 4,
        "Other": 4
    }
}