{
    "domain": "extreme-ip-lookup.com",
    "owner": {},
    "source": [
        "DuckDuckGo-US"
    ],
    "prevalence": 0.00073,
    "sites": 106,
    "subdomains": [],
    "cnames": [],
    "fingerprinting": 0,
    "resources": [
        {
            "rule": "extreme-ip-lookup\\.com\\/json\\/",
            "cookies": 0,
            "fingerprinting": 0,
            "subdomains": [],
            "apis": {},
            "sites": 8,
            "prevalence": 0.0000551,
            "cnames": [],
            "responseHashes": [
                "1040c8ad8e16d004ca684bd09b523a035f0821f60ee4f9d5aeb85ce4f67d9697",
                "147f36f4b03ee14becc0192ee35e558d5d829f9bc34e235383d2b28cd30828c0",
                "c72cff41c2c14b896c419cbb02c9c7cfed1c657e93965c2d2eb9c49cd7fcbe1d",
                "b359f40f47765dccc22219152fc1bf4681257e4b7f23dbe709faa948466d0847",
                "4a302e70799cd891890d893020b8a0a499c292173bf4a34b882e2b91e1b1d78e",
                "d230b9f80a0f3d46c6bec5d90f1c0dcfcf393d2278e8f672a7fce662d23181fd",
                "8986e8af9e52d04a5b55f9990e5b77d98acefe1be84cbb47aeefbc468b372b29"
            ],
            "type": "Script",
            "firstPartyCookies": {},
            "firstPartyCookiesSent": {},
            "exampleSites": [
                "joinhandshake.com",
                "www.avogel.co.uk",
                "www.brainpickings.org",
                "www.christiesrealestate.com",
                "www.hihonor.com",
                "www.itaka.pl",
                "www.solaredge.com",
                "www.trailertrader.com"
            ]
        },
        {
            "rule": "extreme-ip-lookup\\.com\\/json\\/",
            "cookies": 0,
            "fingerprinting": 0,
            "subdomains": [],
            "apis": {},
            "sites": 46,
            "prevalence": 0.000317,
            "cnames": [],
            "responseHashes": [
                "69592bc805d1ab4d92239055d1d577a2f8584ffb14014e3c3fc41f1cff18c18c",
                "7d4fe67d16356e016cddd3284abe20012396fdcb1b9b3786782fef62a07ddada",
                "a7586e947d1d7c969e4a372b55786582177364b55d52482c07c2d40f74fa56f4",
                "3f23d0ec51ee6d6dcb136bd3f3560af06d7ecb4bc1b9900753a4f972600f3fb7",
                "13f1c25b3e0b9beb5fa9f76b4de63df06dbdc3491d572bb63ce256711c2ef4a4",
                "ba039dc63d6430edb8da260db41652203bf7341e319e02e5471be1ee791a6b11",
                "f6bcf910389ad434f3ccb1767a4b4c1b467bac6baf734833ff028e9c9c47437d",
                "994322d75e6a4ddd30200eddb98530bc309df32cb6080e5f46ad09dae8876cb2",
                "3d9c13ae7bf82869707c54109849c0e624792c9d49e82586a7eccd6d4f954766",
                "1f84f98414d2b3afced88a0e7aae682e4afbdd6c17c9d0b207664b389a2f2cad",
                "dc523631fa1b15445832d64e8e156bcae576e338129470ef0e0079f22a0434f8",
                "04cdc343f839d5a64534cb1549e80e26a65ee962e60744de29a190c675067639",
                "181d17a6659a8277fc1a0d18aff31c1fd64d23366480a12e253a20bd339061f3",
                "fa9a02516edcfa09645fbc5163eb604058a0e2b8d24431ddf4815d6580842676",
                "33e1ff22a5ae2bb985375f6ab3c745350c79a13dd4f4280d936b7471d8553746",
                "930ac00fa40b237a9dbafafe15f78cc63ba7c81693056c7ac7d9910a91fbf474",
                "339f37f8f88e21aeac08c714f95d26972b786ecf6c9e37ca23c9a0e8ff531ccd",
                "04c0eda8715823a729e27b90510dddb0ad964bf58e8f99534a6392581bf78c8c",
                "4d50a01bfe1a1585428796b9e3e9f3875cef9520248b32c253a78b19ae318027",
                "809e0309b4d3abf1bc5dd1ab0b9bf1324fed834f7a1e2aa2ba67e68f1c27a637",
                "5cf178eee3ac833762ed71880b8e864d1190b20a7af74ccc0f01c80dfb27caf3",
                "69b6128f0b57d860c0f563a3136c4d2686111062b7eac781f6e276e9092b4698",
                "3521c60a71d33f3a5a02e005cbf67b141baafa5f11d397b41557456a86702932",
                "d45cf5287b3e3ff92118e6298ceabcee07c1a5660f26064f8ef160f7b56bc4cc",
                "27160fdbc91d36ab9cdbb7d4787a2519ef8c8afd32665824753083b7e7238070",
                "9f0c9aa0a8ddf9bb3978ef76c0c577b6eb7bb72a4c410ce6d2a1d656825a564a",
                "e986c6aabf78abc55d971dbb7bb84fa1c5edcb4c92e073eda6b0247fe1ca34e0",
                "81fa16dff594696db70e4b286ef7b0bd9d3ac3a1b27ae3f6ca9b2b768f10ce6d",
                "353bb44706920a3efba70e80275d078e58983296f1aacb114695d7ba8be0799a",
                "0401865ba92e071652864f6b0d0906922d629a798b18f2e7fcdf4c716adec33d",
                "90c641da6e854a1465406397c7df6598b0f1de3da5d9729e2fce0cbe0e771e37",
                "134de269dbcc70c7d303f9ad8a8379fad65cc04801e5321704b226dc881f18ec",
                "2c3ade194ec6697e338c6ae2230b8dbd0dc6a9a1af750d2320800c74aa76f779"
            ],
            "type": "XHR",
            "firstPartyCookies": {},
            "firstPartyCookiesSent": {},
            "exampleSites": [
                "hanime.red",
                "www.valleyvet.com",
                "cartoonpornvids.com",
                "brandnewtube.com",
                "www.thalesgroup.com",
                "www.roxytube.com",
                "veporn.com",
                "www.lesalonbeige.fr",
                "fleever.com",
                "plantaddicts.com",
                "bibleproject.com",
                "nl-nl.bakker.com",
                "woodsequipment.com",
                "swapzone.io",
                "www.apolloniaponti.com",
                "henvt.com",
                "newengland.com",
                "www.brandnewtube.com",
                "www.shockgore.com",
                "worldtruthvideos.org"
            ]
        },
        {
            "rule": "extreme-ip-lookup\\.com\\/json\\/",
            "cookies": 0,
            "fingerprinting": 0,
            "subdomains": [],
            "apis": {},
            "sites": 4,
            "prevalence": 0.0000276,
            "cnames": [],
            "responseHashes": [
                "2fcd6a9d47086d7e949d2e06e8a039be83d0a6c63c2bb5975f48875a2b3e1e59",
                "4acf272df0b7650af8589328ef51956861ebe07f2a34ee960fe263a29180f3da",
                "633445fa13742505869b75ec5f10d476c2d726725845904e1062df9e571ace0a"
            ],
            "type": "Fetch",
            "firstPartyCookies": {},
            "firstPartyCookiesSent": {},
            "exampleSites": [
                "jewsforjesus.org",
                "www.der-ersatzteile-profi.de",
                "www.floliving.com",
                "www.telecineplay.com.br"
            ]
        }
    ],
    "categories": [],
    "performance": {
        "time": 1,
        "size": 1,
        "cpu": 0,
        "cache": 3
    },
    "cookies": 0,
    "types": {
        "Script": 8,
        "XHR": 46,
        "Fetch": 4
    },
    "nameservers": [
        "ns1.extreme-ip-lookup.com",
        "ns2.extreme-ip-lookup.com"
    ]
}