{
    "domain": "extreme-ip-lookup.com",
    "owner": {},
    "source": [
        "DuckDuckGo-US"
    ],
    "prevalence": 0.00052,
    "sites": 75,
    "subdomains": [],
    "cnames": [],
    "fingerprinting": 0,
    "resources": [
        {
            "rule": "extreme-ip-lookup\\.com\\/json\\/",
            "cookies": 0,
            "fingerprinting": 0,
            "subdomains": [],
            "apis": {},
            "sites": 9,
            "prevalence": 0.0000624,
            "cnames": [],
            "responseHashes": [
                "8986e8af9e52d04a5b55f9990e5b77d98acefe1be84cbb47aeefbc468b372b29",
                "8ea63f34294403dfd885d73acdb5fc16b05c2bce44130c0c2661449d7c8744b5",
                "1040c8ad8e16d004ca684bd09b523a035f0821f60ee4f9d5aeb85ce4f67d9697",
                "147f36f4b03ee14becc0192ee35e558d5d829f9bc34e235383d2b28cd30828c0",
                "c72cff41c2c14b896c419cbb02c9c7cfed1c657e93965c2d2eb9c49cd7fcbe1d",
                "a69cb1ff33d949d05380a13f21cf7aef2eeeafb575150388aa9602936d1834f4"
            ],
            "type": "Script",
            "firstPartyCookies": {},
            "firstPartyCookiesSent": {},
            "exampleSites": [
                "joinhandshake.com",
                "app.joinhandshake.com",
                "maglite.com",
                "www.avogel.co.uk",
                "www.brainpickings.org",
                "www.christiesrealestate.com",
                "www.radioddity.com",
                "www.solaredge.com",
                "www.trailertrader.com"
            ]
        },
        {
            "rule": "extreme-ip-lookup\\.com\\/json\\/",
            "cookies": 0,
            "fingerprinting": 0,
            "subdomains": [],
            "apis": {},
            "sites": 30,
            "prevalence": 0.000208,
            "cnames": [],
            "responseHashes": [
                "69592bc805d1ab4d92239055d1d577a2f8584ffb14014e3c3fc41f1cff18c18c",
                "7d4fe67d16356e016cddd3284abe20012396fdcb1b9b3786782fef62a07ddada",
                "3f23d0ec51ee6d6dcb136bd3f3560af06d7ecb4bc1b9900753a4f972600f3fb7",
                "13f1c25b3e0b9beb5fa9f76b4de63df06dbdc3491d572bb63ce256711c2ef4a4",
                "733108929d3a08a2d362857dbba5966f4d76c613139ee27e46cae4c3104d4e55",
                "1f84f98414d2b3afced88a0e7aae682e4afbdd6c17c9d0b207664b389a2f2cad",
                "d297a51965dbc619df26a5f78640c7b72f248c0b7dbeba6fe1674b5d1d5e2b03",
                "fa9a02516edcfa09645fbc5163eb604058a0e2b8d24431ddf4815d6580842676",
                "33e1ff22a5ae2bb985375f6ab3c745350c79a13dd4f4280d936b7471d8553746",
                "0401865ba92e071652864f6b0d0906922d629a798b18f2e7fcdf4c716adec33d",
                "dc523631fa1b15445832d64e8e156bcae576e338129470ef0e0079f22a0434f8",
                "678170f6ef35a9fe11d557d0a34ed08fb8142b77c408b99b83b38ed76c79ba33",
                "fb66b256fdc18c4fad7898050db844d1f294aacc6d8a0c0fe4b72b42ea56bdd4",
                "69b6128f0b57d860c0f563a3136c4d2686111062b7eac781f6e276e9092b4698",
                "d45cf5287b3e3ff92118e6298ceabcee07c1a5660f26064f8ef160f7b56bc4cc",
                "5a12460313e81bd5145df990f86cef43d9d959fa9e763a3c6b58847491288e20",
                "9f0c9aa0a8ddf9bb3978ef76c0c577b6eb7bb72a4c410ce6d2a1d656825a564a",
                "c694bd47185bc49cc708c321877d02a5cb2804f9ab94d9c9899a1bbae4f74e6d",
                "81fa16dff594696db70e4b286ef7b0bd9d3ac3a1b27ae3f6ca9b2b768f10ce6d",
                "90c641da6e854a1465406397c7df6598b0f1de3da5d9729e2fce0cbe0e771e37",
                "134de269dbcc70c7d303f9ad8a8379fad65cc04801e5321704b226dc881f18ec",
                "10a2a51f8e6b0666be9f139dc9d8fcdd461eb7111bd0892460c84908def776bd"
            ],
            "type": "XHR",
            "firstPartyCookies": {},
            "firstPartyCookiesSent": {},
            "exampleSites": [
                "www.cabdirect.org",
                "newengland.com",
                "dein.tube",
                "rs.n1info.com",
                "www.theadventurechallenge.com",
                "www.kcl.ac.uk",
                "visitidaho.org",
                "www.hunterboots.com",
                "drop.space",
                "cartoonpornvids.com",
                "www.sme.sk",
                "matcha-jp.com",
                "gb.ecco.com",
                "www.shockgore.com",
                "www.bostik.com",
                "support.bissell.com",
                "roxytube.com",
                "www.hindawi.com",
                "www.janushenderson.com",
                "myhentaimovie.com"
            ]
        },
        {
            "rule": "extreme-ip-lookup\\.com\\/json\\/",
            "cookies": 0,
            "fingerprinting": 0,
            "subdomains": [],
            "apis": {},
            "sites": 4,
            "prevalence": 0.0000277,
            "cnames": [],
            "responseHashes": [
                "4acf272df0b7650af8589328ef51956861ebe07f2a34ee960fe263a29180f3da",
                "49abf964ca902239744787e8c91c1b1612630737c80bba89906025ef6379b703",
                "633445fa13742505869b75ec5f10d476c2d726725845904e1062df9e571ace0a"
            ],
            "type": "Fetch",
            "firstPartyCookies": {},
            "firstPartyCookiesSent": {},
            "exampleSites": [
                "jewsforjesus.org",
                "www.floliving.com",
                "www.gpen.com",
                "www.telecineplay.com.br"
            ]
        }
    ],
    "categories": [],
    "performance": {
        "time": 1,
        "size": 1,
        "cpu": 0,
        "cache": 3
    },
    "cookies": 0,
    "types": {
        "Script": 9,
        "XHR": 30,
        "Fetch": 4
    },
    "nameservers": [
        "ns1.extreme-ip-lookup.com",
        "ns2.extreme-ip-lookup.com"
    ]
}