{
    "domain": "extremereach.io",
    "owner": {},
    "source": [
        "DuckDuckGo-US"
    ],
    "prevalence": 0.000229,
    "sites": 33,
    "subdomains": [
        "vast",
        "cdn1",
        "beacons",
        "beacons2"
    ],
    "cnames": [],
    "fingerprinting": 0,
    "resources": [
        {
            "rule": "extremereach\\.io\\/vast",
            "cookies": 0,
            "fingerprinting": 0,
            "subdomains": [
                "vast"
            ],
            "apis": {},
            "sites": 31,
            "prevalence": 0.000215,
            "cnames": [],
            "responseHashes": [
                "8732b18457146ced0370384b121eae3de787b5c2d209b38141824ad1a1609434",
                "0edfe96e445de19f7309ac45a30ff396f36c05bf801a9b37074e1f4bf40fc3b7",
                "b9d639cc411598b257910c9420901dda8a7b684ec37e99a1dd1a6fd3f13f5312",
                "857d93b71956577801df3de38b5b758d49554b869eeaa22e2d4f9cc5cbc98481",
                "e3f5fd6442e8f2c1220306432042c9aed951393112cf648e0e23d8ad7dbfbc8f",
                "b3bd6853e8e747710973d3db32c216b0e15956cb27edfef6409578d77ae8448e",
                "03b5a7f1e489598d4b41a1d6ac0a04012f3341eb10f955892397ba16ad399bc9",
                "ae689a1be56c320708d93fb8e36670c836c4382409cfcce9ec77adb0ebd42a23",
                "b08cada0767ac802e15dd488dbe2c2b5a7a87488cfea8eeef90623ec9920b9d9",
                "dee19965378c99e27b7fbf5a24284a204a458a0efaa0656933ae7d0beb114b7d",
                "2e1849403f19730cc22964281fba1bc53e4c1369425af0863fe623d181d760e9",
                "c03e730508a92b493a2f08fef40f605331d0d956db010c4a017b02315e45dc58",
                "29c7d64dce2b8e1bda6debace1e5fa3848320769e983fb27c28b9a7f42a81770",
                "f80ecb2512b564c6736d9abb057934f77245daa600c3c09a5f984bf3662e1ebd",
                "55b2242220e6b2299788d3c3fbedbdc845ba85adb80dce235b0a59521e27f07f",
                "8ae357006bc9d246fb355a451b1aaa023d0112a2f3ef308db0fa9119c3400f33",
                "6421ee6d946de8b979ad9a6a0b09036bd077485983b0d6328fee368b3f1f5830",
                "974062fed84441a836394fe67131914fba2fe3c85b43613331c976b782bf6711",
                "6dd178145f13c7ce2ac9d9751b73313e277de0deec108f059fefc588d20fa192",
                "1dc246f8573c39483c011194482bfe9439bf8b5c8c1323709174bc57c8d090c2",
                "4f6ded3cd0efa3b838175930771e163fa6fff7acdd509e57753fc7b08f728da4",
                "89ba8f790e0700f53df11caadadafd7f91e7424c8026353f2dea0fe4d4a8c8c4",
                "acdfcddd59e901ca1bfdbf9dc1f1cde604cac915f765878674524eff44676003",
                "9baaa539596d5cf6af5ecbcec340739e9842802106ccefb72379f832a82fb2c4",
                "1b696afea83f444e7572630b5512f5fa00f6d5c7aae276329c8db5f281f61156",
                "8c1e17d0ab91639e78c8ea4bc99756f6aab2c4fd3f14d4ed7a12361a4b631eab",
                "9f3a187b3fcce38bad286916616953f9ecea15e04f5e43b6b1aa95a9ce66d780",
                "d6ebd02fdb827d64417a9e7a946a53e93b1da32818601e30e433b1aa59844790",
                "6beaddcf13a9ee337c7bfaf842aaa63bd347bb01027dc75505e982e3dbe12487"
            ],
            "type": "XHR",
            "firstPartyCookies": {},
            "firstPartyCookiesSent": {},
            "exampleSites": [
                "twinfinite.net",
                "tribunnews.com",
                "forums.operationsports.com",
                "nationalpost.com",
                "classiccars.com",
                "www.capitalgazette.com",
                "kaiserreich.fandom.com",
                "forgeofempires.fandom.com",
                "www.90min.com",
                "triblive.com",
                "phantasystar.fandom.com",
                "titanfall.fandom.com",
                "www.thebiglead.com",
                "stormlightarchive.fandom.com",
                "highschooldxd.fandom.com",
                "fargo.fandom.com",
                "www.newyorkjets.com",
                "guiltyeats.com",
                "thehuntercotw.fandom.com",
                "www.chicagotribune.com"
            ]
        },
        {
            "rule": "extremereach\\.io\\/media\\/107116\\/145952\\/11b7199e-8084-4660-ab88-e0948ab340b3\\/831d74a7-434a-4e5d-90bb-79258ef78103\\.mp4",
            "cookies": 0,
            "fingerprinting": 0,
            "subdomains": [
                "cdn1"
            ],
            "apis": {},
            "sites": 3,
            "prevalence": 0.0000208,
            "cnames": [],
            "responseHashes": [],
            "type": "Media",
            "firstPartyCookies": {},
            "firstPartyCookiesSent": {},
            "exampleSites": [
                "tribunnews.com",
                "jabar.tribunnews.com",
                "twinfinite.net"
            ]
        },
        {
            "rule": "extremereach\\.io\\/media\\/107116\\/145952\\/a56097b4-2af2-4c35-8639-0d7d1bfe2924\\/6018982d-e9d5-47fe-a359-aebc86a1ea4d\\.mp4",
            "cookies": 0,
            "fingerprinting": 0,
            "subdomains": [
                "cdn1"
            ],
            "apis": {},
            "sites": 2,
            "prevalence": 0.0000139,
            "cnames": [],
            "responseHashes": [],
            "type": "Media",
            "firstPartyCookies": {},
            "firstPartyCookiesSent": {},
            "exampleSites": [
                "classiccars.com",
                "ffxiv.consolegameswiki.com"
            ]
        },
        {
            "rule": "extremereach\\.io\\/duration",
            "cookies": 0.0000833,
            "fingerprinting": 0,
            "subdomains": [
                "beacons"
            ],
            "apis": {},
            "sites": 12,
            "prevalence": 0.0000833,
            "cnames": [],
            "responseHashes": [
                "6adc3d4c1056996e4e8b765a62604c78b1f867cceb3b15d0b9bedb7c4857f992"
            ],
            "type": "Image",
            "firstPartyCookies": {},
            "firstPartyCookiesSent": {
                "janrainSSO_session": 0.000006945795015697497
            },
            "exampleSites": [
                "classiccars.com",
                "crusaderkings-two.fandom.com",
                "fargo.fandom.com",
                "forgeofempires.fandom.com",
                "forums.operationsports.com",
                "highschooldxd.fandom.com",
                "kaiserreich.fandom.com",
                "nationalpost.com",
                "phantasystar.fandom.com",
                "stormlightarchive.fandom.com",
                "thehuntercotw.fandom.com",
                "titanfall.fandom.com"
            ]
        },
        {
            "rule": "extremereach\\.io\\/media\\/36591\\/73852\\/f5948231-7b34-4046-8b53-d78d8c6f48d4\\/703f4b0e-ca2b-4e2f-bd4c-97d2ac35b6fc\\.webm",
            "cookies": 0,
            "fingerprinting": 0,
            "subdomains": [
                "cdn1"
            ],
            "apis": {},
            "sites": 3,
            "prevalence": 0.0000208,
            "cnames": [],
            "responseHashes": [
                "bfd5e6fb269b531899a04f777e79ca8dd3be36a692025037ec3bcd86363b9490"
            ],
            "type": "Media",
            "firstPartyCookies": {},
            "firstPartyCookiesSent": {},
            "exampleSites": [
                "fandom.com",
                "crusaderkings-two.fandom.com",
                "highschooldxd.fandom.com"
            ]
        },
        {
            "rule": "extremereach\\.io\\/cp-imp",
            "cookies": 0.0000764,
            "fingerprinting": 0,
            "subdomains": [
                "beacons"
            ],
            "apis": {},
            "sites": 11,
            "prevalence": 0.0000764,
            "cnames": [],
            "responseHashes": [
                "3ca19e57c9a2465ae4df271316ba4d29e7ff7f113a2a2c5297780c0b7a0ac09d"
            ],
            "type": "Image",
            "firstPartyCookies": {},