{
    "domain": "fancy.com",
    "owner": {},
    "source": [
        "DuckDuckGo-US"
    ],
    "prevalence": 0.000106,
    "sites": 14,
    "subdomains": [],
    "cnames": [],
    "fingerprinting": 0,
    "resources": [
        {
            "rule": "fancy\\.com\\/fancyit\\/count",
            "cookies": 0.000076,
            "fingerprinting": 0,
            "subdomains": [],
            "apis": {},
            "sites": 10,
            "prevalence": 0.000076,
            "cnames": [],
            "responseHashes": [
                "fb8b3f8038cf130ae21ed89a77552f5bcce884978439380b26e4725f15fdd305",
                "f50a648c4461aac0a14f9c1050b21ebe317759e779738c9ae171f40df4fb0709",
                "0cb78fc840ccb1d95fca2ae84b71cb3454b8809353bc979ef1f7d20a777a6507",
                "578b1ef44afed452e41cf2901eebddaaf14cad9345ec4a3295bb59cb792806af",
                "43f4d9973e679dad996a464d745cb7937b55ac0175ef2de3c2bc9de1e509201d",
                "a98c9c3e7b882a4a8928d6284e2adfe9cf155a07d9f4e6d9feb7cda66be43199",
                "5277d823a79239b8e86c56ffedc2369ee2429bd8e510061b9e35bea3bcd2544c",
                "ada559cd89495d613b220e6f01f153fd12d5bb7f0f1f482803583912fd045cf8",
                "4eec26f95f5c1f11292b1934b46608777c41ca3b38a3633a38f2a31d03b4f25b"
            ],
            "type": "Script",
            "exampleSites": [
                "hubstaff.com",
                "busyteacher.org",
                "playoffsstream.com",
                "seasonsyear.com",
                "survivalistprepper.net",
                "www.dryingallfoods.com",
                "www.lekkerensimpel.com",
                "www.managementstudyguide.com",
                "www.nezavisne.com",
                "www.telesurenglish.net"
            ]
        }
    ],
    "categories": [],
    "performance": {
        "time": 0,
        "size": 0,
        "cpu": 0,
        "cache": 0
    },
    "cookies": 0.000106,
    "types": {
        "Script": 10
    }
}