{
    "domain": "feedify.net",
    "owner": {},
    "source": [
        "DuckDuckGo-US"
    ],
    "prevalence": 0.00013,
    "sites": 17,
    "subdomains": [
        "cdn"
    ],
    "cnames": [],
    "fingerprinting": 2,
    "resources": [
        {
            "rule": "feedify\\.net\\/getjs\\/feedbackembad-min-3\\.0\\.js",
            "cookies": 0.0000229,
            "fingerprinting": 2,
            "subdomains": [
                "cdn"
            ],
            "apis": {
                "Navigator.prototype.userAgent": 3,
                "Navigator.prototype.vendor": 3,
                "Document.cookie getter": 3,
                "Date.prototype.getTime": 3,
                "Document.cookie setter": 3,
                "window.indexedDB": 3,
                "window.localStorage": 3
            },
            "sites": 3,
            "prevalence": 0.0000229,
            "cnames": [],
            "responseHashes": [
                "b7b89ffd7ef51282349ceb37c100147e016665bbc84b9c38888d3ad87eda1f25"
            ],
            "type": "Script",
            "exampleSites": [
                "fajar.co.id",
                "m.ragalahari.com",
                "www.dhakatribune.com"
            ]
        },
        {
            "rule": "feedify\\.net\\/thirdparty\\/json\\/setting\\/",
            "cookies": 0.0000688,
            "fingerprinting": 0,
            "subdomains": [],
            "apis": {},
            "sites": 9,
            "prevalence": 0.0000688,
            "cnames": [],
            "responseHashes": [
                "6cf15026c37cc51c385955695e3c8f0f64a9e280619cd570fcb0ffbe50b4e9e8",
                "12f270bcc77dae12c9a72238dbbc6c212f7892dc56ed8fcd8a538aa1eaab0ed4",
                "7e3ae4af5a52fe8e6db0859c33906200fb2118a5c596fcba1e6e40505601d924",
                "2208627559fec0e798faf59d242cfcbe4663002a2ac1f511f6834ea07239514e",
                "fafd4e0d0ee6f955d513ef8a570a62e155b11113dda9f748b8ffdabebffd3e3b",
                "9c867a0db80175285475b2fc513d8c348d0858cc4e97611bde2f2bec4d93ce5f",
                "2d4bbe1c7b160565de4a5765fe5b25ebd34ba33d9640a3043dfb144ac40c7909",
                "a1867e48b4d60ab4c1844ee34930592d5396808c557b6ae3da38bfa9d6674ea3"
            ],
            "type": "Script",
            "exampleSites": [
                "fajar.co.id",
                "iharare.com",
                "m.ragalahari.com",
                "www.aplustopper.com",
                "www.dhakatribune.com",
                "www.fresherslive.com",
                "www.learninsta.com",
                "www.ncertbooks.guru",
                "www.successcds.net"
            ]
        },
        {
            "rule": "feedify\\.net\\/js\\/push\\/sw-v-3-0\\.js",
            "cookies": 0.00000764,
            "fingerprinting": 0,
            "subdomains": [
                "cdn"
            ],
            "apis": {},
            "sites": 3,
            "prevalence": 0.0000229,
            "cnames": [],
            "responseHashes": [
                "ede8ef0476575dc5728b7aa229fab740951b592661ea9b02ba628d2e8626ccee"
            ],
            "type": "Other",
            "exampleSites": [
                "fajar.co.id",
                "iharare.com",
                "www.dhakatribune.com"
            ]
        },
        {
            "rule": "feedify\\.net\\/js\\/push\\/sw\\.js",
            "cookies": 0.0000229,
            "fingerprinting": 0,
            "subdomains": [],
            "apis": {},
            "sites": 3,
            "prevalence": 0.0000229,
            "cnames": [],
            "responseHashes": [
                "f1852d1b9d28f597cd398c18a4c4551e1d5514e041f8edf438ff36c61e1dcb0b"
            ],
            "type": "Other",
            "exampleSites": [
                "ragalahari.com",
                "m.ragalahari.com",
                "www.successcds.net"
            ]
        },
        {
            "rule": "feedify\\.net\\/getjs\\/feedbackembad\\.min\\.js",
            "cookies": 0.0000153,
            "fingerprinting": 2,
            "subdomains": [
                "cdn"
            ],
            "apis": {
                "Navigator.prototype.userAgent": 2,
                "Navigator.prototype.vendor": 2,
                "Document.cookie getter": 2,
                "Date.prototype.getTime": 2,
                "Document.cookie setter": 2,
                "window.indexedDB": 2,
                "window.localStorage": 2,
                "Notification.permission": 2
            },
            "sites": 2,
            "prevalence": 0.0000153,
            "cnames": [],
            "responseHashes": [
                "9c5d6723945e110c467cb98f6d5d229f5380269476dcc888333995195c4e6457"
            ],
            "type": "Script",
            "exampleSites": [
                "aplustopper.com",
                "www.aplustopper.com"
            ]
        },
        {
            "rule": "feedify\\.net\\/getjs\\/feedbackembad-min-2\\.0\\.js",
            "cookies": 0.00000764,
            "fingerprinting": 2,
            "subdomains": [
                "cdn"
            ],
            "apis": {
                "Navigator.prototype.userAgent": 2,
                "Navigator.prototype.vendor": 2,
                "Date.prototype.getTime": 2,
                "Document.cookie getter": 2,
                "window.indexedDB": 2,
                "window.localStorage": 2,
                "Notification.permission": 2,
                "Document.cookie setter": 1
            },
            "sites": 2,
            "prevalence": 0.0000153,
            "cnames": [],
            "responseHashes": [
                "6affc9df797b3a123e5cee96f492f09afcd71a24f93d7068d2c59f8963b24805"
            ],
            "type": "Script",
            "exampleSites": [
                "indiatvnews.com",
                "www.learninsta.com"
            ]
        },
        {
            "rule": "feedify\\.net\\/\\/thirdprtyimage\\/1543655388__t6wtiat6\\.png",
            "cookies": 0.0000153,
            "fingerprinting": 0,
            "subdomains": [],
            "apis": {},
            "sites": 2,
            "prevalence": 0.0000153,
            "cnames": [],
            "responseHashes": [
                "88882ee192e152972e1034b7b2c29aca71dab26a01c6f61183de312bb0640c25"
            ],
            "type": "Image",
            "exampleSites": [
                "successcds.net",
                "www.successcds.net"
            ]
        },
        {
            "rule": "feedify\\.net\\/front\\/images\\/chaticon-2\\.png",
            "cookies": 0.0000153,
            "fingerprinting": 0,
            "subdomains": [],
            "apis": {},
            "sites": 2,
            "prevalence": 0.0000153,
            "cnames": [],
            "responseHashes": [
                "15463f06ef674b405e159f9e30164ecdf34af5e44ac221e8e45dfbf837c89b9a"
            ],
            "type": "Image",
            "exampleSites": [
                "successcds.net",
                "www.successcds.net"
            ]
        }
    ],
    "categories": [],
    "performance": {
        "time": 0,
        "size": 0,
        "cpu": 0,
        "cache": 3
    },
    "cookies": 0.00013,
    "types": {
        "Script": 16,
        "Other": 6,
        "Image": 4
    }
}