{
    "domain": "feedify.net",
    "owner": {},
    "source": [
        "DuckDuckGo-US"
    ],
    "prevalence": 0.000152,
    "sites": 20,
    "subdomains": [
        "cdn"
    ],
    "cnames": [],
    "fingerprinting": 2,
    "resources": [
        {
            "rule": "feedify\\.net\\/getjs\\/feedbackembad-min-3\\.0\\.js",
            "cookies": 0.0000532,
            "fingerprinting": 2,
            "subdomains": [
                "cdn"
            ],
            "apis": {
                "Navigator.prototype.userAgent": 7,
                "Navigator.prototype.vendor": 7,
                "Document.cookie getter": 7,
                "Date.prototype.getTime": 7,
                "Document.cookie setter": 7,
                "window.indexedDB": 7,
                "window.localStorage": 7
            },
            "sites": 7,
            "prevalence": 0.0000532,
            "cnames": [],
            "responseHashes": [
                "aa8f0b1729e37bb509211a830e97a03f622286af9aa2287d6fda06797c9fd73e"
            ],
            "type": "Script",
            "exampleSites": [
                "ragalahari.com",
                "m.ragalahari.com",
                "telecomtalk.info",
                "www.dhakatribune.com",
                "www.ragalahari.com",
                "www.review1st.com",
                "www.tutorialandexample.com"
            ]
        },
        {
            "rule": "feedify\\.net\\/thirdparty\\/json\\/setting\\/",
            "cookies": 0.0000913,
            "fingerprinting": 0,
            "subdomains": [],
            "apis": {},
            "sites": 12,
            "prevalence": 0.0000913,
            "cnames": [],
            "responseHashes": [
                "611015625e2cb9170274967c3c79810a12d62784fb8586b39cff50698dd4ad86",
                "d5ea88bb70edc375585308af96f4b5323b85a1c738b28f469110004245470fc2",
                "9e732f7bddf885f1bcef27ce8f12a12a8a341835b41f94d15339b7c1b3ab03a3",
                "f56e565632ad471790d80cb5068caf0568ded451de5ddb04d9e73d0e36cd95a8",
                "9ded4892fed5957a2c4bdea6cc9c1c8043fe78f4de5efa4a73df8cd5dedbd2e2",
                "31eacd8114d3ba7e75854fa234e24cee4f43f1832b9fc99b8ec7b83bfceb31f3",
                "b3df31ac2869e725d26ed7f52f53638f0f36ac8c38cb58a93fba48efeea138eb",
                "697fca7013619aaacaaa96ee39dff66c56038a1614fb1298f23d416167bed775",
                "3c81e60f75f8bdd906faa172add11f734d8346bc30a4a55e0c6ae3a168e42fc5",
                "f6ba04e09928889ebca65dcd7b6d0526137ff7544eddf9660fda8a8796bf8cc3",
                "6b0a6aa1fe36515ecdb792b21341215a1050b21fca2d027e4b7e5c00645b589c"
            ],
            "type": "Script",
            "exampleSites": [
                "ragalahari.com",
                "m.ragalahari.com",
                "telecomtalk.info",
                "www.aplustopper.com",
                "www.dhakatribune.com",
                "www.learncbse.in",
                "www.ncertbooks.guru",
                "www.ragalahari.com",
                "www.review1st.com",
                "www.successcds.net",
                "www.sunnewsonline.com",
                "www.tutorialandexample.com"
            ]
        },
        {
            "rule": "feedify\\.net\\/js\\/push\\/sw\\.js",
            "cookies": 0.0000228,
            "fingerprinting": 0,
            "subdomains": [],
            "apis": {},
            "sites": 3,
            "prevalence": 0.0000228,
            "cnames": [],
            "responseHashes": [
                "f1852d1b9d28f597cd398c18a4c4551e1d5514e041f8edf438ff36c61e1dcb0b"
            ],
            "type": "Other",
            "exampleSites": [
                "ragalahari.com",
                "m.ragalahari.com",
                "www.ragalahari.com"
            ]
        },
        {
            "rule": "feedify\\.net\\/assets\\/push\\/powered\\/powered-webpushfeedify\\.png",
            "cookies": 0.000038,
            "fingerprinting": 0,
            "subdomains": [],
            "apis": {},
            "sites": 5,
            "prevalence": 0.000038,
            "cnames": [],
            "responseHashes": [
                "e96fe59fb1fcdc36c329956091eb8feda69fbe325916a909dc579b581fdf90c7"
            ],
            "type": "Image",
            "exampleSites": [
                "ragalahari.com",
                "telecomtalk.info",
                "www.dhakatribune.com",
                "www.ragalahari.com",
                "www.review1st.com"
            ]
        },
        {
            "rule": "feedify\\.net\\/getjs\\/feedbackembad\\.min\\.js",
            "cookies": 0.0000304,
            "fingerprinting": 2,
            "subdomains": [
                "cdn"
            ],
            "apis": {
                "Navigator.prototype.userAgent": 4,
                "Navigator.prototype.vendor": 4,
                "Document.cookie getter": 4,
                "Date.prototype.getTime": 4,
                "Document.cookie setter": 4,
                "window.indexedDB": 4,
                "window.localStorage": 4,
                "Notification.permission": 3
            },
            "sites": 4,
            "prevalence": 0.0000304,
            "cnames": [],
            "responseHashes": [
                "429ce70f940c26e4020a41974248f9394cec65deba71e3ece5da54a3ff586027"
            ],
            "type": "Script",
            "exampleSites": [
                "aplustopper.com",
                "www.aplustopper.com",
                "www.learncbse.in",
                "www.ncertbooks.guru"
            ]
        },
        {
            "rule": "feedify\\.net\\/thirdparty\\/whitelist_vendor",
            "cookies": 0.0000152,
            "fingerprinting": 0,
            "subdomains": [],
            "apis": {},
            "sites": 2,
            "prevalence": 0.0000152,
            "cnames": [],
            "responseHashes": [
                "5feceb66ffc86f38d952786c6d696c79c2dbc239dd4e91b46729d73a27fb57e9"
            ],
            "type": "XHR",
            "exampleSites": [
                "aplustopper.com",
                "www.tutorialandexample.com"
            ]
        },
        {
            "rule": "feedify\\.net\\/thirdparty\\/whitelist_vendor",
            "cookies": 0.0000152,
            "fingerprinting": 0,
            "subdomains": [],
            "apis": {},
            "sites": 2,
            "prevalence": 0.0000152,
            "cnames": [],
            "responseHashes": [],
            "type": "Other",
            "exampleSites": [
                "aplustopper.com",
                "www.tutorialandexample.com"
            ]
        },
        {
            "rule": "feedify\\.net\\/getjs\\/feedbackembad-min-2\\.0\\.js",
            "cookies": 0.00000761,
            "fingerprinting": 2,
            "subdomains": [
                "cdn"
            ],
            "apis": {
                "Navigator.prototype.userAgent": 2,
                "Navigator.prototype.vendor": 2,
                "Date.prototype.getTime": 2,
                "Document.cookie getter": 2,
                "window.indexedDB": 2,
                "window.localStorage": 2,
                "Notification.permission": 2,
                "Document.cookie setter": 1
            },
            "sites": 2,
            "prevalence": 0.0000152,
            "cnames": [],
            "responseHashes": [
                "85a25c027ed01e19b087fcb8ef4818ef278f2e0b4883d140ba939366d0d54003"
            ],
            "type": "Script",
            "exampleSites": [
                "indiatvnews.com",
                "www.successcds.net"
            ]
        },
        {
            "rule": "feedify\\.net\\/thirdparty\\/json\\/notification",
            "cookies": 0.0000152,
            "fingerprinting": 0,
            "subdomains": [],
            "apis": {},
            "sites": 2,
            "prevalence": 0.0000152,
            "cnames": [],