{
    "domain": "fuckandcdn.com",
    "owner": {},
    "source": [
        "DuckDuckGo-US"
    ],
    "prevalence": 0.0000835,
    "sites": 11,
    "subdomains": [
        "frms"
    ],
    "cnames": [],
    "fingerprinting": 1,
    "resources": [
        {
            "rule": "fuckandcdn\\.com\\/sp\\/delivery\\/js\\.php",
            "cookies": 0.0000456,
            "fingerprinting": 0,
            "subdomains": [
                "frms"
            ],
            "apis": {},
            "sites": 6,
            "prevalence": 0.0000456,
            "cnames": [],
            "responseHashes": [
                "04bf1ab66da6c32c30cffa3179195ca494a6d503de7c2a855689a8894f8813fc",
                "a97b4a05c25d1fe6071b5e6ce9ca7301522a9e36a9b8a2db2ea4d51a54085f6c",
                "1863ac77fc795ec6fc58d2976c4e4a61bf00a4ddc1c64f6ea4c89303d38480aa",
                "8c703f9be9bb0d9c0eb32b3e5c8231cc244d79a385a6f4b458c687e42765c912",
                "00a97699f789ca3c9eb3048c6fde89306b5f700d670bb08faee0a349e8d7589b"
            ],
            "type": "Script",
            "exampleSites": [
                "ashemale.one",
                "bdsm.one",
                "m.sunporno.com",
                "m.yesvids.com",
                "www.ah-me.com",
                "www.sunporno.com"
            ]
        }
    ],
    "categories": [],
    "performance": {
        "time": 0,
        "size": 0,
        "cpu": 0,
        "cache": 0
    },
    "cookies": 0.000076,
    "types": {
        "Script": 6
    }
}