{
    "domain": "fw.tv",
    "owner": {},
    "source": [
        "DuckDuckGo-US"
    ],
    "prevalence": 0.000123,
    "sites": 18,
    "subdomains": [
        "api"
    ],
    "cnames": [],
    "fingerprinting": 0,
    "resources": [
        {
            "rule": "fw\\.tv\\/embed\\/track_sessions",
            "cookies": 0,
            "fingerprinting": 0,
            "subdomains": [
                "api"
            ],
            "apis": {},
            "sites": 15,
            "prevalence": 0.000103,
            "cnames": [],
            "responseHashes": [],
            "type": "Preflight",
            "firstPartyCookies": {},
            "firstPartyCookiesSent": {},
            "exampleSites": [
                "americansongwriter.com",
                "ge.globo.com",
                "getcomics.info",
                "globoesporte.globo.com",
                "gshow.globo.com",
                "hashtaghyena.com",
                "mobygeek.com",
                "starbiz.com",
                "weeklyworldnews.com",
                "www.deliciousmagazine.co.uk",
                "www.finehomebuilding.com",
                "www.khaleejtimes.com",
                "www.outkick.com",
                "www.sneakerfreaker.com",
                "www.vikatan.com"
            ]
        },
        {
            "rule": "fw\\.tv\\/embed\\/v2\\/publisher_client",
            "cookies": 0.0000959,
            "fingerprinting": 0,
            "subdomains": [
                "api"
            ],
            "apis": {},
            "sites": 14,
            "prevalence": 0.0000959,
            "cnames": [],
            "responseHashes": [
                "9fb8a41c42e2f0164d5465110fcc2988aa5713b5e132c243475e9c77c9045ab6",
                "412276bf44cd07d2b5a2056dddb33c78560823a6265e2dd1c3c174ad7e12954c",
                "4e014bf8779713b885aaa7fdabbeae3f4d67d5c04ab555230a25d37441fc5689",
                "8fca0685099cbffc3dd0f2ee216e5b6f5c0f8b832f25446f5de383b4045b0240",
                "3861fdcbd7d608571c1d3f96ba999a3f5b45ab1e5ce60fc904e552ac0be49f40",
                "80c32549809cf5d4e3c341e789d3af605757166dde50eafb17b881a3f1dfcde0",
                "0c7ef41112b304f2fdd0dc9ec42ccc7770d26cfbe66fb984f9f7498a35511e7a",
                "3c37833b7aceb8a4b34d8224aa2025eaaab549a1d73edd80e5b413705985b6b9",
                "ae7d57325d0cfee64d5c9953a0d00cee5a055a7e0d195f4e287baaca89254a97",
                "dbe961b34a65151eb57be645968445b9797d7abfab40df6953554d83646b5c5b",
                "0a62262cdd9ab7735b4b5569299ea45f530a13ecb31eff1bd32049c9e9ef0ed5",
                "ca000ebc28c6b99f794bc9a49ee7b3606f09cc01be7292d2fb47f98ad1cb2d17"
            ],
            "type": "XHR",
            "firstPartyCookies": {},
            "firstPartyCookiesSent": {},
            "exampleSites": [
                "americansongwriter.com",
                "ge.globo.com",
                "getcomics.info",
                "globoesporte.globo.com",
                "hashtaghyena.com",
                "mobygeek.com",
                "starbiz.com",
                "weeklyworldnews.com",
                "www.deliciousmagazine.co.uk",
                "www.finehomebuilding.com",
                "www.khaleejtimes.com",
                "www.outkick.com",
                "www.sneakerfreaker.com",
                "www.vikatan.com"
            ]
        },
        {
            "rule": "fw\\.tv\\/embed\\/track_sessions",
            "cookies": 0.000103,
            "fingerprinting": 0,
            "subdomains": [
                "api"
            ],
            "apis": {},
            "sites": 15,
            "prevalence": 0.000103,
            "cnames": [],
            "responseHashes": [],
            "type": "Fetch",
            "firstPartyCookies": {},
            "firstPartyCookiesSent": {},
            "exampleSites": [
                "americansongwriter.com",
                "ge.globo.com",
                "getcomics.info",
                "globoesporte.globo.com",
                "gshow.globo.com",
                "hashtaghyena.com",
                "mobygeek.com",
                "starbiz.com",
                "weeklyworldnews.com",
                "www.deliciousmagazine.co.uk",
                "www.finehomebuilding.com",
                "www.khaleejtimes.com",
                "www.outkick.com",
                "www.sneakerfreaker.com",
                "www.vikatan.com"
            ]
        },
        {
            "rule": "fw\\.tv\\/embed\\/instances",
            "cookies": 0.000103,
            "fingerprinting": 0,
            "subdomains": [
                "api"
            ],
            "apis": {},
            "sites": 15,
            "prevalence": 0.000103,
            "cnames": [],
            "responseHashes": [
                "e3b0c44298fc1c149afbf4c8996fb92427ae41e4649b934ca495991b7852b855"
            ],
            "type": "Other",
            "firstPartyCookies": {},
            "firstPartyCookiesSent": {},
            "exampleSites": [
                "americansongwriter.com",
                "ge.globo.com",
                "getcomics.info",
                "globoesporte.globo.com",
                "gshow.globo.com",
                "hashtaghyena.com",
                "mobygeek.com",
                "starbiz.com",
                "weeklyworldnews.com",
                "www.deliciousmagazine.co.uk",
                "www.finehomebuilding.com",
                "www.khaleejtimes.com",
                "www.outkick.com",
                "www.sneakerfreaker.com",
                "www.vikatan.com"
            ]
        },
        {
            "rule": "fw\\.tv\\/embed\\/v2\\/playlists\\/gdRJZ5\\/feeds",
            "cookies": 0.0000137,
            "fingerprinting": 0,
            "subdomains": [
                "api"
            ],
            "apis": {},
            "sites": 2,
            "prevalence": 0.0000137,
            "cnames": [],
            "responseHashes": [
                "698a3ace0376375309769796bdba1544f24eda09140a8e62508e0cde3e47e46a"
            ],
            "type": "XHR",
            "firstPartyCookies": {},
            "firstPartyCookiesSent": {},
            "exampleSites": [
                "globo.com",
                "globoesporte.globo.com"
            ]
        },
        {
            "rule": "fw\\.tv\\/api\\/ad_config",
            "cookies": 0,
            "fingerprinting": 0,
            "subdomains": [
                "api"
            ],
            "apis": {},
            "sites": 2,
            "prevalence": 0.0000137,
            "cnames": [],
            "responseHashes": [],
            "type": "Preflight",
            "firstPartyCookies": {},
            "firstPartyCookiesSent": {},
            "exampleSites": [
                "weeklyworldnews.com",
                "www.vikatan.com"
            ]
        },
        {
            "rule": "fw\\.tv\\/api\\/ad_config",
            "cookies": 0.0000137,
            "fingerprinting": 0,
            "subdomains": [
                "api"
            ],
            "apis": {},
            "sites": 2,
            "prevalence": 0.0000137,
            "cnames": [],
            "responseHashes": [
                "02295de28f30b64a084751391863f4e2e180271aa83a37c9e9dd09f9de81ebd8"
            ],
            "type": "Fetch",
            "firstPartyCookies": {},
            "firstPartyCookiesSent": {},
            "exampleSites": [
                "weeklyworldnews.com",
                "www.vikatan.com"
            ]
        },
        {
            "rule": "fw\\.tv\\/embed\\/v2\\/channels\\/outkick\\/timeline_feeds",
            "cookies": 0.0000137,
            "fingerprinting": 0,
            "subdomains": [
                "api"
            ],
            "apis": {},
            "sites": 2,
            "prevalence": 0.0000137,
            "cnames": [],
            "responseHashes": [
                "23d93a64dff6204327a2a069c0e4edf0fd680873188091189a03ade73dc3a8e4"
            ],