{
    "domain": "gacraft.jp",
    "owner": {},
    "source": [
        "DuckDuckGo-US"
    ],
    "prevalence": 0.000167,
    "sites": 22,
    "subdomains": [
        "publish",
        "sherpa-server-arm-prd12",
        "sherpa-server-arm-prd11",
        "sherpa-server-arm-auto-prd-i-00b7ce0f332ec704d",
        "sherpa-server-arm-auto-prd-i-090af49f03a61de6d",
        "sherpa-server-arm-auto-prd-i-02cfd9b12035ec8fd",
        "sherpa-server-arm-auto-prd-i-000541c23ba75d29b"
    ],
    "cnames": [],
    "fingerprinting": 2,
    "resources": [
        {
            "rule": "gacraft\\.jp\\/BBB2229F44E448AE9DE84AAAF611F644\\/sherpa\\.js",
            "cookies": 0.0000152,
            "fingerprinting": 2,
            "subdomains": [
                "publish"
            ],
            "apis": {
                "Navigator.prototype.userAgent": 2,
                "window.localStorage": 2,
                "window.sessionStorage": 2,
                "Document.cookie setter": 2,
                "Navigator.prototype.product": 2,
                "Date.prototype.getTime": 2,
                "Event.prototype.timeStamp": 2
            },
            "sites": 2,
            "prevalence": 0.0000152,
            "cnames": [],
            "responseHashes": [
                "197dc59e6ed62826f694d5b4086976aa7f21c5b0da35ab0829ccba43ad23a5f4"
            ]
        },
        {
            "rule": "gacraft\\.jp\\/socket\\.io\\/",
            "cookies": 0.0000987,
            "fingerprinting": 0,
            "subdomains": [
                "sherpa-server-arm-prd12",
                "sherpa-server-arm-prd11",
                "sherpa-server-arm-auto-prd-i-00b7ce0f332ec704d",
                "sherpa-server-arm-auto-prd-i-090af49f03a61de6d",
                "sherpa-server-arm-auto-prd-i-02cfd9b12035ec8fd",
                "sherpa-server-arm-auto-prd-i-000541c23ba75d29b"
            ],
            "apis": {},
            "sites": 13,
            "prevalence": 0.0000987,
            "cnames": [],
            "responseHashes": [
                "4eab270e3147aeb5216ef0588041f14c45f8683a02d1c0a26c76ca8d81762622",
                "aedc0b0155810bea9b1818d959c496f7a4178084f1237df9c062185ab7e15c65",
                "34db281be76e11cdb28a7bb5845687ea620630a0c1be403ab133308bc75e57d4",
                "a60b514a7f7017e4b25882431c86b90ac505d7cfd57ac0248450ee052cce0469",
                "11a66c0d93439d671f1dd918d2c4f1e86a76625cbf3660748ad1b2f008a48cc5",
                "16a8faef025a6d5d0052561e96f50ea1e461062d0c87d31eda923aba47fadb3f",
                "7bc57ed288a982e9638056af64033042e5fb0dcfdabf3876304bb656ec4d02cb",
                "e0f05019cbd68ef4357b62d35e230beec8530860d37d0214387e4e230587a434",
                "6ea0c1dc85d33fba003f62a83f00554a04bc414356ce76545e59b38e596dde37",
                "8d2837fd97da6ab2f6621ec08d71142d0324c64aa4df1dce6b3a2462bfe6e059",
                "388e8ee0e3b42f7631268f3e9fb5fbcca69d2df26e17db9765b359144ee74187",
                "b9e687d51ae70b709920ab30ba680cccab558eae288a35a68838b08d35fcdbd7"
            ]
        },
        {
            "rule": "gacraft\\.jp\\/C54EB3CAD5404A6686A6FAF128BB3AA3\\/sherpa\\.js",
            "cookies": 0,
            "fingerprinting": 2,
            "subdomains": [
                "publish"
            ],
            "apis": {
                "Navigator.prototype.userAgent": 3,
                "window.localStorage": 3,
                "window.sessionStorage": 3,
                "Navigator.prototype.product": 3,
                "Date.prototype.getTime": 3,
                "Event.prototype.timeStamp": 3
            },
            "sites": 3,
            "prevalence": 0.0000228,
            "cnames": [],
            "responseHashes": [
                "a93d24a2eabe718f6e9706e9c74e3f0eefba3c5d239b43cec1be7a9945b09995"
            ]
        },
        {
            "rule": "gacraft\\.jp\\/1a71ab22973047a7bab8dc53403e0841\\/sherpa\\.js",
            "cookies": 0,
            "fingerprinting": 2,
            "subdomains": [
                "publish"
            ],
            "apis": {
                "Navigator.prototype.userAgent": 3,
                "window.localStorage": 3,
                "window.sessionStorage": 3,
                "Navigator.prototype.product": 3,
                "Date.prototype.getTime": 3,
                "Event.prototype.timeStamp": 2
            },
            "sites": 3,
            "prevalence": 0.0000228,
            "cnames": [],
            "responseHashes": [
                "3389e5a61fe099ff901d6b28bb980a2bf4f17e93ba82eb56e7d4b463da557b29"
            ]
        }
    ],
    "categories": [],
    "performance": {
        "time": 1,
        "size": 1,
        "cpu": 0,
        "cache": 1
    },
    "cookies": 0.000159,
    "types": {
        "Script": 8,
        "XHR": 13
    }
}