{
    "domain": "geniusmonkey.com",
    "owner": {
        "name": "Optimize LLC",
        "displayName": "Optimize"
    },
    "source": [
        "DuckDuckGo-US"
    ],
    "prevalence": 0.000281,
    "sites": 37,
    "subdomains": [
        "pm"
    ],
    "cnames": [],
    "fingerprinting": 1,
    "resources": [
        {
            "rule": "geniusmonkey\\.com\\/gm\\.js",
            "cookies": 0.000122,
            "fingerprinting": 1,
            "subdomains": [
                "pm"
            ],
            "apis": {
                "Date.prototype.getTime": 10,
                "window.localStorage": 1,
                "Document.cookie getter": 3
            },
            "sites": 16,
            "prevalence": 0.000122,
            "cnames": [],
            "responseHashes": [
                "a539fbb91dd0523ed17e0dd6c1adbf97e7c303e971fba28f60ec96acf6cc74d7",
                "999b24925cf7454007b059e811e978c912aacca7fce0170a10c3b5f884a29981",
                "e3b0c44298fc1c149afbf4c8996fb92427ae41e4649b934ca495991b7852b855",
                "3cf2b98d32f11e3029b67599ae2cc6d48418d8634c4bfc45afa83e3b6126e646",
                "a4b97dd922062912126b3c3588f629551d6d33b13107522dd26c3a7802c7a332",
                "1fc5fab355fa425b53a3773a68f998bc5f7a9c8c00649bd4371ec1e317a84a04",
                "539f2abdac07db7fc0485a6fe7dea2265489b0a66d3c8755cd1657d36208385c",
                "51170fb39fb809d0f7636a13d758d6f81faccb3399d5c43a908f210e22426796",
                "1e4740f163420fe4abeda67e33e3bfccce1a384156fc1ebe963f66daaa41f41e",
                "e061de85476ac954899b78de99536f6a42ce8a266672201a6aa6f137c3c45fb1"
            ],
            "type": "Script",
            "exampleSites": [
                "homeadvisor.com",
                "www.3wishes.com",
                "www.aafes.com",
                "www.allprodad.com",
                "www.compassion.com",
                "www.fullerton.edu",
                "www.homeadvisor.com",
                "www.homeserve.com",
                "www.icc.org",
                "www.libertysafe.com",
                "www.nebotools.com",
                "www.onsemi.com",
                "www.pdx.edu",
                "www.pedegoelectricbikes.com",
                "www.shopmyexchange.com",
                "www.ubreakifix.com"
            ]
        },
        {
            "rule": "geniusmonkey\\.com\\/gm\\.png",
            "cookies": 0.0000684,
            "fingerprinting": 0,
            "subdomains": [
                "pm"
            ],
            "apis": {},
            "sites": 9,
            "prevalence": 0.0000684,
            "cnames": [],
            "responseHashes": [
                "93ae7d494fad0fb30cbf3ae746a39c4bc7a0f8bbf87fbb587a3f3c01f3c5ce20"
            ],
            "type": "Fetch",
            "exampleSites": [
                "listenonrepeat.com",
                "statisticstimes.com",
                "week.com",
                "www.dailysabah.com",
                "www.digitaljournal.com",
                "www.fightful.com",
                "www.jordanthrilla.com",
                "www.krgv.com",
                "www.vuescript.com"
            ]
        },
        {
            "rule": "geniusmonkey\\.com\\/gm\\.png",
            "cookies": 0.0000911,
            "fingerprinting": 0,
            "subdomains": [
                "pm"
            ],
            "apis": {},
            "sites": 12,
            "prevalence": 0.0000911,
            "cnames": [],
            "responseHashes": [
                "93ae7d494fad0fb30cbf3ae746a39c4bc7a0f8bbf87fbb587a3f3c01f3c5ce20"
            ],
            "type": "Image",
            "exampleSites": [
                "3wishes.com",
                "www.3wishes.com",
                "www.aafes.com",
                "www.fullerton.edu",
                "www.homeserve.com",
                "www.libertysafe.com",
                "www.nebotools.com",
                "www.onsemi.com",
                "www.pdx.edu",
                "www.shopmyexchange.com",
                "www.ubreakifix.com",
                "www.usdermatologypartners.com"
            ]
        }
    ],
    "categories": [],
    "performance": {
        "time": 0,
        "size": 0,
        "cpu": 0,
        "cache": 0
    },
    "cookies": 0.000281,
    "types": {
        "Script": 16,
        "Fetch": 9,
        "Image": 12
    }
}