{
    "domain": "geotrust.com",
    "owner": {
        "name": "DigiCert, Inc.",
        "displayName": "DigiCert"
    },
    "source": [
        "DuckDuckGo-US"
    ],
    "prevalence": 0.000835,
    "sites": 110,
    "subdomains": [
        "seal",
        "smarticon"
    ],
    "cnames": [],
    "fingerprinting": 1,
    "resources": [
        {
            "rule": "geotrust\\.com\\/getgeotrustsslseal",
            "cookies": 0,
            "fingerprinting": 1,
            "subdomains": [
                "seal"
            ],
            "apis": {
                "Navigator.prototype.userAgent": 20
            },
            "sites": 37,
            "prevalence": 0.000281,
            "cnames": [],
            "responseHashes": [
                "0a47fb17466af4359a967c87c6a0eee270694da6b0b15c9d25892341d0c492d9",
                "bb807cd3b9903a753407ec9d82c403490bad87e9b707458b7d0e7f165277cd2c",
                "47ad8e83768b2acd25ddfb492a4e586c28db20618bcbf014c9a3a7542c04f536",
                "1742e5f492db6871414c3bd7466b36f1e8c927ffb2f563d2a0e69b4302f18983",
                "2caadd21cbcc6e70ddb61e0d5e78ce05164746c979001d05d357edd4e1a0d64a",
                "ad2f63ab344087f0d8d033dc451a00def134949ea16ee22651daee3bb92086c8",
                "7d5d424649adfa36b8902bd5b5b4660ddb914b887a048cefb24cc7b94751f87a",
                "fc9729611e7dfeea5bfe256f7b7611b7b4d0490e44b30f63068d81ef8bd8a888",
                "ffb933f0e79cb4c55fb83cc5e89ee99f0e44d66f0a5d739d80d15600be77c331",
                "8ac49c81be8c18ae573aaaf353fc946d33d6d907666f5e7463e570aaf7ad253c",
                "28478c4f19d659b9d2f0e5d958cc1c06ffc6431045763014b8bd211a62c17d4a",
                "966ddf75038a4e424484537429daf40b900303fb8575f87ddb77e0f1322971de",
                "abff8bc9e52028817d98dc7fd81ec79fdffeaa396dfd13f988c11e942f5533fd",
                "d5b81de528b2ff4edae57215797a49ef1e8657ed64599beaa5c5dac72a6271ce",
                "6f9ee7a31e04ecf803ba7a7a88291e2547e4240175ee22fefda646757ab94171",
                "1770d6e6b0689594298a5bc0f2fa1e91f92bab65d0597f56a744dde4f7e9c8e2",
                "5a3e978e057ad6d329489c5cd2351cc22fea1739b581ae64f35cc1e5af30c177",
                "f812242aea084d7740b8727c64ad404ff1b0a786b5b536214898355200439575",
                "4cf651566a0730c8e090ffef88af161fe6ed2a4f105185f444350d092b8a65c9",
                "9f3b3b87edbae79baa8b7fc85492fca2f8efa4cd797d4fa4d39d61ef8ae5959a",
                "f03d673e91234f22937531da6e781f88bb2800e2068870e05e8dcf1d0ce72ddf"
            ]
        },
        {
            "rule": "geotrust\\.com\\/si\\.js",
            "cookies": 0,
            "fingerprinting": 1,
            "subdomains": [
                "smarticon"
            ],
            "apis": {
                "Navigator.prototype.userAgent": 16,
                "Navigator.prototype.appVersion": 16,
                "Screen.prototype.height": 16
            },
            "sites": 16,
            "prevalence": 0.000121,
            "cnames": [],
            "responseHashes": [
                "d9631a620c5f3390b8d055a1530bd2a0ae55e345a9f7ac6af709c672f31835bb",
                "61e809adb011fc953239e42bbd31b754dc11d5ebcf5832fcdd59f3984ced9fed",
                "07ea897132894f4dc9c15a731379c027b155d023448f80cfa55970dc9d8eccc0",
                "a2456bfb582a10ca161d72eb552b6dbbe82ddef7d5183b2fadae60c6e229af6f",
                "e628f696c4cf29459b82c83a00a687978ce3f08af82bb0a3ba80f769cf2b1528",
                "e31fb92e39d24362454a6072ac5273f0242a1b4746c2fd90c4dfd9f10dc433e4",
                "5015b42c0763cca1e50149ae15ac96c9e8aa4d0e6eb4ea2f28aba3b24efab04d",
                "b73317f11697a58bbc3ce77a1062f6312e3544bd7da4cab369043d0484fee08c",
                "d407521cd4693498ccd81ce67e8492503de78b6d5edb64add267f9c442a96590",
                "6327f2ec3f6fc3c456555605f87b45c688dbd1a2119421d96b49abc2a33501f6",
                "c5a533427a9a0ff4fded45d6c40b655089dde51b1e9a17bdb3cd656f3312c167",
                "4e862826475d130e3563c06445e3f478a3939cfdfb3b0dd86a2d25ad636973bf",
                "03dc459da2f18eec0d7c8fdf14cce26816e522d5f5022d31d9d1a5aa2741213c",
                "e407b54fe8b753da86b09e08ca6a179940f8f2773238a6221bc6706b6bacdadb",
                "b51491879c3f4c0338502dc3d29df736d9fa44d3c5cd5cc3632eee25e273ce65"
            ]
        }
    ],
    "categories": [],
    "performance": {
        "time": 1,
        "size": 1,
        "cpu": 0,
        "cache": 3
    },
    "cookies": 0,
    "types": {
        "Script": 53
    }
}