{
    "domain": "geotrust.com",
    "owner": {
        "name": "DigiCert, Inc.",
        "displayName": "DigiCert"
    },
    "source": [
        "DuckDuckGo-US"
    ],
    "prevalence": 0.000775,
    "sites": 102,
    "subdomains": [
        "smarticon",
        "seal"
    ],
    "cnames": [],
    "fingerprinting": 1,
    "resources": [
        {
            "rule": "geotrust\\.com\\/si\\.js",
            "cookies": 0,
            "fingerprinting": 1,
            "subdomains": [
                "smarticon"
            ],
            "apis": {
                "Navigator.prototype.userAgent": 15,
                "Navigator.prototype.appVersion": 15,
                "Screen.prototype.height": 15
            },
            "sites": 15,
            "prevalence": 0.000114,
            "cnames": [],
            "responseHashes": [
                "1af105b9dc275d447c5c5a2f8dacd948ed93cd85b7d90be262e89fb029eef8f9",
                "f58f305eb93bba06cd0fc9d6cc2b5083f60c1b5408f632b38ff84d54e7b1ec5d",
                "a59ce71dd1b8f7a443419483a05fe27e61c18d740b609c526785604f0b71b208",
                "18aac1044a0076d63329ed43c8a649c284253ee6642aec620acdf86cc801d54c",
                "ebe3b0d8106b0111d1520cd07b409f499fbc63950dbbeee5b569dba0e6070a8c",
                "a0b77623850516d41c26b6c980872737813ff348e3b64a310504c84ef42cfba4",
                "69527f824fad70d2788fd86526c8c69e2e1c3191d2747f99fb966a596e0c6773",
                "18ea5452b8276fdfa0f7c2a933c029d51a0d3aaef2bde6a0b436c7d9ca49d920",
                "31e6e16128927127647ab2ea22e2f18ff349bbe93f65383ff1295e3ce51f6df2",
                "7fb4cb4305e15681052ced072413c567b3487bee74f23ad85974e2047033fb47",
                "2d3f95b5d147884a2ad5a61295eb13ea63012d2eb480fe943a6dc1e60d349f45",
                "87abb0b086c41c64a85b193265337d6e3df39618a33156c082128452e954ddb3",
                "3d525b1e50bda30304a7a306b775431ce0b1fa9f0c14ff89df352d99f1e64617",
                "4ea2333304007766ed1f0adf96db65332a736ea814b05f70089ac3fcca32d160"
            ],
            "type": "Script",
            "exampleSites": [
                "ammunitionstore.com",
                "www.bondagefetishstore.com",
                "www.dospara.co.jp",
                "www.golfcarttiresupply.com",
                "www.irisplaza.co.jp",
                "www.kceb.org",
                "www.rockyourglock.com",
                "www.rvpartscountry.com",
                "www.spartanarmorsystems.com",
                "www.starlinebrass.com",
                "www.tacticallink.com",
                "www.theclockdepot.com",
                "www.tias.com",
                "www.trauer.de",
                "www.wholesalemarine.com"
            ]
        },
        {
            "rule": "geotrust\\.com\\/getgeotrustsslseal",
            "cookies": 0,
            "fingerprinting": 1,
            "subdomains": [
                "seal"
            ],
            "apis": {
                "Navigator.prototype.userAgent": 12
            },
            "sites": 31,
            "prevalence": 0.000235,
            "cnames": [],
            "responseHashes": [
                "bb807cd3b9903a753407ec9d82c403490bad87e9b707458b7d0e7f165277cd2c",
                "1742e5f492db6871414c3bd7466b36f1e8c927ffb2f563d2a0e69b4302f18983",
                "2caadd21cbcc6e70ddb61e0d5e78ce05164746c979001d05d357edd4e1a0d64a",
                "ad2f63ab344087f0d8d033dc451a00def134949ea16ee22651daee3bb92086c8",
                "7d5d424649adfa36b8902bd5b5b4660ddb914b887a048cefb24cc7b94751f87a",
                "fc9729611e7dfeea5bfe256f7b7611b7b4d0490e44b30f63068d81ef8bd8a888",
                "ffb933f0e79cb4c55fb83cc5e89ee99f0e44d66f0a5d739d80d15600be77c331",
                "28478c4f19d659b9d2f0e5d958cc1c06ffc6431045763014b8bd211a62c17d4a",
                "966ddf75038a4e424484537429daf40b900303fb8575f87ddb77e0f1322971de",
                "d5b81de528b2ff4edae57215797a49ef1e8657ed64599beaa5c5dac72a6271ce",
                "1770d6e6b0689594298a5bc0f2fa1e91f92bab65d0597f56a744dde4f7e9c8e2",
                "4cf651566a0730c8e090ffef88af161fe6ed2a4f105185f444350d092b8a65c9",
                "ac5db25f0cd44d495e297dfe746cb7f532aafd98a62a5f7293e3d218fe182b88"
            ],
            "type": "Script",
            "exampleSites": [
                "www.hlj.com",
                "www.laptopscreen.com",
                "www.reitmans.com",
                "www.impactguns.com",
                "www.currentcatalog.com",
                "www.besteveralbums.com",
                "globalordnance.com",
                "www.cherokeega.com",
                "intexcorp.com",
                "www.tilley.com",
                "www.5dtactical.com",
                "nootropicsdepot.com",
                "www.feradyne.com",
                "www.golfbox.com.au",
                "www.gemselect.com",
                "www.hottuboutpost.com",
                "lunacycle.com",
                "www.bbwheelsonline.com",
                "www.northamericahvac.com",
                "www.tscstores.com"
            ]
        }
    ],
    "categories": [],
    "performance": {
        "time": 1,
        "size": 1,
        "cpu": 0,
        "cache": 3
    },
    "cookies": 0,
    "types": {
        "Script": 46
    }
}