{
    "domain": "geotrust.com",
    "owner": {
        "name": "DigiCert, Inc.",
        "displayName": "DigiCert"
    },
    "source": [
        "DuckDuckGo-US"
    ],
    "prevalence": 0.00111,
    "sites": 145,
    "subdomains": [
        "seal",
        "smarticon"
    ],
    "cnames": [],
    "fingerprinting": 1,
    "resources": [
        {
            "rule": "geotrust\\.com\\/getgeotrustsslseal",
            "cookies": 0,
            "fingerprinting": 1,
            "subdomains": [
                "seal"
            ],
            "apis": {
                "Navigator.prototype.userAgent": 25
            },
            "sites": 50,
            "prevalence": 0.000382,
            "cnames": [],
            "responseHashes": [
                "1c3e2a6d7890a896bfc12fe18cb1243a07427c43dd3b9a39c9bb4cd193429c90",
                "30aa69fd191b9804086b87eed7b870dfe6fe02071dfccd6b648570076e0925f1",
                "bb807cd3b9903a753407ec9d82c403490bad87e9b707458b7d0e7f165277cd2c",
                "1742e5f492db6871414c3bd7466b36f1e8c927ffb2f563d2a0e69b4302f18983",
                "bc4c24b25d53c09e01215dceaa62e93c1066a81d36d921fae878e8e76156bb8d",
                "5e38f7f5604be5fc447542abc056989067787b51fb13e49919109eb257dabbb2",
                "54a1f715d848b079b385f48a76ae9fcb650ad1bae8dbdd13a2b6e79687d23348",
                "04f2d26320d0149f6ba3c04ab8a34c2edc4d3e42d0fbe7e29de37007b5317738",
                "da2b807c985c260d73970e5e89b43e8712885350bd0403881a885b46d56618f0",
                "2cfe42161e24ac8159ec3e29edfa07edf865dd490486c50b55fd36685988dd33",
                "fc2e79b9e14dbaa4724f18125b9650af9335a067f55a1cb5a9dbd5e5f52b091a",
                "7c44cd443db19f6ba1f56734f9bf98e8e144a1a6a3573774140bb83e7168586c",
                "ad2f63ab344087f0d8d033dc451a00def134949ea16ee22651daee3bb92086c8",
                "7d5d424649adfa36b8902bd5b5b4660ddb914b887a048cefb24cc7b94751f87a",
                "fc9729611e7dfeea5bfe256f7b7611b7b4d0490e44b30f63068d81ef8bd8a888",
                "ffb933f0e79cb4c55fb83cc5e89ee99f0e44d66f0a5d739d80d15600be77c331",
                "966ddf75038a4e424484537429daf40b900303fb8575f87ddb77e0f1322971de",
                "bc2233d261093373d22942b4472e09101879326c1ac5f0c0e4f0547bd194e337",
                "71d5ec7d6c7b16904cdd1e5c21dbcdf2500a2af837b5c8bdc1d7b57b45ec832f",
                "5d95646d9ecf4074176c73e34649261bd886f14d61f82749e3896ab737b9fd9a",
                "4cb3f88d8b18c5131cd8f249d9fa2e053893134ac636309222493ce869c1583e",
                "1770d6e6b0689594298a5bc0f2fa1e91f92bab65d0597f56a744dde4f7e9c8e2",
                "90b475da7a9489e67a9636613d59c7c8e4d9be7875cfe585890efca543408dc2",
                "2669b6dba39836e6502fe2671c0988083acd15cdc4131f3677f342b27a21f02b",
                "ac5db25f0cd44d495e297dfe746cb7f532aafd98a62a5f7293e3d218fe182b88",
                "2738a6c45b565192ec078af162a0e6379c38c24d90352737badf355aeb64a263",
                "3189dea73b549bdc1238b8d5ccda202b2f3421ecbddcbeefa5cadeda8b9d7d10",
                "f03d673e91234f22937531da6e781f88bb2800e2068870e05e8dcf1d0ce72ddf"
            ],
            "type": "Script",
            "exampleSites": [
                "www.bbwheelsonline.com",
                "www.mp-edelmetalle.de",
                "www.currentcatalog.com",
                "julbie.com",
                "1022racerifle.com",
                "botach.com",
                "www.munitionsexpress.com",
                "rangerpointstore.com",
                "www.reitmans.com",
                "www.brickmania.com",
                "www.aida.de",
                "www.inktechnologies.com",
                "www.ar15handguard.com",
                "www.christmas-light-source.com",
                "www.albanycountyfasteners.com",
                "www.wingtactical.com",
                "www.compare.com",
                "www.windeln.de",
                "www.lillianvernon.com",
                "www.dallascounty.org"
            ]
        },
        {
            "rule": "geotrust\\.com\\/si\\.js",
            "cookies": 0,
            "fingerprinting": 1,
            "subdomains": [
                "smarticon"
            ],
            "apis": {
                "Navigator.prototype.userAgent": 17,
                "Navigator.prototype.appVersion": 17,
                "Screen.prototype.height": 17
            },
            "sites": 20,
            "prevalence": 0.000153,
            "cnames": [],
            "responseHashes": [
                "0a41e4bc73792a4e1d6fb394ba1ac91e4c2b71b4f2b08199b3b6c28dce178e33",
                "51149a28609d81854e44586cb31194cdef150168634597d8ada7ac6f3fbd759b",
                "c4d3d79422747f9ab0bfb24a948161cb4764a6eebbdf5e0db57b7a13b92ba37c",
                "ba25938fbbfd5dcb844b36602a338d49abf4adfe880bb381d38b8cfd597e684e",
                "5dc10ec8ed02190c6cd36302edca6c742de1ad9adbfb05659f45d66fc62c0ba8",
                "7c30aa88d8ee6a85680424f785e740b320c35d9c66e875e5c1cfd04fe480e48f",
                "b64102ede20b7fd75fa6385cebafd52ebb32f3e9d2ba7ebe4c945d324afc5767",
                "91c3d2138d3f1f6b095c0ef4ccc6ae9d1efc8509692101e3d6f618ab29cd7777",
                "489129be13b2d4f2dbff7c3b1f854853c2518b4c53f53cc93ad88fb329584e13",
                "b8467265f197ba29f5265355a2538dd268376b2f0a48a544a5287731245d0033",
                "5b015c51dac1d4b71f700b14ee6e7352fffd4808a7aa7bcac9a2ac018433bf91",
                "b6b1de7ca68d76fa05159d07692114c8ce77786df942632b0c08a2ef4f691537",
                "1a41b78225d7f74327d14a333c9ac84a69c4c641493287fe03036a9ef407653f",
                "f85bbc61d8224ad521105f15ec37ce24fa269f2f4af81abac9c27a9beec8646b",
                "768da86e1e38908c8867c61f06bc8a2d6d99962b842fa4d04fa0e202dc6773a3",
                "b50c64152f59914309c8bf067f5f390672a3d9926dfc52a352de9485ccd58ce4",
                "deb0e1c211a7d48e4957215e3bbe8b6d252dd05e01baf1d0bb4006735dfd9e73",
                "4b2a26a8fb5bf5ecc433a523886dbc0bfdabec95063c1958e0756a711c6ffb4f",
                "4e8360cba5e62da874dd2c3dde0657b60e737bf658cf9fe93c6bb86a1429db59"
            ],
            "type": "Script",
            "exampleSites": [
                "ammunitionstore.com",
                "catholicshop.com",
                "global.drfone.biz",
                "www.bonsaioutlet.com",
                "www.bulbtown.com",
                "www.canadianpharmacyking.com",
                "www.cookstore.ca",
                "www.dospara.co.jp",
                "www.firequest.com",
                "www.irisplaza.co.jp",
                "www.kettlebellkings.com",
                "www.rescue-essentials.com",
                "www.rockyourglock.com",
                "www.rvpartscountry.com",
                "www.sophiasstyle.com",
                "www.tacticallink.com",
                "www.the-home-brew-shop.co.uk",
                "www.tias.com",
                "www.trauer.de",
                "www.wholesalemarine.com"
            ]
        }
    ],
    "categories": [],
    "performance": {
        "time": 1,
        "size": 1,
        "cpu": 0,
        "cache": 3
    },
    "cookies": 0,
    "types": {
        "Script": 70
    },
    "nameservers": [
        "ns4.p03.dynect.net",
        "ns1.p03.dynect.net",
        "ns2.p03.dynect.net",
        "ns3.p03.dynect.net"
    ]
}