{
    "domain": "getblue.io",
    "owner": {
        "name": "getblue",
        "displayName": "getblue"
    },
    "source": [
        "DuckDuckGo-US"
    ],
    "prevalence": 0.000235,
    "sites": 31,
    "subdomains": [
        "event",
        "widget",
        "cms"
    ],
    "cnames": [],
    "fingerprinting": 2,
    "resources": [
        {
            "rule": "getblue\\.io\\/js\\/blue-tag\\.min\\.js",
            "cookies": 0.000121,
            "fingerprinting": 1,
            "subdomains": [
                "event"
            ],
            "apis": {
                "Navigator.prototype.userAgent": 16,
                "Date.prototype.getTime": 16,
                "Navigator.prototype.cookieEnabled": 16,
                "Document.cookie getter": 16,
                "Document.cookie setter": 16,
                "window.sessionStorage": 16,
                "window.localStorage": 16
            },
            "sites": 16,
            "prevalence": 0.000121,
            "cnames": [],
            "responseHashes": [
                "c6d331a43cd50547925b5bcb79ae9ff224527bd8debfdb0a9288a8f42cd8060e"
            ]
        },
        {
            "rule": "getblue\\.io\\/p\\/",
            "cookies": 0.000129,
            "fingerprinting": 0,
            "subdomains": [
                "event"
            ],
            "apis": {},
            "sites": 17,
            "prevalence": 0.000129,
            "cnames": [],
            "responseHashes": [
                "e3b0c44298fc1c149afbf4c8996fb92427ae41e4649b934ca495991b7852b855",
                "4ad11759ce9dea6f3e5d6ea0f913cb034785101836e9e7097e2af3722bf32832",
                "0ada69ce42a6065feef210b79c0fc3889b3d58eacaae7d0ad1d46e29d01b98e3",
                "3ed63a0a0d24748b0a96cffc6e5ad5dbc21d6da171687f986d2bd523039506cf",
                "c71781f03cb2a12ee577f6ab1677962a5fa0e4971a8ac7eb1631f7bab81632b2",
                "969d7ecb365db14ad2cd8d1929badf93d73a37f89e3eb5b7a2a69b97e7e66e8b",
                "72c26d3ebf84a76098840d9b82df90a9ec7c1f086e34d1338e5163c083c944c3",
                "45b8093e04687b152ea19fe66d4f3a87f2cbd5a03b15349019e014c0cc2732a6",
                "6a1a936c14fe6dbe2b2a488c6a60d1cf698c7f30c4bd37ed3ca5ea83adc943a1",
                "d3a61d5ef63a8b265f625bf910cf5341708a7818ebafe96a7503f7aa888eaa10",
                "42bc241f7fecf2c368f7a8fcf319351965b6cbf4cfa244a98d55d83794e40fbd",
                "48363920598ba9d79e23bf5e1d017f69eb75b85953ca3e3a896cae23df53ac25",
                "1ac593919283fcfef0f7893515ebad4aca7ff9235ea247364a9435f7dbf9d588",
                "43bf565e4f7f3608d83a241ba9f339d52eb3ee0cbecde68b4fb949419687b7c5",
                "983e591f8b05739fac071c1eb93cf409617bce53d35d9f61694ed3eb5f74bd65",
                "e57c8732fb53ae941bc6a1c023294eb7df504e19c6e36c0abd15771de62a1627"
            ]
        },
        {
            "rule": "getblue\\.io\\/event\\/",
            "cookies": 0.000129,
            "fingerprinting": 1,
            "subdomains": [
                "widget"
            ],
            "apis": {
                "Screen.prototype.width": 13,
                "Screen.prototype.height": 13,
                "Screen.prototype.colorDepth": 13
            },
            "sites": 17,
            "prevalence": 0.000129,
            "cnames": [],
            "responseHashes": [
                "e3b0c44298fc1c149afbf4c8996fb92427ae41e4649b934ca495991b7852b855",
                "5b92a408bbe994550b7055a07066d79ec13a646062d36f046dbd84a9d59e86e1",
                "eb99134542c987f687360d120213eeec049a290d73d2302ee1b74a01ce279f4d"
            ]
        },
        {
            "rule": "getblue\\.io\\/r\\/audience-pixel\\.min\\.js",
            "cookies": 0,
            "fingerprinting": 1,
            "subdomains": [
                "event"
            ],
            "apis": {
                "Navigator.prototype.appName": 5,
                "Navigator.prototype.userAgent": 5,
                "Navigator.prototype.vendor": 5
            },
            "sites": 5,
            "prevalence": 0.000038,
            "cnames": [],
            "responseHashes": [
                "53c9c8069c1e6d7a39a04ef06083b5fab6c6807e295529c37ccf8b4b96f61ddb"
            ]
        },
        {
            "rule": "getblue\\.io\\/cm\\/",
            "cookies": 0.000121,
            "fingerprinting": 0,
            "subdomains": [
                "cms"
            ],
            "apis": {},
            "sites": 16,
            "prevalence": 0.000121,
            "cnames": [],
            "responseHashes": [
                "98b3d9d20e032f90aca49e9b116225d539ff6fbdb7e42c3c363f63896ac03d2a"
            ]
        }
    ],
    "categories": [],
    "performance": {
        "time": 0,
        "size": 0,
        "cpu": 0,
        "cache": 3
    },
    "cookies": 0.000235,
    "types": {
        "Script": 38,
        "Document": 17,
        "Image": 16
    }
}