{
    "domain": "glimr.io",
    "owner": {},
    "source": [
        "DuckDuckGo-US"
    ],
    "prevalence": 0.000208,
    "sites": 30,
    "subdomains": [
        "pixel"
    ],
    "cnames": [],
    "fingerprinting": 0,
    "resources": [
        {
            "rule": "glimr\\.io\\/v4\\/iptags\\/AZ2DGU8PX6R3LFSVV215\\/",
            "cookies": 0,
            "fingerprinting": 0,
            "subdomains": [
                "pixel"
            ],
            "apis": {},
            "sites": 9,
            "prevalence": 0.0000625,
            "cnames": [],
            "responseHashes": [
                "f3c5029d2044a12c00db3a73d44d06650a01def9835b7462da60ed00ff9bc4d0",
                "2edafd7d8b1cb3654624d5f1b5a438dcf6b0161fefd847f9b2da02bf1ad4541e",
                "659709f2ec6d8c8e50bcc86c73aa2616c072af80e98fba7e0c1fd6d064226532",
                "1d64148ca6030f72df66573203d419e4ea694d150236a443e66f93dada5122cd",
                "c4220528cf0aac11ad7c3d372a1852bcb55b4a156e85d9f79a05f0f4bc646e49",
                "02d5ba654bae4f30e9b6cfb771007f2a74997c67ed6873d28d7c1f3b36b97c71",
                "3542ecde663ae0a411062c25c16971a97a11530a5321b932a4b272915cc7766d",
                "5066a1ef258495fbc8cd1356f7fe5ad6d25c27f5463e6f86ece56ae66c19f105"
            ],
            "type": "Script",
            "firstPartyCookies": {},
            "firstPartyCookiesSent": {},
            "exampleSites": [
                "alltommat.se",
                "mittkok.expressen.se",
                "skonahem.com",
                "teknikensvarld.se",
                "www.expressen.se",
                "www.hd.se",
                "www.netdoktor.se",
                "www.sydsvenskan.se",
                "www.viivilla.se"
            ]
        },
        {
            "rule": "glimr\\.io\\/v4\\/iptags\\/OYGH3SXYFAQR78LVPNQD\\/",
            "cookies": 0,
            "fingerprinting": 0,
            "subdomains": [
                "pixel"
            ],
            "apis": {},
            "sites": 6,
            "prevalence": 0.0000417,
            "cnames": [],
            "responseHashes": [
                "9aead3b464232021fe41f486de6e3fc077b9d3ebb7cede5c51d23c3851fb4e82",
                "6257e93e5d0f01e422f541e7ec63d69da49f5aa10ef0348b0d2618ed0d0e098a",
                "42cdaee08b015fe04c203dc0e825b7fa6772fb3c121d03ab6a79cbf3e5042152",
                "15e35f1a322d7e77afebed6606d1d6200a2e45ee6df08c324a2bbd39ee79aa36",
                "8b2252a5be80329d8de7417f3285b449d65f7813566e9e887cb372a6170bc873"
            ],
            "type": "Script",
            "firstPartyCookies": {},
            "firstPartyCookiesSent": {
                "__glmrid": 0.000006945795015697497
            },
            "exampleSites": [
                "aftonbladet.se",
                "www.aftonbladet.se",
                "www.blocket.se",
                "www.klart.se",
                "www.svd.se",
                "www.tv.nu"
            ]
        },
        {
            "rule": "glimr\\.io\\/v4\\/iptags\\/RWN2UUIVXUPWLQEAP73T\\/",
            "cookies": 0.0000139,
            "fingerprinting": 0,
            "subdomains": [
                "pixel"
            ],
            "apis": {},
            "sites": 2,
            "prevalence": 0.0000139,
            "cnames": [],
            "responseHashes": [
                "e72a438c6514a73461ea57d96faa3298b1543e8e007cba14e94cb348bcd15da0"
            ],
            "type": "Script",
            "firstPartyCookies": {},
            "firstPartyCookiesSent": {},
            "exampleSites": [
                "vol.at",
                "www.vol.at"
            ]
        }
    ],
    "categories": [],
    "performance": {
        "time": 0,
        "size": 0,
        "cpu": 0,
        "cache": 0
    },
    "cookies": 0.0000278,
    "types": {
        "Script": 17
    },
    "nameservers": [
        "mns01.domaincontrol.com",
        "mns02.domaincontrol.com"
    ]
}