{
    "domain": "goinstore.com",
    "owner": {},
    "source": [
        "DuckDuckGo-US"
    ],
    "prevalence": 0.000164,
    "sites": 24,
    "subdomains": [
        "gis"
    ],
    "cnames": [],
    "fingerprinting": 2,
    "resources": [
        {
            "rule": "goinstore\\.com\\/gis\\/script\\/f5342149-695d-4514-a809-35f06db49699",
            "cookies": 0.0000137,
            "fingerprinting": 2,
            "subdomains": [
                "gis"
            ],
            "apis": {
                "Navigator.prototype.platform": 2,
                "Navigator.prototype.userAgent": 2,
                "Navigator.prototype.mediaDevices": 2,
                "Document.cookie getter": 2,
                "Document.cookie setter": 2,
                "window.localStorage": 2,
                "Date.prototype.getTime": 2
            },
            "sites": 2,
            "prevalence": 0.0000137,
            "cnames": [],
            "responseHashes": [
                "a3b6d2be99df133bc0228a1447df7062b40a0fdf8872d23c98ed8f9e90bd1d7f"
            ],
            "type": "Script",
            "firstPartyCookies": {
                "logglytrackingsession": {
                    "ttl": null,
                    "length": 36,
                    "prevalence": 0.000013705858569245425,
                    "uniqueness": 1
                }
            },
            "firstPartyCookiesSent": {},
            "exampleSites": [
                "currys.co.uk",
                "business.currys.co.uk"
            ]
        },
        {
            "rule": "goinstore\\.com\\/gis\\/jsapi\\/init-info\\/gisCallbacks\\.initInfo",
            "cookies": 0.00011,
            "fingerprinting": 0,
            "subdomains": [
                "gis"
            ],
            "apis": {},
            "sites": 16,
            "prevalence": 0.00011,
            "cnames": [],
            "responseHashes": [
                "eced84c910f6102427966d81bbf833df97b871158bcb26e53c9a10498b93cf8d",
                "94980777d35180afd93de9961e1c7278752a27ba9103846cba74c6359fedbff7",
                "bcdb6b6aef55fdab8fa861a2e9ca08aa7393998634c6bab6141caec25b546522",
                "f371734e7bb1ada869b7cc7629b3edadbc37942d1ec14e29c906435ef00a7e06",
                "85e8aed192a9bc6f01c6abf38416deb7b2a895f34a7358b39e7c624e375ea876",
                "b0b491a465a288421775f9d768297eb4156e30f311086cf76e89b93473136e9d",
                "4b4e6bbfc2e409a66281aeb19a316f3afbaae04ba826dbb74d5c7ee8ff78e491",
                "aa2e1abb689759d4e36c9a90d0f316dfa3b63ca7869baa56b317650c88aad590",
                "d6161c1b22b8f2d51e43c63d800a18d65cbd69269b264b43f1e3847dad714f5a",
                "c4d97ac8150dd7482f9a4d87fa12038ceef823b2ac399b3497d9134f403db09e",
                "0247bcc73e4e88dcc77c92ef93efefbbf369b528402dd0bfd3401797ab52d924",
                "e22238607e19e91176f4b6fa278776f6686a63473600f58795dc30095b81f24d",
                "e5e9b6fe8769fe3e84b73e3859666046605285f47da846420a874f9b02a2c0b5",
                "b8cea120d541e82a47a79fabe60761e7687838510cbd925eb867f96ccd58925e"
            ],
            "type": "Script",
            "firstPartyCookies": {},
            "firstPartyCookiesSent": {
                "gis": 0.000013705858569245425,
                "dy_fs_page": 0.000020558787853868135
            },
            "exampleSites": [
                "currys.co.uk",
                "business.currys.co.uk",
                "kay.com",
                "www.bricodepot.es",
                "www.brompton.com",
                "www.carpetright.co.uk",
                "www.dyson.de",
                "www.ernestjones.co.uk",
                "www.hsamuel.co.uk",
                "www.jared.com",
                "www.kay.com",
                "www.officedepot.com.mx",
                "www.pandora.net",
                "www.ribblecycles.co.uk",
                "www.scs.co.uk",
                "www.zales.com"
            ]
        },
        {
            "rule": "goinstore\\.com\\/gis\\/css",
            "cookies": 0.00011,
            "fingerprinting": 0,
            "subdomains": [
                "gis"
            ],
            "apis": {},
            "sites": 16,
            "prevalence": 0.00011,
            "cnames": [],
            "responseHashes": [
                "a1b7a30ade185c8ed2b9224e574cadeec5380c63bc5a5d0779a841774b074c42",
                "93052c400c861522168988c4d42423a433700d63428a5a828034e503401ab324",
                "e917bdc008617bee5e04e535967f934f5175a9cac709ac538cdd6690a0cf3de2",
                "7796a472bb99dd22f42c4479191a94e0ffab2d8e948145a1c52b0c0acb9cc9e4",
                "f81f4506a026c6c24b9b47b2de31f75fa015b3f69e25dc3df6baeed1d6ad3b4c",
                "b854cae64b3dd30948cad69f668492646abffbe10e46d4180dc012c37d5b7ec0",
                "cb57ab2476c370d5be0b96bb38de98a0cfdaa849335f3b9777e52e943cebd41b",
                "6bb8d594c33e24d701983d474e542b2d645f031d4efa476c6175396131fbba52",
                "908cb25bae305c13d6a4efafefb193dc3e52a8b44d9d90f05b07576ac4f664b4",
                "ee6e74e813c6676a890dab813aaff78771e63351a64d796c745b01e2c5f0b246",
                "7dcd616df315367855b9bcad55c16661c997b4fa622f7c6074d7938eac42d9e1",
                "8fcee715210c2f0d19b3adcd2eba02cdc57f6f0e3aeb778aa4735a2a21cc26b3",
                "5b0f2766fe80c0004815e43d707efc5a1251605f069f5d9e4f0305d4ef8b618d",
                "db84b4934ecc03c0ddad874f064bd284f4673da154c00a2fb0acf298ff197003"
            ],
            "type": "Stylesheet",
            "firstPartyCookies": {},
            "firstPartyCookiesSent": {},
            "exampleSites": [
                "currys.co.uk",
                "business.currys.co.uk",
                "kay.com",
                "www.bricodepot.es",
                "www.brompton.com",
                "www.carpetright.co.uk",
                "www.dyson.de",
                "www.ernestjones.co.uk",
                "www.hsamuel.co.uk",
                "www.jared.com",
                "www.kay.com",
                "www.officedepot.com.mx",
                "www.pandora.net",
                "www.ribblecycles.co.uk",
                "www.scs.co.uk",
                "www.zales.com"
            ]
        },
        {
            "rule": "goinstore\\.com\\/gis\\/jsapi\\/isClerkAvailable\\/clerkIsAvailable\\/clerkIsNotAvailable",
            "cookies": 0.0000548,
            "fingerprinting": 0,
            "subdomains": [
                "gis"
            ],
            "apis": {},
            "sites": 8,
            "prevalence": 0.0000548,
            "cnames": [],
            "responseHashes": [
                "df954db012c7d79eaa2a26637f758ef3c3ecbde0c3b199f3d38084303d2abdac"
            ],
            "type": "Script",
            "firstPartyCookies": {},
            "firstPartyCookiesSent": {},
            "exampleSites": [
                "currys.co.uk",
                "business.currys.co.uk",
                "www.brompton.com",
                "www.carpetright.co.uk",
                "www.dyson.de",
                "www.pandora.net",
                "www.ribblecycles.co.uk",
                "www.scs.co.uk"
            ]
        },
        {
            "rule": "goinstore\\.com\\/gis\\/script\\/a1fba1b4-a879-4011-a70d-e330715540e6",
            "cookies": 0.0000137,
            "fingerprinting": 2,
            "subdomains": [
                "gis"
            ],
            "apis": {
                "Navigator.prototype.platform": 2,
                "Navigator.prototype.userAgent": 2,
                "Navigator.prototype.mediaDevices": 2,
                "Document.cookie getter": 2,
                "Document.cookie setter": 2,
                "window.localStorage": 2
            },
            "sites": 2,
            "prevalence": 0.0000137,
            "cnames": [],
            "responseHashes": [
                "47e3489ee26c94df1d15c3e85ca2ee70f9a0809f6541d9a7449c159564f340e4"
            ],
            "type": "Script",