{
    "domain": "hatenaapis.com",
    "owner": {},
    "source": [
        "DuckDuckGo-US"
    ],
    "prevalence": 0.0000959,
    "sites": 14,
    "subdomains": [
        "bookmark"
    ],
    "cnames": [],
    "fingerprinting": 0,
    "resources": [
        {
            "rule": "hatenaapis\\.com\\/count\\/entry",
            "cookies": 0,
            "fingerprinting": 0,
            "subdomains": [
                "bookmark"
            ],
            "apis": {},
            "sites": 10,
            "prevalence": 0.0000685,
            "cnames": [],
            "responseHashes": [
                "715178af47c2442d01fcb2f030e7c66204759ecac37c78de830bb2f0385af032",
                "8d45c411ff07b27940c4829be82f7765a6273a18874d1f2b64820c970092abac",
                "2033d28843b0707416e2e3a0d84ebd589639c43b6ff8372b4142f3736694e064",
                "95a1e91caac7b7ec7f9fad63db4bcb0b1105c1a521228c1e0ebcd9b039fe86ee",
                "47c3b9aa5814387bb1a0973840b472ddb1522a19c58a090fd965cdd36a818035",
                "8d7249ef407ecd539548ccccb3161eb6fd05d7749b661f9db8edf345778c61a4",
                "c3cc4cdaefb63786eb538ca8b5bd1061ef2a40d0b4f52d605f54bf176f4f93ab",
                "762a484e29ec64ef80d9baa3af28a1b93a356ec07b6e6728d50cf24be02d5342",
                "67b91fef8990582c585a31896c2d9c8722b309fe6adaad75a60419e1a108cd30"
            ],
            "type": "Script",
            "firstPartyCookies": {},
            "firstPartyCookiesSent": {},
            "exampleSites": [
                "crystalmark.info",
                "iphone-mania.jp",
                "ironna.jp",
                "macrobiotic-daisuki.jp",
                "mainichi.jp",
                "mognavi.jp",
                "spirit.aptty.com",
                "ure.pia.co.jp",
                "world-fusigi.net",
                "www.gentosha.jp"
            ]
        }
    ],
    "categories": [],
    "performance": {
        "time": 0,
        "size": 0,
        "cpu": 0,
        "cache": 3
    },
    "cookies": 0,
    "types": {
        "Script": 10
    },
    "nameservers": [
        "ns-1161.awsdns-17.org",
        "ns-1853.awsdns-39.co.uk",
        "ns-426.awsdns-53.com",
        "ns-819.awsdns-38.net"
    ]
}