{
    "domain": "hostigr.com",
    "owner": {},
    "source": [
        "DuckDuckGo-US"
    ],
    "prevalence": 0.0000456,
    "sites": 6,
    "subdomains": [],
    "cnames": [],
    "fingerprinting": 0,
    "resources": [
        {
            "rule": "hostigr\\.com\\/dfbea",
            "cookies": 0.0000456,
            "fingerprinting": 0,
            "subdomains": [],
            "apis": {},
            "sites": 6,
            "prevalence": 0.0000456,
            "cnames": [],
            "responseHashes": [
                "17f783682e80fa8e1eb3c5933ca0b838deb4a2352b98133ff6f284c33c9b4f26",
                "c3811c1c82205504c568949eff9aee9239cf783b39a7077aa47b46c3fd26b17a",
                "0f0d0c5adb0c675941cae77ce5a4f3c5f1c4496b2852c23a3842ccb72d67a25c",
                "1f633b8182a8def1063e9e8df1548e3c8a0ab9bce8f98074955066cfa0bff9cc",
                "d6313d2162edfab54fb32a462e47f8012501362de1f19c9ffab9058585464cf5"
            ],
            "type": "Document",
            "exampleSites": [
                "aporntv.com",
                "de.spankbang.com",
                "es.spankbang.com",
                "katitube.com",
                "madnessporn.com",
                "www.porntv.com"
            ]
        }
    ],
    "categories": [],
    "performance": {},
    "cookies": 0.0000456,
    "types": {
        "Document": 6
    }
}