{
    "domain": "hubvisor.io",
    "owner": {},
    "source": [
        "DuckDuckGo-US"
    ],
    "prevalence": 0.00061,
    "sites": 88,
    "subdomains": [
        "cdn",
        "client-context",
        "stream"
    ],
    "cnames": [],
    "fingerprinting": 2,
    "resources": [
        {
            "rule": "hubvisor\\.io\\/wrapper\\/01D6X4Y50DGHQY1A2QJ063SAF4\\/hubvisor\\.js",
            "cookies": 0,
            "fingerprinting": 2,
            "subdomains": [
                "cdn"
            ],
            "apis": {
                "Navigator.prototype.userAgent": 6,
                "Navigator.prototype.cookieEnabled": 6,
                "window.localStorage": 6,
                "Navigator.prototype.appName": 6,
                "Navigator.prototype.product": 6,
                "window.sessionStorage": 6
            },
            "sites": 6,
            "prevalence": 0.0000416,
            "cnames": [],
            "responseHashes": [
                "555f9ebc33528aa81e81dad8768c71247537ae7d934405e7180ce7288726134e"
            ],
            "type": "Script",
            "firstPartyCookies": {},
            "firstPartyCookiesSent": {},
            "exampleSites": [
                "ooreka.fr",
                "alimentation.ooreka.fr",
                "digestion.ooreka.fr",
                "entretien-voiture.ooreka.fr",
                "justice.ooreka.fr",
                "psychotherapie.ooreka.fr"
            ]
        },
        {
            "rule": "hubvisor\\.io\\/configuration",
            "cookies": 0,
            "fingerprinting": 0,
            "subdomains": [
                "client-context"
            ],
            "apis": {},
            "sites": 47,
            "prevalence": 0.000326,
            "cnames": [],
            "responseHashes": [
                "35f55f6f2b141297eecfc6a711fd69a4f3c2f24d081b9f53ca261525d52c0e28",
                "3e4128ae41e18ae8093a962e0e2409798509c71047efdfb1fe9c018d75d70a67",
                "41733171a9f6e245a9107e126c543c47287ca6fae510ec75e832d769e53eee76",
                "3e49c1c3c2e3117f559ee4e61c8cbd1cd5c625641bd84d4db767d0268f3fd0fd",
                "0ebf5ff69a40207e119529cbc8fb4f5b3a9da2d9138fc81ca694a8d7bcaba501",
                "80b7d0b21e9db79a374ceba7bd824148856d857b917c68574023d28076bee554",
                "81ef44cb3312937719cb41ccd62b48b78791cac2969211142a7d64b708469ae0",
                "89413a91608df357abd19cceb5048d59c784ee310e8184ffa58457b53af6cc0e",
                "bab23417dd6998b5e70f4000c9bbd3ac2cb3824197f033db8774b139e9d1fac8",
                "f930b38569bfb59d3e1e7d39c5db7561f663af1875eb30a24eca4836a19bd491",
                "4f5abaa0579d671f667b52b655d92b6bcda52e95fd95c1b12ef7191df81720bd",
                "c145bfb0ef7e3580d72682c77b33a52ddf159fb0719c512dd81aaf91dbe2492b",
                "90e64796b519e36a10e32944ec00bbcd56fc4646e787921e923d316e888aa64c",
                "71231bcd4709090a0ebdd1c6747933dedf1b8f9f6ad4dce3f672a2d98c0e5fe8",
                "51f00bb10a787bb35e8c4c755d8df416bad72c0a398a14322f58ec1b9de0d839",
                "530f54b1f6823ffa635687ffd457d42a4fb40f27d2ebccee16354bd5fb32b1c4",
                "a6e01144d0b6c5962c0fd4c59401f6cd5ccb8c16f678d661c52762aa1e42ad83",
                "ad263d9e319dc1d0fd18204d0b9a816b68dde9ab35e17ebc237607704ba38144",
                "403bc8f305fac9069aa881e4e9169e764289b2e1c3431805f3589bec86c802ef",
                "8327d6af294211b0ac7daf2fe3bc2bcf25e09ab352f0e004b111f4332f26e474",
                "204f1e68d811356cce46c27bb1ca24190aa7c9f8164ec80a601b6d59ad6b3324",
                "9821d036beafbcf6a4339986bd764cb59409c60b4da8bcd7f57a620ea51ca2a6",
                "069bfd1f926be43dd12481a3fd06005561f1ab415b1bc2db6706de766eaf1214"
            ],
            "type": "XHR",
            "firstPartyCookies": {},
            "firstPartyCookiesSent": {},
            "exampleSites": [
                "rmcsport.bfmtv.com",
                "cuisine.journaldesfemmes.fr",
                "www.commentcamarche.net",
                "rmc.bfmtv.com",
                "viadeo.journaldunet.com",
                "droit-finances.commentcamarche.com",
                "www.01net.com",
                "www.linternaute.fr",
                "cuisiner.journaldesfemmes.com",
                "deco.journaldesfemmes.fr",
                "www.journaldesfemmes.fr",
                "www.eurosport.com",
                "www.eurosport.co.uk",
                "www.lexpress.fr",
                "alimentation.ooreka.fr",
                "www.linternaute.com",
                "bricolage.linternaute.com",
                "www.bfmtv.com",
                "dirigeants.bfmtv.com",
                "www.laprovence.com"
            ]
        },
        {
            "rule": "hubvisor\\.io\\/wrapper\\/01BYK28ENND8X5G8K0AJ2DPK9E\\/hubvisor\\.js",
            "cookies": 0,
            "fingerprinting": 2,
            "subdomains": [
                "cdn"
            ],
            "apis": {
                "Navigator.prototype.userAgent": 21,
                "Navigator.prototype.cookieEnabled": 21,
                "window.localStorage": 21,
                "Document.cookie getter": 21,
                "Date.prototype.getTime": 21,
                "Navigator.prototype.appName": 21,
                "Navigator.prototype.product": 21,
                "window.sessionStorage": 21
            },
            "sites": 21,
            "prevalence": 0.000146,
            "cnames": [],
            "responseHashes": [
                "0849b91b1302d130105a529431c48f6acbdaeaf424c445dabf8adba4813104d4",
                "808c6853b979df45b6d4b1ef8f68613b68c6e489582f204d20df38832c02177e"
            ],
            "type": "Script",
            "firstPartyCookies": {},
            "firstPartyCookiesSent": {},
            "exampleSites": [
                "copainsdavant.linternaute.com",
                "www.linternaute.fr",
                "fr.viadeo.com",
                "sante-medecine.journaldesfemmes.fr",
                "forums.commentcamarche.net",
                "www.journaldesfemmes.fr",
                "linternaute.com",
                "cuisine.journaldesfemmes.fr",
                "www.journaldunet.fr",
                "viadeo.journaldunet.com",
                "bricolage.linternaute.com",
                "codes-sources.commentcamarche.net",
                "www.linternaute.com",
                "droit-finances.commentcamarche.com",
                "www.hugolescargot.com",
                "www.commentcamarche.net",
                "avis-deces.linternaute.com",
                "www.journaldunet.com",
                "cuisiner.journaldesfemmes.com",
                "deco.journaldesfemmes.fr"
            ]
        },
        {
            "rule": "hubvisor\\.io\\/wrapper\\/01BYK28ENND8X5G8K0AJ2DPK4E\\/hubvisor\\.js",
            "cookies": 0,
            "fingerprinting": 2,
            "subdomains": [
                "cdn"
            ],
            "apis": {
                "Navigator.prototype.userAgent": 10,
                "Navigator.prototype.cookieEnabled": 10,
                "window.localStorage": 10,
                "Date.prototype.getTime": 10,
                "Navigator.prototype.appName": 10,
                "Navigator.prototype.product": 10,
                "window.sessionStorage": 10,
                "Screen.prototype.width": 10,
                "Screen.prototype.height": 10,
                "Intl.DateTimeFormat.prototype.resolvedOptions": 1,
                "Date.prototype.getTimezoneOffset": 1
            },
            "sites": 10,
            "prevalence": 0.0000693,
            "cnames": [],