{
    "domain": "iesnare.com",
    "owner": {
        "name": "TransUnion LLC",
        "displayName": "TransUnion"
    },
    "source": [
        "DuckDuckGo-US"
    ],
    "prevalence": 0.000843,
    "sites": 111,
    "subdomains": [
        "mpsnare"
    ],
    "cnames": [],
    "fingerprinting": 2,
    "resources": [
        {
            "rule": "iesnare\\.com\\/snare\\.js",
            "cookies": 0.000197,
            "fingerprinting": 2,
            "subdomains": [
                "mpsnare"
            ],
            "apis": {
                "Navigator.prototype.userAgent": 24,
                "Navigator.prototype.appVersion": 24,
                "Navigator.prototype.appName": 24,
                "Navigator.prototype.platform": 24,
                "Navigator.prototype.language": 24,
                "Navigator.prototype.cookieEnabled": 24,
                "Screen.prototype.height": 24,
                "Screen.prototype.width": 24,
                "Navigator.prototype.plugins": 24,
                "window.localStorage": 25,
                "window.openDatabase": 20
            },
            "sites": 26,
            "prevalence": 0.000197,
            "cnames": [],
            "responseHashes": [
                "8d80027406eabab150fad578651f0f2fb99aceb40f332ea5e4514ff9a495b3c8",
                "d50787202248600c66e5ed0c3f0780e54575a521ba87ab9191b564b62071652f",
                "f2efc73d804e38a12a7f25e7335d2a54c507de62edeea8e84d094dd4fa5e7efd",
                "18a52c6f285a6d5b93a0b304ba92085f8e063079bfbd0b6c097e1039b8915e1c",
                "59a2ccb93a62edfb4ed54ad8e29aed18d3f7977c1c709d43fc9b6165c941397e",
                "96142d67be3612500cbb76970a155893fb2a1fcf556243b04aafa276d7a99d00",
                "521df0d9ac1a469ca832be1de5303438888aa19c26890177889cde5e3ab06f37",
                "66daf462c07e4f0fa3cb8012540481c89f656e8933fb73acbefd690b86fd33e0",
                "15e9064b67fa772a7f8533f9cd695f4c99a01722e4d1ae6eb1a9400a3bd3eca3",
                "1861dc0836c9c3f60213a2da173ffcfcb70c343bbe2e7210e4738ef5277b8b51",
                "daa0801d8f69f16687c2ea992953fb5932963affc6b3be0330156a6fe048a905",
                "bec1a645bf84aa55bc6eab9589735889e1baecd87263f1c062b6a083f393381c",
                "e6e5adb56d039f1cdbd6037da073280fba94cf1657e8fc7a96a692ded478d447",
                "b3ff1c12be40cb80e86f74fa8698b137b0bda434d0cd75de9088351f72a11b4a",
                "8ea45023cc6dd209eb43eab3fce0a085c4063e445555eb03b4601ab9b6ef055f",
                "d3b5c1955d1277a54c2c440094f04c824f9abc37fc7691385d95e01e45292acf",
                "7a891aceed1a00216edbf931fa565cd9cdd5e56f244eeb69a86fd9816167da9c",
                "8405f9b9c0ca35f30f5a30971967992a98929198ed666540fc117a2cb1c13394",
                "70343aa28503ed958c2ceb24031d3e59e6a0b45a4567bc3031922cdc5538342d",
                "47171a048168fe38071a23c95ca46365a379b1338c4f9c7dc0d3845a01dc4913",
                "456a30a0cf0c05f38124f1603ec7880353e4bd32cf307a56ccd704bd38a4f684",
                "0159538902666c31447c24932e008938e1b73910e1f1f52c8ff82548d5a3e1e8",
                "b08e1f1dbc1fe3b6916ba8cf8becee12d04dc01f172369458446a332f0fadfb3",
                "416805d6481b0aa7fb99e296b78ec8f3e72cb9d9e67631a387242404fe7e3dec",
                "f4e73f4ac09975447e8e1ebcac372119d6196670fef33d9fc81bde19749569df"
            ]
        },
        {
            "rule": "iesnare\\.com\\/general5\\/wdp\\.js",
            "cookies": 0.00022,
            "fingerprinting": 2,
            "subdomains": [
                "mpsnare"
            ],
            "apis": {
                "Date.prototype.getTime": 29,
                "Navigator.prototype.plugins": 29,
                "window.localStorage": 29,
                "Navigator.prototype.userAgent": 29,
                "Screen.prototype.height": 29,
                "Screen.prototype.width": 29,
                "Navigator.prototype.appVersion": 29,
                "Navigator.prototype.appName": 29,
                "Navigator.prototype.platform": 29,
                "Navigator.prototype.language": 29,
                "Navigator.prototype.cookieEnabled": 29,
                "Navigator.prototype.hardwareConcurrency": 29,
                "Navigator.prototype.getBattery": 25,
                "DeviceMotionEvent.prototype.accelerationIncludingGravity": 1,
                "DeviceOrientationEvent.prototype.gamma": 1,
                "DeviceOrientationEvent.prototype.beta": 1,
                "DeviceOrientationEvent.prototype.alpha": 1
            },
            "sites": 29,
            "prevalence": 0.00022,
            "cnames": [],
            "responseHashes": [
                "5d81295d126254a29524efc388d3bbaccb4368f2218618f28ccb8beeb905760e",
                "e033926537ce306270c0f22cc76052ada1b495521bb6d5ffedc65c20a6daef32",
                "192ee98cd3bc76a6ab8aa43170cb635ee2eeefae46a98383b2287e604324971e",
                "667a778c28a6ab9fbce425db5818186f66cafa49a1eb09e5dfd65e76aff577f6",
                "e02d0b13f5bf43d58a357098fffa7e967ebc11212654882bdefdda71e7fae802",
                "d372776b943cfca4e857c707f8259e28dd76307ac8f088f0f98b1fc77bd5524f",
                "59e786b171a9cf8222be28237ed779b76cc100c3a2948865707d5fa1721aa181",
                "9c30a159c2ec8b6bc9fb1207ae40817aa97f732c34259a46def5b992f47bce4d",
                "05c438ce49d3f90b69ed649668b220ed3f40db1c8d9c400be67522c91ee5c253",
                "68bf25f99723ec23dc5b042bf2bb7f3e37c92908a823f61dc06c7bc9da0d44dc",
                "aee256bf238ce6220202bb51b33627965bfaf9e0b185df446c50b378c76b26d8",
                "8e43dc42b6468afa5c1e2dde8426143b7900b8f7ed4719dc344de4e7d49f3fc7",
                "074d0a1c26e7f883ad42b9a091c3ac0cffe692888c5d0fc5696c129a9d39fc47",
                "16c3573b0cbec353b692073cc519e19649472b8317f7dd2ea9dd1a210eaa9e9b",
                "b5e68404de112e5cab876d8c2d1cdab7b2c1c3b2e2befcc69679325e0f532e58",
                "b0d766ffb1b7035d8bc0286860db5822eea468bd30e7605371e92340dfd3794f",
                "f618343ce7c40612c00c0405b9199bce1d10a4f6c1709b6c02bbc99b49592658",
                "b538476f350c5330b9b6a3b2ed0d5ffcb6f850911fc03e794bf293f130aa3712",
                "7bfb96e31af776bd5e1bea7f978dfc849598b8295810a9baf909dab985e25d3f",
                "3d6886e3f7220bb115738213d44fdbf5d4a69aec18fff32ef5e2bab304e02574",
                "85fd2a4aebbeb9a962d2a49d79cdcef85ceeacc7a0977899881b0b1b2080e851",
                "7118f2cf7bc9647b61272112aaf5942ae60e923edb781d57a709124cd88f6764",
                "7da07331ee3ff8d19468a2b8c2f721287e1d56e589ae998e869fcf164114c321",
                "d27083d30669606654af5a40298f92df8afa1d266a5c533bcfe77677b6430ad1",
                "5e2e9565bf5d322b3803105a2f1811428f33936acac12e21134ae26e9df0eff0",
                "1a22473e2ca2b381519076507fdde0f7d0d2c63e3af26398d14273cb4cbfe419",
                "49e6610f07f3dee4705425a71739eef25ea11bbc5be966e82e741d55372cca19",
                "7c58f0088cebac3fc86ed3b68ee50af312c8e4c640cb2a62225759c40e72675d"
            ]
        },
        {
            "rule": "iesnare\\.com\\/snare\\.js",
            "cookies": 0.0000152,
            "fingerprinting": 0,
            "subdomains": [
                "mpsnare"
            ],
            "apis": {},
            "sites": 2,
            "prevalence": 0.0000152,
            "cnames": [],
            "responseHashes": [
                "e3b0c44298fc1c149afbf4c8996fb92427ae41e4649b934ca495991b7852b855"
            ]
        },
        {
            "rule": "iesnare\\.com\\/general5\\/8kBKRVp2MD8gzqEz2pogphwEF2uRk3-QIGEed9TZ_wM\\/wdp\\.js",
            "cookies": 0.0000228,
            "fingerprinting": 2,
            "subdomains": [
                "mpsnare"
            ],
            "apis": {
                "Date.prototype.getTime": 3,
                "Navigator.prototype.plugins": 2,
                "window.localStorage": 3,
                "Navigator.prototype.userAgent": 2,
                "Screen.prototype.height": 2,