{
    "domain": "iflychat.com",
    "owner": {},
    "source": [
        "DuckDuckGo-US"
    ],
    "prevalence": 0.0000763,
    "sites": 11,
    "subdomains": [
        "cdn",
        "api5",
        "api2",
        "ws"
    ],
    "cnames": [],
    "fingerprinting": 1,
    "resources": [
        {
            "rule": "iflychat\\.com\\/js\\/iflychat-v2\\.min\\.js",
            "cookies": 0,
            "fingerprinting": 0,
            "subdomains": [
                "cdn"
            ],
            "apis": {},
            "sites": 8,
            "prevalence": 0.0000555,
            "cnames": [],
            "responseHashes": [
                "e35bd19e16d442749f945496a5b821efb773d4485d17a9458ba5eba4d4e64dd4",
                "587f2adf6c42f9b8f556cff72700627544978c94863e508e13592c110f097407",
                "fa6c5374ee0966577e19a8065ce1001de756a5dfb2ca895ba8516c947954d617",
                "c37c938a8f9bf796c3977975047fd3ccbf76ab82e467d71daa8514bb0bbdebea",
                "be20d295afa6ecc17277951863db85c2cc8de92090b6ed3a3da3ac2d186dd533",
                "a1f9d0fc5e8fcd33e6401f6d58c8c0271a29171682d5db38e49dc5e603f76e35",
                "2db324d3c9522224f8c56e90e4b20d904977a81c931941cc1d5a18b74b606aa1"
            ],
            "type": "Script",
            "firstPartyCookies": {},
            "firstPartyCookiesSent": {},
            "exampleSites": [
                "crazzfiles.com",
                "gomiblog.com",
                "woofbears.com",
                "www.cdsissy.com",
                "www.cocoforcannabis.com",
                "www.fantasyalarm.com",
                "www.nowtheendbegins.com",
                "www.rotoballer.com"
            ]
        },
        {
            "rule": "iflychat\\.com\\/js\\/iflychat-app-v2\\.8\\.17\\.min\\.js",
            "cookies": 0.0000208,
            "fingerprinting": 1,
            "subdomains": [
                "cdn"
            ],
            "apis": {
                "Navigator.prototype.userAgent": 3,
                "Document.cookie getter": 3,
                "Date.prototype.getTime": 3,
                "Document.cookie setter": 3
            },
            "sites": 3,
            "prevalence": 0.0000208,
            "cnames": [],
            "responseHashes": [
                "2f06547991d611255cdf225af88662858f3e5275e89022b49720abd0ffefd051"
            ],
            "type": "Script",
            "firstPartyCookies": {
                "iflychatTokenCid": {
                    "ttl": 43203,
                    "length": 171,
                    "prevalence": 0.000020805015395711393,
                    "uniqueness": 1
                },
                "iflychatSoundCid": {
                    "ttl": 2592003,
                    "length": 44,
                    "prevalence": 0.000020805015395711393,
                    "uniqueness": 1
                },
                "iflychatStatusCid": {
                    "ttl": 2592003,
                    "length": 44,
                    "prevalence": 0.000020805015395711393,
                    "uniqueness": 1
                },
                "iflychatUserId": {
                    "ttl": 43203,
                    "length": 9,
                    "prevalence": 0.000020805015395711393,
                    "uniqueness": 0.3333333333333333
                },
                "iflychatUserName": {
                    "ttl": 43203,
                    "length": 9,
                    "prevalence": 0.000020805015395711393,
                    "uniqueness": 0.3333333333333333
                }
            },
            "firstPartyCookiesSent": {},
            "exampleSites": [
                "cdsissy.com",
                "www.fantasyalarm.com",
                "www.rotoballer.com"
            ]
        },
        {
            "rule": "iflychat\\.com\\/api\\/1\\.1\\/user\\/create",
            "cookies": 0,
            "fingerprinting": 0,
            "subdomains": [
                "api5",
                "api2"
            ],
            "apis": {},
            "sites": 3,
            "prevalence": 0.0000208,
            "cnames": [],
            "responseHashes": [],
            "type": "Preflight",
            "firstPartyCookies": {},
            "firstPartyCookiesSent": {},
            "exampleSites": [
                "cdsissy.com",
                "www.fantasyalarm.com",
                "www.rotoballer.com"
            ]
        },
        {
            "rule": "iflychat\\.com\\/translations\\/en\\.json",
            "cookies": 0,
            "fingerprinting": 0,
            "subdomains": [
                "cdn"
            ],
            "apis": {},
            "sites": 3,
            "prevalence": 0.0000208,
            "cnames": [],
            "responseHashes": [
                "82fc75726fb28164624bdc47574778207b5cec76f3196794409d32c15d8d462d"
            ],
            "type": "XHR",
            "firstPartyCookies": {},
            "firstPartyCookiesSent": {},
            "exampleSites": [
                "cdsissy.com",
                "www.fantasyalarm.com",
                "www.rotoballer.com"
            ]
        },
        {
            "rule": "iflychat\\.com\\/api\\/1\\.1\\/user\\/create",
            "cookies": 0,
            "fingerprinting": 0,
            "subdomains": [
                "api5",
                "api2"
            ],
            "apis": {},
            "sites": 3,
            "prevalence": 0.0000208,
            "cnames": [],
            "responseHashes": [
                "a3a6ddc13b5f27d62d1a25d1cac0fcf43f48c9579f1f7d4ddac037dc0e4188da",
                "2a12bcfd4a9e0cdea7322e883318fc237ac82d35d60516f25dfa1acd54978171"
            ],
            "type": "XHR",
            "firstPartyCookies": {},
            "firstPartyCookiesSent": {},
            "exampleSites": [
                "cdsissy.com",
                "www.fantasyalarm.com",
                "www.rotoballer.com"
            ]
        },
        {
            "rule": "iflychat\\.com\\/font\\/bootstrap\\/glyphicons-halflings-regular\\.woff2",
            "cookies": 0,
            "fingerprinting": 0,
            "subdomains": [
                "cdn"
            ],
            "apis": {},
            "sites": 3,
            "prevalence": 0.0000208,
            "cnames": [],
            "responseHashes": [
                "fe185d11a49676890d47bb783312a0cda5a44c4039214094e7957b4c040ef11c"
            ],
            "type": "Font",
            "firstPartyCookies": {},
            "firstPartyCookiesSent": {},
            "exampleSites": [
                "cdsissy.com",
                "www.fantasyalarm.com",
                "www.rotoballer.com"
            ]
        },
        {
            "rule": "iflychat\\.com\\/api\\/1\\.1\\/site\\/settings",
            "cookies": 0,
            "fingerprinting": 0,
            "subdomains": [
                "api5",
                "api2"
            ],
            "apis": {},
            "sites": 3,
            "prevalence": 0.0000208,
            "cnames": [],
            "responseHashes": [],
            "type": "Preflight",
            "firstPartyCookies": {},
            "firstPartyCookiesSent": {},
            "exampleSites": [
                "cdsissy.com",
                "www.fantasyalarm.com",
                "www.rotoballer.com"
            ]
        },
        {
            "rule": "iflychat\\.com\\/api\\/1\\.1\\/site\\/settings",
            "cookies": 0,
            "fingerprinting": 0,
            "subdomains": [
                "api5",
                "api2"
            ],
            "apis": {},
            "sites": 3,
            "prevalence": 0.0000208,
            "cnames": [],
            "responseHashes": [
                "2ae7fd87ee628cb8f186d6c3b7d5f0bca816f99c840d98b45adce460cfbb29c7",
                "e99a2f06b21af9b50171e9e35ca06444937a19531df70617f366d7d0ac004c4d"
            ],
            "type": "XHR",
            "firstPartyCookies": {},
            "firstPartyCookiesSent": {},