{
    "domain": "infopicked.com",
    "owner": {},
    "source": [
        "DuckDuckGo-US"
    ],
    "prevalence": 0.000532,
    "sites": 70,
    "subdomains": [
        "beta"
    ],
    "cnames": [],
    "fingerprinting": 0,
    "resources": [
        {
            "rule": "infopicked\\.com\\/adServe\\/banners\\/findBanner",
            "cookies": 0.000114,
            "fingerprinting": 0,
            "subdomains": [
                "beta"
            ],
            "apis": {},
            "sites": 15,
            "prevalence": 0.000114,
            "cnames": [],
            "responseHashes": [
                "6393c13c2354629e4fdb97a448a7e4fcf90f617b1038e8757e55a84ad45c5a6f",
                "b6c28621475b0b18046072718dd8fce5a8013fa9712189b18308ba8d75bfa8ee",
                "67e53b71c4567bfa2ad5209a801c4cd8731f64af2cc3ca8703b10e60024fe8a7",
                "ce6f4c9cd42622839ec60011a82bf7bbcbe18c9ea50e650143dda43abd811dc3",
                "bc80f1bc3990c3630314dce49a287540d1289f8ab284a523bc72ca0e1ca2c059",
                "d6f95589306e653eecce23c12fbabead997313697852246411363e6999c7cf41",
                "a84cded7c0ace3bc6202fd4b15acf518b23b8a2f458d59e2d8901b06ca0f3907",
                "755bf736f7647157a0420677d3d1d047ef5061f18ece4978aa88f8df736a05e6",
                "10f35d713b0b246d2160699eddd5c46fb27e143b89a924865a5dd8d5566d28fb",
                "c3fa25d6d80023e8e595ba85c09d33dc534549120d258bf6be88226bc85edf86",
                "e6b4836c2436116889c22396f1d5d9877743fdfc21e355666a654443624468e2",
                "a26762d186af82ec05dd7fc4f3522974772b4ccf96983ca4d673cda44f4a9583",
                "4fdab06d15454ae828797eb176a23e00faa9f7dfe17d6029aac38bb60d14e826",
                "64eacdc3eaf3825d0f030fc99eec5c1d435541e04fb6c61de6f0a4be2a7d1095"
            ],
            "type": "Script",
            "exampleSites": [
                "babytorrent.vip",
                "bangladeshix.blogspot.com",
                "cinemaapk.net",
                "freegogpcgames.com",
                "innocentmodels.blogspot.com",
                "onlyhollywood4u.com",
                "soundcloudmp3.cc",
                "wowne.ws",
                "ww1.animesepisodes.com",
                "www.rgmechanics.net",
                "www.tubeninja.net",
                "www78.zippyshare.com",
                "www63.zippyshare.com",
                "ytstorrents4u.com"
            ]
        }
    ],
    "categories": [],
    "performance": {
        "time": 1,
        "size": 1,
        "cpu": 0,
        "cache": 3
    },
    "cookies": 0.000175,
    "types": {
        "Script": 15
    }
}