{
    "domain": "infopicked.com",
    "owner": {},
    "source": [
        "DuckDuckGo-US"
    ],
    "prevalence": 0.000361,
    "sites": 52,
    "subdomains": [
        "beta"
    ],
    "cnames": [],
    "fingerprinting": 0,
    "resources": [
        {
            "rule": "infopicked\\.com\\/adServe\\/banners",
            "cookies": 0,
            "fingerprinting": 0,
            "subdomains": [
                "beta"
            ],
            "apis": {},
            "sites": 30,
            "prevalence": 0.000208,
            "cnames": [],
            "responseHashes": [
                "ce549c6ad58f6161ea81a4864b91d46efd5f6181edb267c1262ecba91773f79d",
                "1ae82e0171b1e8ccf19610e7c4613ec71da5c38445c4886f3f7855ea44d94ccd",
                "53cc90cd72809f3f5d883022ea116464c6f25b3df018d4f46e9cc67fb3e38a79",
                "fa554048fd0d6f0dcbf81fab2bebace7ed3945b9d86bb7534dfada16878e1391",
                "4b38bd484a43660f784dfd97aaf91dd43f84d1cc1f6e501c6f3ff007af165b34",
                "6d40cc39286e0923958cdcf2e3d38a78fe0e64ea7483071e0ba3f4b86e791cf2",
                "845f09f34712e0d442d0075ae7c122e689f32eb27b45fcef272829cae0cc4eaf",
                "e3b0c44298fc1c149afbf4c8996fb92427ae41e4649b934ca495991b7852b855",
                "cfa79f6cd5e459526e9478d8e1cdc886c29944955e6ae8794c1428903c72d857",
                "ac54ee53875cbff27129ad18841f8e36bb4894d4be1a673a8eb255cea21d3aa2",
                "732fbb748bd1104783dab649caed3576a18fc5f8f40cbec4863bd6a0148924bf",
                "3e19ce3b1c0d1e7be0b7b16f57b29a97ca19af6209c2b831f8fbb0859dc12782",
                "1128c8dbf46c7d6b36bb8447ef76c59951eae4f4ef4a4d0a5a663033e602657b",
                "7185bb3fa04b5f593350bdfd170cde4d5cae0046813d7df1e3791f41afc3613a",
                "d0cbeb1f505eecb4ea64b2a8230c347da1a35919f485abedf6b95011c9538781",
                "b07905654fa1616c5c82e410646174233f032616e1cb6aabc8e723e315a654c2",
                "102badec1fd1b3c067706a359a490d8979220ab882e56fdc590899a66fc5feb0",
                "79a9d8335a8e82f4400bf1047d8ecdd8562e0fd8a547f45cad6abad3581ea312",
                "abae2102d8669e64c7f0b700b1afe838e9d7da0493c0903bec315917934dcadb",
                "e5286b313592a0ab32e2e5a3ee6110136910be8d274778bd78a0b04fd3719547",
                "959338f6e96a31429325437306fdf1c7c78a79fd0772f546b37bff8ed3783e9b",
                "aa01ae3a82369de7f983a1e3e4b296a51b571ddae63db2da86c4931b134121b4",
                "cc55b8d9798d4ca944c6af330e090c65829350baa8af0ff324697b084df4ef1b",
                "d2db1ef64e98a6d84c57977a170a89de20d53077f1cfd3e9ea42b7b7f548f744",
                "29fe23fde6743dbb3fa7f0d8a341246a6f4dffea16c3db53cf35e9e92b1ef684",
                "272c54a32d512499043b74fc4a669e3213524e18cd07329317d3422e16c9f727",
                "95c93f1dfdac1958351e89ad5e9ae96214e55f66ee8d81f0f06ab5ec8b482a06",
                "b40878802a8b9a6a23d5b3a98d664d319b36b39ef7b74cee8cc90cea71d0b876"
            ],
            "type": "Script",
            "firstPartyCookies": {},
            "firstPartyCookiesSent": {},
            "exampleSites": [
                "yify-yts.com",
                "yts-torrent.cam",
                "www86.zippyshare.com",
                "yts-magnet.com",
                "readcomiconline.uproxy2.org",
                "yifytorrentyts.net",
                "bangladeshix.blogspot.com",
                "yts-torrent.org",
                "cricfree.theproxy.app",
                "www.livesoccerstream.live",
                "123movies2020.top",
                "soundcloudmp3.cc",
                "cricfree.sc",
                "mp3-youtube.download",
                "kisstvshow.to",
                "bulktorrent.com",
                "www.ufosightingsdaily.com",
                "nnstarzz.blogspot.com",
                "www.rgmechanics.com",
                "thebypasser.com"
            ]
        },
        {
            "rule": "infopicked\\.com\\/adServe\\/banners\\/findBanner",
            "cookies": 0.0000625,
            "fingerprinting": 0,
            "subdomains": [],
            "apis": {},
            "sites": 9,
            "prevalence": 0.0000625,
            "cnames": [],
            "responseHashes": [
                "2df750720005d602abc9227c71ff451668bfc5e8b86741130339c0683d1f1464",
                "02d6ca5429d451914d5ec89f94e1e2dc6a6fa626cf0d613b2325a91a7833b289",
                "33b46bc8ba3a2dfe2ea93afce0ecbb84c822ea041bde693115f0f1306fc8d877",
                "b93c2635389cfb2074207d95f877717ed921fb8b0876ea52c9f042df8e28e7fe",
                "d9f55882f21d1f5c9cda825aaf9f60351d7b2274dfa65326f386c16072e2ce80",
                "01a699386ecef424d1e601ad3e396be1a7095891c43c12e9d29b8212e4c05e95",
                "6ceeaac4213e5cd0ecc81171089eab5c54dbb87aa21d3723f6d47240b8c91384",
                "385019a87505d33e2547125fa39ce0b1c171c9ade2ad98040f1fd1514f7881f0"
            ],
            "type": "Script",
            "firstPartyCookies": {},
            "firstPartyCookiesSent": {},
            "exampleSites": [
                "bangladeshix.blogspot.com",
                "get-into-pc-1.blogspot.com",
                "soundcloudmp3.cc",
                "verpeliculasonline.org",
                "wowne.ws",
                "www.livesoccerstream.live",
                "www78.zippyshare.com",
                "www86.zippyshare.com",
                "yts-torrent.cam"
            ]
        }
    ],
    "categories": [],
    "performance": {
        "time": 1,
        "size": 1,
        "cpu": 0,
        "cache": 3
    },
    "cookies": 0.0000972,
    "types": {
        "Script": 39
    },
    "nameservers": [
        "ns1.dnsmadeeasy.com",
        "ns0.dnsmadeeasy.com",
        "ns2.dnsmadeeasy.com",
        "ns4.dnsmadeeasy.com",
        "ns3.dnsmadeeasy.com"
    ]
}