{
    "domain": "infox.sg",
    "owner": {},
    "source": [
        "DuckDuckGo-US"
    ],
    "prevalence": 0.0000911,
    "sites": 12,
    "subdomains": [
        "rb"
    ],
    "cnames": [],
    "fingerprinting": 0,
    "resources": [
        {
            "rule": "infox\\.sg\\/json",
            "cookies": 0.000038,
            "fingerprinting": 0,
            "subdomains": [
                "rb"
            ],
            "apis": {},
            "sites": 5,
            "prevalence": 0.000038,
            "cnames": [],
            "responseHashes": [
                "80e57f453e833fdd6c8a400c4fc1338fc9a6e0408e1d507f1c4d3df37fff9477",
                "a6c1fe5460e431ce322edc40c50a35e44a602ed3765a1f1e6660ee7eb484deb4",
                "63eb8372c01605886d8db038ec7b1639a35f068128f883a70f1a25d8412dd4c6",
                "d62c4830731aa4a0a6165c53ae36f57808c05dce99e9aaa6905667e25d451a7a"
            ]
        }
    ],
    "categories": [],
    "performance": {
        "time": 0,
        "size": 0,
        "cpu": 0,
        "cache": 3
    },
    "cookies": 0.0000456,
    "types": {
        "XHR": 5
    }
}