{
    "domain": "innity.com",
    "owner": {},
    "source": [
        "DuckDuckGo-US"
    ],
    "prevalence": 0.000473,
    "sites": 69,
    "subdomains": [
        "as",
        "optimize",
        "avd",
        "ps"
    ],
    "cnames": [],
    "fingerprinting": 0,
    "resources": [
        {
            "rule": "innity\\.com\\/synd\\/",
            "cookies": 0.000116,
            "fingerprinting": 0,
            "subdomains": [
                "as"
            ],
            "apis": {},
            "sites": 17,
            "prevalence": 0.000116,
            "cnames": [],
            "responseHashes": [
                "ca7d98cd0d5f395fa14c7205c3e77ab8fbbe21dbca0635ac5b50bda45829a42e",
                "e180b367a52b34a7efe77c37ae71edd65094beae50960e3552e0c1fc54c2ac3e",
                "8dfbcd8090c501b7cb43bf7c38bc307372fb7e0e8db901f55083682bbaff9abe",
                "84aecbdae025b94859780551e822d5621ab3d19f980153d9043d44d6df2b76ca",
                "26bc7fc08f46b44484a1a0ce6b4c651c78804f317823fcb2bb9b19dd30432fd4",
                "d8cdd7850c9e69f45480a2d7a8ba9d22d0c0a66a9aac090322388cbc7430460c",
                "213db5f96a672aded3580fb3f156300c7abe265308ada5c21a4ca222fd60645c",
                "33e5b19312a929c0b74beca54790976fc4a91b60b90e188cada0c791f0c1ce26",
                "c6ee8405263d62c6eb3b021ca1fae6468d04ea3e6aeabd67b85c7941df77807b",
                "5cc2175fe0068d18e09fe82a34611c1e8b496472827ec7c891bbc282dab7f491",
                "78519ffae63c9a5038e1b4ee3644c656be903b73eccdcd861b2f6bafd409edf4",
                "edd4d0462d1c8d9ad02e28b5ecb9d8a6730fdefd178d8ecef7d13d479a0d82c6",
                "c91ac8d97b78b90ddeb543e3cff56ab4aa73b107d75350c32c94601b10ff9765",
                "10f74c028b9e8624b69b28c975614a3887a0abf1e5f27494299574f1d6bf0a39",
                "635163f6f985ea01ca928a40d5353949c9c25d203b86c28afb035b62764cc3dd",
                "919dac0de44d4c9284bee6da4935c47aa600f4b37e39cc04671494b13cc062ba"
            ],
            "type": "Script",
            "firstPartyCookies": {},
            "firstPartyCookiesSent": {
                "get_top_level_domain_cookie": 0.000006852929284622712
            },
            "exampleSites": [
                "animeindo.asia",
                "hot.liputan6.com",
                "m.kapanlagi.com",
                "mangaku.co",
                "mforum.cari.com.my",
                "news.mingpao.com",
                "soyacincau.com",
                "telset.id",
                "www.baby-kingdom.com",
                "www.clickthecity.com",
                "www.cnnphilippines.com",
                "www.fimela.com",
                "www.lottopcso.com",
                "www.malaysia-chronicle.com",
                "www.openrice.com",
                "www.sunstar.com.ph",
                "www.thenewslens.com"
            ]
        },
        {
            "rule": "innity\\.com\\/",
            "cookies": 0,
            "fingerprinting": 0,
            "subdomains": [
                "optimize"
            ],
            "apis": {},
            "sites": 16,
            "prevalence": 0.00011,
            "cnames": [],
            "responseHashes": [
                "4e0705327480ad2323cb03d9c450ffcae4a98bf3a5382fa0c7882145ed620e49"
            ],
            "type": "Image",
            "firstPartyCookies": {},
            "firstPartyCookiesSent": {},
            "exampleSites": [
                "animeindo.asia",
                "hot.liputan6.com",
                "m.kapanlagi.com",
                "mforum.cari.com.my",
                "news.mingpao.com",
                "soyacincau.com",
                "telset.id",
                "www.baby-kingdom.com",
                "www.clickthecity.com",
                "www.cnnphilippines.com",
                "www.fimela.com",
                "www.lottopcso.com",
                "www.malaysia-chronicle.com",
                "www.openrice.com",
                "www.sunstar.com.ph",
                "www.thenewslens.com"
            ]
        },
        {
            "rule": "innity\\.com\\/dc\\/cb\\/",
            "cookies": 0.000123,
            "fingerprinting": 0,
            "subdomains": [
                "avd"
            ],
            "apis": {},
            "sites": 22,
            "prevalence": 0.000151,
            "cnames": [],
            "responseHashes": [
                "c4d1fcc1b26f9244fa2c729ce2f39e5606f2dd5e36b27dafa646c7529696f00f",
                "44b3683a65d48b896053def51ea6bf4f7c3cf18d25829c491861ed7ae8f53101",
                "bee5330b67aea90dd8487ad3310c29f3f1fb8a28ea2b25ff5fea566a582842e2",
                "818ef494e660a7daf262f934800ef7a092a8c7806c7ef213b408879d17b4d37b",
                "c700063d590e2b2869316e85077159675199de6a2abaf32f30fc04e6bd942c83",
                "4b6f279e1a829c08970842b58ddd507f6c8059712705f76cd8ecbc77e7fdb5fc",
                "385284ea2e84419aa5b21823be650607e60f4178067b22ebe872b892a6cbbe35",
                "46a5c9b59e621b96df26566369ecc69b979c6bce6a97a7a77013d28da91e7ee6",
                "86c7354121dcc0ac40dc2c028ff501bfe98d9dccc36f74bde6cf82b6af150c68",
                "79f92d48aeac7d2c49a1328d9400d769346f686ba351e580a54c5f82fea357a9",
                "bae8b073dfef24841b2fd389ff4debdd8696b6d3681a1a831ab9936db007cb20",
                "f075e217a82de29c3e9377abb823643509a7dac11344a337478705814203c63e",
                "61841d8eff9a7f2b9084404b5fbb41ee0d52a70d5fd6ad81ef0a4a0df2cf8063",
                "181c74172a5da8fd72a996316f45652bd5b061da6946e27af5ec7440d96dcce4",
                "9604c81424f86be728a388394ec48d46227f6c756c3021c8ebae82a6898db8d1",
                "1b5cccc00d76c2009e5c27b837e9a19cbd5d188695a707c983ecfd722833e310",
                "426fbc519df4b15ab014089dc02b191fe75c92919db6a2a654476ea1b6c1c661",
                "6afbac4717e1108e2c66f86ca7826ea4c2bed18a817d9e2cf71af6820cc54980",
                "192be96392469b359ae69eef7b0661fb6b7afac672ebec2fdb1d10a2dded9b0f",
                "eb620c440947b2ef7453487770e7d4bbbf07658dbe606c68d87b54b7df55947b",
                "aaa44dd2e9de1e8b85ac318f4f3c3f444f33e65fbd185cdd15a3aed120b5b7c3"
            ],
            "type": "Script",
            "firstPartyCookies": {},
            "firstPartyCookiesSent": {},
            "exampleSites": [
                "www.malaysiakini.com",
                "www.inquirer.net",
                "m.kapanlagi.com",
                "pantip.com",
                "newsinfo.inquirer.net",
                "worldofbuzz.com",
                "www.globe.com.ph",
                "bbs.ruliweb.com",
                "www.theedgemarkets.com",
                "lifestyle.inquirer.net",
                "usa.inquirer.net",
                "cnnphilippines.com",
                "mforum.cari.com.my",
                "www.sanook.com",
                "www.kaskus.co.id",
                "www.cnnphilippines.com",
                "entertainment.inquirer.net",
                "www.lottopcso.com",
                "www.malaysia-chronicle.com",
                "m.kaskus.co.id"
            ]
        },
        {
            "rule": "innity\\.com\\/uidsync\\/init\\/",
            "cookies": 0.0000274,
            "fingerprinting": 0,
            "subdomains": [
                "avd"
            ],
            "apis": {},
            "sites": 6,
            "prevalence": 0.0000411,
            "cnames": [],
            "responseHashes": [
                "4e0705327480ad2323cb03d9c450ffcae4a98bf3a5382fa0c7882145ed620e49"
            ],
            "type": "Image",
            "firstPartyCookies": {},
            "firstPartyCookiesSent": {},
            "exampleSites": [
                "animeindo.asia",
                "m.kapanlagi.com",
                "mforum.cari.com.my",
                "www.cnnphilippines.com",
                "www.lottopcso.com",
                "www.malaysia-chronicle.com"
            ]
        },
        {
            "rule": "innity\\.com\\/uidsync\\/getuid\\/",
            "cookies": 0.0000206,