{
    "domain": "innity.com",
    "owner": {},
    "source": [
        "DuckDuckGo-US"
    ],
    "prevalence": 0.000535,
    "sites": 77,
    "subdomains": [
        "as",
        "optimize",
        "avd",
        "ps"
    ],
    "cnames": [],
    "fingerprinting": 0,
    "resources": [
        {
            "rule": "innity\\.com\\/synd\\/",
            "cookies": 0.000104,
            "fingerprinting": 0,
            "subdomains": [
                "as"
            ],
            "apis": {},
            "sites": 15,
            "prevalence": 0.000104,
            "cnames": [],
            "responseHashes": [
                "1cdcb9f7882e4d0556a9f95a42f60f9d6092079e261c0dd37d6463ad033464b9",
                "e48a31ce3a38be7351ae967ca817e71eb2a1ad74e2ece0b57538134f4e19d085",
                "6bf3a99624a513e8234c6e8633f9614a85c8e08878d6efcbe2d5ebeed3c0dcd1",
                "ae1b51a0c6f3683cba3ef4b71e8a710fdcfdedbde62c633082d1f388c83b93ee",
                "40b10b1aa23bed19ab23bd906b8831aed8c8abdbfd56c6f7aff255dbbc662953",
                "798fc0e54e57c9e4898f10d46d58aa9fc10a8dd051a07a1bf48ccc5045e2bdab",
                "0bf9250e0cdb3da838075351f14a1d3518590ab75d3c4980c3889a18e9f0b950",
                "2bff567602e1feeb68b7db5ec60ac5b0541ff01e55be38a8af3e648cefe31943",
                "757b0b0bc4f6eb6000c2b501991ba56febc9dd924cae07bc6a37c13554450852",
                "d8cdd7850c9e69f45480a2d7a8ba9d22d0c0a66a9aac090322388cbc7430460c",
                "58c8ced0e59115d2b6c0a8f06b84e578b00f1a5e39765739ef244509a50c835d",
                "df4d60710f2d18e48f65c073c16010ab60b7568b277e5835814d905bd8242268"
            ],
            "type": "Script",
            "firstPartyCookies": {},
            "firstPartyCookiesSent": {},
            "exampleSites": [
                "animeindo.asia",
                "cnnphilippines.com",
                "geekculture.co",
                "lalatai.com",
                "mangaku.co",
                "phcorner.net",
                "worldofbuzz.com",
                "www.baby-kingdom.com",
                "www.freemalaysiatoday.com",
                "www.malaymail.com",
                "www.philippinepcsolotto.com",
                "www.portalgue.com",
                "www.soyacincau.com",
                "www.techarp.com",
                "www.thestandnews.com"
            ]
        },
        {
            "rule": "innity\\.com\\/",
            "cookies": 0,
            "fingerprinting": 0,
            "subdomains": [
                "optimize"
            ],
            "apis": {},
            "sites": 11,
            "prevalence": 0.0000764,
            "cnames": [],
            "responseHashes": [
                "4e0705327480ad2323cb03d9c450ffcae4a98bf3a5382fa0c7882145ed620e49"
            ],
            "type": "Image",
            "firstPartyCookies": {},
            "firstPartyCookiesSent": {},
            "exampleSites": [
                "animeindo.asia",
                "cnnphilippines.com",
                "geekculture.co",
                "phcorner.net",
                "worldofbuzz.com",
                "www.baby-kingdom.com",
                "www.philippinepcsolotto.com",
                "www.portalgue.com",
                "www.soyacincau.com",
                "www.techarp.com",
                "www.thestandnews.com"
            ]
        },
        {
            "rule": "innity\\.com\\/dc\\/cb\\/",
            "cookies": 0.000215,
            "fingerprinting": 0,
            "subdomains": [
                "avd"
            ],
            "apis": {},
            "sites": 35,
            "prevalence": 0.000243,
            "cnames": [],
            "responseHashes": [
                "404402734a665463cf0ef5338d42ccdd1edd28264c7c50fb6df7ebce88ab9b1b",
                "64eb6e81bf140b097127c29cde4637b84d9de486696e4f986d10665c514bcb5b",
                "22ea7200f32a8aedbcdd748c6b53838f9506c93ce7e993dd04bfd049bf54ec41",
                "b5139e1071f1e6d46c84c408251aa17ad553a4ac0eba13f84ef5b08257c42e01",
                "bcdc9ab2380d57bea4111234b7e9ac6b2f4c1f12ac672998cb3462778b45828a",
                "d7f7be9e929317e419432dc6ed4ba74444d2f0c566645407414fce517d7de2e9",
                "0ed49b136f3a4590948987760a6e95bd7582018a44d422406a4c29e7c7ce4ed5",
                "5dd93e9e66a776c2b839e82414c01d3ab33e152cb5fd87ea4391890f2c3ccfed",
                "cd73b79f4ae288bfa52dbc6a17a37ac558b76ac7fdde354ef4f1744a7d5c43d0",
                "2e90a355c5e66fbce6b374ef30a0625c394560a3f27a9c26285b4c82089978a3",
                "7047b29ba79966e9ed81a88c3c4a6a2d896ae97e2a4673887e3f2fae9d3a0316",
                "757cdbbe269d070b415d93a89017ef3c7bda7dfa47a0751ded3bda02032f3478",
                "60a438b022053255931bf6fa5c02a4155f536345f3be58edc91733bf8e72b837",
                "9e5281faa0efeacb97d65a6c7dfc267becf0ece7c9b39cb02d5590920af2e15d",
                "7832546fe9f1fbf1a9e23713e2d905474c8c26b5dcd2f70874969d4154121b26",
                "39ef4ca0321563b2704a980f63b3fe9a33e304f5eadc1e687ed08e7dcad067f9",
                "04d8b8326f61f71d1c64d6a9e887a882b3f0351c21b4a6ca942ae995ec040dcb",
                "d858e0722ef7f71585e3adddb726049962dd5bb904aa453ab51beef17cc437ef",
                "a51514374b507d1d7bceb6028eeb5d57f545521ebe3dbe3f1957eb9135e193b3",
                "d5209f12f88043db430ed363e2b661700e0e6918bee5697eac48fdd30d9a7503",
                "8349421961f746b1c2733f77ead9df6f90201b7ecf6e05930694fc2ebbd72315",
                "becbd87c13351230da84cc3561e9fd3db9186a5832705706ee3285af6f0543e7",
                "0ff469c077dc2b3ad8da07880ca9491d311a95220ade4062fdd62c4607449ec7",
                "fc4be9aedd5636fe2df9915b4a908113904cd7602025c14462b4cdb2ffc2f7e3",
                "3b9992ae9bee1d419684afca6ec97811b204bdd24fa4adae0a5125385e67d625",
                "b3922d23589aa5f07440ace3aaf5bdc02455178e8f22636ba1c939611e44ae47",
                "c287c17d42e3cd8ac9169b4df16aa3a0b964b16b8c0ea45b6a252abc7aabe550",
                "a29eb6c9b00d864c1b5167171d605adadf181a404c8b5c4d1637a170147e5955",
                "acb1b32ac8c2fdf8dc9fc8abdd31aeaf83a2b9cbd4b7ae294da7781c9616afa1",
                "e64914e2a239c1375fb2752cf14e97c226a27a6c759031925e490c2d43632020",
                "ce176f5bced2ab32c9a8f1162b36d35fbcddc5bf49241615155dbe5e4db71f83",
                "0cea9ed35f7a45901d56337483bd219642fb696aabbf68e46ea9a14f3f6ed9c9",
                "43d1526b51472acfa49a9bbc5500c58f75106e3608210e365a2ddd233360651d",
                "e7b17c1338e496abef3b97a0b4d9d78341c5029feaf2064d7082081bc454a6a3"
            ],
            "type": "Script",
            "firstPartyCookies": {},
            "firstPartyCookiesSent": {},
            "exampleSites": [
                "www.adelaide.edu.au",
                "m.liputan6.com",
                "lifestyle.inquirer.net",
                "newsinfo.inquirer.net",
                "hot.liputan6.com",
                "www.bola.net",
                "cnnphilippines.com",
                "www.inquirer.net",
                "entertainment.inquirer.net",
                "animeindo.asia",
                "tuoitre.vn",
                "m.kaskus.co.id",
                "www.theedgemarkets.com",
                "www.liputan6.com",
                "www.merdeka.com",
                "www.bola.com",
                "www.malaysiakini.com",
                "usa.inquirer.net",
                "m.bola.com",
                "m.kapanlagi.com"
            ]
        },
        {
            "rule": "innity\\.com\\/uidsync\\/init\\/",
            "cookies": 0.0000278,
            "fingerprinting": 0,
            "subdomains": [
                "avd"
            ],
            "apis": {},
            "sites": 5,
            "prevalence": 0.0000347,
            "cnames": [],
            "responseHashes": [
                "4e0705327480ad2323cb03d9c450ffcae4a98bf3a5382fa0c7882145ed620e49"
            ],
            "type": "Image",
            "firstPartyCookies": {},
            "firstPartyCookiesSent": {},