{
    "domain": "iolam.it",
    "owner": {
        "name": "ItaliaOnLine SpA",
        "displayName": "ItaliaOnLine"
    },
    "source": [
        "DuckDuckGo-US"
    ],
    "prevalence": 0.000182,
    "sites": 24,
    "subdomains": [
        "www"
    ],
    "cnames": [],
    "fingerprinting": 1,
    "resources": [
        {
            "rule": "iolam\\.it\\/js\\/easyBid\\.js",
            "cookies": 0.0000683,
            "fingerprinting": 1,
            "subdomains": [
                "www"
            ],
            "apis": {
                "Document.cookie setter": 9,
                "Document.cookie getter": 10,
                "Navigator.prototype.connection": 1
            },
            "sites": 12,
            "prevalence": 0.0000911,
            "cnames": [],
            "responseHashes": [
                "ad0f86edd0511d04c8a7ba6424f2015a6766c540b62d3a900188a9eb9cd299a9",
                "577c14b405240f438a6683df61996dabdee5c66fe0d47cebcdd556b1eae6a948",
                "db8d8ed01659f925bbcae1f3e7428092fecfa98389104457ba4d2cee7043d6ca",
                "e3a2bd785a934b1185b6924aab69fed76a111e7d3d31fd3bffbcd8d9b33057a0",
                "054a94c981c3f1e44f201d559272fcbdd361c2876887c6758933d84a1142821c",
                "d3c004b93e68284fa133856f2600f9f4c4a83ad3985ed50c757ab945e5f8253e",
                "eb835aabea7ea63a5cb43ae0806d7d5e953066d8c99db9fa5d7e312b364accb6",
                "3d0c719e684fe39789083c1097e9a904d2c8887acb1fcf9f5fbe3967f5f60ad6",
                "a9fde8e38cbdac53806a526482ba9715774f44f52dedd1649816b471bdf5629b",
                "a4fccf891de0a830395e7b8498324dea0eb5a74a500c2ed66a2d5ba66577328e",
                "bf79a50fcbe9b997d3a481d2fc5c6cb143ab68ed86875142c0f74d3e0c07879c"
            ]
        },
        {
            "rule": "iolam\\.it\\/js\\/prebid\\.js",
            "cookies": 0,
            "fingerprinting": 2,
            "subdomains": [
                "www"
            ],
            "apis": {
                "Navigator.prototype.userAgent": 1,
                "Navigator.prototype.cookieEnabled": 1,
                "window.sessionStorage": 1,
                "Navigator.prototype.appName": 1,
                "Date.prototype.getTime": 1,
                "Document.cookie getter": 1,
                "Screen.prototype.width": 1,
                "Screen.prototype.height": 1,
                "Screen.prototype.availWidth": 1,
                "Screen.prototype.availHeight": 1,
                "PerformanceTiming.prototype.navigationStart": 1,
                "window.localStorage": 1,
                "Navigator.prototype.doNotTrack": 1,
                "Navigator.prototype.language": 1
            },
            "sites": 4,
            "prevalence": 0.0000304,
            "cnames": [],
            "responseHashes": [
                "53398e5b9c4e34a7ee2ff062db33f0913d7040651d84ff76b36e102fb795073e"
            ]
        },
        {
            "rule": "iolam\\.it\\/js\\/iam2\\.0\\.js",
            "cookies": 0.000038,
            "fingerprinting": 1,
            "subdomains": [
                "www"
            ],
            "apis": {
                "Document.cookie getter": 5,
                "Document.cookie setter": 5,
                "Navigator.prototype.connection": 1
            },
            "sites": 6,
            "prevalence": 0.0000456,
            "cnames": [],
            "responseHashes": [
                "baff54526c6799005839487386409f694c08a819e17fdd12563ef3ba256ebc44",
                "6b619c38fcf0a4ae7df0651f677b597eb5a4e6bfb6ac57c7b4831f3469e0a32f",
                "97f8af535a5958452a7ace1f4b3f891a5d49ac75f4773b84975879c0ac4991fb",
                "d5fb4255f1e8d185ec0d30e09e4431ee1ff790325fdcc02d621591a6c6bd30fd"
            ]
        }
    ],
    "categories": [],
    "performance": {
        "time": 1,
        "size": 1,
        "cpu": 0,
        "cache": 3
    },
    "cookies": 0.000129,
    "types": {
        "Script": 22
    }
}