{
    "domain": "ip-api.com",
    "owner": {},
    "source": [
        "DuckDuckGo-US"
    ],
    "prevalence": 0.00295,
    "sites": 428,
    "subdomains": [
        "pro"
    ],
    "cnames": [],
    "fingerprinting": 0,
    "resources": [
        {
            "rule": "ip-api\\.com\\/json\\/",
            "cookies": 0,
            "fingerprinting": 0,
            "subdomains": [
                "pro"
            ],
            "apis": {},
            "sites": 116,
            "prevalence": 0.000799,
            "cnames": [],
            "responseHashes": [
                "ae0cadc1545a2b84a5e7f98a04efa7738e9451bb2919df94966d71ec726aa8b9",
                "b1ed65b1e8d59fc613ef6bbe3868afccdcc9133a43bb895339355b507f6159a5",
                "3f6154ca080cca5ded2d0df6bfc410b6afac3a6ff3161043224a27c0d439fea2",
                "f9d3f3e85eb937aeb3619f0b3466fca8e2e777202e948aa220daf5ab6027426c",
                "627012dbec1bb7e99026e91e0e06a814f17698fcf7af190c50deafab897f99be",
                "93dd575a78fdd64cd40b90f3afe727ac5d032fa1d099afa02738ceac912006dd",
                "d05c0e909bdedac17a489ae6824edc81386259c6567d7dabe4123b6312024024",
                "fa29e32d1a5a7ebe45e49fa7e941085590a36aa3d25de7a86f259743a57ef0c5",
                "494b528750cc9958aef89cf0cb0c209ff3116ed4974d2a9dfb98b16860fd4160",
                "355a6fa774e1d331b10b40f7f840adece4252ae74f4f467b323bed81943dabb3",
                "d8a4c4df6b51bdf43755d2a8bc0b43f5cbe5edac550449910510019f3318692e",
                "f16cf49caea55ba2f57468e34e35f2ede3d46dacd549b448806cf04c6b03a15f",
                "822dcf8e69874e10561dde184f9ce88bc4b24ba42e6b5cf516c95f259979dfbd"
            ],
            "type": "XHR",
            "firstPartyCookies": {},
            "firstPartyCookiesSent": {},
            "exampleSites": [
                "www.w3schools.com",
                "incesto.blog.br",
                "indianexpress.com",
                "login.bluehost.com",
                "www.timken.com",
                "english.mathrubhumi.com",
                "www.canon-europe.com",
                "redragonshop.com",
                "www.nvisioncenters.com",
                "www.hardrockhotels.com",
                "www.posta.com.tr",
                "www.digihelpdesk.co.uk",
                "distrokid.com",
                "kumparan.com",
                "www.henrys.com",
                "www.canon.de",
                "examples.yourdictionary.com",
                "www.careersinmusic.com",
                "www.zebra.com",
                "www.indiatvnews.com"
            ]
        },
        {
            "rule": "ip-api\\.com\\/json\\/",
            "cookies": 0,
            "fingerprinting": 0,
            "subdomains": [
                "pro"
            ],
            "apis": {},
            "sites": 23,
            "prevalence": 0.000158,
            "cnames": [],
            "responseHashes": [
                "702df9e749263d6fca9f30f6ea89b1f5d33775365b50b99d8f0cc576885e4ddf",
                "0c660c3d173d2ec4095534dd7fa4476834aba669cb9680df9362e1d9f900375a",
                "38ba5499e36f2cef13f9a0707cb6865c0e748746e007c483ca18292940e50da4",
                "cbc3f68926d472574142d8e32313c39f912482d5a4fa1a677b6b9f7f4a39acb6",
                "bb7c9bd9d25c8ea65b63d6149a61a75dfe4e5efa81fe02e224052e3d20cab1b8",
                "be6b2cd674267d64f5fb6959521a6dc7141a3e51b573d140beca5d84a9051cc6",
                "332341b729f3e2020c9ee3b051d71fb89fb0da10465571afbdc9df1bb40f28a5",
                "1611e183e7c088f021815dcddb97c47ee96d9c83d084e618c3ada39f6cbc0e11",
                "56b463392c3d49eeaddda2eda8725e7a37ea21a53afd9e95ee23cead0bc2c515",
                "5e236ab37d6ffdf1221ec51340d2d718de561c70d506bc2bf0cb65c42b3e9442",
                "f4e2d7e7fca50552b39232c0efe61259054e88c61de113bcebba13f2176b0e79",
                "2f783262303f95b813f15625ed0ecd93ba828272123e43bafb9fee42bf3f38e3",
                "210e78f21b0dd7cc688dae3e81928a537e37c81fee6c19ee5b79998f18218abc",
                "459ec78d74819ddb37f05623981d88cacd057bc1d4ce2c73dc84fa92fea09f8f",
                "5ad93cb1a0f88a8c55c481dbd18285fb56c7e480c7b9bbc84ece7221c9453bcc",
                "94053df64bf4417e17b8ac1ea4b3de8e79e828e868d8aba317569afaab828625",
                "0559eb541ebc0c26c9f99bf246c2fd9dbbd040b2be4ac9691332d636796f093a",
                "46dbeeadec1f32ab11f31a6294d83e5aae395c48077840c14287cdb36b40c1c7",
                "90468b8204a6671e4aadc1f4e10050d30cbba6f2d94304578a288d3a695e61f2",
                "e3b0c44298fc1c149afbf4c8996fb92427ae41e4649b934ca495991b7852b855",
                "d06b01373dd4563c8886008781a05ebc9c1d3bbbde0a8ca7b5a53131616ef774",
                "dbe4d1cbb101bf70e107f6e006078532cf703d2f785c4aefee648155d56731a2"
            ],
            "type": "Script",
            "firstPartyCookies": {},
            "firstPartyCookiesSent": {},
            "exampleSites": [
                "guhoyas.com",
                "yakima.com",
                "examples.yourdictionary.com",
                "www.theenglishgarden.co.uk",
                "www.yourdictionary.com",
                "reference.yourdictionary.com",
                "spanish.yourdictionary.com",
                "www.dustin.se",
                "bigten.org",
                "super73.com",
                "gophersports.com",
                "www.blublox.com",
                "msuspartans.com",
                "quotes.yourdictionary.com",
                "biography.yourdictionary.com",
                "www.eworldtrade.com",
                "www.bilka.dk",
                "bulletjournal.com",
                "www.airtm.com",
                "www.tourism.net.nz"
            ]
        },
        {
            "rule": "ip-api\\.com\\/json\\/",
            "cookies": 0,
            "fingerprinting": 0,
            "subdomains": [
                "pro"
            ],
            "apis": {},
            "sites": 13,
            "prevalence": 0.0000896,
            "cnames": [],
            "responseHashes": [
                "ae0cadc1545a2b84a5e7f98a04efa7738e9451bb2919df94966d71ec726aa8b9"
            ],
            "type": "Fetch",
            "firstPartyCookies": {},
            "firstPartyCookiesSent": {},
            "exampleSites": [
                "aljazeera.com",
                "goodhealthall.com",
                "mejuri.com",
                "www.aljazeera.com",
                "www.aljazeera.net",
                "www.covidactnow.org",
                "www.greatbritishchefs.com",
                "www.greatitalianchefs.com",
                "www.healthclop.com",
                "www.inspiredtaste.net",
                "www.maangchi.com",
                "www.sketchup.com",
                "www.thefreshloaf.com"
            ]
        },
        {
            "rule": "ip-api\\.com\\/csv\\/",
            "cookies": 0,
            "fingerprinting": 0,
            "subdomains": [
                "pro"
            ],
            "apis": {},
            "sites": 17,
            "prevalence": 0.000117,
            "cnames": [],
            "responseHashes": [
                "bb3ed8e221f126485c19e64177e515a79931618305f8b6c7e04324830850457f"
            ],
            "type": "XHR",
            "firstPartyCookies": {},
            "firstPartyCookiesSent": {},