{
    "domain": "itransitauthority.com",
    "owner": {},
    "source": [
        "DuckDuckGo-US"
    ],
    "prevalence": 0.0002,
    "sites": 29,
    "subdomains": [],
    "cnames": [],
    "fingerprinting": 0,
    "resources": [
        {
            "rule": "itransitauthority\\.com\\/www\\/delivery\\/spcjs\\.php",
            "cookies": 0.000103,
            "fingerprinting": 0,
            "subdomains": [],
            "apis": {},
            "sites": 15,
            "prevalence": 0.000103,
            "cnames": [],
            "responseHashes": [
                "05879baf78a37135cddd5892b7e41826e8605f18c5873f0ef696cb03610d5329",
                "d82916a24b7aba6813ac5747bb726e65bd63b95d0b5184f2d2c263538e43a03c"
            ],
            "type": "Script",
            "firstPartyCookies": {},
            "firstPartyCookiesSent": {},
            "exampleSites": [
                "listcrawler.eu",
                "40up.com.listcrawler.eu",
                "aypapi.com.listcrawler.eu",
                "blackdynomite.com.listcrawler.eu",
                "candy.com.listcrawler.eu",
                "cheeposlist.com.listcrawler.eu",
                "escortalligator.com.listcrawler.eu",
                "independent.com.listcrawler.eu",
                "max80.com.listcrawler.eu",
                "megapersonals.eu",
                "milfy.com.listcrawler.eu",
                "superasian.com.listcrawler.eu",
                "transx.com.listcrawler.eu",
                "uberover.com.listcrawler.eu",
                "yolo.com.listcrawler.eu"
            ]
        },
        {
            "rule": "itransitauthority\\.com\\/www\\/delivery\\/spc\\.php",
            "cookies": 0.000103,
            "fingerprinting": 0,
            "subdomains": [],
            "apis": {},
            "sites": 15,
            "prevalence": 0.000103,
            "cnames": [],
            "responseHashes": [
                "20a4a18eaaace3995611f267eb66cc21c6ca854f4791ec04ee3754502c60cb0a",
                "42541a78f3fc3b9e670cdad4be71caa1a2786b2fad6c7f2f239846d74078045c",
                "53debaf59c749bd4cf21725c248446e2d874db16f953f9253a4c5dc351ed330f",
                "a37a1f50c181861ec30ea2d4409606e18a4741800266a4a4bd754cdeab281d6d",
                "63eb923aded17a3f6fcd2780c2bf9e4c57f3ad942ac5e9bf9b99c8d539b10e26",
                "55281bb6d9063161016b97a00d619fa3e26933a252cfbce60b5e13bc2420fbe3",
                "bd937474828f5c75d57b6ce346879e8026a4fc717465b1657ec029ef3a83d826",
                "a88b721a8a0414ff1dc19351bb5e3cd564c54091ecdffaaa264f46bcc9513a09",
                "bdd6d43596beb9bf9d6f6bb8650e1d4526bc3d7b1883f0e764967379dc67f874",
                "b6eebec02f938dc64a49ae034e853237224b5c76d4b45904d796f8bf5fc36db0",
                "0c5864040c6af022f6d649c35e7c2355ef7d08bf1c9a2968fb31cf955f6730e0",
                "b525344659606f9b3bf82be6f6724bc3fad5d36548ebb1aa48ce33aeb1e05091",
                "c734a83b66de8c1595c3debf4854d36cf6b057f671c4106e5da4dc8a82b9ab34",
                "241ad4cb95dfb91b0454d1cf568edcdbafba8e45103e5434beefa7affcda8ea2"
            ],
            "type": "Script",
            "firstPartyCookies": {},
            "firstPartyCookiesSent": {},
            "exampleSites": [
                "listcrawler.eu",
                "40up.com.listcrawler.eu",
                "aypapi.com.listcrawler.eu",
                "blackdynomite.com.listcrawler.eu",
                "candy.com.listcrawler.eu",
                "cheeposlist.com.listcrawler.eu",
                "escortalligator.com.listcrawler.eu",
                "independent.com.listcrawler.eu",
                "max80.com.listcrawler.eu",
                "megapersonals.eu",
                "milfy.com.listcrawler.eu",
                "superasian.com.listcrawler.eu",
                "transx.com.listcrawler.eu",
                "uberover.com.listcrawler.eu",
                "yolo.com.listcrawler.eu"
            ]
        },
        {
            "rule": "itransitauthority\\.com\\/www\\/delivery\\/fl\\.js",
            "cookies": 0,
            "fingerprinting": 0,
            "subdomains": [],
            "apis": {},
            "sites": 15,
            "prevalence": 0.000103,
            "cnames": [],
            "responseHashes": [
                "223b20f1ef4b5c4975608d2e2e462f15f7fa39f0c40c52ff1765b95e780ee72b"
            ],
            "type": "Script",
            "firstPartyCookies": {},
            "firstPartyCookiesSent": {},
            "exampleSites": [
                "listcrawler.eu",
                "40up.com.listcrawler.eu",
                "aypapi.com.listcrawler.eu",
                "blackdynomite.com.listcrawler.eu",
                "candy.com.listcrawler.eu",
                "cheeposlist.com.listcrawler.eu",
                "escortalligator.com.listcrawler.eu",
                "independent.com.listcrawler.eu",
                "max80.com.listcrawler.eu",
                "megapersonals.eu",
                "milfy.com.listcrawler.eu",
                "superasian.com.listcrawler.eu",
                "transx.com.listcrawler.eu",
                "uberover.com.listcrawler.eu",
                "yolo.com.listcrawler.eu"
            ]
        },
        {
            "rule": "itransitauthority\\.com\\/www\\/delivery\\/asyncjs\\.php",
            "cookies": 0.0000965,
            "fingerprinting": 0,
            "subdomains": [],
            "apis": {},
            "sites": 14,
            "prevalence": 0.0000965,
            "cnames": [],
            "responseHashes": [
                "297473da84a8f19da279fc9df25d68f2d1a26ee5384e18d23cf25497c44b563e"
            ],
            "type": "Script",
            "firstPartyCookies": {},
            "firstPartyCookiesSent": {},
            "exampleSites": [
                "listcrawler.eu",
                "40up.com.listcrawler.eu",
                "aypapi.com.listcrawler.eu",
                "blackdynomite.com.listcrawler.eu",
                "candy.com.listcrawler.eu",
                "cheeposlist.com.listcrawler.eu",
                "escortalligator.com.listcrawler.eu",
                "independent.com.listcrawler.eu",
                "max80.com.listcrawler.eu",
                "milfy.com.listcrawler.eu",
                "superasian.com.listcrawler.eu",
                "transx.com.listcrawler.eu",
                "uberover.com.listcrawler.eu",
                "yolo.com.listcrawler.eu"
            ]
        },
        {
            "rule": "itransitauthority\\.com\\/www\\/delivery\\/asyncspc\\.php",
            "cookies": 0.0000896,
            "fingerprinting": 0,
            "subdomains": [],
            "apis": {},
            "sites": 13,
            "prevalence": 0.0000896,
            "cnames": [],
            "responseHashes": [
                "d063412bb1af016e85e0a0be3f023d2fc92cb333562b4fb1422ec743541f74ed",
                "277f4aeda7e1e458a7181fb1825ae7c3509b7638a378e658d985ada652dc13ea",
                "f692d98d3f0ed669932ab184bba03f96aad1952e027de260a9900fe49d9e502a",
                "d319b22389b404c2b55a18e83241445e2824a11b869c498f0f46b71fe4c8f4eb",
                "1f73a01277fc443e5086dc9649b048378b693bdbe33fab0064c4a0d78943c5ca",
                "ad48c3c35420cc3a4f4073fc4e768e06f28b66357c9c9d41c0a0ec8f66dc4a9e",
                "070b5eb7ae78f0ceaf9bf1f168162116d4230d470284eb0b1878c0cd78a72770",
                "0be7c5209c50074b5b1dcf70b74b9ddf37ef6a375981de499ce9b4699b033c84",
                "44ff41d9c9b98b8e61b02e8db7928e09bbd438315c9360b191b5e6ad28360ef4",
                "84091bcb6865209ad227ca90c48cc674f65da584fe0ef25456c4887ff7ef5313",
                "424d4bc7849bd488bf2df7c8cff16552402e6aae52edc1659edc4ca7e608007f",
                "e50f91cf3bf0cea05910fb972aacd1a914bd0b6bacf615e3018019d1f8cd32ac"
            ],
            "type": "XHR",
            "firstPartyCookies": {},
            "firstPartyCookiesSent": {},