{
    "domain": "jsrdn.com",
    "owner": {},
    "source": [
        "DuckDuckGo-US"
    ],
    "prevalence": 0.00063,
    "sites": 83,
    "subdomains": [
        "s",
        "i",
        "c"
    ],
    "cnames": [],
    "fingerprinting": 2,
    "resources": [
        {
            "rule": "jsrdn\\.com\\/s\\/1\\.js",
            "cookies": 0.000463,
            "fingerprinting": 1,
            "subdomains": [
                "s"
            ],
            "apis": {
                "Document.cookie getter": 5
            },
            "sites": 62,
            "prevalence": 0.000471,
            "cnames": [],
            "responseHashes": [
                "82ac1b1924a2b33350f7db9fe34b540cce89721180cc30c06b0350e1014aeece",
                "85badac3776aa0f59225349bceb940f65b3e5911e60b74b163972e522512cde2",
                "9a8bb61e4414884c201f977be76e3f8c17eea3fc86c3d03c0dd23c344fb9c8f2",
                "e3b0c44298fc1c149afbf4c8996fb92427ae41e4649b934ca495991b7852b855",
                "c69e2f536c32ad2313f15f4b26f13b5bb762833d82056661641c57bb5c87378b",
                "d2b5601a83ecc25411c8c8310b82f0310618d8b7c13f3e52b14b11994d0b6724",
                "41e3c7623bdb8548f317454fb034a899662792731d8a4491f0f771be4e72cb99",
                "0c08c95c2500ec63917c632e9664b26aad45055e2a9efe2402dc4ab5f1168868",
                "96c8cdd8b94b78611a29bb1b2e5c6b2302a3914df67e0886212980f0342c48b9",
                "33527ee47c81d77f62643ab88fd20a5fbdfa401e739d07644f3a5cb4585d15f8",
                "6a08c99ddbeb7d4b52b84390897bbf9053699d4cda3f3750ac8fe941956b83d8",
                "2f9f4d4b8d3a027dd8a2e6ce743da97b2181e442d7edb3c040783b5f7a0688c3",
                "7add623e9c7d156a0511e3b6323bfe96e25971614b08af9583c27b02c4a5567a",
                "7f8f04c76e5c0f2e512d8653a4326649d5c5c5af5916ddc9df958fbcaf7bef1b",
                "191f39723f85e46e206206cc4abf855383d9accf4557af1615f4187866db6a46",
                "9f9cf1ee01b83b1618a7b5da619362b5496d7496d4ae76faecfaf2d3b57749e5",
                "2ba3ccf76d7a83357c67c7c2d423ac40f1c8e3ae40ff7504fe3769c5694ffda3",
                "4b74ee93b0f0c066266e15bb3bb5d0f8faa261c1ce333ccad19a45dcc0add742",
                "7d34b5e08629999f1558db75f34ad8a4dfeffdb9272557454ccce6e3be19e06e",
                "18489fb98223112c3a99d2a629ddc95bd1453212efba75e90d153d0d80d061d6",
                "ac97a9583a391113dc323210d98cbb785f38c7b7dd50af4370d5029921535afc",
                "4ffdb7e21282c28603bc8ff213e5639dc98b4003688d10f3a1e74f630372970c",
                "fdb1203dd7109a05577526a7ed25f3e99c1a93ebb6bfd08043d2c9f63b9c926b",
                "cbdb02ff4fb1f576fa9867f1edb6fe51b4f1168ba5b8ada910b99cff68aa1e29",
                "e69ffe72014aa4e5aef14323d5bb0d9605688e9a018078750bb319708a865a01",
                "3cb38a5d0111c365fed99932705786070709d196e700c43825e1fd99aa17b8dd",
                "62409dca8c4d6dbd501b2a19d584cf34fb4cd0c931f43860b31dc379ad23d1a1",
                "197c2f831b293b0d1c1849319699891255c4ec4d506c29ed28edab1496a40607",
                "165517ffde212b56120da46bf7a8b905c303b90804d3a7666536b3305981e227",
                "c6daa0c360500e976c97332ce4af9969e35930d1bf133adb00bf87e23c01ec66",
                "8971a5da031df3751e7dafeb193979f10fc714b40ce6ad9407854dfa9abffb7e",
                "b115fca9d2dc22e9d76fb60c387b391553f0ebae08a0e40464fb6d972425cde5",
                "a9e15b683090f51215d69d6824c319157bb366202b274f70845e4de6dbeb1843",
                "10f55add730305c29d488cb54ddcc97c0575dfd37e1d86a2b75d74b98aec3249",
                "719236d607f5b5954f7e31fc9c17dd7eadda394924635403f3097f5d34815f26",
                "b52e7f502a65c70f5d5b1855907f4d377118c973f21949c858fed86c2f37b3d7",
                "bf314d1b1ed4e226263c8bd08e1e6c4a958bc383f0602a3ba55cff57a4b73152",
                "a695f8208776711c56571cc0f378983abaa909c6b6e8937533c0cb2c50ad22d7",
                "b1872bc250e1e05c448a48ef51f59e24b4424c1585c987af97ae4037728de7bf",
                "6fc24172235fb00ff9b11f5d52ff859fd2d4bc408f471d076665e349a2376301",
                "726f7ec4b6108b0f76976db82ff3158030e57f6b944c73faa1136ab2ff04aa1e",
                "b8628a4a8a57070ca10344568dc1794141d19377617862a580376a1d0b05fa47"
            ],
            "type": "Script",
            "exampleSites": [
                "nyfirearms.com",
                "vancouversun.com",
                "bwi.forums.rivals.com",
                "www.fuelly.com",
                "radaronline.com",
                "www.perfectunion.com",
                "www.realclearpolitics.com",
                "lgbta.wikia.org",
                "www.quickanddirtytips.com",
                "ottawacitizen.com",
                "www.thewhig.com",
                "dyn.realclearpolitics.com",
                "www86.realclearpolitics.com",
                "www.inspiredtaste.net",
                "blizzardwatch.com",
                "n.rivals.com",
                "gunhub.com",
                "www.socialanxietysupport.com",
                "www.autoguide.com",
                "talk.collegeconfidential.com"
            ]
        },
        {
            "rule": "jsrdn\\.com\\/i\\/1\\.gif",
            "cookies": 0.0000076,
            "fingerprinting": 0,
            "subdomains": [
                "i"
            ],
            "apis": {},
            "sites": 47,
            "prevalence": 0.000357,
            "cnames": [],
            "responseHashes": [
                "ef1955ae757c8b966c83248350331bd3a30f658ced11f387f8ebf05ab3368629"
            ],
            "type": "Image",
            "exampleSites": [
                "nyfirearms.com",
                "www.realclearpolicy.com",
                "new-www1.realclearpolitics.com",
                "talk.collegeconfidential.com",
                "www.dallasnews.com",
                "www.perfectunion.com",
                "www.insidenova.com",
                "www.tetongravity.com",
                "m.mid-day.com",
                "forums.vwvortex.com",
                "www.nationalenquirer.com",
                "www86.realclearpolitics.com",
                "vancouversun.com",
                "www.quickanddirtytips.com",
                "bwi.forums.rivals.com",
                "www.mid-day.com",
                "starcitizen.fandom.com",
                "southcarolina.forums.rivals.com",
                "www.realclearpolitics.com",
                "dyn.realclearpolitics.com"
            ]
        },
        {
            "rule": "jsrdn\\.com\\/s\\/cs\\.js",
            "cookies": 0,
            "fingerprinting": 2,
            "subdomains": [
                "c"
            ],
            "apis": {
                "Navigator.prototype.userAgent": 52,
                "window.localStorage": 53,
                "Date.prototype.getTime": 53,
                "Navigator.prototype.language": 52,
                "Date.prototype.getTimezoneOffset": 53,
                "Navigator.prototype.cookieEnabled": 52,
                "window.devicePixelRatio": 53,
                "Screen.prototype.colorDepth": 51,
                "Screen.prototype.width": 51,
                "Screen.prototype.height": 51,
                "Document.cookie getter": 33
            },
            "sites": 54,
            "prevalence": 0.00041,
            "cnames": [],
            "responseHashes": [
                "e1df83115250c89b644dcdb0923d4f87c6395c70826623b06041857b2672b0c1",
                "e3b0c44298fc1c149afbf4c8996fb92427ae41e4649b934ca495991b7852b855"
            ],
            "type": "Script",