{
    "domain": "kaptcha.com",
    "owner": {},
    "source": [
        "DuckDuckGo-US"
    ],
    "prevalence": 0.000296,
    "sites": 39,
    "subdomains": [
        "ssl",
        "tst"
    ],
    "cnames": [],
    "fingerprinting": 2,
    "resources": [
        {
            "rule": "kaptcha\\.com\\/logo\\.htm",
            "cookies": 0.000106,
            "fingerprinting": 3,
            "subdomains": [
                "ssl",
                "tst"
            ],
            "apis": {
                "Date.prototype.getTime": 14,
                "RTCPeerConnection.prototype.constructor": 6,
                "window.localStorage": 14,
                "Date.prototype.getTimezoneOffset": 14,
                "Navigator.prototype.language": 7,
                "Screen.prototype.availHeight": 7,
                "Screen.prototype.availWidth": 7,
                "Screen.prototype.height": 7,
                "Screen.prototype.width": 7,
                "Screen.prototype.colorDepth": 7,
                "Navigator.prototype.plugins": 7,
                "Navigator.prototype.userAgent": 5,
                "Navigator.prototype.platform": 5,
                "RTCPeerConnectionIceEvent.prototype.candidate": 11
            },
            "sites": 15,
            "prevalence": 0.000114,
            "cnames": [],
            "responseHashes": [
                "34133df50d47358615c4e33800ecd0f2e37ce2a44266e3db2fadbcc8fd1f390f",
                "388c1fd33d6db818f3e0b488794136731d0d79ebe79235fe9f28858d0e11b38b",
                "b7c8410ac1e25691eb2b7d3966c5deba7229dc133173c6c329c53e415e139d56",
                "18f4cd72a62abea3e31939d71850496be2a5f846b8d2145cf925ef96349e051b",
                "122ea094cfaffd48cb50766be2ff761a489b649526e83528a2b7f7e74818b7f3",
                "35033f6f165e537dfb1bbda84111dfb788254ea736f6e84034291a2d7537e49a",
                "5112a88e5183e2c862df17ba37e97982a7f0509e239e3add0f168210d9cca5d4",
                "5d4ce0d3fb24c3ee6101fdefcb4be98da69efa28e5e92f2c86cc1854cc90dabb",
                "9db42bcc4480b5715a65075530497e7c33cd90087250a1ce853f60bc94fead6f",
                "02e264900df662830885115b97e6cbee0d04f659b1af5bf23833c77e6612e120",
                "22d4d8f87c7abcd9365f8a527e7bd14dded431135eee10123efff0a51c0da4c2",
                "36d5e2ab49d33b29443137a782bee97e8b26d9179cc320e6133b767773613ccf"
            ],
            "type": "Document",
            "exampleSites": [
                "artlist.io",
                "ghostguns.com",
                "hnewswire.com",
                "order.wendys.com",
                "placeit.net",
                "purple.com",
                "www.dellrefurbished.com",
                "www.drpower.com",
                "www.eastwood.com",
                "www.everlane.com",
                "www.markertek.com",
                "www.nerdwallet.com",
                "www.sideshow.com",
                "www.unipin.com",
                "www.vapor.com"
            ]
        },
        {
            "rule": "kaptcha\\.com\\/logo\\.gif",
            "cookies": 0.0000228,
            "fingerprinting": 0,
            "subdomains": [
                "ssl",
                "tst"
            ],
            "apis": {},
            "sites": 4,
            "prevalence": 0.0000304,
            "cnames": [],
            "responseHashes": [
                "6adc3d4c1056996e4e8b765a62604c78b1f867cceb3b15d0b9bedb7c4857f992"
            ],
            "type": "Image",
            "exampleSites": [
                "wendys.com",
                "order.wendys.com",
                "www.eastwood.com",
                "www.petvalu.com"
            ]
        },
        {
            "rule": "kaptcha\\.com\\/collect\\/sdk",
            "cookies": 0.0000987,
            "fingerprinting": 1,
            "subdomains": [
                "ssl",
                "tst"
            ],
            "apis": {
                "Document.cookie getter": 10,
                "window.localStorage": 11,
                "Date.prototype.getTime": 11,
                "Document.cookie setter": 9
            },
            "sites": 13,
            "prevalence": 0.0000987,
            "cnames": [],
            "responseHashes": [
                "91fe49ac71cd93d4dab1b4f8a865e23c2157863dc1bf63bbdc9fc2180e642d52",
                "4b7d45becd6e49c3115d5f69c3bc5c3d1ebd016dc7ba6683f20067b1ceaae441",
                "d066044bfe0b54e96fd78862db8820e4a4827a0e838ae515876e2ff43fc4ffdd",
                "38e3f2b56786e0f64f97aaf5ffb5bbeb1c801d1c08272ffe10f1e0af43299ac1",
                "d3c7839712d0547bc86580e1a3e547119ef96b7a8fb2acfdae53ff797b50a199",
                "a6c8f3a41f8e4d0b7acde73b25dfdf2e3223f97bca5bd7decf91e0b224eed56c",
                "669ce159c732f11135fde9e21d9f0d5a13c808261051421772de1a561fe0b29c",
                "0ed36f6e60c376716c9da2a9995382b2853aee2586ee632b3b9ad02ed1fd7c4f",
                "50c13b1e8ec308c038b204ee8ffdfe77139173a981a5835373469791eecabd50",
                "e2c0dc3fbaf851d4af29598ecd06273c07d2dabf628d1b4ab562379407030927",
                "ba90ac2222afc565b8a232e8ef37527f22a715d7788cfcdfef62616e9b3eac91",
                "f6acfd232a86d160b230d6bf1133a5ba80d0796038fe72d900c16baf0bc3968c"
            ],
            "type": "Script",
            "exampleSites": [
                "purple.com",
                "www.bk.com",
                "www.burgerking.ca",
                "www.dellrefurbished.com",
                "www.drpower.com",
                "www.eastwood.com",
                "www.magazines.com",
                "www.nerdwallet.com",
                "www.petvalu.com",
                "www.popeyes.com",
                "www.timhortons.com",
                "www.unipin.com",
                "www.vapor.com"
            ]
        }
    ],
    "categories": [],
    "performance": {
        "time": 0,
        "size": 0,
        "cpu": 0,
        "cache": 3
    },
    "cookies": 0.000266,
    "types": {
        "Document": 15,
        "Image": 4,
        "Script": 13
    }
}