{
    "domain": "ktkjmp.com",
    "owner": {},
    "source": [
        "DuckDuckGo-US"
    ],
    "prevalence": 0.000125,
    "sites": 18,
    "subdomains": [
        "go"
    ],
    "cnames": [],
    "fingerprinting": 0,
    "resources": [
        {
            "rule": "ktkjmp\\.com\\/api\\/models",
            "cookies": 0.000125,
            "fingerprinting": 0,
            "subdomains": [
                "go"
            ],
            "apis": {},
            "sites": 18,
            "prevalence": 0.000125,
            "cnames": [],
            "responseHashes": [
                "11d7534013863f3e7d8d3c079bdee856d036c40b5e3e628d74f44f8999aa63bf",
                "8b8e669bbc396be46d951bce8e60ba63c779ea4112b59211b2a72281a5ecaeda",
                "c5e5f38b50ff64ff75b59acc0f04631f235a306f59bd1235e96247f3abcaa313",
                "55585198597dfe2add76ae59da27c0f54987687ca4cf5c161d2d86b84fec8bb0",
                "3a559451d2cf01fb75d11d3ca4bd872064d5f0c772595216f5d6d5d6ae40fd25",
                "325d0c574055fde916be7b0de34d6119ba712d117ac64ed09e972fab8cef4746",
                "876f0700151784bc05d2360497c34caeb87d37c72cb7b366fd15033814a2d915",
                "07170c2367240ec15d612920d0a7ebd9df9df38b965ad2f57522b493f1942102",
                "8d4f88c1b91455e1fbe30efa54db8ce8b7b498448eae31817a84adf6540453d7",
                "d5faa1cad9a1cb03a6bed3b5ee6d7bd2ec7682296fff864efaf15f538d4ebb6f",
                "1da7532c98352d3edfa86a08ef9b8f1331bbc237e6b37a3aef5892357096cb3b",
                "b4af4b730a3bca5a298598eee89de17b91f37ce2b29601e6d60e389b8c976690",
                "7cc04a6c8e8aac4097b3d4d00fed4e4ea98c9c74161fb7130abe067bb481f135",
                "a7fa8f3f1af19c1a400c760df40897b73289d5327f5c2195e00cc4e60edc143a",
                "62c2b25c14c8bc7fc0d947cd06dae182252bbb74cfcc4a66523941cde76e9e45",
                "106015fd5a122cafd6130438b73079ede61b17f10faa0fcb92ed4fc34c5eac79",
                "18e0e52a67488d74b03b0b09a3d1a9e453a0908b9187734a24729662aa99d3a6"
            ],
            "type": "XHR",
            "firstPartyCookies": {},
            "firstPartyCookiesSent": {},
            "exampleSites": [
                "xhamster.desi",
                "de.xhamster.com",
                "de.xhamster19.com",
                "fr.xhamster.com",
                "it.xhamster.com",
                "it.xhamster19.com",
                "it.xhamster7.desi",
                "jp.xhamster.com",
                "pt.xhamster.com",
                "ru.xhamster.directory",
                "ru.xhamster11.com",
                "ru.xhamster19.com",
                "ru.xhunlim.com",
                "xhamster.one",
                "xhamster19.com",
                "xhamster4.com",
                "xhamster7.desi",
                "xhunlim.com"
            ]
        }
    ],
    "categories": [],
    "performance": {},
    "cookies": 0.000125,
    "types": {
        "XHR": 18
    },
    "nameservers": [
        "amy.ns.cloudflare.com",
        "duke.ns.cloudflare.com"
    ]
}