{
    "domain": "linkconnector.com",
    "owner": {
        "name": "LinkConnector Corporation",
        "displayName": "LinkConnector"
    },
    "source": [
        "DuckDuckGo-US"
    ],
    "prevalence": 0.000617,
    "sites": 89,
    "subdomains": [
        "www"
    ],
    "cnames": [],
    "fingerprinting": 1,
    "resources": [
        {
            "rule": "linkconnector\\.com\\/uts_lp\\.php",
            "cookies": 0.000333,
            "fingerprinting": 1,
            "subdomains": [
                "www"
            ],
            "apis": {
                "Document.cookie getter": 38,
                "window.localStorage": 46,
                "Date.prototype.getTime": 47,
                "Document.cookie setter": 38
            },
            "sites": 48,
            "prevalence": 0.000333,
            "cnames": [],
            "responseHashes": [
                "1b698a905aa177e356e01f7c571ddcd4c26e3ffcab295d20a6e5d30aa49b309f",
                "a7bde48be0798928e98b036877bc3ab9f23fd0002fe39682fb5767b772dbd3e1",
                "000f7eb92caaf5a51f2d8c0a995c657d81ea558335249882f243ba6bfcff5d9d",
                "8c050466db60b1d0366ef849f729e94e729e865d1410156bf2368e3ec5371f17",
                "cf3f6ebb6579e39208d6579db5530b71f912359ab97f2bcd06ddf1cfea78866a",
                "e6cf534abad89a47b6e397c7749eb3d5f158c0e80c8642784163a2a0293bbced",
                "0f422f6c20ab3d62f298419cee8c04ccc5af50a6be8f4c522f0ba7c05315b1df",
                "775a082c4c486b65a788888c62c490198e250f2425608ebac7a8f36b8e85a597",
                "48def588e52130bb3f66ae09d9536221025bf6c48600d5a4bb168ecf72f865dc",
                "fca5794e236d80c306ee0e465ea45a66ae2fc62110fdb3626031e4ac89fac5fe",
                "bde8f2fbcdfb4a8daf167df257274b7b4ceffafda4f307a4af4d6347814d5879",
                "2c019c2190a9091584b05873d5e890f26d7fa37d4aefe2a041d5acb199b7a8a7",
                "81eb86a5745b590783430b3b3359d160a6459da804c2f6a803abea68951772d8",
                "f4a804c9fc4fc8749f192c89c97b16c2cb11851a51ca51ecece4d45391c8f438",
                "0f8ae6b43581ba8ff1761105c1146ee2fa033be62d149bf397079cf81cc9daf1",
                "a066fac430047d4ce33adb8d96d99c5fd1d39ccd20ccfeaaff611bb373452a09",
                "9e61cec4fbc109c605f680dbd719567e7fc07330f9a518f1ba8f6592febeefdf",
                "4614bffc9377ae014287339c106aa4f20ff418f6cc84bd026a9d5c65a360af80",
                "bbf076664518a159b4a5c438cfdd8dceb3ecfad8ac1c4966ea610a9b748f390a",
                "653fc45838334e81a3a18ed36e85089263be955a0dd436f277bc1022869cb98b",
                "0571a1d18cc9009d557e5854843be0224e0e3ef0480bd36f2151937657d5904b",
                "02244b153c54c0eb4685129172c4334f94b49e841c6051ad23dd6f25d947daf0",
                "d363e1ef6058956ff25baa353a01117fefd9762ea417f827fc09dd599f3c6191",
                "ad560e14599e548ebec1fb95c1f16c5765f005c3a3529974b8b898fb99e68137",
                "2d4ab1f12e71ffbeb13cd11467891adf74058c1ba429faac3cebec45e45cc66c",
                "43fcc0c456331b07d698c4a448c00321b6bfeca8dfbfbae4ec44f942971d1762",
                "b4fb23038fe7533ac207a37e841db9773b4e6c7c75afc4c6053df24bf38c5847",
                "40bef8a1dbe3e3da01bd7250c74ae7f0e5d7ad667fce760872a84a831903df31",
                "91b79acdfdfe0e0c244f78e7a52bd4c2a44d2884ebaa23e515d5a786b30d03e1",
                "d98c979cc0e7280da553eea5d7eb9c134d47a82df5eb5da6c9307c00eae2b67c",
                "78e8491085a8237928a6cc867585147914db3f5d2da0b3f55a8b6811946f865e",
                "9cbe11016eb2c3346cdb3d067fe92282467c077a6ac0dce2180d305c122c4138",
                "c91e2efd44c1bef84a07c913a29e609d6437c650e47920ae530cac835d264247",
                "e004b2ee7586002652a61a27202a096d4e17d9344001499701db3953d81a8a1d",
                "08d9745cb4426327cde7235676023c5fbf1d7ba6afad53e1c7bf0f5280ef46be",
                "847c600321817338f6a70e64093129bc06cad40bd2a40dbfe70b6d487b5106f7",
                "e264ebb327cf8b5d258e26b94583b91f7bdb87a58d388c8cd052aa6acb26509d",
                "f19c4840fe08e642835c6d7b7fa9c98fdcb2b9e21859f41cb158e2b65a9a90bb",
                "8ef742befd64afc1547d77afb3f481c52720466b1809d873357392e11c5f4085",
                "767f937a579d6a00b6f89d2f012353b5065c64221b6267caf0fa5b8eeba0f26d",
                "742e197f6019f2f18255de2d6cabd9d776fcf783ce1664531a49777be5b9e8fa",
                "b562c43f42c093f14de6ef2319eb947196f16a64d5005a0b4abc737665706fe2",
                "29c83c6b903e2c8d8613aaf909ca189eebb070fd384b66948203031f6b04134a",
                "2b061546fac838def870154edc67a6c0b64c9db495381a445f628ce75529a0e6",
                "8f91de901f9301e0e48f97c5e9546c0ff73e39a7faa0152e22db53276666d6f7",
                "91a95438317d4713d769b0e8b30052452fd955b982d63228013cc65a2197d4a1",
                "994d073c441b84cbc148173224df6449e26063c52714ebbbdd641f7ce731dbcc"
            ],
            "type": "Script",
            "firstPartyCookies": {
                "uts_id": {
                    "ttl": 157680003,
                    "length": 17,
                    "prevalence": 0.00025645290970085116,
                    "uniqueness": 1
                },
                "LCUTS_UID_901015": {
                    "ttl": 3603,
                    "length": 6,
                    "prevalence": 0.00003465579860822313,
                    "uniqueness": 0.2
                },
                "LCUTS_UID_900133": {
                    "ttl": 3602,
                    "length": 6,
                    "prevalence": 0.00010396739582466939,
                    "uniqueness": 0.06666666666666667
                },
                "LCUTS_UID_900723": {
                    "ttl": 3601,
                    "length": 6,
                    "prevalence": 0.000013862319443289251,
                    "uniqueness": 0.5
                },
                "LCUTS_UID_901681": {
                    "ttl": 3601,
                    "length": 6,
                    "prevalence": 0.000006931159721644626,
                    "uniqueness": 1
                },
                "LCUTS_UID_901701": {
                    "ttl": 3614,
                    "length": 6,
                    "prevalence": 0.000013862319443289251,
                    "uniqueness": 0.5
                },
                "LCUTS_UID_901600": {
                    "ttl": 3601,
                    "length": 6,
                    "prevalence": 0.000006931159721644626,
                    "uniqueness": 1
                },
                "LCUTS_UID_901548": {
                    "ttl": 3600,
                    "length": 6,
                    "prevalence": 0.000006931159721644626,
                    "uniqueness": 1
                },
                "LCUTS_UID_901375": {
                    "ttl": 3600,
                    "length": 6,
                    "prevalence": 0.000006931159721644626,
                    "uniqueness": 1
                },
                "LCUTS_UID_901518": {
                    "ttl": 3609,
                    "length": 6,
                    "prevalence": 0.000013862319443289251,
                    "uniqueness": 0.5
                },
                "LCUTS_UID_900047": {
                    "ttl": 3602,
                    "length": 6,
                    "prevalence": 0.000006931159721644626,
                    "uniqueness": 1
                },
                "LCUTS_UID_900188": {
                    "ttl": 3621,
                    "length": 6,
                    "prevalence": 0.000006931159721644626,
                    "uniqueness": 1
                },
                "LCUTS_UID_900070": {
                    "ttl": 3613,
                    "length": 6,
                    "prevalence": 0.000006931159721644626,
                    "uniqueness": 1
                },
                "LCUTS_UID_901602": {
                    "ttl": 3616,
                    "length": 6,
                    "prevalence": 0.000006931159721644626,
                    "uniqueness": 1
                },