{
    "domain": "liqwid.net",
    "owner": {},
    "source": [
        "DuckDuckGo-US"
    ],
    "prevalence": 0.000228,
    "sites": 30,
    "subdomains": [
        "www",
        "qualitysocialtargeting",
        "nextmillennium"
    ],
    "cnames": [],
    "fingerprinting": 2,
    "resources": [
        {
            "rule": "liqwid\\.net\\/",
            "cookies": 0.000122,
            "fingerprinting": 2,
            "subdomains": [
                "www",
                "qualitysocialtargeting",
                "nextmillennium"
            ],
            "apis": {
                "Navigator.prototype.userAgent": 17,
                "Document.cookie getter": 16,
                "Date.prototype.getTime": 17,
                "Document.cookie setter": 16,
                "Date.prototype.getTimezoneOffset": 17,
                "Screen.prototype.width": 17,
                "Screen.prototype.height": 17,
                "Screen.prototype.colorDepth": 17,
                "Screen.prototype.availWidth": 17,
                "Screen.prototype.availHeight": 17,
                "window.devicePixelRatio": 17,
                "window.matchMedia(\"prefers-reduced-motion\")": 16
            },
            "sites": 17,
            "prevalence": 0.000129,
            "cnames": [],
            "responseHashes": [
                "c9fc59f9ce2e171711e6e4ac9f575cf01d90a2175c0858c71626063e16799248",
                "11f8ea0cf3a4aab4831ded75f4094a29c91d63c237adc5e7803685239439d8aa",
                "8062c07bc81e55c662a2f5340f03b9fa05db1766a3c2a195fbc5dcf49b106b60",
                "bbc2ed82762b315a30ba5f6a1e54a99030dce2bd1c5d4600572c81ff5b0dc06d",
                "a86bea6e6b8000386686e958fbbdc264ebd1c7e6cb775bc3810011ffc3815623",
                "4cc4d0fe66ce027e8dc2c23db63b0ee20d417e4b9ebe2c6ceae02b9ac5950736",
                "6430caccf8ff189ab468232ba500269ce701110daa315b7ef22a818c12e0c433",
                "b0240e140cf9e4a3adfe1a5c917238a2b1840639f503e328f5b94022ba5a4311",
                "d062c488a1abb730136d851facae736d5e698108f88f827e375e943b1f53e999",
                "bacec8baf22334f9c83c4fa61579e378e498ce3e275ecde9b4a82e164ac829d1"
            ],
            "type": "Script",
            "exampleSites": [
                "bustedcoverage.com",
                "collegecandy.com",
                "dnews.com",
                "jewishweek.timesofisrael.com",
                "lmtribune.com",
                "moviestvnetwork.com",
                "singletrackworld.com",
                "www.allfreeknitting.com",
                "www.deeranddeerhunting.com",
                "www.desertusa.com",
                "www.guitarhabits.com",
                "www.kaaltv.com",
                "www.limaohio.com",
                "www.pcwelt.de",
                "www.santabanta.com",
                "www.saturdayeveningpost.com",
                "www.timesleader.com"
            ]
        },
        {
            "rule": "liqwid\\.net\\/get\\/",
            "cookies": 0,
            "fingerprinting": 2,
            "subdomains": [
                "www",
                "qualitysocialtargeting",
                "nextmillennium"
            ],
            "apis": {
                "Navigator.prototype.userAgent": 14,
                "Navigator.prototype.cookieEnabled": 14,
                "window.sessionStorage": 14,
                "Navigator.prototype.appName": 14,
                "Date.prototype.getTime": 6,
                "Navigator.prototype.doNotTrack": 6,
                "Screen.prototype.height": 6,
                "Screen.prototype.width": 6,
                "Navigator.prototype.language": 6
            },
            "sites": 21,
            "prevalence": 0.000159,
            "cnames": [],
            "responseHashes": [
                "e85e614da7e8510050ffe7f2656600c536527e6732010be1bac27f895e60d6c3",
                "7987feca1c24db17a193382c39adaa943760d466e63409aa5df8ee3dba0fe64b",
                "bc799179fb8323b145e5f55e7296098d0bf5394697a736947c86de266869819f",
                "9a2f24928b3d4c9ff749c7c6588fc1c8e5da57f99c70e3fce51e997371e76001",
                "e82df41321dea997305a7f6e8d83711a20b5f5cc15c949951a9e7f994ac091f1",
                "00d24795fefe953cdcdb8dfedbf7810e324175728259ce7226ca9e8a3b79f7e4",
                "e3b0c44298fc1c149afbf4c8996fb92427ae41e4649b934ca495991b7852b855",
                "0607b92326619cac5fd3eb0270780eaa7023aa1c5393d375cdc9c541cf672e55",
                "ae6cc384c97cc87b8204b3bd69fa9854f2d671be5cf814a95e1fc63775d3a66a",
                "2bca9f7f78747ec41c9c9b2563774109475b4a91c27f271268b4619567b8315d",
                "a328b6543c6c949cafdafab295b97e889082e1f60fee1884de021b20dda583ea",
                "4869cca55e3552fb0730a19332dbf7312cf2b2a4b0ee69d15ec236b107933882",
                "761e226c3a71981d81fbc8fa7a37a6d728d296b57583d637f487fff492329759",
                "f434a6b94e7c4a9b7af332f2b8fce5bc687c1f72e014674a5b95a4dc1c0163a0",
                "1ebd3181fe8709c1d2b44c217610cfe0931e15e31103e682445d8d384e858868"
            ],
            "type": "Script",
            "exampleSites": [
                "dnews.com",
                "www.spellcheck.net",
                "www.santabanta.com",
                "www.laprogressive.com",
                "www.kaaltv.com",
                "www.deeranddeerhunting.com",
                "singletrackworld.com",
                "moviestvnetwork.com",
                "www.saturdayeveningpost.com",
                "www.pcwelt.de",
                "jewishweek.timesofisrael.com",
                "www.guitarhabits.com",
                "lmtribune.com",
                "www.timesleader.com",
                "collegecandy.com",
                "www.allfreeknitting.com",
                "www.therepublic.com",
                "www.limaohio.com",
                "www.desertusa.com",
                "www.themonitor.com"
            ]
        }
    ],
    "categories": [],
    "performance": {
        "time": 0,
        "size": 0,
        "cpu": 0,
        "cache": 0
    },
    "cookies": 0.000152,
    "types": {
        "Script": 38
    }
}