{
    "domain": "livenetlife.com",
    "owner": {
        "name": "LiveNetLife International d.o.o.",
        "displayName": "LiveNetLife International"
    },
    "source": [
        "DuckDuckGo-US"
    ],
    "prevalence": 0.0000485,
    "sites": 7,
    "subdomains": [
        "bin",
        "adserver",
        "engine3",
        "engine",
        "engine2",
        "engine4"
    ],
    "cnames": [],
    "fingerprinting": 1,
    "resources": [
        {
            "rule": "livenetlife\\.com\\/",
            "cookies": 0,
            "fingerprinting": 1,
            "subdomains": [
                "bin"
            ],
            "apis": {
                "Date.prototype.getTime": 5
            },
            "sites": 6,
            "prevalence": 0.0000416,
            "cnames": [],
            "responseHashes": [
                "f4e00745ee11ce7a37e1680988038d3d43a1dae87276a7cf1da690fad1cbe90a",
                "264e137e4e65224e82dd77d0c7499ff90c75a350490b665e37b6a1bcb3b95a05",
                "a5cc923406bf73cd1763bac0b60914bf7570cbff2e30b898d4302c7f37d2bd3e",
                "7366d0d10edd96729f5c44ab818a86206c7e4cab535dedee884686433ae941d2",
                "ffe5f6f7751e0e6e1a5e9de4dc88c9fa9355262a017c40ebe4d938c11ca6e15e"
            ],
            "type": "Script",
            "firstPartyCookies": {},
            "firstPartyCookiesSent": {},
            "exampleSites": [
                "over.net",
                "med.over.net",
                "www.delo.si",
                "www.dnevnik.si",
                "www.slovenskenovice.si",
                "www.zurnal24.si"
            ]
        },
        {
            "rule": "livenetlife\\.com\\/GetBaseScript\\.aspx",
            "cookies": 0.00000694,
            "fingerprinting": 1,
            "subdomains": [
                "bin"
            ],
            "apis": {
                "Document.cookie getter": 4,
                "Navigator.prototype.userAgent": 4,
                "Document.cookie setter": 1
            },
            "sites": 5,
            "prevalence": 0.0000347,
            "cnames": [],
            "responseHashes": [
                "c7d6711ac1ab04703404ce84b4fd1506e83d03f4d0eff01e2c1d0e98535e30a3",
                "57da9ea1c00addd3dd992cf2e59c58bfdec4df6199cca868d2aead4f7e13e63a",
                "8adbd6accc5869225f9f6a12000e75881c423ee7a5d99e111a74b30510a2a59b",
                "94954bb601b22cc1117b364cfe407e1c54fe021d2c0834da5733a99fb045081f"
            ],
            "type": "Script",
            "firstPartyCookies": {
                "lnl": {
                    "ttl": 31536005,
                    "length": 220,
                    "prevalence": 0.0000069350051319037975,
                    "uniqueness": 1
                }
            },
            "firstPartyCookiesSent": {},
            "exampleSites": [
                "over.net",
                "med.over.net",
                "www.dnevnik.si",
                "www.slovenskenovice.si",
                "www.zurnal24.si"
            ]
        },
        {
            "rule": "livenetlife\\.com\\/CB6E4634080751447D32F34BE548F44F\\.cache\\.js",
            "cookies": 0,
            "fingerprinting": 0,
            "subdomains": [
                "bin"
            ],
            "apis": {},
            "sites": 3,
            "prevalence": 0.0000208,
            "cnames": [],
            "responseHashes": [
                "4db9385bafc92f99a780ce93e27e30ecbbf421516059b48cc7e4de35d9a75126"
            ],
            "type": "Script",
            "firstPartyCookies": {},
            "firstPartyCookiesSent": {},
            "exampleSites": [
                "over.net",
                "www.dnevnik.si",
                "www.slovenskenovice.si"
            ]
        },
        {
            "rule": "livenetlife\\.com\\/clear\\.cache\\.gif",
            "cookies": 0,
            "fingerprinting": 0,
            "subdomains": [
                "bin"
            ],
            "apis": {},
            "sites": 3,
            "prevalence": 0.0000208,
            "cnames": [],
            "responseHashes": [
                "afe0dcfca292a0fae8bce08a48c14d3e59c9d82c6052ab6d48a22ecc6c48f277"
            ],
            "type": "Image",
            "firstPartyCookies": {},
            "firstPartyCookiesSent": {},
            "exampleSites": [
                "over.net",
                "www.dnevnik.si",
                "www.slovenskenovice.si"
            ]
        },
        {
            "rule": "livenetlife\\.com\\/",
            "cookies": 0,
            "fingerprinting": 0,
            "subdomains": [
                "adserver"
            ],
            "apis": {},
            "sites": 3,
            "prevalence": 0.0000208,
            "cnames": [],
            "responseHashes": [
                "624bc8c6c281a0379a0337347c5202d6fd814761fa26c7a7b61ff97952ecca3e",
                "eae804cedb3f36d289a0e53d6ff81541c683654346663b6944fe4b8b07ca8a01"
            ],
            "type": "XHR",
            "firstPartyCookies": {},
            "firstPartyCookiesSent": {},
            "exampleSites": [
                "over.net",
                "www.dnevnik.si",
                "www.slovenskenovice.si"
            ]
        },
        {
            "rule": "livenetlife\\.com\\/StoreTextContent\\.aspx",
            "cookies": 0,
            "fingerprinting": 0,
            "subdomains": [
                "engine3",
                "engine",
                "engine2",
                "engine4"
            ],
            "apis": {},
            "sites": 4,
            "prevalence": 0.0000277,
            "cnames": [],
            "responseHashes": [
                "e65808d0ad43d48c2198eaca595c5c688303f2c9369bb524bbafeadd7a845079",
                "f3f17e749ffdc69a56b0fd37456cd19bba12978b92c5bceb11d4c333b9e5d391",
                "3698b294291c7b5ae94762e1b73855214e4c27c5e440a564d44c93e8bfbc33b0"
            ],
            "type": "XHR",
            "firstPartyCookies": {},
            "firstPartyCookiesSent": {},
            "exampleSites": [
                "over.net",
                "med.over.net",
                "www.dnevnik.si",
                "www.slovenskenovice.si"
            ]
        },
        {
            "rule": "livenetlife\\.com\\/Ping\\.aspx",
            "cookies": 0,
            "fingerprinting": 0,
            "subdomains": [
                "engine3",
                "engine2",
                "engine4"
            ],
            "apis": {},
            "sites": 4,
            "prevalence": 0.0000277,
            "cnames": [],
            "responseHashes": [
                "3f7f4be3130656d7c5a0137e6f5d39de258f5724f2f664ef4ddcf6c7334e87f2",
                "e3b0c44298fc1c149afbf4c8996fb92427ae41e4649b934ca495991b7852b855"
            ],
            "type": "XHR",
            "firstPartyCookies": {},
            "firstPartyCookiesSent": {},
            "exampleSites": [
                "over.net",
                "med.over.net",
                "www.dnevnik.si",
                "www.slovenskenovice.si"
            ]
        },
        {
            "rule": "livenetlife\\.com\\/LogPic\\.aspx",
            "cookies": 0,
            "fingerprinting": 0,
            "subdomains": [
                "engine3",
                "engine2",
                "engine4"
            ],
            "apis": {},
            "sites": 4,
            "prevalence": 0.0000277,
            "cnames": [],
            "responseHashes": [
                "8aaa77dcf9e8b9f53b38f063307a45929804f878b5eb5bca5599b8c07e4527fa"
            ],
            "type": "Other",
            "firstPartyCookies": {},
            "firstPartyCookiesSent": {},
            "exampleSites": [
                "over.net",
                "med.over.net",
                "www.dnevnik.si",
                "www.slovenskenovice.si"
            ]
        },
        {
            "rule": "livenetlife\\.com\\/imp\\.aspx",
            "cookies": 0,