{
    "domain": "lr-ingest.io",
    "owner": {},
    "source": [
        "DuckDuckGo-US"
    ],
    "prevalence": 0.000554,
    "sites": 73,
    "subdomains": [
        "cdn",
        "r",
        "staging-i"
    ],
    "cnames": [],
    "fingerprinting": 2,
    "resources": [
        {
            "rule": "lr-ingest\\.io\\/logger-1\\.min\\.js",
            "cookies": 0.000175,
            "fingerprinting": 2,
            "subdomains": [
                "cdn"
            ],
            "apis": {
                "window.sessionStorage": 23,
                "window.localStorage": 23,
                "URL.createObjectURL": 21,
                "Navigator.prototype.appCodeName": 13,
                "Navigator.prototype.language": 13,
                "Navigator.prototype.appName": 13,
                "Navigator.prototype.platform": 13,
                "Navigator.prototype.userAgent": 13,
                "Navigator.prototype.appVersion": 13,
                "PerformanceTiming.prototype.navigationStart": 13,
                "Performance.prototype.memory": 13,
                "Document.cookie getter": 13,
                "Document.cookie setter": 9,
                "Event.prototype.timeStamp": 2
            },
            "sites": 23,
            "prevalence": 0.000175,
            "cnames": [],
            "responseHashes": [
                "cb0700290d463af184e665455274a9064830d7b50eb1ec98bc7c46656606b4b6",
                "3038ef8c9b692f33b5d5feb4c7339242ba69fa0e1e334560d0395823fba504bb",
                "52ee3fdfe9f5ff262900e266a6f4d63136f3f012ded56cdc6b910c58bd83a54c"
            ]
        },
        {
            "rule": "lr-ingest\\.io\\/i",
            "cookies": 0.000114,
            "fingerprinting": 0,
            "subdomains": [
                "r",
                "staging-i"
            ],
            "apis": {},
            "sites": 15,
            "prevalence": 0.000114,
            "cnames": [],
            "responseHashes": [
                "2656be7e7d354c6b69a9dea61e62bb9bc4ef6727ef6d46ed684c0ed5ff0fccb5",
                "70eb7260cf7b723626efba30bdd26a31cf1f3586bcb623b61441e5fd02df8c3c",
                "56d2aaa17391a81dc7354c1ebfe0622e946508e9590cb1575bfd0acddf80aafe",
                "408da88e6c7dc66f853d8d24f579e0e9113bc3ae9024b3a3d380b1feff51934d",
                "4ea0ac04f5332f2ba54e945ba6838a49642ae4cd7d05245ecafce7698efc7c92",
                "182d9df5254def5a9bb31a76b82996feabbff08ac0df5f34e327c6922f224716",
                "447c7702aaf635b1ea152b3cf188bc629d2bab91e7ca16cb9a8a5bb34893f39a",
                "d75298d98a3826317913579f5d5073b203aaae55b4523ec8bf260f345abec6f7",
                "80e3b460ee6f5011f03c1ce8353b8dbc1bb25defea99def23640324075cf8991",
                "4fa646208d6370874398490681ec970ad9a3d3a2c2eb016ca776ba5575fd3add",
                "15fe0ced36ffa77777426530bdd54b290bedf838f6f3a607034fc1141bd5c811"
            ]
        },
        {
            "rule": "lr-ingest\\.io\\/logger\\.min\\.js",
            "cookies": 0.000152,
            "fingerprinting": 2,
            "subdomains": [
                "cdn"
            ],
            "apis": {
                "window.sessionStorage": 20,
                "window.localStorage": 20,
                "URL.createObjectURL": 19,
                "Document.cookie getter": 3,
                "Document.cookie setter": 2,
                "Navigator.prototype.appCodeName": 2,
                "Navigator.prototype.language": 2,
                "Navigator.prototype.appName": 2,
                "Navigator.prototype.platform": 2,
                "Navigator.prototype.userAgent": 2,
                "Navigator.prototype.appVersion": 2,
                "PerformanceTiming.prototype.navigationStart": 2,
                "Performance.prototype.memory": 2
            },
            "sites": 20,
            "prevalence": 0.000152,
            "cnames": [],
            "responseHashes": [
                "cb0700290d463af184e665455274a9064830d7b50eb1ec98bc7c46656606b4b6",
                "2bb36eadc1dc6d41fc32cff1ed5c2156f4a71cea36079423f410f084926ce496",
                "3038ef8c9b692f33b5d5feb4c7339242ba69fa0e1e334560d0395823fba504bb",
                "52ee3fdfe9f5ff262900e266a6f4d63136f3f012ded56cdc6b910c58bd83a54c"
            ]
        },
        {
            "rule": "lr-ingest\\.io\\/LogRocket\\.min\\.js",
            "cookies": 0.0000304,
            "fingerprinting": 2,
            "subdomains": [
                "cdn"
            ],
            "apis": {
                "Navigator.prototype.product": 4
            },
            "sites": 5,
            "prevalence": 0.000038,
            "cnames": [],
            "responseHashes": [
                "0de53aa70535f2aacd055b54b3c917f8345871dbccca14512d9020d0f70241eb"
            ]
        }
    ],
    "categories": [],
    "performance": {
        "time": 1,
        "size": 1,
        "cpu": 0,
        "cache": 3
    },
    "cookies": 0.000554,
    "types": {
        "Script": 48,
        "XHR": 15
    }
}