{
    "domain": "m6r.eu",
    "owner": {
        "name": "Ströer Group",
        "displayName": "Ströer Group"
    },
    "source": [
        "DuckDuckGo-US"
    ],
    "prevalence": 0.00197,
    "sites": 259,
    "subdomains": [
        "tracking"
    ],
    "cnames": [],
    "fingerprinting": 0,
    "resources": [
        {
            "rule": "m6r\\.eu\\/sync\\/adscaleRedirect",
            "cookies": 0.00079,
            "fingerprinting": 0,
            "subdomains": [
                "tracking"
            ],
            "apis": {},
            "sites": 106,
            "prevalence": 0.000805,
            "cnames": [],
            "responseHashes": [
                "65ac5556ae18f62dc1e7ef3f7ffa390b6af6010d67b7039bc0a0da3d24d26fe1",
                "6b4b1683800a15eabf0f16285dbd3514adb87134673f9eb25b3e79bd23d3ba85",
                "edf9a94afb623eb99af810d68443b84c394e40e507ebbd1ac3ebd0308f3a1d17",
                "b269ac40c2382cee6512fc3fb61ea41b6d8a6152c81d988cb98b0bc1b202d98b",
                "a964ce5a315a07e375118ba6202f251393e5fb1f6439309c1ddf6f5e3f66879c",
                "96ba49e37ddd12528cda2b7a5fc965ae887acf987fdd34db2799b2d348b8b029",
                "a3a8a5c9996ce1090d5eb867c566e8bf5af6d505436f063b664d95e1054b4db6",
                "f110c5544be8da7b5049b5c12d7b8addf63f7bd5e1790d3d4ec9d6876030cb00",
                "7374bc1bacebf24107753d15342d7aba56b5bb73e607bffb7d021315a1807398",
                "2a01f33d614d4e623cae000db4afb28d762b7492a7d68d767e955822a0a2d96f",
                "1fc4063b10e569164babe5b4cd05319ad69095e54a8e55879b92e762519e988f",
                "2841370727775f424fe37de40b71f352bb4833a70b60c2e1f9121ea5bd178082",
                "7b2e884376731054119fdb6cdc7d94d794b7c1dae7874970b0ff89538f7be054",
                "d4d41a4b4269929ba7091248819bf0e352651a29cdbf1eb4cd4fc553984a102b",
                "043aa397d8e4f4e3f64c6f5f76825876d8a5b76c26729ab68f1b44c1567079b7"
            ]
        },
        {
            "rule": "m6r\\.eu\\/sync\\/adscaleRedirect",
            "cookies": 0.0000987,
            "fingerprinting": 0,
            "subdomains": [
                "tracking"
            ],
            "apis": {},
            "sites": 13,
            "prevalence": 0.0000987,
            "cnames": [],
            "responseHashes": []
        },
        {
            "rule": "m6r\\.eu\\/sync\\/dmp",
            "cookies": 0.000121,
            "fingerprinting": 0,
            "subdomains": [
                "tracking"
            ],
            "apis": {},
            "sites": 19,
            "prevalence": 0.000144,
            "cnames": [],
            "responseHashes": [
                "60497caa616237d203657c9696f78bf6b792857a38ccb3627b787f7434bea6c5",
                "d68cfafce583cc743827a86112a729351e06516abc5c473195d0eef52e8fa374",
                "7cdd0609a6db5261bb624e745d94b87bd42a89a6a638284c272f055a43701f8e",
                "2090f0f9e4be9341e39c626cd9a9f607d175f1edbda6118cbb3b6ea33347da09",
                "96acc36fc769bf842c282feeac57b825b9e83ed184a73e445a7c9e0c6974ddd2",
                "d8494eec96d91ad18859e53534a0eab17b3636c2400bebb63526c6d3323faa16"
            ]
        },
        {
            "rule": "m6r\\.eu\\/sync\\/redirect",
            "cookies": 0.000106,
            "fingerprinting": 0,
            "subdomains": [
                "tracking"
            ],
            "apis": {},
            "sites": 14,
            "prevalence": 0.000106,
            "cnames": [],
            "responseHashes": [
                "204265a6f1fc8529e4a64cff2c17c04709b46455f93003d24edb50bd78977223",
                "ef1955ae757c8b966c83248350331bd3a30f658ced11f387f8ebf05ab3368629"
            ]
        },
        {
            "rule": "m6r\\.eu\\/consent\\/pixel",
            "cookies": 0.000152,
            "fingerprinting": 0,
            "subdomains": [
                "tracking"
            ],
            "apis": {},
            "sites": 21,
            "prevalence": 0.000159,
            "cnames": [],
            "responseHashes": [
                "821e2efd660f6b759d561cd5cd194670e51ecebcbc06055cdcbebcd91ec94a56"
            ]
        },
        {
            "rule": "m6r\\.eu\\/pixel\\/container",
            "cookies": 0.000152,
            "fingerprinting": 0,
            "subdomains": [
                "tracking"
            ],
            "apis": {},
            "sites": 21,
            "prevalence": 0.000159,
            "cnames": [],
            "responseHashes": [
                "5daafa0549b1675617d10184ccf74822bda5e37a525309756f1f5d908dd2aa53",
                "38dcd6319729a74d68f36f01cdc1e18f49f790911807b4df18c390c864cd7740",
                "7e80a38f7673d942bedc7e379c72a0c981fd0b2be018ef0d94d8045b819b4f1c",
                "31220b62f8246a18112f8bd64bdd7faa13c5b859a1c2e76d25d6d96e7e19b18d",
                "737176ecc9030d6b4564fc79ed893237f030a756de050b51a8ed999f2006bdb1",
                "2bafe7b295bdd9a886a827f904e76121b680fdb4ebf52bd929894a023ccc62a5",
                "399385aa46a775f9d0263faf530418303e4ae2662becaf554ae622739bb27825",
                "cd65361fde0facb833a5cc53716d5ed2c03b4e16913aead481c289e2c9633d00",
                "bc3fb97ae19034021b5db7155bdff43296f64c66824c2552b3b6700c512ac822",
                "74f6c984e93fbf79271f3b8bec82ec360b6aa224dd4769369845c1aea95f0c73",
                "251cf0d093ef4b78f382175d945a19f0666521ab1409065d3fefca3fac3fa9b9",
                "db8b6d22ed010e6f8da440628e50f4722dcf36372b719fea6d5eb13257436c96",
                "61fa5a963ee346a43f8779a89148c44e2853ba375f428e12f2c8e187a2f3c5d4",
                "b24fbdaad21ce0c0c3b025037998ffe05d409a3cf29880576eccbacb15ed11c3",
                "43fec33af6772f50d92b2737d6bacc845be7f22a6f440e9c5dba88333504fe69",
                "6c54725427b6641065036389765ded32192a0d4a4270440f27faa702de5badb0",
                "3fc333e61e3a75f9d6359a8b4e88f2b7f1ef25ff8176db5c43415a998c75ef9c",
                "a3aff7571ae2bca2664601cadabd579df3e628ebac5ab358d2422a9180a6cb2f",
                "5788b58ee8a02c09a1afe7d955f83c714477b7d99f7f2afad8f86c81e7e406c3"
            ]
        },
        {
            "rule": "m6r\\.eu\\/sync\\/yieldlabRedirect",
            "cookies": 0.000152,
            "fingerprinting": 0,
            "subdomains": [
                "tracking"
            ],
            "apis": {},
            "sites": 20,
            "prevalence": 0.000152,
            "cnames": [],
            "responseHashes": [
                "e3b0c44298fc1c149afbf4c8996fb92427ae41e4649b934ca495991b7852b855"
            ]
        },
        {
            "rule": "m6r\\.eu\\/sync\\/appnexusRedirect",
            "cookies": 0.000144,
            "fingerprinting": 0,
            "subdomains": [
                "tracking"
            ],
            "apis": {},
            "sites": 20,
            "prevalence": 0.000152,
            "cnames": [],
            "responseHashes": [
                "e3b0c44298fc1c149afbf4c8996fb92427ae41e4649b934ca495991b7852b855"
            ]
        },
        {
            "rule": "m6r\\.eu\\/sync\\/adxSyncDone",
            "cookies": 0.000152,
            "fingerprinting": 0,
            "subdomains": [
                "tracking"
            ],
            "apis": {},
            "sites": 20,
            "prevalence": 0.000152,
            "cnames": [],
            "responseHashes": [
                "821e2efd660f6b759d561cd5cd194670e51ecebcbc06055cdcbebcd91ec94a56"
            ]
        },
        {
            "rule": "m6r\\.eu\\/sync\\/adscaleSyncDone",
            "cookies": 0.000152,
            "fingerprinting": 0,
            "subdomains": [
                "tracking"
            ],
            "apis": {},
            "sites": 20,
            "prevalence": 0.000152,
            "cnames": [],
            "responseHashes": [
                "821e2efd660f6b759d561cd5cd194670e51ecebcbc06055cdcbebcd91ec94a56"
            ]
        },
        {
            "rule": "m6r\\.eu\\/sync\\/adxRedirect",