{
    "domain": "marvellousmachine.net",
    "owner": {},
    "source": [
        "DuckDuckGo-US"
    ],
    "prevalence": 0.000173,
    "sites": 25,
    "subdomains": [
        "maytrics",
        "s"
    ],
    "cnames": [],
    "fingerprinting": 1,
    "resources": [
        {
            "rule": "marvellousmachine\\.net\\/",
            "cookies": 0,
            "fingerprinting": 1,
            "subdomains": [
                "maytrics",
                "s"
            ],
            "apis": {
                "Screen.prototype.width": 10,
                "Screen.prototype.height": 10,
                "Navigator.prototype.plugins": 10
            },
            "sites": 16,
            "prevalence": 0.000111,
            "cnames": [],
            "responseHashes": [
                "384245390cfd6ff0fe4e44c8c81806ae8d3e49dde60be3a2c12a031f73ac4e6e",
                "b0be15299b6a0e83a1c67187352bb216ef275e150edea39f1e36cd6a0675c7ee",
                "1d52c66203c4f4fa65551569f47c11b00284f1eb663fb6bb61bb35a3668528ed",
                "c598bc80895d7e4997f953c0a0276fe5b3f850d7c4bfb184faff8ca62149d70d",
                "0363ee32b879866125d79d4c035c3476d2732094b3f18fd5905ab4c6e29bb7ce",
                "4f33de3c9676a107346f7f3f20647ec8fae312d051ff6012a43dfd8834d5b7a0",
                "e6d6b79121f44e21aab8ba3cd2f18868e7005e2db7fabeb5f48a0fee8a4eeb8a",
                "b94f8d11554d5e0ce3de82346fe075ef9b3ca5421eb78bfce90ae42a7272627b",
                "5c2ba6bc546a304622789407238b376c9740a883a0fa34805fbd53c957278bc8",
                "c5e917422b70ef5d65a767e730d6b72d4ac4d1be111379b7e2fa92e224040a3a"
            ],
            "type": "Script",
            "firstPartyCookies": {},
            "firstPartyCookiesSent": {},
            "exampleSites": [
                "bdfugue.com",
                "www.decluttr.com",
                "www.dosfarma.com",
                "www.fc-moto.de",
                "www.go-sport.com",
                "www.greenstories.de",
                "www.i-run.fr",
                "www.kirstein.de",
                "www.monsterzeug.de",
                "www.padelnuestro.com",
                "www.palgrave.com",
                "www.picwictoys.com",
                "www.puzzle.de",
                "www.rougier-ple.fr",
                "www.springer.com",
                "www.volotea.com"
            ]
        },
        {
            "rule": "marvellousmachine\\.net\\/ctl",
            "cookies": 0.0000693,
            "fingerprinting": 0,
            "subdomains": [
                "s"
            ],
            "apis": {},
            "sites": 10,
            "prevalence": 0.0000693,
            "cnames": [],
            "responseHashes": [
                "41e1f89e7c89a055b4676144490d73f5e5481d716d8cd3b9cd6847798e4a2a81",
                "0393c2a7d645e3e595ad477a7188d41f3aec841dfee946005a3116a0996024d6",
                "b5d5e042e537717141dd87d367e6a77daffbae1054d0d69c59c3ab9ef86bf58b",
                "c1f73f0a368e9aa5bb9813f08886e019c014148420184916a8f3dde333b555ba",
                "d737ea818e74c623ef92ab6233024385c2a8e0b65bb72532bb1bb153170e628b",
                "73f1c897a56a70f4f49b5742c3a1e3e35c09fb167c9e577410ac8fc28f91f9a8",
                "779fe129131f93659f1339e511ed629f9efe9fb41f049bb8ac5087e99381fa9c",
                "0101ffd8afd333dd6a4a8cac2ffe248193573c6a463a4cb01c24157319acad94",
                "2b3225acf002d3692fbbc9a7721988167000c38a801e3baf590f3ea9a738548c"
            ],
            "type": "Script",
            "firstPartyCookies": {},
            "firstPartyCookiesSent": {},
            "exampleSites": [
                "bdfugue.com",
                "www.dosfarma.com",
                "www.fc-moto.de",
                "www.go-sport.com",
                "www.i-run.fr",
                "www.monsterzeug.de",
                "www.padelnuestro.com",
                "www.picwictoys.com",
                "www.puzzle.de",
                "www.rougier-ple.fr"
            ]
        }
    ],
    "categories": [],
    "performance": {
        "time": 0,
        "size": 0,
        "cpu": 0,
        "cache": 0
    },
    "cookies": 0.000111,
    "types": {
        "Script": 26
    },
    "nameservers": [
        "ns-cloud-d3.googledomains.com",
        "ns-cloud-d1.googledomains.com",
        "ns-cloud-d4.googledomains.com",
        "ns-cloud-d2.googledomains.com"
    ]
}