{
    "domain": "mediaweaver.jp",
    "owner": {
        "name": "Japan Business Press Co.,Ltd.",
        "displayName": "Japan Business Press"
    },
    "source": [
        "DuckDuckGo-US"
    ],
    "prevalence": 0.0000833,
    "sites": 12,
    "subdomains": [],
    "cnames": [],
    "fingerprinting": 1,
    "resources": [
        {
            "rule": "mediaweaver\\.jp\\/oo\\/uu\\/ua\\.cgi",
            "cookies": 0.0000486,
            "fingerprinting": 1,
            "subdomains": [],
            "apis": {
                "Date.prototype.getTime": 7,
                "Document.cookie setter": 7
            },
            "sites": 7,
            "prevalence": 0.0000486,
            "cnames": [],
            "responseHashes": [
                "4407bfecf6e8086d692659590594493b3bc40e652793f657af0c7bc4044f0283",
                "cb03acaa7143827eeafca112fb460e743cb64a3676dda6c870e56fa591e7d9f4",
                "bf71010d7e46d496f91835ca0666eb17f439208d3133782ebaf55c070b1461ed",
                "8dbdf107c1fd7f890615bb4a675e08f71edeb81ac16f2fdfe7f451a651bd8a5e",
                "059678af0a3457e503f211c760949a5635a338fe0210851de2b5fc5e92be9e1c",
                "c9809d7a9626d129318827c94d3d007512924a19d5f812981d9816697f341d50"
            ],
            "type": "Script",
            "firstPartyCookies": {
                "ismua": {
                    "ttl": 63072004,
                    "length": 36,
                    "prevalence": 0.00004862056510988248,
                    "uniqueness": 1
                }
            },
            "firstPartyCookiesSent": {},
            "exampleSites": [
                "diamond.jp",
                "gendai.ismedia.jp",
                "jbpress.ismedia.jp",
                "president.jp",
                "toyokeizai.net",
                "www.jprime.jp",
                "www.kyoto-np.co.jp"
            ]
        },
        {
            "rule": "mediaweaver\\.jp\\/oo\\/uu\\/cl\\.cgi",
            "cookies": 0,
            "fingerprinting": 0,
            "subdomains": [],
            "apis": {},
            "sites": 7,
            "prevalence": 0.0000486,
            "cnames": [],
            "responseHashes": [
                "d6940ae8255478f2872d67d007e2550543022a02466732ef76a10236b742e4ae",
                "de5803d2e2185cefeb473e1088f98b398abfcfa49fe07ecce3d5b2fa3c0a8ba7",
                "ef8b4537798a0b790f9f7fe5885f85cc184889f5468a77d018ce6cc83427552c",
                "371ad8571ab65a3c2d67bdd77685fac67a93302b9c39736d8633e3c4651d1437",
                "a07536ed12057a1d5f81c7e4b44b5f674363c0636cbde49897d711f8608555ef",
                "de9319184be82c68a37d08b37930b593d4ad5c3c158d003faa24449eccdb79f9"
            ],
            "type": "Script",
            "firstPartyCookies": {},
            "firstPartyCookiesSent": {},
            "exampleSites": [
                "diamond.jp",
                "gendai.ismedia.jp",
                "jbpress.ismedia.jp",
                "president.jp",
                "toyokeizai.net",
                "www.jprime.jp",
                "www.kyoto-np.co.jp"
            ]
        }
    ],
    "categories": [],
    "performance": {
        "time": 0,
        "size": 0,
        "cpu": 0,
        "cache": 0
    },
    "cookies": 0.0000833,
    "types": {
        "Script": 14
    },
    "nameservers": [
        "dns-b.iij.ad.jp",
        "dns-c.iij.ad.jp"
    ]
}