{
    "domain": "memoinsights.com",
    "owner": {},
    "source": [
        "DuckDuckGo-US"
    ],
    "prevalence": 0.0000554,
    "sites": 8,
    "subdomains": [
        "elsa"
    ],
    "cnames": [],
    "fingerprinting": 0,
    "resources": [
        {
            "rule": "memoinsights\\.com\\/n",
            "cookies": 0.0000554,
            "fingerprinting": 0,
            "subdomains": [
                "elsa"
            ],
            "apis": {},
            "sites": 8,
            "prevalence": 0.0000554,
            "cnames": [],
            "responseHashes": [
                "d7995cf155e4379375f26b165d94be779066d62be6f6d665d10f12d00669896d",
                "f47d0c93828c10e9babfe11f4d98d3299f889309c54284fe1c68725c71c8df65",
                "754f1dd3975fa68a3beda92875e7effd3adfa6f752c13e255b49129088d7808f",
                "6df0be6bbd0db3469049cf9721fdbbc28996d5f444b04de11ecbad0d2af87b54",
                "615eb02b5c7663d9e3584e72588e3a4ce0c7aac9db2e8877ce1be3f761daa8e2",
                "9cd1e4d7c9976794f308bd451aef2dfb994269927104794a63203006ec646d50",
                "15e6146f04edbb6d2a2f784c3d00e97f4c0fee1ef32780972e7ede191dc4bfce"
            ],
            "type": "Script",
            "firstPartyCookies": {},
            "firstPartyCookiesSent": {
                "s_ppn": 0.000013862319443289251,
                "s_pct": 0.000006931159721644626
            },
            "exampleSites": [
                "allure.com",
                "www.architecturaldigest.com",
                "www.epicurious.com",
                "www.glamour.com",
                "www.gq.com",
                "www.self.com",
                "www.teenvogue.com",
                "www.vanityfair.com"
            ]
        },
        {
            "rule": "memoinsights\\.com\\/t",
            "cookies": 0,
            "fingerprinting": 0,
            "subdomains": [
                "elsa"
            ],
            "apis": {},
            "sites": 7,
            "prevalence": 0.0000485,
            "cnames": [],
            "responseHashes": [
                "d72428ddf6fa0151f92148c3415e63dcdfbcc8247f22aad517b5f35dc91b7d92",
                "83eea2c28bf85fee8d7e5483f2782f0e3aa2ca960179dd0c71835f944d155d9f",
                "725309b5de131740c3c3b34aac91860b4d1db3bdcb4b2d57a659a521b4296ea3",
                "7005bb1b2243146f7474a90a91d30e882ac72e8f16fdbae6b350a2f3de781905"
            ],
            "type": "Script",
            "firstPartyCookies": {},
            "firstPartyCookiesSent": {
                "s_ppn": 0.000013862319443289251,
                "s_pct": 0.000006931159721644626
            },
            "exampleSites": [
                "architecturaldigest.com",
                "www.architecturaldigest.com",
                "www.epicurious.com",
                "www.glamour.com",
                "www.gq.com",
                "www.self.com",
                "www.teenvogue.com"
            ]
        }
    ],
    "categories": [],
    "performance": {},
    "cookies": 0.0000554,
    "types": {
        "Script": 15
    },
    "nameservers": [
        "ns-928.awsdns-52.net",
        "ns-1433.awsdns-51.org",
        "ns-1772.awsdns-29.co.uk",
        "ns-474.awsdns-59.com"
    ]
}