{
    "domain": "metabet.io",
    "owner": {},
    "source": [
        "DuckDuckGo-US"
    ],
    "prevalence": 0.000173,
    "sites": 25,
    "subdomains": [
        "go",
        "edge"
    ],
    "cnames": [],
    "fingerprinting": 1,
    "resources": [
        {
            "rule": "metabet\\.io\\/js\\/global\\.js",
            "cookies": 0,
            "fingerprinting": 1,
            "subdomains": [
                "go"
            ],
            "apis": {
                "window.localStorage": 21,
                "Date.prototype.getTime": 17
            },
            "sites": 23,
            "prevalence": 0.000159,
            "cnames": [],
            "responseHashes": [
                "b011fab33a27bdfd1f40e64eae151160ee134b5460346b3a6ef51dfe7158bc80",
                "79e39fc8effab46a72954d7cb0e717cac44f7295b0eb1f819ef2cdb48d0dd202",
                "e00d4517a1bcacd419476262d0ede677f3fc352145be55a27f18aa4e3b32439b",
                "452da243f3ba2d56f85d2613ef822958c77345045710dbbb17a4194b7f443092",
                "3bfc08e6b2212f6508256ddcd5c1728f5da4ff910396cb3d0b6fb73de181c9dc",
                "509a56e8b4d1707d2ee40912dfa3e899702ffb420f4bbb7420aa69721297bf9c",
                "51b0ceaf3a65f0a1e98924f7d8176c0a534fce94c9930471fedd049121e5db05",
                "6cf0658cb2ec2eeef06761f32681be78dfc209a96d1a3c5dacfdbe243a215b51",
                "ebfde8a76975c713d653cc499ef2e213b7249484c8b5eed7d3ba5607a157f20e",
                "7999fd0539aac4db2bbc2230af0b634eddbcc1c3058334e6f5b9a01ce58e48e3",
                "c4a9bfffa70a2d0f707039c433c3ed7ddd65ac55d130581a23752145f48653a7",
                "9778c61a4b17bf0329e4f99578be3316869f804875f1c730c2d375484c8c8d98",
                "420be49608b243c7bddc9f362af8c782d85f788d649434c491f05e6f4fc89dc3",
                "834730f0da0eb4b67979a9665c1abc7f162738396545f6eeacf3ad27b3f22d8f",
                "555c304eafc09680c02ae584b9e423391ad70ad792295c2dcfb0d86de0e89a2d",
                "fcd41bd2b68d7af59297ebb99a3799302bf35f0d3b98b1b0d37fee5a0c04083e",
                "4f82cf4e031bbe2b8cae166269f10d41f07b20f61e0438be557372aefb9a421c",
                "7042903e70824494a83637b7713edc45c5b46fc38a5e55b3af2cfdcbe894e3db",
                "3d2d6fc588b13a374dd4e14630745afb475b09506b079274ff27dccdee3b1a0d",
                "f0f6846ab7e2cb2b3f3074c8f14acf3a9ba907fde134a7b554039ce7f857cf24",
                "f63494dd000fdeec9b762d9c1c9e12394773496cc555f8169b0530d839ebffde"
            ],
            "type": "Script",
            "firstPartyCookies": {},
            "firstPartyCookiesSent": {},
            "exampleSites": [
                "www.bloodyelbow.com",
                "www.sbnation.com",
                "www.thefalcoholic.com",
                "www.azdesertswarm.com",
                "www.mmamania.com",
                "www.bleedinggreennation.com",
                "www.celticsblog.com",
                "www.pinstripealley.com",
                "www.thelines.com",
                "www.patspulpit.com",
                "www.wsn.com",
                "www.behindthesteelcurtain.com",
                "www.prideofdetroit.com",
                "www.burntorangenation.com",
                "www.truebluela.com",
                "www.milehighreport.com",
                "draftkings.com",
                "www.pickswise.com",
                "www.bleedcubbieblue.com",
                "www.bigblueview.com"
            ]
        },
        {
            "rule": "metabet\\.io\\/css\\/main\\.css",
            "cookies": 0,
            "fingerprinting": 0,
            "subdomains": [
                "go"
            ],
            "apis": {},
            "sites": 24,
            "prevalence": 0.000166,
            "cnames": [],
            "responseHashes": [
                "e68c5836e79173a7c10bec3aab4d6e8c09389198938b3e1d5b855c927245cb6f",
                "700d6d371560e9c7267b5fce19abdd83c7cef7ee9b2605e82e2ad14fc20d349b",
                "ce0a193061704d88afd61225adf8020160992c79dcf9ecda0e3f891962bb3675",
                "f1736995b524601cd4daeb6d576845ac6065e5b58a5e9dd64d3fd6ce39a68440",
                "8eabc3e1f50310e02017362f9fae021039b312812d98e95861491e1e751b3134"
            ],
            "type": "Stylesheet",
            "firstPartyCookies": {},
            "firstPartyCookiesSent": {},
            "exampleSites": [
                "www.patspulpit.com",
                "www.pinstripealley.com",
                "www.celticsblog.com",
                "www.prideofdetroit.com",
                "www.bigblueview.com",
                "sportschatplace.com",
                "www.mmamania.com",
                "www.azdesertswarm.com",
                "www.pickswise.com",
                "www.thelines.com",
                "www.burntorangenation.com",
                "www.thefalcoholic.com",
                "www.outsports.com",
                "draftkings.com",
                "www.bloodyelbow.com",
                "www.ninersnation.com",
                "www.behindthesteelcurtain.com",
                "www.acmepackingcompany.com",
                "www.milehighreport.com",
                "www.wsn.com"
            ]
        },
        {
            "rule": "metabet\\.io\\/tracking\\/",
            "cookies": 0,
            "fingerprinting": 0,
            "subdomains": [
                "edge"
            ],
            "apis": {},
            "sites": 4,
            "prevalence": 0.0000277,
            "cnames": [],
            "responseHashes": [
                "6ed2bd644584580c4af0fe4651c40798395b2a0f7c4a5b416a9306940abdb0a5"
            ],
            "type": "Document",
            "firstPartyCookies": {},
            "firstPartyCookiesSent": {},
            "exampleSites": [
                "sportschatplace.com",
                "www.pickswise.com",
                "www.thelines.com",
                "www.wsn.com"
            ]
        },
        {
            "rule": "metabet\\.io\\/img\\/sportsbooks\\/square\\/draftkings\\.svg",
            "cookies": 0,
            "fingerprinting": 0,
            "subdomains": [
                "go"
            ],
            "apis": {},
            "sites": 17,
            "prevalence": 0.000118,
            "cnames": [],
            "responseHashes": [
                "79a1b8a42496bc679800b15722f8dd2518e20f70ded675cfce2af847e01e2ca4"
            ],
            "type": "Image",
            "firstPartyCookies": {},
            "firstPartyCookiesSent": {},
            "exampleSites": [
                "acmepackingcompany.com",
                "www.azdesertswarm.com",
                "www.behindthesteelcurtain.com",
                "www.bigblueview.com",
                "www.bleedcubbieblue.com",
                "www.bleedinggreennation.com",
                "www.bloodyelbow.com",
                "www.burntorangenation.com",
                "www.celticsblog.com",
                "www.milehighreport.com",
                "www.mmamania.com",
                "www.ninersnation.com",
                "www.outsports.com",
                "www.patspulpit.com",
                "www.pinstripealley.com",
                "www.prideofdetroit.com",
                "www.truebluela.com"
            ]
        },
        {
            "rule": "metabet\\.io\\/img\\/logo-watermark\\.svg",
            "cookies": 0,
            "fingerprinting": 0,
            "subdomains": [
                "go"
            ],
            "apis": {},
            "sites": 18,
            "prevalence": 0.000125,
            "cnames": [],
            "responseHashes": [
                "e69bf73acd1d60efdf5989f1d8a70181c3e4e8278eaa186814bc315f047e6413"
            ],
            "type": "Image",
            "firstPartyCookies": {},
            "firstPartyCookiesSent": {},