{
    "domain": "metv.com",
    "owner": {
        "name": "Weigel Broadcasting Co",
        "displayName": "Weigel Broadcasting"
    },
    "source": [
        "DuckDuckGo-US"
    ],
    "prevalence": 0.000205,
    "sites": 27,
    "subdomains": [
        "www"
    ],
    "cnames": [],
    "fingerprinting": 1,
    "resources": [
        {
            "rule": "metv\\.com\\/affiliatedwidget",
            "cookies": 0.000213,
            "fingerprinting": 1,
            "subdomains": [
                "www"
            ],
            "apis": {
                "Date.prototype.getTime": 19,
                "PerformanceTiming.prototype.navigationStart": 12,
                "Navigator.prototype.userAgent": 12
            },
            "sites": 28,
            "prevalence": 0.000213,
            "cnames": [],
            "responseHashes": [
                "e78d10fc72661c7490b347d50dbb613327c58d96715568875c06e3201b777585",
                "5426132e198cdeef4645378bd6d1b1c0552671024f65830a1545284cd7a78476",
                "49fa43333c0b24300d8c5da001e6b303502a3d0b593f0a199d95c92c15d6f53d",
                "9b3f5f3a6caf545c4a71fc6f665f98cbc6dd955fe905061aea9b504a345e5bf4",
                "9a1728048ef739936d79e84bb4175c2de5d6293514d27a5b1840f0cb72ad2666",
                "87ef4fabca7ddb14b129dbadace6b8beaeb71a8dbde190783206e7e76945e68d",
                "4e039f99c282b47bf652bcbb9cc36d27da5199c0773c2350eebc3c53c420d978",
                "a130e9f49459cc71bfbc9bb15cd97af1e7ac0ead99c2331f87d6f10e844b6dbf",
                "d007d1b0511ab834e570255135c843e391c03330738a692279990bb349243fa8",
                "90082b635a5da1316e816f01244b659f4c68782fad680984fdbf7b3e38e19aa9",
                "167366f0ce40ba6e2e121c53dd4a7192101580cb75569ab20923de947a2cfca3",
                "a82808de6ead2b486b2421c0e36fcc5cce9a3fd2df6b93f7e60565fbd664a270",
                "b1c58c9f268c8250a1d381081ed7787838609c3e48ca9e6d4b53cbfe547f2622",
                "52a4e8903f5605173c11787152d4cfede7282909a6caa117ed9511e8aaac8889",
                "02bc5a84fb66012ef285e618c39c4cd20548d8f9553639f4f397c7f1baf31aba",
                "891668761f27102f203f8700414895ba13c0e4eb1a7323ecc5ed4c69fdfa4c24",
                "0c3755dd34029559b4e1d7b7528b1ce453c7bc82f8e8616a42cb5aa354346a94",
                "918c34b301dc37a34d5e03dad4ed292f040d8c5389eb052debe141469b5097b4",
                "e8eb7f7c12a72128cc5a0440ab7788c26b8e4e05a5bcd771a5cb255617d7c4b4",
                "b6d12a0ddf95d42e017353dc44452c301bcb11a289fda89f1ee0fed38ae32c42"
            ]
        }
    ],
    "categories": [],
    "performance": {},
    "cookies": 0.000205,
    "types": {
        "Document": 28
    }
}