{
    "domain": "mmeexisten.club",
    "owner": {},
    "source": [
        "DuckDuckGo-US"
    ],
    "prevalence": 0.00051,
    "sites": 67,
    "subdomains": [],
    "cnames": [],
    "fingerprinting": 0,
    "resources": [
        {
            "rule": "mmeexisten\\.club\\/utx",
            "cookies": 0.000335,
            "fingerprinting": 0,
            "subdomains": [],
            "apis": {},
            "sites": 44,
            "prevalence": 0.000335,
            "cnames": [],
            "responseHashes": [
                "e3b0c44298fc1c149afbf4c8996fb92427ae41e4649b934ca495991b7852b855"
            ],
            "type": "XHR",
            "exampleSites": [
                "www.xxxsexjapanese.com",
                "www.ultrayoungsex.com",
                "xxxpicz.com",
                "www.uwatchfree.ag",
                "www.ujapanesesex.com",
                "youngporn.su",
                "www.wifeporn.me",
                "www.twugi.com",
                "www.xnxxvideodownload.com",
                "www.zubby.com",
                "yesmovies.ag",
                "www.tumbral.com",
                "xvideosxporn.com",
                "xxvideos.video",
                "xxxpicss.com",
                "www.torrentmac.net",
                "xtorjack.com",
                "www.tnmoviez.com",
                "www.teenextrem.com",
                "xxxfree.watch"
            ]
        },
        {
            "rule": "mmeexisten\\.club\\/floater",
            "cookies": 0.000228,
            "fingerprinting": 0,
            "subdomains": [],
            "apis": {},
            "sites": 30,
            "prevalence": 0.000228,
            "cnames": [],
            "responseHashes": [
                "84a04b9d8829e82d46ed608d55320b0bd97de504ad9d96fcf46cf072ead4305b",
                "55b2b0851570d3e9f87360ec07396ebff0e8d44d280cde7938c3261f7b627739",
                "5a2766c02d9e19f552146ca3fa4ebf1aff68292e739b463bbad741242b4df4df",
                "bf253e9229b4d778e3d672a80cb83fb637b96d4867497d9d2cd9dd1a9722c311",
                "5e9c068878bc521182c5077b5029750e3f1167096c4718b46ad6a92ec3da0a7d",
                "1611cc3a83dbf056bc3b753c10f8514daaf8d3f358dbd26a0ad61c54d92e44b5",
                "2aad7ce794e9d1c1900347c96944bf172eda6f93933294036687e1dbb2dcc425",
                "dfdcae46d4d769a544c2b200078d6e6a3205029f5c8023f3b878aad5e8c9eedf",
                "7553981dedd4185b9fa01f399910d7aafaa3191c0d7e03a189a7f463fa11424d",
                "227dc8e3212db19239b51743d3c17b7d1028f325b3f444eb5811e227911886b7",
                "f87ca2223ab87f44ceca254c18b04a2dd3fc62ec762ab63034d9aee6b3ca1871",
                "aef56c613922e8a9dcb8cafe846017cab5ae2fc14cdc6de989707bdaa1b5f904",
                "d0a54ac7f8332383ba5d0b490e2dcaca21631af26ad2eef39df0fd6747ae4d6a",
                "599e0e7efcb13a1b247e07733337a03960e735fd27d3ab51d33ff4bd861ee378",
                "e5a4710860a6a4b1dec880f61a5d01177e0c613ba35921b8fbc98bed7f9447bf",
                "94e0ce35b4a6c8a8ed1830be7bf4f353ef79145f9e68f7d22ebdc5139107e727",
                "ca56805814008ca6f696cae0f5ec4c2b5f4c8aa285f65c430fde329c6cc4dde3",
                "000f8d6d24cb2143fef56955e7e13baa68171bdeb68da34c73b841c63177b431",
                "0e290783b773e89e013e4709bf931d4f858cfc4df24dc27b6df0f77aa5554c21",
                "a12416c92d0e588b4c4a4ddfe266a566b10e32ea63c8deeae2b326767cc0371f",
                "d6d7a0dbb21b18928341e3d130c5842d37b5f196de8327d157840f4fe5af3abd",
                "b70573890dc39723945b4b1f45fdab80fe0b9ae38f264e30e662292b16008fe1",
                "35d46cfeac327fb21f425ef5c4e01ef9eb46807bdee2e993474d59da43e2e6e7",
                "29fb2ede0077a7a70060908d9654e36e3335c4a1c46bffa4120511a474472172",
                "34b22b2a71f6ea3ae67f9450cb0295b058e5cf8b4f3d12139b54a1a7c45f63d9",
                "d7e06266d2bec8468b77a56b0dee356e5a17491821e2b492c845a04b4c2adff8",
                "948e0c1d78222a859af63cb0843f572c44fe3bad2bd0dedcec23da37f05b2e1e",
                "c666dad0ef3b8924e7eee32d60681187c6f1efc1d66d81cfaf8f0385ce6c4db5",
                "5708d3d16b4323a916a54c070de51c812e83947b73f9b365ddc9d0b869179bb6"
            ],
            "type": "XHR",
            "exampleSites": [
                "xxxpicss.com",
                "xxxpicz.com",
                "www.xhamsterdownload.com",
                "www.xnxxvideodownload.com",
                "www.ultrayoungsex.com",
                "xxxgrannyvideos.com",
                "xxnxx.fun",
                "www.youngtube.me",
                "www.teenextrem.com",
                "xxxfree.watch",
                "www.xxxsexjapanese.com",
                "xxvideos.video",
                "www.teensex.sexy",
                "xnxx.club",
                "y2matemp3.net",
                "www.uiporn.com",
                "www-ytmp3.cc",
                "www.ujapanesesex.com",
                "www.tumbral.com",
                "www.tnmoviez.com"
            ]
        },
        {
            "rule": "mmeexisten\\.club\\/multi",
            "cookies": 0.0000304,
            "fingerprinting": 0,
            "subdomains": [],
            "apis": {},
            "sites": 4,
            "prevalence": 0.0000304,
            "cnames": [],
            "responseHashes": [
                "814dafc86244f38f45dfcc115120b9be7d5a916118e279ffc21d0d056c925812",
                "c04f4fa2cadfc1de6ebc73b90780188805713c283f81ca3643bea175387286e6",
                "7d5000594fe6ef5eaa99403bc8278c9d9ae9526029281db57661206d3302c517"
            ],
            "type": "XHR",
            "exampleSites": [
                "tumbral.com",
                "www.tumbral.com",
                "www.xxxtamilsexvideos.com",
                "xxxpicss.com"
            ]
        },
        {
            "rule": "mmeexisten\\.club\\/inter",
            "cookies": 0.0000152,
            "fingerprinting": 0,
            "subdomains": [],
            "apis": {},
            "sites": 2,
            "prevalence": 0.0000152,
            "cnames": [],
            "responseHashes": [
                "a6ee0e555133b40749fd242b0f867e931e71baf878e8a8a32e8226b38402fad5"
            ],
            "type": "XHR",
            "exampleSites": [
                "twugi.com",
                "www.twugi.com"
            ]
        }
    ],
    "categories": [],
    "performance": {},
    "cookies": 0.00051,
    "types": {
        "XHR": 80
    }
}