{
    "domain": "mmtro.com",
    "owner": {
        "name": "1000mercis",
        "displayName": "1000mercis"
    },
    "source": [
        "DuckDuckGo-US"
    ],
    "prevalence": 0.0000764,
    "sites": 11,
    "subdomains": [
        "seg",
        "cdn"
    ],
    "cnames": [],
    "fingerprinting": 1,
    "resources": [
        {
            "rule": "mmtro\\.com\\/tro\\.js",
            "cookies": 0.0000486,
            "fingerprinting": 1,
            "subdomains": [],
            "apis": {
                "Document.cookie getter": 6,
                "Date.prototype.getTime": 7,
                "Document.cookie setter": 6
            },
            "sites": 7,
            "prevalence": 0.0000486,
            "cnames": [],
            "responseHashes": [
                "4c17da0cfd01f1ea0be23308f711c298a987f7e3df7cc5b784225052127ffff0",
                "bf1edbd175f639290dd785e25541b6d866deeb18337f81fc5140394da148d133",
                "4aae394bd170c575561ac94059441ad8c8ff5846366b1637aeca2b5a883f4bb4",
                "e463c7ea29235af7e59435927c1582a56c0334a166f9057193460222e7a4808c",
                "b20b273e001d15b6a94bf9b9e74d9dc64d25aaa4d214072794b939655ca13e3f",
                "16802c645cb01adc06e47965aab3287c1d3da9a88760242ad1bef004a208a482"
            ],
            "type": "Script",
            "firstPartyCookies": {
                "__trossion": {
                    "ttl": 34124403,
                    "length": 82,
                    "prevalence": 0.00004167390171904845,
                    "uniqueness": 1
                },
                "__troRUID": {
                    "ttl": 34124403,
                    "length": 36,
                    "prevalence": 0.00004167390171904845,
                    "uniqueness": 1
                }
            },
            "firstPartyCookiesSent": {},
            "exampleSites": [
                "lacentrale.fr",
                "www.decathlon.com",
                "www.lacoste.com",
                "www.lesfurets.com",
                "www.palaisdesthes.com",
                "www.qobuz.com",
                "www.stadiumgoods.com"
            ]
        },
        {
            "rule": "mmtro\\.com\\/p",
            "cookies": 0.0000556,
            "fingerprinting": 0,
            "subdomains": [],
            "apis": {},
            "sites": 8,
            "prevalence": 0.0000556,
            "cnames": [],
            "responseHashes": [
                "e3b0c44298fc1c149afbf4c8996fb92427ae41e4649b934ca495991b7852b855"
            ],
            "type": "Image",
            "firstPartyCookies": {},
            "firstPartyCookiesSent": {
                "__uzmbj2": 0.000006945650286508075,
                "__uzmdj2": 0.000006945650286508075,
                "__troRUID": 0.00004861955200555652,
                "dy_fs_page": 0.00001389130057301615,
                "cookies.js": 0.000006945650286508075
            },
            "exampleSites": [
                "lacentrale.fr",
                "pros.lacentrale.fr",
                "www.decathlon.com",
                "www.lacoste.com",
                "www.lesfurets.com",
                "www.palaisdesthes.com",
                "www.qobuz.com",
                "www.stadiumgoods.com"
            ]
        },
        {
            "rule": "mmtro\\.com\\/s",
            "cookies": 0.0000486,
            "fingerprinting": 0,
            "subdomains": [
                "seg"
            ],
            "apis": {},
            "sites": 7,
            "prevalence": 0.0000486,
            "cnames": [],
            "responseHashes": [
                "e3b0c44298fc1c149afbf4c8996fb92427ae41e4649b934ca495991b7852b855"
            ],
            "type": "Image",
            "firstPartyCookies": {},
            "firstPartyCookiesSent": {
                "__troRUID": 0.00003472825143254037
            },
            "exampleSites": [
                "lacentrale.fr",
                "pros.lacentrale.fr",
                "www.decathlon.com",
                "www.lesfurets.com",
                "www.palaisdesthes.com",
                "www.qobuz.com",
                "www.stadiumgoods.com"
            ]
        },
        {
            "rule": "mmtro\\.com\\/seg\\/6574117\\.js",
            "cookies": 0.00000695,
            "fingerprinting": 1,
            "subdomains": [
                "cdn"
            ],
            "apis": {
                "Document.cookie getter": 2,
                "Document.cookie setter": 1
            },
            "sites": 2,
            "prevalence": 0.0000139,
            "cnames": [],
            "responseHashes": [
                "4fa7ec3afc23c41a03ba3ff67f1aadf85e779d1663276d1e1044cc73e81f6d23"
            ],
            "type": "Script",
            "firstPartyCookies": {
                "__troSYNC": {
                    "ttl": 86419,
                    "length": 1,
                    "prevalence": 0.000006945650286508075,
                    "uniqueness": 1
                }
            },
            "firstPartyCookiesSent": {},
            "exampleSites": [
                "decathlon.com",
                "www.decathlon.com"
            ]
        },
        {
            "rule": "mmtro\\.com\\/cse\\/liveramp",
            "cookies": 0.0000347,
            "fingerprinting": 0,
            "subdomains": [],
            "apis": {},
            "sites": 5,
            "prevalence": 0.0000347,
            "cnames": [],
            "responseHashes": [
                "ef1955ae757c8b966c83248350331bd3a30f658ced11f387f8ebf05ab3368629"
            ],
            "type": "Image",
            "firstPartyCookies": {},
            "firstPartyCookiesSent": {},
            "exampleSites": [
                "decathlon.com",
                "www.lesfurets.com",
                "www.palaisdesthes.com",
                "www.qobuz.com",
                "www.stadiumgoods.com"
            ]
        },
        {
            "rule": "mmtro\\.com\\/cse\\/sirdata",
            "cookies": 0.0000347,
            "fingerprinting": 0,
            "subdomains": [],
            "apis": {},
            "sites": 5,
            "prevalence": 0.0000347,
            "cnames": [],
            "responseHashes": [
                "ef1955ae757c8b966c83248350331bd3a30f658ced11f387f8ebf05ab3368629"
            ],
            "type": "Image",
            "firstPartyCookies": {},
            "firstPartyCookiesSent": {},
            "exampleSites": [
                "decathlon.com",
                "www.lesfurets.com",
                "www.palaisdesthes.com",
                "www.qobuz.com",
                "www.stadiumgoods.com"
            ]
        },
        {
            "rule": "mmtro\\.com\\/cse\\/amazon",
            "cookies": 0.0000417,
            "fingerprinting": 0,
            "subdomains": [],
            "apis": {},
            "sites": 6,
            "prevalence": 0.0000417,
            "cnames": [],
            "responseHashes": [
                "c21e2c1246fe45a6750ae6208db2b5965ff6ed63eb80d2ecec3be9c83813428e"
            ],
            "type": "Image",
            "firstPartyCookies": {},
            "firstPartyCookiesSent": {},
            "exampleSites": [
                "decathlon.com",
                "www.decathlon.com",
                "www.lesfurets.com",
                "www.palaisdesthes.com",
                "www.qobuz.com",
                "www.stadiumgoods.com"
            ]
        },
        {
            "rule": "mmtro\\.com\\/seg\\/6576016\\.js",
            "cookies": 0.0000139,
            "fingerprinting": 1,
            "subdomains": [
                "cdn"
            ],
            "apis": {
                "Document.cookie getter": 2,
                "Document.cookie setter": 2
            },
            "sites": 2,
            "prevalence": 0.0000139,
            "cnames": [],
            "responseHashes": [
                "7feaa44912ed328ac284e357301477bf33253338c9d4f669deff1ed417bb5972"
            ],