{
    "domain": "mthsense.com",
    "owner": {},
    "source": [
        "DuckDuckGo-US"
    ],
    "prevalence": 0.000634,
    "sites": 83,
    "subdomains": [
        "ads3"
    ],
    "cnames": [],
    "fingerprinting": 0,
    "resources": [
        {
            "rule": "mthsense\\.com\\/RenderAd\\.aspx",
            "cookies": 0.000413,
            "fingerprinting": 0,
            "subdomains": [
                "ads3"
            ],
            "apis": {},
            "sites": 56,
            "prevalence": 0.000428,
            "cnames": [],
            "responseHashes": [
                "0d5c5cd4f8473f55d3e39a4e6e724b22bf679c2a571638c20ca97340c59903d6",
                "fa4dd57154cfa188d1f127b4f430bed6e0716d1a4a9fe2179696571da82648ab",
                "49362731113bba80d3d7362dd95190f6fa09c8a5bc1d8743e281b5103569e2ed",
                "3a8991893145205c3f4a710e40d2f3c32d765976517d23c54f6eeed4ccb54367",
                "41cffcf81a6dacd440224ca545182a5d06af326c222126b35ac685dca9061edf",
                "494004476e0c4332c5fcb48372970cc2e4d28c6f9f86cdd6ffe187f98c9737da",
                "d757c68311199fcc8d12b4987355d5f4275004be297d75aec99804e80be181f9",
                "c163214f4c86ab5668463387d1a029fb337743defa2530f576b4167919892c34",
                "8e6112b9a04a9e0c401ed3cfb8da72aa9d6a152c9005a1886a78793e5716fba1",
                "0ffa7ad8cca5d15206c1d66c5f7a5127fd7389bca352d95ed2a75194d1bbb8a6",
                "be1045fd9e1849a5ecaca323dec7cd7b2e19d11f4c7c7f03e22f755e5063a6cd",
                "db478a67d46c3ba63893a8feb7d657362f929e4d7518bd10a2c966b5b818c85a",
                "6855921c2042507fa228ecbd070555945b6566327ef18de9a2ab892ac89f2ed6",
                "21654647898ebd0615bf3fe3a3a4f1892adf8089a0529e41d6930b253e4e274c",
                "a4688e626620289addac860543da938ab74c1ad554242f3883cf489ce0e6717e",
                "8a29071ee6b81fb25f8550adb2ad96ba4e11afa1236078baece2739362378bb5",
                "ca6e08c32a5b0564754d7bc606e3e25821693a585301bf9af4e1eea28a81ca64",
                "5c1f47b4de718e8319eb1738605a105f67bd9438f40e4211ef8fa60d4b8cc0e1",
                "d205cdced63969b3b924a42f13e0b0d1b44d2d910e2be48f6d423d95d3a37390",
                "e64d65b9425dedcd20e8660304923fdae5bce17530b73beabe7fd0d381c90efd",
                "c526c55e8979597a848df22b496a4abfb7adaaab14611df02adbacee63d9b7a1",
                "be113a17b91c7cedf254ba097d2ebe98eb05cad458fb1d4aa0384525b5f6ab0c",
                "75765f4ec1b304dd733d59c3aed07c57fbebf64d5308288c21b0ea0bf41abd18",
                "181f027c88cda74d1add2346a16cff9c6820dee5c42f311ce0009749c61b9b0d",
                "c4a279b1f593c1f96fb866bf42d3f5ca4b8d40a0872e55753aa1bbacc98ff530",
                "cc1ae9323a758e24b16f781539008ae626bbb4c7c7aa1da5e524e75d44d3a54e",
                "599dde554b9dd7aa9095947b26c21417d941d306835f3c3dc9a3c90531f3e7b8",
                "2e2c1cefec53fda1dbd95b9393eb0bc785ddcf57d5fe2cbd4dddc67b5b95fd0f",
                "9034593bd045cca2b3f4d5c66f4ffe6722834893af5581334aae36c088f992ea",
                "03ee10694b3d064cfee57c986e50ed2b3b85ec38b56cdd6a9984679b30cb667f",
                "b0737a35839a403d833d924251512a1f4eaed1f29c03eaef0b8017bb1368e8d5",
                "ec8310346e60ccb9f1d98123e9a687724da72d70e4827421a18542eb1a56d67a",
                "bc1ee28e1b5c27b4e0518a9cd2fa9fde49b34d1af45edf6876adedab8b4ca20c",
                "9e964422b634180fd58751c0b58c34df988426d6c76f4d8aa05958796224deaf",
                "9b88ebef8f0880934d059bda076219e7d22a09b947c70b2b6414b83016c43ff8",
                "e83d564da6d511f78b3ad503e73c3c485f1fb191d581bcb19f30ca103a03b1ef",
                "74cadee1f778c0e28603635db77fe2622aad59a4abd51d6a0df8b804061c5200",
                "1f1e5227899c75745eb6229ceb71526cf58a80212992028f715830410e83531e",
                "35a13167a5c544c31ece68f4ee033cf74bf75b6cfebacbe5fe6f221fd385a4df",
                "7b9b30f498a993a644cec7d73ac43a8a1b6f7a51cc22e71ed4c37423e9b7329c",
                "e67d6158d2f196eb33c3356f3629f82de8282f0d2e9aa7beb98ac1ac1f9f5d03",
                "3636d57b599f0c8e717e8d6b991391e0884ae1c45ac2baf00624013d493e998c",
                "bb46e735e6cdb8eadfd687314922b098af77a6ed8cfbe1cb0981efd98b50864b",
                "efd41d7bfed66ea309ad69ea9f3cbaa9231a022dceae63943d7691f784f372a8",
                "f39afa9b1b6db71aedf769de1112e24c4dea7efd7e95a18353062df30b01cc11",
                "fac8070c02993fd8365f80d3c79100e1f2f98e787706dfea30cf3c8acb7f1655",
                "011cbab5cc3b0e3b55df7de88cebda23d4e71cd6114154f6e38ef4aad6a0c979",
                "9e612deb7626f8e67d9eeb6ee1aff80fad5162c69cc79478f31fea5a77b70d78",
                "4e834140e453c9c56d1e0d6b94f20d29310281d09c50911e5fb3c91852c1c87c"
            ],
            "type": "Script",
            "exampleSites": [
                "www.nola.com",
                "www.idahopress.com",
                "www.wktv.com",
                "www.adn.com",
                "www.dinarguru.com",
                "obits.theadvocate.com",
                "www.poynter.org",
                "www.wlfi.com",
                "www.nwherald.com",
                "www.kezi.com",
                "www.wthitv.com",
                "archive.sltrib.com",
                "www.wtva.com",
                "iotwreport.com",
                "www.newspressnow.com",
                "krdo.com",
                "www.larslarson.com",
                "www.bozemandailychronicle.com",
                "www.unionleader.com",
                "www.dollarcollapse.com"
            ]
        }
    ],
    "categories": [],
    "performance": {
        "time": 1,
        "size": 1,
        "cpu": 0,
        "cache": 3
    },
    "cookies": 0.000626,
    "types": {
        "Script": 56
    }
}