{
    "domain": "mthsense.com",
    "owner": {},
    "source": [
        "DuckDuckGo-US"
    ],
    "prevalence": 0.000867,
    "sites": 114,
    "subdomains": [
        "ads3"
    ],
    "cnames": [],
    "fingerprinting": 0,
    "resources": [
        {
            "rule": "mthsense\\.com\\/RenderAd\\.aspx",
            "cookies": 0.000548,
            "fingerprinting": 0,
            "subdomains": [
                "ads3"
            ],
            "apis": {},
            "sites": 75,
            "prevalence": 0.00057,
            "cnames": [],
            "responseHashes": [
                "16470a78f93c202a00e916c9fcfcaf0ccb1d0802967784d5989e32570611dca9",
                "49362731113bba80d3d7362dd95190f6fa09c8a5bc1d8743e281b5103569e2ed",
                "c2e27339e1759607e491aae1c821ecb0a2b8be37013750392e7ea2a272aeee0c",
                "4b4aebb043f80ba6f6d2950880071f9bd12cb0fb77484a3f98fe8a442faef429",
                "494004476e0c4332c5fcb48372970cc2e4d28c6f9f86cdd6ffe187f98c9737da",
                "b3841e62ccbb3c840a9f72030366111e3ee70a07390b8893880983defc2b498f",
                "46a7e4d265ae80efb9c30425522f97f153a0022980b898d98e78003643cef571",
                "2572a49e7e7a5660c4ad6c689de70be733829224ba09010f7ea52864559963b0",
                "c99b8aa3fe4378de346a315c245adc7526c84beae3894281fb2921c38273f861",
                "c163214f4c86ab5668463387d1a029fb337743defa2530f576b4167919892c34",
                "8e6112b9a04a9e0c401ed3cfb8da72aa9d6a152c9005a1886a78793e5716fba1",
                "0ffa7ad8cca5d15206c1d66c5f7a5127fd7389bca352d95ed2a75194d1bbb8a6",
                "42cc9409fe88ae95373bb6f79d6df40ce95b633e1f4a14981386aeceae2318bf",
                "be1045fd9e1849a5ecaca323dec7cd7b2e19d11f4c7c7f03e22f755e5063a6cd",
                "6a20f49797930a4382fa6bee1a4138e868039848270b4f1f97c6c73cbbf184ac",
                "060f7510d9cb9fc690c32a25c356c01a06ae3d0edb5d0802e40d806f3027c4eb",
                "4b11ac72f346a6f75b6371cf2fc99223e28b604a16312bd37250049933701a32",
                "5b389751dd59fc1d4554737b83d9b225ca5c0b88477564d4da737569f1502da2",
                "bd0751dfedccccf107dc1e36795980e6da3dd136ab924b583e6fae8b60fbf214",
                "3952d0e12c5da28bca4d7aab9a47e9e472f0bb40dee5657d72a893db41e4a3ae",
                "fbc8d4aca581ce69a195e0c292c3ce2cc60890a9e904c5011288bf7a93b70396",
                "25e115df0bcff2a39c0d96ce98cac4b6e2af19fe7c7e234e7eb3692301db2a21",
                "5544388a25dfb6e92e4ac5b157c9e2c4cafa189868b64fffd00941cd2ef98898",
                "91749b2b846ce291e31b09cde3972db133d8de89d58fb3723ea44ea43ca0f9d9",
                "5b3730fcf77a6e8590436d7ec8e33886591dac0acbd9214c1d64c35f549ac77f",
                "5c4b87318aa2ddd9e0658815b4246f36abdf64a85f16e813c1e00c2a52470430",
                "4561ce8242ce41a3bd140803fab96569b08e733f9b3488aa21042f5fc0a6a33c",
                "197d858d5b556048de9a0155c7c1100110357d61f1f8aa2215c0e6b41e726559",
                "03ee10694b3d064cfee57c986e50ed2b3b85ec38b56cdd6a9984679b30cb667f",
                "e64d65b9425dedcd20e8660304923fdae5bce17530b73beabe7fd0d381c90efd",
                "6f025fd6afe1479db06d90ba5e92c62c4d416a96edff68e00a1f2553606f138f",
                "4607ac4fae32be83b9a44b6ec331be60ee7ed66047d22abe0c09297e0d2c1708",
                "da3146615e4de08dfac2f5302aa22cb55125790f35a545bf98ddd22e28faac25",
                "6e1c31aeb0ab4fc384c8745db700bb9a3346871eb3e330aa830c46b1a98f6c8e",
                "181f027c88cda74d1add2346a16cff9c6820dee5c42f311ce0009749c61b9b0d",
                "04710543d2317264c543ca0056405f0803a1d28c99c520ddcc18b61e8692c6a1",
                "f4d581d6a3c419e166035e198f336c40ed2094c591f9be3cd9b941e68e12b0fd",
                "2e2c1cefec53fda1dbd95b9393eb0bc785ddcf57d5fe2cbd4dddc67b5b95fd0f",
                "9034593bd045cca2b3f4d5c66f4ffe6722834893af5581334aae36c088f992ea",
                "a8e3b704c90a791156b910f5977b7fedd62ad9054206782778ae74cc15a3af25",
                "861f6ce6968ba6106bb450a5c76bb0f72c51e2322b2f07415b99c518aaa65d94",
                "3a1a391d057ad29978476be2416b1cf5ab0eec588f3a0c218ee4778ae822e672",
                "cb40d7157f9c69725b7ebb759048fdaa576bcabf11a2ea08391c83959ca9f56d",
                "b0737a35839a403d833d924251512a1f4eaed1f29c03eaef0b8017bb1368e8d5",
                "3c3a7b5d6f655428a03da8d6b4c7be942962b4c7df04b7abdbdda2b823af6ef1",
                "ec8310346e60ccb9f1d98123e9a687724da72d70e4827421a18542eb1a56d67a",
                "4701307fe4b1512b7b94fc298f312b4f5c7b18b80da3cc3d87ae183d50de880e",
                "1739fb01d1fb5515f49e16ac309c69eca3e4a96653f9dd7d39a0ca79a5a7acc7",
                "cfdaf0863d969e5d29498fb0678799280e28e622db821a20051d1df7628317da",
                "8f3e3503fa11c8611a3db46d16982eb2ee9c836607b100716a28b74e908967b1",
                "74cadee1f778c0e28603635db77fe2622aad59a4abd51d6a0df8b804061c5200",
                "1331af06ae0140a90131b8bb9f101f1f99b212dbf9500b1fea6d69222f892eb2",
                "fafa8d429406447fef33c160c3216c4822e2f7fa1ee2998bb863335ce8f460f0",
                "e67d6158d2f196eb33c3356f3629f82de8282f0d2e9aa7beb98ac1ac1f9f5d03",
                "ab1d708eae3ae9d6db748db4a9a7000047355316a287858c31daa6a1067d6c72",
                "bb46e735e6cdb8eadfd687314922b098af77a6ed8cfbe1cb0981efd98b50864b",
                "b6704c2e19b3102271ddfaa9daae923ade5c63f57dc35f2a648af3a4f8ba68f4",
                "f39afa9b1b6db71aedf769de1112e24c4dea7efd7e95a18353062df30b01cc11",
                "29af64d9e05831fb1f801067a405e16c68707b795e29c462190f8f2734f957c9",
                "97ad86b3b666866d6e0090fa7e77a699be1adbb24ba0472ed41438496ef3efbe",
                "3c82f7c5c01add17377dcccb739d049b4f22fbdbdb5cf068b23b40ffe0a6cc10",
                "c4e399f4b869aeb13fdc2ef813c9996fca3caf90b1384b99a3fd4963befd1cc2",
                "9e612deb7626f8e67d9eeb6ee1aff80fad5162c69cc79478f31fea5a77b70d78",
                "1c5019b35e8174762cc2a3a77ac6fecfbee8b118eadf703bbe1115db3edf8c4d",
                "df5a8dd55eddf8796b2f762a6bc2a42ffe967c68ce5613c277fdba9bd9076f32"
            ],
            "type": "Script",
            "exampleSites": [
                "www.brainerddispatch.com",
                "www.hjnews.com",
                "localnews8.com",
                "www.kxly.com",
                "www.channel3000.com",
                "www.inforum.com",
                "www.newson6.com",
                "www.waaytv.com",
                "www.postregister.com",
                "gazette.com",
                "www.actionnewsnow.com",
                "www.outtherecolorado.com",
                "kvoa.com",
                "archive.triblive.com",
                "www.insidenova.com",
                "www.nola.com",
                "kvia.com",
                "www.dinarguru.com",
                "waow.com",
                "www.yaktrinews.com"
            ]
        }
    ],
    "categories": [],
    "performance": {
        "time": 1,
        "size": 1,
        "cpu": 0,
        "cache": 3
    },
    "cookies": 0.000867,
    "types": {
        "Script": 75
    }
}