{
    "domain": "mxradon.com",
    "owner": {},
    "source": [
        "DuckDuckGo-US"
    ],
    "prevalence": 0.000048,
    "sites": 7,
    "subdomains": [
        "web",
        "web-in21"
    ],
    "cnames": [],
    "fingerprinting": 1,
    "resources": [
        {
            "rule": "mxradon\\.com\\/t\\/Tracker\\.js",
            "cookies": 0.0000206,
            "fingerprinting": 1,
            "subdomains": [
                "web",
                "web-in21"
            ],
            "apis": {
                "Document.cookie setter": 3,
                "Document.cookie getter": 3,
                "Date.prototype.getTime": 2
            },
            "sites": 6,
            "prevalence": 0.0000411,
            "cnames": [],
            "responseHashes": [
                "cbde479c10d012a88da713f2db63f49216655d7f57529df6ac1dae293625f513"
            ],
            "type": "Script",
            "firstPartyCookies": {},
            "firstPartyCookiesSent": {},
            "exampleSites": [
                "quantinsti.com",
                "blog.quantinsti.com",
                "www.embibe.com",
                "www.jigsawacademy.com",
                "www.mygreatlearning.com",
                "www.topperlearning.com"
            ]
        },
        {
            "rule": "mxradon\\.com\\/t\\/WebTracker\\.aspx",
            "cookies": 0.0000411,
            "fingerprinting": 1,
            "subdomains": [
                "web",
                "web-in21"
            ],
            "apis": {
                "Document.cookie setter": 3
            },
            "sites": 6,
            "prevalence": 0.0000411,
            "cnames": [],
            "responseHashes": [
                "e15ee6f4636ee454d18d1f5f1d63061c2ae789d09896305795b7b7f80526c12a",
                "14fc2c5580e94b332648ce850988bc36775208d36216e3b143a70922f4b3c471",
                "5ae1309d7a6c66470cbdc716296a54cc28de6046eeef3ec49c5144dea3809c85",
                "756d54f29adfb74aa01e4fb5d423859882047bb19d1a8012416580d8d02425e0",
                "4d8d7d9f3e04b0eadb4c65ba89c112b1ab3bc67d597a02eb2b920b1309a549e8"
            ],
            "type": "Script",
            "firstPartyCookies": {
                "ORG13692": {
                    "ttl": 63072004,
                    "length": 36,
                    "prevalence": 0.000006852929284622712,
                    "uniqueness": 1
                },
                "ORG18012": {
                    "ttl": 63072004,
                    "length": 36,
                    "prevalence": 0.000006852929284622712,
                    "uniqueness": 1
                },
                "ORG8389": {
                    "ttl": 63072026,
                    "length": 36,
                    "prevalence": 0.000006852929284622712,
                    "uniqueness": 1
                }
            },
            "firstPartyCookiesSent": {},
            "exampleSites": [
                "quantinsti.com",
                "blog.quantinsti.com",
                "www.embibe.com",
                "www.jigsawacademy.com",
                "www.mygreatlearning.com",
                "www.topperlearning.com"
            ]
        },
        {
            "rule": "mxradon\\.com\\/t\\/LeadSquaredWidget\\.aspx",
            "cookies": 0.0000137,
            "fingerprinting": 0,
            "subdomains": [
                "web",
                "web-in21"
            ],
            "apis": {},
            "sites": 2,
            "prevalence": 0.0000137,
            "cnames": [],
            "responseHashes": [
                "e3b0c44298fc1c149afbf4c8996fb92427ae41e4649b934ca495991b7852b855"
            ],
            "type": "Script",
            "firstPartyCookies": {},
            "firstPartyCookiesSent": {},
            "exampleSites": [
                "mygreatlearning.com",
                "www.topperlearning.com"
            ]
        }
    ],
    "categories": [],
    "performance": {},
    "cookies": 0.000048,
    "types": {
        "Script": 14
    },
    "nameservers": [
        "ns-1064.awsdns-05.org",
        "ns-1788.awsdns-31.co.uk",
        "ns-425.awsdns-53.com",
        "ns-774.awsdns-32.net"
    ]
}