{
    "domain": "navistechnologies.info",
    "owner": {
        "name": "Buehner-Fry, Inc.",
        "displayName": "Buehner-Fry"
    },
    "source": [
        "DuckDuckGo-US"
    ],
    "prevalence": 0.0000902,
    "sites": 13,
    "subdomains": [
        "www"
    ],
    "cnames": [],
    "fingerprinting": 1,
    "resources": [
        {
            "rule": "navistechnologies\\.info\\/JavascriptPhoneNumber\\/js\\.aspx",
            "cookies": 0.0000624,
            "fingerprinting": 1,
            "subdomains": [
                "www"
            ],
            "apis": {
                "Document.cookie getter": 7
            },
            "sites": 9,
            "prevalence": 0.0000624,
            "cnames": [],
            "responseHashes": [
                "e0bb5ff63a7fe081fb83d081f4bc6e404ed333f0eefe9a954d3d5d169fce4075",
                "5da27c170332fc140f6307eb2486a11df7052d32ad594c04b719239e4d2af153",
                "809ce548e379243f35cc272d20efa330d74dc3ac3e2b38def75dabc001b8364a",
                "a3566f816bc56e3a10428994cfc560654bc055c5e9c5214963472072ad685594",
                "83ad667ad9db87a89da65325e22beff2de0dd034f5b87b05beab6aa1bfeadf87",
                "3e0622b554a6af3567b0a971e5bb887243bdd1819d16f926b2a593164a98ec42",
                "b324c234bacbaf06ad3d2af45c1e5782bee0b91d1e61d74e44c81bf47a2f2f6e",
                "8d56236866976bce94c17bd123e3254079fa16b10281b6665334099e4facbdea"
            ],
            "type": "Script",
            "firstPartyCookies": {},
            "firstPartyCookiesSent": {},
            "exampleSites": [
                "aubergeresorts.com",
                "bigcedar.com",
                "oglebay.com",
                "wispresort.com",
                "www.callawaygardens.com",
                "www.destinationhotels.com",
                "www.hersheypark.com",
                "www.sugarloaf.com",
                "www.sundayriver.com"
            ]
        }
    ],
    "categories": [],
    "performance": {
        "time": 0,
        "size": 0,
        "cpu": 0,
        "cache": 0
    },
    "cookies": 0.0000902,
    "types": {
        "Script": 9
    },
    "nameservers": [
        "ns-1990.awsdns-56.co.uk",
        "ns-762.awsdns-31.net",
        "ns-117.awsdns-14.com",
        "ns-1306.awsdns-35.org"
    ]
}