{
    "domain": "news02.biz",
    "owner": {},
    "source": [
        "DuckDuckGo-US"
    ],
    "prevalence": 0.0000535,
    "sites": 7,
    "subdomains": [],
    "cnames": [],
    "fingerprinting": 1,
    "resources": [
        {
            "rule": "news02\\.biz\\/",
            "cookies": 0.0000382,
            "fingerprinting": 1,
            "subdomains": [],
            "apis": {
                "Notification.permission": 5
            },
            "sites": 5,
            "prevalence": 0.0000382,
            "cnames": [],
            "responseHashes": [
                "dd513e251c227846d69fb03456d416644c49fd21aa93c92a74d54612885b3d93",
                "34c31579cc1b1807bae86a122d58e0fdf8d31a5cf06b1ccd050ea9e250533ff5",
                "7e8cb88804789096301c0bceed3cd355f4073188175e37489d45975dcd9894e7",
                "73c037b0fc94e59635b756b043c9c2a5113bf7e31ebabc11cab2c1a2163c30d4"
            ],
            "type": "Script",
            "exampleSites": [
                "phhsnews.com",
                "ero-torrent.net",
                "sextorrent.net",
                "tubetorrent.net",
                "xxxtorrent.net"
            ]
        }
    ],
    "categories": [],
    "performance": {},
    "cookies": 0.0000535,
    "types": {
        "Script": 5
    }
}