{
    "domain": "newscorpaustralia.com",
    "owner": {
        "name": "News Limited",
        "displayName": "News"
    },
    "source": [
        "DuckDuckGo-US"
    ],
    "prevalence": 0.000182,
    "sites": 24,
    "subdomains": [
        "login"
    ],
    "cnames": [],
    "fingerprinting": 0,
    "resources": [
        {
            "rule": "newscorpaustralia\\.com\\/authorize",
            "cookies": 0.0000911,
            "fingerprinting": 0,
            "subdomains": [
                "login"
            ],
            "apis": {},
            "sites": 12,
            "prevalence": 0.0000911,
            "cnames": [],
            "responseHashes": [
                "8be4e0fc745b924118a11e5473406fc7b1a2fc528f0f6d579b4333c85facff50",
                "a0bde7178e3a92e9681ec3da98530f65780006abd42c08b70af04e1659c1ba08",
                "ac824958b7c9a4b9699868b4a7f9a52b32a9dde4923ec7dc6f08b2bbfee0c3e5",
                "830c930f5b06f36953e5de7e881cb102da831ca4e40facbedcf6467fff4242c7",
                "5087279cd1cb789724971b9ca32e9ea82b4df18fb519031aec126e8b8573b2ee",
                "f11ea12350d453382b5305b043416036f25209d8650d281bc0f290092bf81754",
                "1669067c75e7bad1f8f5085e2c4b09456820408483b7904edbddc382dede0516",
                "9303a946a3e79093771f502878c21cdd5f312238832d59535a4b09d964856b6b",
                "786ddd0d253a97d6b20764f484ed078522b0234fbfaaecb92bb1b3cf8926ef5b",
                "4670561795d27f7cb2c38180e264675b48c41315702d0f5d7d08ec6363d6af5a"
            ]
        },
        {
            "rule": "newscorpaustralia\\.com\\/static\\/3a8381fef7dti17658da0b7a0f0099bcb",
            "cookies": 0.0000911,
            "fingerprinting": 0,
            "subdomains": [
                "login"
            ],
            "apis": {},
            "sites": 13,
            "prevalence": 0.0000987,
            "cnames": [],
            "responseHashes": [
                "e3b0c44298fc1c149afbf4c8996fb92427ae41e4649b934ca495991b7852b855"
            ]
        },
        {
            "rule": "newscorpaustralia\\.com\\/authorize",
            "cookies": 0.0000152,
            "fingerprinting": 0,
            "subdomains": [
                "login"
            ],
            "apis": {},
            "sites": 2,
            "prevalence": 0.0000152,
            "cnames": [],
            "responseHashes": []
        }
    ],
    "categories": [],
    "performance": {
        "time": 0,
        "size": 0,
        "cpu": 0,
        "cache": 0
    },
    "cookies": 0.000182,
    "types": {
        "Document": 12,
        "Script": 13,
        "Other": 2
    }
}