{
    "domain": "newsmaxwidget.com",
    "owner": {},
    "source": [
        "DuckDuckGo-US"
    ],
    "prevalence": 0.00063,
    "sites": 83,
    "subdomains": [
        "assets",
        "trends"
    ],
    "cnames": [],
    "fingerprinting": 1,
    "resources": [
        {
            "rule": "newsmaxwidget\\.com\\/master\\/delivery\\.js",
            "cookies": 0,
            "fingerprinting": 1,
            "subdomains": [
                "assets"
            ],
            "apis": {
                "Navigator.prototype.userAgent": 56
            },
            "sites": 58,
            "prevalence": 0.00044,
            "cnames": [],
            "responseHashes": [
                "3e91e6f3e0553c24b66fe79a939425d2c51538ca44060be46deb1416f7c0c5ec",
                "fd594ce14f274c2bdcc8006a2ab60ed85d5556ea19b43e21bed2d050542c7eea"
            ]
        },
        {
            "rule": "newsmaxwidget\\.com\\/api\\/demand\\/",
            "cookies": 0.00038,
            "fingerprinting": 0,
            "subdomains": [
                "trends"
            ],
            "apis": {},
            "sites": 61,
            "prevalence": 0.000463,
            "cnames": [],
            "responseHashes": [
                "ee061427ee48ec54fc8e275c037ae08bdb62104de709474d61725603570e8dc6",
                "6f4e3dc3a2cc73ba89cb2dae7290e6d91de9e9b846420fad03586b49bf60011e",
                "0bb2b5429fcbb1fdfc516059685e960b997661061ddeab75d29c4ad2516187c0",
                "e743c3b86a51eb237920548893dc39a6cd4427c18a7eb735476090e8fd857c6a",
                "49040c56d2744acba4b75c82411670635ca473cdd5c48eb254cc7b4c5a65e493",
                "20c22d53a97218c29a4125726dfcf2ddb6557728cd5e080ddf8811d1f762994b",
                "9b771dc3e716b2912caf6d05b5726878c82d8ec240664a340902b5bd90faa074",
                "9d1c18d766c92c3c041d2f6c34780bc0f18f33eeeed1ec8dc46751d99a0f9df3",
                "13523b16b0135d4f5e43754b630cbd64d4508e70d4010ff8ec8820c6e878901c",
                "026b8affccc8143551dce7472d18ed71195099b7c38f9f6e15f611f37b273d6e",
                "891580f3efdd0a43d534e99716dd366fe97cbf0b920607fe2b73bb4cb512a909",
                "b8f129a83e6c27b58836ff4b6159b97df02911c965e7a894631621a8ec903863",
                "d9c3704dabd95a46857d81d410e28a61b99ae2b88c6c732ac6be609f97a0df34",
                "8883eb425bb02d870da31f22b3c19523da1d25db394f017ed66bf3ecd01d6161",
                "8e9084f6211520f432a276b7bc8c2b09a583858d264933a0486cc50e7ce8640c",
                "830fd63ae559135ed909492c202da71251570aab5e8b552c07eb0dd20b91a0c2",
                "eed1e8237963c1323b9a86001a747a4610f3263f60f6fa54fbb8ab3bcb08e118",
                "95bee15ce943b08347af4ef866965e4179c921236c0c5b59573abc2aa03d04fd",
                "508b3c0ef2c7b308914a4be7ebe094d2a7a502b6a058f8b11e9795d5b2ce13e4",
                "a6387cce71ffec14527adc6d422f0d17e1acf15ec8a713d3775810ee4cb5e910",
                "ee4f6537fa3c5697d5d5351d156745c230a6baa9b415cba8dee76cf3a50cecaf",
                "704edc755862004f54343e409343097c2c473ace24b80743061de000649bb246",
                "89584fbe4e65edd9e16f8fc2a4af357462fddc32542a91cd7bfaaf2542c2c4f6",
                "fe3b04af011f1e837dbf91bd0299842351bf3dbcb3ebcaf65bb91d5b4754ed6e",
                "422dc37ec4c96d15eaafa93620dc14fbc745f89f7ed4aacf2de04a5ea203b464",
                "7438c5941091df7c0ef0147c5c6407739b3e1a3df2b6d89ec0ed19624d0b0cf9",
                "df2eb939c9791227d5831037ca04833321bfbe26dc8038e7e670efabb154eb3b",
                "c81a4abd9ed7e7d8cb6a7460546f79108f2bfb5a464454f21c9b956d7b7f5769",
                "14dcc87c69617f14f408d9a50e0ff467e3cd185f3a2fc85edd72afb890596379",
                "cfb4fa80d083ca63e830af6bd978196d96a9a62cf1c1907c181743af14331e19",
                "10523eaa8f0d130b855947ec70335dbf9514ce424df2ddf919c5d7b068bff676",
                "3e86fdbb84752dbed0c0ca1578a6ee8ea8db9ed55824373dc4ab706d6164671d",
                "57dc3f182ab7c4b5a4ce75815bb8ab447a0d51c4e7a1c75275649c1330350d0f",
                "395b26c1788858462632a29ab77cd61d174164d7c4b331ee9bd46e49495aa581",
                "e3b66b22bf9b4b2908bc35bf41b0e14393386565595d55c89da5f3ef7af3b052",
                "17bc28a65592d9f771fe042d7cb40c9c3d0ecc218042bf3c8703f10c45bf40f5",
                "a7a10476c91550f9ded64648509ad0a748171147208bd013c7b2cce8c64280c8",
                "bc5a19090b9cce5f7acc742b77e160fd255ae406cf84208f4451bfdbf5707573",
                "2e77eee65e6b2ab0d38e396c775082d6d99fe92949229b5ed6aeb569ed8d4045",
                "68716e026705d31636137b549793234328885de23327be1f0d91d760f8e45371",
                "7508f5d8063a2e52f0b5c039aadf82343c529694c17ed3e61d32b2de8609ccfc",
                "7168a4887a6cacc4d5d648a874dcb9a3f9dbda36bccbf815ffd91af9eb080815",
                "19fcfffee83b6d4871d4c9152a5a0b2673ffc8729409bdb4afa0e924c02841b4",
                "a095c258b951d4ee808d1fb8667e8d4c8119ef5ea18d95374b50d8bf550a4461",
                "2e91f79c27aeec55ba3b3d2bf4307e33fdbb976ec6f42c38bb3c2f9eed523b9e",
                "6a1d5b281be78f9084ed9fcc7449d1dc30eb1277c781de33a77042ebdbba13e4",
                "bb560b09e73211419898983fa643b5a1b1af259418001a406a65e6b874cc6325",
                "a906f2031ad310cef8fad60ab981b3e3e51006a800625a9bc9af152241f74e72"
            ]
        },
        {
            "rule": "newsmaxwidget\\.com\\/api\\/delivery\\/",
            "cookies": 0.000448,
            "fingerprinting": 0,
            "subdomains": [
                "trends"
            ],
            "apis": {},
            "sites": 61,
            "prevalence": 0.000463,
            "cnames": [],