{
    "domain": "noterium.com",
    "owner": {},
    "source": [
        "DuckDuckGo-US"
    ],
    "prevalence": 0.000048,
    "sites": 7,
    "subdomains": [
        "gdpr"
    ],
    "cnames": [],
    "fingerprinting": 1,
    "resources": [
        {
            "rule": "noterium\\.com\\/gdpr\\/v1\\.min\\.js",
            "cookies": 0.0000274,
            "fingerprinting": 1,
            "subdomains": [
                "gdpr"
            ],
            "apis": {
                "window.sessionStorage": 4,
                "Date.prototype.getTime": 4,
                "Document.cookie getter": 3,
                "Document.cookie setter": 3
            },
            "sites": 4,
            "prevalence": 0.0000274,
            "cnames": [],
            "responseHashes": [
                "bb64aa61f63fe28e5655d8e37f804a84ac6eaa52786f3d72fb59bbca970f9e1c"
            ],
            "type": "Script",
            "firstPartyCookies": {
                "cookiePrivacyOneN": {
                    "ttl": 2592000,
                    "length": 1,
                    "prevalence": 0.000020558787853868135,
                    "uniqueness": 0.3333333333333333
                },
                "cookiePrivacyTwoN": {
                    "ttl": 2592000,
                    "length": 2,
                    "prevalence": 0.000020558787853868135,
                    "uniqueness": 0.3333333333333333
                },
                "cookiePrivacyThreeN": {
                    "ttl": 2592000,
                    "length": 2,
                    "prevalence": 0.000020558787853868135,
                    "uniqueness": 0.3333333333333333
                },
                "cookiePrivacyFourN": {
                    "ttl": 2592000,
                    "length": 2,
                    "prevalence": 0.000020558787853868135,
                    "uniqueness": 0.3333333333333333
                },
                "cookiePrivacyFiveN": {
                    "ttl": 2592001,
                    "length": 2,
                    "prevalence": 0.000020558787853868135,
                    "uniqueness": 0.3333333333333333
                },
                "cookiePrivacySixN": {
                    "ttl": 2592001,
                    "length": 2,
                    "prevalence": 0.000020558787853868135,
                    "uniqueness": 0.3333333333333333
                }
            },
            "firstPartyCookiesSent": {},
            "exampleSites": [
                "deavita.com",
                "deavita.fr",
                "designmag.fr",
                "freshideen.com"
            ]
        },
        {
            "rule": "noterium\\.com\\/gdpr\\/api\\/v4\\/gdpr_api\\.php",
            "cookies": 0.0000274,
            "fingerprinting": 0,
            "subdomains": [
                "gdpr"
            ],
            "apis": {},
            "sites": 4,
            "prevalence": 0.0000274,
            "cnames": [],
            "responseHashes": [
                "a013f9738e186c5d0c38978d84a09e53edc6f316878829326bd829d06e23fdb8",
                "3901edb0164ec57ce252fd43cca4c96e77598bdfe89d3b273dab86584f0bd502",
                "c9422651bbdf3be2a4c09e04a5ed4e6cc974c33509352a075181ba67717dcd89"
            ],
            "type": "XHR",
            "firstPartyCookies": {},
            "firstPartyCookiesSent": {},
            "exampleSites": [
                "deavita.com",
                "deavita.fr",
                "designmag.fr",
                "freshideen.com"
            ]
        },
        {
            "rule": "noterium\\.com\\/gdpr\\/v4\\/gdpr-popup-style\\.css",
            "cookies": 0,
            "fingerprinting": 0,
            "subdomains": [
                "gdpr"
            ],
            "apis": {},
            "sites": 4,
            "prevalence": 0.0000274,
            "cnames": [],
            "responseHashes": [
                "b4fb4e0cc2ac24f7a472847ef1d76306ce97306a0a288f1a461483eb2af030c2"
            ],
            "type": "Stylesheet",
            "firstPartyCookies": {},
            "firstPartyCookiesSent": {},
            "exampleSites": [
                "deavita.com",
                "deavita.fr",
                "designmag.fr",
                "freshideen.com"
            ]
        }
    ],
    "categories": [],
    "performance": {
        "time": 1,
        "size": 1,
        "cpu": 0,
        "cache": 3
    },
    "cookies": 0.000048,
    "types": {
        "Script": 4,
        "XHR": 4,
        "Stylesheet": 4
    },
    "nameservers": [
        "robin.ns.cloudflare.com",
        "guss.ns.cloudflare.com"
    ]
}