{
    "domain": "nrich.ai",
    "owner": {},
    "source": [
        "DuckDuckGo-US"
    ],
    "prevalence": 0.00867,
    "sites": 1265,
    "subdomains": [
        "dsp",
        "serve",
        "tag",
        "audience"
    ],
    "cnames": [],
    "fingerprinting": 1,
    "resources": [
        {
            "rule": "nrich\\.ai\\/bidswitch\\/sync",
            "cookies": 0.00718,
            "fingerprinting": 0,
            "subdomains": [
                "dsp"
            ],
            "apis": {},
            "sites": 1063,
            "prevalence": 0.00728,
            "cnames": [],
            "responseHashes": [
                "6adc3d4c1056996e4e8b765a62604c78b1f867cceb3b15d0b9bedb7c4857f992",
                "b1442e85b03bdcaf66dc58c7abb98745dd2687d86350be9a298a1d9382ac849b",
                "e3b0c44298fc1c149afbf4c8996fb92427ae41e4649b934ca495991b7852b855",
                "4e0705327480ad2323cb03d9c450ffcae4a98bf3a5382fa0c7882145ed620e49",
                "dcecab1355b5c2b9ecef281322bf265ac5840b4688748586e9632b473a5fe56b",
                "ef1955ae757c8b966c83248350331bd3a30f658ced11f387f8ebf05ab3368629",
                "89fe0ee6020314794fc2cfeacf3d10c31050cfe56f8ebddf1ed0a33fbe941fa7",
                "a065920df8cc4016d67c3a464be90099c9d28ffe7c9e6ee3a18f257efc58cbd7",
                "8f69e10876805b747a3ad08a818d46ac7e731b1af417ea6e259d9b6b7deb65c5"
            ],
            "type": "Image",
            "firstPartyCookies": {},
            "firstPartyCookiesSent": {},
            "exampleSites": [
                "forums.macrumors.com",
                "idioms.thefreedictionary.com",
                "thechive.com",
                "townhall.com",
                "twinfinite.net",
                "www.azlyrics.com",
                "www.cnbc.com",
                "www.discogs.com",
                "www.thesaurus.com",
                "www.tomsguide.com",
                "www.tennisworldusa.org",
                "www.jeeprenegadeforum.com",
                "www.fossmint.com",
                "www.newsletter.co.uk",
                "www.247spades.com",
                "familyguy.fandom.com",
                "animevice.fandom.com",
                "www.accuradio.com",
                "pinetools.com",
                "www.linguee.nl"
            ]
        },
        {
            "rule": "nrich\\.ai\\/bidswitch\\/sync",
            "cookies": 0.000918,
            "fingerprinting": 0,
            "subdomains": [
                "dsp"
            ],
            "apis": {},
            "sites": 138,
            "prevalence": 0.000946,
            "cnames": [],
            "responseHashes": [
                "1866961a029c65376fefb7f2ba1e6187e09ff50ea58d97dedfd72c197947d002",
                "dcecab1355b5c2b9ecef281322bf265ac5840b4688748586e9632b473a5fe56b"
            ],
            "type": "Document",
            "firstPartyCookies": {},
            "firstPartyCookiesSent": {},
            "exampleSites": [
                "www.zerohedge.com",
                "kingdom-come-deliverance.fandom.com",
                "bakerbynature.com",
                "www.parrotforums.com",
                "diariodeavisos.elespanol.com",
                "www.rasmussenreports.com",
                "www.dallasnews.com",
                "spanishsabores.com",
                "kittyclysm.com",
                "www.williamsonhomepage.com",
                "www.smokingmeatforums.com",
                "letterboxd.com",
                "www.unixmen.com",
                "icebreakerideas.com",
                "www.animesonglyrics.com",
                "wgrz.com",
                "houseplans.southernliving.com",
                "makezine.com",
                "blog.discogs.com",
                "www.pbo.co.uk"
            ]
        },
        {
            "rule": "nrich\\.ai\\/tracker\\/assets\\/tracker\\.js",
            "cookies": 0,
            "fingerprinting": 0,
            "subdomains": [
                "serve"
            ],
            "apis": {},
            "sites": 2,
            "prevalence": 0.0000137,
            "cnames": [],
            "responseHashes": [
                "a61baf5138a18e427b8a217aa49ddc20fa7423a14ddc970183e48b3c349f57a5"
            ],
            "type": "Script",
            "firstPartyCookies": {},
            "firstPartyCookiesSent": {},
            "exampleSites": [
                "rockwellautomation.com",
                "www.gehealthcare.com"
            ]
        },
        {
            "rule": "nrich\\.ai\\/learning\\/v1\\/",
            "cookies": 0,
            "fingerprinting": 1,
            "subdomains": [
                "tag"
            ],
            "apis": {
                "Screen.prototype.width": 2,
                "Screen.prototype.height": 2,
                "Date.prototype.getTimezoneOffset": 2
            },
            "sites": 2,
            "prevalence": 0.0000137,
            "cnames": [],
            "responseHashes": [
                "1c8ea8226952fd6183f3753222ac3a0cc4cb74800485d700cc2ce13d21640a40"
            ],
            "type": "Script",
            "firstPartyCookies": {},
            "firstPartyCookiesSent": {},
            "exampleSites": [
                "rockwellautomation.com",
                "www.gehealthcare.com"
            ]
        },
        {
            "rule": "nrich\\.ai\\/audience\\/v1\\/renderRequiredTags",
            "cookies": 0,
            "fingerprinting": 1,
            "subdomains": [
                "audience"
            ],
            "apis": {
                "Document.cookie getter": 2
            },
            "sites": 2,
            "prevalence": 0.0000137,
            "cnames": [],
            "responseHashes": [
                "a08c8a164b956ccb517c499654f0749f9f8a69df5061fe95dc47829719ebe0c9"
            ],
            "type": "Script",
            "firstPartyCookies": {},
            "firstPartyCookiesSent": {},
            "exampleSites": [
                "rockwellautomation.com",
                "www.gehealthcare.com"
            ]
        },
        {
            "rule": "nrich\\.ai\\/learning\\/v1\\/pixel",
            "cookies": 0.0000137,
            "fingerprinting": 0,
            "subdomains": [
                "tag"
            ],
            "apis": {},
            "sites": 2,
            "prevalence": 0.0000137,
            "cnames": [],
            "responseHashes": [
                "8f69e10876805b747a3ad08a818d46ac7e731b1af417ea6e259d9b6b7deb65c5"
            ],
            "type": "Image",
            "firstPartyCookies": {},
            "firstPartyCookiesSent": {
                "page_url": 0.000006852929284622712
            },
            "exampleSites": [
                "rockwellautomation.com",
                "www.gehealthcare.com"
            ]
        },
        {
            "rule": "nrich\\.ai\\/learning\\/v1\\/sync_result",
            "cookies": 0,
            "fingerprinting": 0,
            "subdomains": [
                "tag"
            ],
            "apis": {},
            "sites": 2,
            "prevalence": 0.0000137,
            "cnames": [],
            "responseHashes": [
                "8f69e10876805b747a3ad08a818d46ac7e731b1af417ea6e259d9b6b7deb65c5"
            ],
            "type": "Image",
            "firstPartyCookies": {},
            "firstPartyCookiesSent": {},
            "exampleSites": [
                "rockwellautomation.com",
                "www.gehealthcare.com"
            ]
        },
        {
            "rule": "nrich\\.ai\\/audience\\/v1\\/mas\\/idsSync",
            "cookies": 0,
            "fingerprinting": 0,
            "subdomains": [
                "audience"
            ],
            "apis": {},
            "sites": 2,
            "prevalence": 0.0000137,
            "cnames": [],
            "responseHashes": [
                "6adc3d4c1056996e4e8b765a62604c78b1f867cceb3b15d0b9bedb7c4857f992"
            ],
            "type": "Image",
            "firstPartyCookies": {},