{
    "domain": "nsaudience.pl",
    "owner": {
        "name": "nazwa.pl sp. z o.o.",
        "displayName": "nazwa.pl"
    },
    "source": [
        "DuckDuckGo-US"
    ],
    "prevalence": 0.000585,
    "sites": 77,
    "subdomains": [
        "gdpr.api.dmp",
        "interia.api.dmp",
        "api.spoldzielnia",
        "api.interia",
        "atm.api.dmp",
        "acdc.api.dmp",
        "rmf.api.dmp",
        "mis"
    ],
    "cnames": [],
    "fingerprinting": 1,
    "resources": [
        {
            "rule": "nsaudience\\.pl\\/frontend\\/agreement\\/iab\\.js",
            "cookies": 0.000114,
            "fingerprinting": 1,
            "subdomains": [
                "gdpr.api.dmp"
            ],
            "apis": {
                "Date.prototype.getTime": 9
            },
            "sites": 15,
            "prevalence": 0.000114,
            "cnames": [],
            "responseHashes": [
                "d8b8e7931d3b18d6c6b8c436f6305f1c7b844b5baeccb8fa7c59903900e78ed8",
                "2ad050c786224c08f6abbd02a2f805730cf3490b5ab0a06fd50214ab2e668875",
                "9c99adad48dc6c4c1b38d433f2ce31a9bc9a7469584279487e76bb5f8bf01bee"
            ]
        },
        {
            "rule": "nsaudience\\.pl\\/frontend\\/api\\/bootstrapScript\\.js",
            "cookies": 0.000243,
            "fingerprinting": 1,
            "subdomains": [
                "interia.api.dmp",
                "api.spoldzielnia",
                "api.interia"
            ],
            "apis": {
                "Date.prototype.getTime": 32
            },
            "sites": 34,
            "prevalence": 0.000258,
            "cnames": [],
            "responseHashes": [
                "9787699e421546213efd418a9b518c8e8e8b9b974d33fd7cbcd611024e1167ce",
                "edbbe6dcff91a336c49f64a264a5ca96bbb4665e49d2c781e79749ae2f11b7fe",
                "39f141936e97beeefe4b1bb044cf6a291271391433e96c8b3a64d8739fdc5e66",
                "2f25bfd4e6573f3337c15ca46a6e8399bc08ca997c290ed8867cbc1ebcd5be74",
                "0e47a8148b3ad4422eaf03241cc3e8ecc22fcd5728f0a2ca07aa3dc3bd4f6675",
                "959141ed588c18e1d48ca65cbbe81404600bc001e8e3f4c104f3c88da1dcc334",
                "de57c820ee324eaf2a9bf43a382949529c4bf1252aa9a8d6681e1e15bc7f7daa",
                "fc6db08c75321534dbc50016b6cd93e204a93823a243f26e52dc198710ed1f26",
                "2679ca30805e26d825f81f50722a7e3b436f1d4b9d87bb4f359b52106d6fc737",
                "c31bedb9c2eb530ff022416e6a5935f4f22521cda5871a96ca71ec0d084910d0",
                "60a5fa38453eaa8dcf42f6a1a2410870d92da27d028b0113c816fd339c668e4c",
                "1f0b90e07745b3ee32e348248be77f8282294fec1f67cac47f5721f61cb5f9cd",
                "2ec93f5678c9305b435cffb08b604c69814107da54d7ff60309a3bd579412cb0",
                "5c21ce63d563414bb19acd855629d9effbd2af4eb89ba5fe20ab1103d241bca9",
                "d4f01ffe6d45ae2d160ad4211862c39de96b0058b6ecd389ad2cb7e19835d84d",
                "69f83087e1fab3ad581d9edfdf3b46a302d6be2d6db8c0514beb142dcd5978ac",
                "2bddf84b4eb19f1693b3be0868c1c90cfa8ed20918a45c57151def1363771955",
                "9711b7fb8dfc70ee1e2c2fdb89787d0597ba8292723f20ecd24ea921046b1de6",
                "2d75bfe200ce14300c67ceda66b08792f4df268ff78b11589bbad99b9b43af93",
                "ad645ef0771258139f5e23ee2e0e010941c4ec861ad119597c0566195d3d4652",
                "5e2c4ee4fd354034d403d3092f1dea662797518b4ddffcde27187526bf809a69",
                "b1e529ba140d308a609b3c5697a01596fced70cc22b145ca64d765e495a4098a",
                "7251e8a3a5c925c14d45f153e19863e8c75d574856e455b042584f39f890c307",
                "5a89998689e2a10ad69d7a25f13b784026dc4a444b6f3f5701a23ab248dbedf8",
                "52a4cf484ff2517b57c4b5d77cc48286effeee69fc4a8f16390227ad7562a282",
                "24ca0fae95b1c1db76846da2b63c9915b4f0701440e8a27349342c2eaaafec2e",
                "c8b8b4a80425497b58d86439ce5c3f6bcb501d71c2d1c11e97ad7f1d0aefd553",
                "c0dea0b92163fa6335c4d944b933bb652b0b6b97c44f71e2863bed4822eb0205",
                "b64dd7e58eb969821d8800c778cd173ae49d9ed46cff11833a0fd1e2d15a0654",
                "0b182d830e617a763ba622169a1e822e83763b61576a85376b9b53ae8523fae3",
                "c17c18ce8ece25203eae40da23336311aedd9494fcb1175d4a5eac30d52c244d"
            ]
        },
        {
            "rule": "nsaudience\\.pl\\/frontend\\/api\\/sale\\.api",
            "cookies": 0.000258,
            "fingerprinting": 0,
            "subdomains": [
                "interia.api.dmp",
                "atm.api.dmp",
                "api.spoldzielnia",
                "acdc.api.dmp"
            ],
            "apis": {},
            "sites": 35,
            "prevalence": 0.000266,
            "cnames": [],
            "responseHashes": [
                "de08ea4471f622439163a040297a6c4315341d1f3f2b46cbcf6b08eef8e586d9",
                "2d00fadbeff219f9d19112707f84cb0abaa7947bb988d6311b9d38460aba53d7",
                "93269cee6bccb991ef6d65e3e8766473308c223c5268d60a111e7f88f21e2039",
                "e3b0c44298fc1c149afbf4c8996fb92427ae41e4649b934ca495991b7852b855"
            ]
        },
        {
            "rule": "nsaudience\\.pl\\/frontend\\/api\\/matchMainScript\\.js",
            "cookies": 0.000228,
            "fingerprinting": 1,
            "subdomains": [
                "interia.api.dmp",
                "api.spoldzielnia",
                "api.interia",
                "acdc.api.dmp",
                "rmf.api.dmp"
            ],
            "apis": {
                "Date.prototype.getTime": 38,
                "Navigator.prototype.userAgent": 31,
                "Navigator.prototype.appVersion": 20
            },
            "sites": 40,
            "prevalence": 0.000304,
            "cnames": [],
            "responseHashes": [
                "e2dde62bb0035720b7f3ec0fb9b14271820f4cad68227f944e67e6145ff56615",
                "c837570bf0e850564586907da47aa4ec1d4327eadd497ffd263c8f6828ec463e",
                "0820702e61d55a9d8b5b2f151d6c5ef0fa78fec686d419470bbe1f91330afd32",
                "bd43ae34c94bf59e1ba7ce4aff774bcaf739a0478b2cbb31b0213a3a8ee5ad22",
                "7194ef6032f3e28dd899bf9cc4ac1e9e95a540d982c8ec13716ae344e4cc5d5b",
                "810d9ed23a91b1bafe78e92b315af397b8d43d6e50e0651b3c65dacc2f8c7ede",
                "cdbafaef2035a33b98b0011a1d135a765ace903a04e27ed2c7d8308f752ebe9c",
                "62a0ae6effb5827d6dccb691df9c87ad572aca64a67c33d62a3ed3322b438782",
                "880a787bb4c0106103f98e36d67f4a7923539b03411df319dba5819abe699523",
                "13cbb55bbf70cf1ea9decaee520875bb9e235e2736c450f22890b02626ea19c4",
                "0ee2f7b5dc5a05833ffd5de14f2e98af4df4c9e8180dd7d10c7ae8bd6cf31cb2",
                "866b986dffb5bb9864f5a05f15dc18b316be81d4d341117daacc91a4757f4fb7"
            ]
        },
        {
            "rule": "nsaudience\\.pl\\/",
            "cookies": 0.0000835,
            "fingerprinting": 0,
            "subdomains": [
                "mis"
            ],
            "apis": {},
            "sites": 11,
            "prevalence": 0.0000835,
            "cnames": [],
            "responseHashes": []
        },
        {
            "rule": "nsaudience\\.pl\\/frontend\\/api\\/matchDataReceiver\\.png",
            "cookies": 0.0000759,
            "fingerprinting": 0,
            "subdomains": [
                "api.spoldzielnia"
            ],
            "apis": {},
            "sites": 35,
            "prevalence": 0.000266,
            "cnames": [],
            "responseHashes": [
                "2aa4fa20701cdd6d8d56046069001186b5267e3ee7d0ef618ad2f4a683723e11"
            ]
        },
        {
            "rule": "nsaudience\\.pl\\/frontend\\/api\\/googleIdMapper\\.png",
            "cookies": 0.0000911,
            "fingerprinting": 0,
            "subdomains": [
                "api.spoldzielnia"
            ],
            "apis": {},
            "sites": 35,
            "prevalence": 0.000266,