{
    "domain": "o2u.jp",
    "owner": {},
    "source": [
        "DuckDuckGo-US"
    ],
    "prevalence": 0.000289,
    "sites": 42,
    "subdomains": [
        "a",
        "cdn"
    ],
    "cnames": [],
    "fingerprinting": 1,
    "resources": [
        {
            "rule": "o2u\\.jp\\/",
            "cookies": 0.000193,
            "fingerprinting": 1,
            "subdomains": [
                "a"
            ],
            "apis": {
                "Date.prototype.getTime": 26,
                "Document.cookie setter": 25,
                "Document.cookie getter": 25,
                "Navigator.prototype.userAgent": 26,
                "Navigator.prototype.appVersion": 26
            },
            "sites": 29,
            "prevalence": 0.0002,
            "cnames": [],
            "responseHashes": [
                "6be0502cc0bea7a9e7a847ac5783ff53f76821491862cb4716d6624bf8174750",
                "3894942f2483f6ca44e2f075b3abd334a4764658225005a59fec82ffdfbf0995",
                "c77d4d02430151b33736ec31f43bee7bec9086f10a5399d1009e1fe02a629efa",
                "299244fe6509283cc66e1eec0abd92deba2c56af7d9aa8b8e03c7fc620db47db",
                "5dc6855c5eecacb7042d8dfe7034c4a327f853b3f3ec41922da45260fa50ad45",
                "5709a895e2bf5697b43a7634e2db844ab9a0c1843b96fb47acbc5f18917ca7e0",
                "9aea621ac058b0458eef924de4894d3693f894a08d6b525ca341bc98d4ebca45",
                "47084431c13c0a275da2807f26bc25ea1f52dd32a15b499ddc6141946f07fc38",
                "4e2b55a72590f099b0f25386db5699405a28c42b2f9d52edd970be581e760251",
                "88e7ab5160ef37c55a83bbcb3c5f5ba574420c961d4d9599041de90dd6626a00",
                "fb47bd2eab110c165f99c25d4812ba2d5a682c950b14f3476ed3b77ed4e91b07",
                "cb712b7f319c840dad6e49090a0bd0cc4b31f1a8c39fc36d171fab653e7e61e9",
                "7f9870c3dc6cdde43d1736204b3f8a195a79e3c7eb8571158f23b65c55ef9839",
                "5a0e7bdcfcff5c79c6443976cfffaad450a2b3bd40e6cddf8863fdb6d0b9b60c",
                "a05ce2793d9b75cd82160c69264735f3ef1a1e0bb2367954a09c4672a4752a41",
                "3768167febdac83f1a3df26a999be2ed2e54909c9dbfba3eb002095112f44b9a",
                "eaa996666506d93862e92470a101565b91e5d4877bfcaa920cfb3d6905ee007f",
                "7382ce149a2b301cf9f8150bd9bc3dd29e4cf49471b51463937a8a08ff716701",
                "2b97ea30d769e1d8ca42d20d1bc77885b1e080eb10405e240391183c3e852544",
                "568e69cbacc11321c7706eeb497febfa0fe2141dd3ed4a523662dd63601b0623",
                "c4d3c6e3e88aaf769f42d3621b368a2687828c2cf1fc135d6b20709afc8d3631",
                "0dc9b3b787fed5afa13b7131a6e2b51e4df2546bdc2bf29a6d0e8a86bf8cbd74",
                "a87f43a49da5eea14d16db39eac3ab903533109dad87af00005e3164988e6bc8",
                "77c43bb2fd432c60e691e7ed73ce60729925f542d1d7f18943b25fe47082831f",
                "0c0819bb5895f33cacd9e69f46bf96834bbbfcd51fa0200de49c4d6aa14c6784"
            ],
            "type": "Script",
            "firstPartyCookies": {
                "_____write_test_": {
                    "ttl": 5,
                    "length": 7,
                    "prevalence": 0.00014469087827363112,
                    "uniqueness": 0.047619047619047616
                }
            },
            "firstPartyCookiesSent": {
                "_rld_u": 0.000034450209112769314
            },
            "exampleSites": [
                "erecipe.woman.excite.co.jp",
                "www.goo.ne.jp",
                "dc.watch.impress.co.jp",
                "sup.andyou.jp",
                "www.osohshiki.jp",
                "www.ehonnavi.net",
                "laurier.excite.co.jp",
                "rank-king.jp",
                "eikaiwa.weblio.jp",
                "www.hottomotto.com",
                "teratail.com",
                "www.dlsite.com",
                "jisin.jp",
                "toyokeizai.net",
                "ananweb.jp",
                "paypay.ne.jp",
                "howcollect.jp",
                "mamastar.jp",
                "network.mobile.rakuten.co.jp",
                "www.roomie.jp"
            ]
        },
        {
            "rule": "o2u\\.jp\\/scripts\\/o2u-treasure\\/2\\.4\\.2\\/o2utreasure\\.min\\.js",
            "cookies": 0.000165,
            "fingerprinting": 1,
            "subdomains": [
                "cdn"
            ],
            "apis": {
                "window.localStorage": 25,
                "Navigator.prototype.userAgent": 24,
                "Document.cookie getter": 24,
                "Document.cookie setter": 24,
                "Date.prototype.getTime": 9
            },
            "sites": 26,
            "prevalence": 0.000179,
            "cnames": [],
            "responseHashes": [
                "44fdebbf587221dd8fe672472a1e992ec5ec816e4a4e15a8d0af481ec8e3a02c"
            ],
            "type": "Script",
            "firstPartyCookies": {
                "_td": {
                    "ttl": 63072007,
                    "length": 36,
                    "prevalence": 0.00014469087827363112,
                    "uniqueness": 1
                },
                "_td_global": {
                    "ttl": 6000,
                    "length": 36,
                    "prevalence": 0.00004823029275787704,
                    "uniqueness": 1
                }
            },
            "firstPartyCookiesSent": {},
            "exampleSites": [
                "forbesjapan.com",
                "dekiru.net",
                "mobile.rakuten.co.jp",
                "hitosara.com",
                "jisin.jp",
                "www.hottomotto.com",
                "www.dlsite.com",
                "pmall.gpoint.co.jp",
                "www.bookoff.co.jp",
                "www.ehonnavi.net",
                "dc.watch.impress.co.jp",
                "tokusengai.com",
                "www.cmoa.jp",
                "teratail.com",
                "eikaiwa.weblio.jp",
                "howcollect.jp",
                "www.osohshiki.jp",
                "ananweb.jp",
                "laurier.excite.co.jp",
                "network.mobile.rakuten.co.jp"
            ]
        },
        {
            "rule": "o2u\\.jp\\/nba\\/",
            "cookies": 0,
            "fingerprinting": 0,
            "subdomains": [
                "a"
            ],
            "apis": {},
            "sites": 25,
            "prevalence": 0.000172,
            "cnames": [],
            "responseHashes": [
                "0a690d8f85fa5a7de339cc62d8b69056db14f5ca72c167463bb4f3ce502e1225"
            ],
            "type": "XHR",
            "firstPartyCookies": {},
            "firstPartyCookiesSent": {
                "_td_global": 0.0001309107946285234
            },
            "exampleSites": [
                "www.dlsite.com",
                "www.hottomotto.com",
                "japan.cnet.com",
                "tokusengai.com",
                "pmall.gpoint.co.jp",
                "paypay.ne.jp",
                "dc.watch.impress.co.jp",
                "www.cmoa.jp",
                "www.ehonnavi.net",
                "www.bookoff.co.jp",
                "jisin.jp",
                "dekiru.net",
                "www.osohshiki.jp",
                "sup.andyou.jp",
                "teratail.com",
                "mamastar.jp",
                "eikaiwa.weblio.jp",
                "laurier.excite.co.jp",
                "hitosara.com",
                "forbesjapan.com"
            ]
        },
        {
            "rule": "o2u\\.jp\\/pixel\\/",
            "cookies": 0.0000827,
            "fingerprinting": 0,
            "subdomains": [
                "a"
            ],
            "apis": {},
            "sites": 13,
            "prevalence": 0.0000896,
            "cnames": [],
            "responseHashes": [
                "b5d1aa2d78b31929655499aabacaecbd5240346fafe489d86c1b456462059f1f"
            ],
            "type": "Image",
            "firstPartyCookies": {},