{
    "domain": "onclickgenius.com",
    "owner": {},
    "source": [
        "DuckDuckGo-US"
    ],
    "prevalence": 0.000482,
    "sites": 70,
    "subdomains": [],
    "cnames": [],
    "fingerprinting": 0,
    "resources": [
        {
            "rule": "onclickgenius\\.com\\/script\\/suurl\\.php",
            "cookies": 0,
            "fingerprinting": 0,
            "subdomains": [],
            "apis": {},
            "sites": 44,
            "prevalence": 0.000303,
            "cnames": [],
            "responseHashes": [
                "0ea1bbb95ec8b0b22018833f8edbbbc5ab71836584f8922053f592b3cce7e0f7",
                "0fc0ea13bc17e810d9207a824a4c240c10bb0b36ff94fe1531ea431c8f7d2159",
                "5032fd48a372bb098142f2ecf4551013290015d7ca3e25ee30877d241e6060a0",
                "b12297f5605f56b0021d38e519b8925a76ff0bb200353e4b8a7e22d83d9e6910",
                "9d855b039f26e4592fedcf3795e594b21d2fb6a718d51f5997db604ab893943f",
                "b8d061b7a3d46b90cd1198ef8bd8a427c8f637fdcc9a5dddb88ee119c46bb049",
                "041cbafd9d15eb7bd96ae5b319f651ec02f597968455551d6c9a8de4546f20db",
                "b954cb1a369d052d5a78a2445ac25acc0bd097ccd1ff1dfc3e9f809d2491e889",
                "8c5662e04e1c6d015cf91bdec82cc2c85ccd57b0a3b66a4ad00e85a006d7b4fa",
                "d22b8a19bab5ff8cd880655e05557d70b6cd6be956a638a6d30f72b39b64574d",
                "dbca20b33c726a7e77e44e898bc0417d8a2d70e6af0fbbfccfdd55d688642395",
                "45be2216a3f21d9f9d2115eea8abe023495ecc77c84c721c9d67567ae4665b93",
                "685b237c87e1323673651a00bb93d6b55a25797d294ef07ef78779f22540c6e2",
                "33f5583df3e97d99bb926d0c43ef1063b28825ee76d4164e4386b1de1cc96716",
                "4dd228bae3d557d4fd4caafb1834b43e8c153051a53f7f705351bdd40b78d894",
                "a71dc6104601e82737f0091b52930321718b6677ea9827e5bace8b23f48d8458",
                "00d7b4d3b3bd291bd6b35a2960331b635bcec8783018e43e7ba823f348ece0bf",
                "562b5e3164e1cf473c8922a9134ea5ab52b2c431ceefc8fc3012e16766d0af93",
                "797f8a9b2eb1807ba6b653267b3d48706c3d7ded9cab169ba90339e498dfe267",
                "4d07cf232f6748100cac849fc13a0d2c357f28fbacdcdb80582b2e0b62a0f486",
                "a3b1d7419b9ba11c1d7b13a9e101fb5e50f6040f8996c54e06cab7ddec42043a",
                "eddcf9ca65f0adb502ae33723276358c3d26ccd118d34cbcadacab841252c5a9",
                "53f3cb2a6d884edbba0241d7ef3e87d683118780a49ba085b3725e770456f5f5",
                "518e0f0516338d80be5bdf7886a8f8d4dc230268ea06fdac83e69e8c2447105e",
                "c50b162cd48298071c166fb840b831aed76bc63522862700c4773549f92e1618",
                "3802561fa224c69d05768496726fa2ebd745d5a10658501132f0b45ec4a13a57",
                "2a37245bc205535c8771dc677367b2077c11429b5d894be7d5460a1dc6b48f69",
                "133021a751bb44ab5dc75eef766e4cd9de0c3c59146e9d18e32cec135968c20f",
                "dfc10b92b1c2947ef1b599b21084770525ed7134b918d1df618e5c7527d5e7ad",
                "4ebf392886f06eb8447df44175ea4bd07f40e29e6412f7749077e79d73783ab2",
                "e4033cc1d0a56bb2c5b27ce12d8021a4aaa6e3583af2a1ae6caf505cc5a029e2",
                "d8210570fe4ff1d3ccae54ecdb85e9c3ccfa4ef66b8c5107d377ad047fbadb4b",
                "8b202ccaeb8bba30062212f73cc7ee9f1ff5f81375fdff709b162350849b37ab",
                "c761809a18cf78157bc30dad9dc60f1468382dd146a95ccbdc62301c77c919a2",
                "3ec2c1f8b44e9097b7dd480f4cc371fafac6f8e0fc281f6dc41ff667ab90fcce",
                "4c56f855c328e2db44e4c17487537f9137fe2171a1694b85209a07e7ac0c498d",
                "17f56be834e324699eb6751510a93f3df9c41277f10d2732e70ee75d715d0b6c",
                "a434b792e7ba84f39afde7d12497790fb0a3e1d700f37e013f32a7d28113c11f",
                "c1ca667b367e56cdc047ad8c7c7554e45abcad822a157bd6b45dce0b00ca9765",
                "13125937f0cd16e31ad8b8be0a95f28287849324b115db9a6232e37197f80934",
                "ebfb6447565ab33b981d6adeeb626f163098f06b5fe439c46b50745216830aac",
                "83c858bffa04379ecf592ef3561cea28a371b5df456194b33132e82b43b53b6a",
                "05c03e5a9dcc7b53046e8a28e0f63e9cb04d1525a201a01648a5ac3f2eefeb9d"
            ],
            "type": "Script",
            "firstPartyCookies": {},
            "firstPartyCookiesSent": {
                "adcashufpv3": 0.00014469087827363112
            },
            "exampleSites": [
                "www.hentaiworld.eu",
                "www.canadianpharmacyonlinejycx.com",
                "gum-gum-streaming.com",
                "grantorrent.nl",
                "xhamster.sitescrack.host",
                "eztv.re",
                "www.torrentfunk.com",
                "www.verlatele.net",
                "fulldp.co",
                "gaypornhdfree.com",
                "www.lacasadeltikitakatv.net",
                "www.pirlotv.fr",
                "www.mmastreams100.com",
                "yifyhdtorrent.org",
                "aagmaal.live",
                "unmoor.com",
                "yts.mx",
                "www.torlock.com",
                "www.ebook3000.com",
                "redtube.sitescrack.host"
            ]
        },
        {
            "rule": "onclickgenius\\.com\\/script\\/suurl\\.php",
            "cookies": 0,
            "fingerprinting": 0,
            "subdomains": [],
            "apis": {},
            "sites": 2,
            "prevalence": 0.0000138,
            "cnames": [],
            "responseHashes": [
                "6cf6a98512ed45f4dce3e9d7769ebc0017684c8e0c9a913799892389d389c7f5"
            ],
            "type": "Fetch",
            "firstPartyCookies": {},
            "firstPartyCookiesSent": {},
            "exampleSites": [
                "crackstream.io",
                "crackstreams.io"
            ]
        }
    ],
    "categories": [],
    "performance": {
        "time": 1,
        "size": 1,
        "cpu": 0,
        "cache": 3
    },
    "cookies": 0,
    "types": {
        "Script": 44,
        "Fetch": 2
    },
    "nameservers": [
        "hank.ns.cloudflare.com",
        "lady.ns.cloudflare.com"
    ]
}