{
    "domain": "onclickgenius.com",
    "owner": {},
    "source": [
        "DuckDuckGo-US"
    ],
    "prevalence": 0.000693,
    "sites": 100,
    "subdomains": [],
    "cnames": [],
    "fingerprinting": 0,
    "resources": [
        {
            "rule": "onclickgenius\\.com\\/script\\/suurl\\.php",
            "cookies": 0,
            "fingerprinting": 0,
            "subdomains": [],
            "apis": {},
            "sites": 69,
            "prevalence": 0.000479,
            "cnames": [],
            "responseHashes": [
                "31764926ab3852296497fab8d620a2e533e436933b64014d12a12ec0199ed4f5",
                "bd088c91f8cfacce252b681e88145f76477cba8d398c406e0f1610c06b55e184",
                "cec4f2fcfbf200a6382e6168b92ebb0e270470d187b08bbc34f669d84fca56e1",
                "49fc5478792a87a1b15af8173c00b598b2a616a7f38fe80cc359dbb312fef811",
                "4a0b5c279b5e930a58b077ecd9a486c1b940234c5b2b53d1561f8bd8a086d232",
                "666472e16d24c9bbf7ef624ef779236e1bd402149fd7f2824fbec88be6d81f00",
                "e5a10a2a94bb6453d1df0522d7e6394ec199940b55dbd47fa61a2ae15a783129",
                "2c92af7bfaf2820c4d32e9c31f3a86dd587f80dd29b2b95a41db3ac03747498e",
                "ca3c48e498bf3b480df9bb0486ddb445d4d4c458ef2c930235ea115f94f19959",
                "a38407fcc4739f33ec58c229d1aaa932c38737b800d5b2f58c51176b7a9aea3f",
                "3a7c94793df430c01476e6acf358c5d8f85fd56a476dcffda766df2cab7e81a4",
                "7c31c5be656f2e9763771053debff5fcd6f74724957b19fc205d2b94c63316ce",
                "3a714e132ec0543254adf71997ec7750bce95d4bb6127ec648d74f5a6e9ffdea",
                "8e893b62a79b70c43a5d540174843fa99d31e203a493c9203108d4ea586aec60",
                "88dfe3d956a8d32f0e03142d1a28a0ca709c17dfb94c5dd58b5e17f2251217a1",
                "dd7ef67c291bdf30b52b301dcb4c8acae70f31997e5fcec2f8effa64a02ec3cd",
                "ef040073f669979cd1e9d9d07b27d94067830fd6704445114cfc0659b72427e5",
                "a860b53042fc75664119a1cb58ca6c33cfaf37c0c7e5756e7fe0b3a18ab7c51a",
                "9cbcf4c1a52bf66e875a8c26b05890fac258b6dcb48d71600bbe654eddab8dbe",
                "ee14c7ebce450261306d4038f5248072cc0feb0c58442a5cc86b4f9704b20ad6",
                "e3b0c44298fc1c149afbf4c8996fb92427ae41e4649b934ca495991b7852b855",
                "4b32f9cd580ad83785c6b46f93ff82dac4d3543f66a03828312bc6afba0363c2",
                "c1d233ea3f21a8cbf1823fddd8e60b3a2e392a3bb1e62e65a4bf8030431a021b",
                "d5f03ffcc2fe181505ff2b3aba7a179e227f50c7217b677ba9a8922190ab1ce7",
                "eeddeb755482db6f88a14b8b7eb2c3b27f9d556151d08f6e3f08f43245a21c9b",
                "1453499743f940212a144d13fdb19fa9c1baf12ed629a449f987799756bebd68",
                "7d39992c584bf01405737ce6a05e48eeb741ffb4c944c1669fd921e99abd7f02",
                "ee8fb289db8acff0a4b51d68cf492aee5985dbc00214d6652be4733d3df8fb8a",
                "13d7df33cf302d500b42ed06ccad31c28a02d589e3d61598f09edcc3117fcb5c",
                "cdcbd6721726f74a8503cad8d5bf04299245e7bed02d834697c7f1da4dbac9d0",
                "8a3cba8884e938f3d52f3d55d32f3f828f923f6cadfd151e7df9a8931fa3fec5",
                "67c0c0cc4251467b85c617b20defd310ac11c4c6c1d3729cb91f107714498c15",
                "860f5c85b174b61b510e8f579255fcb0895a610f3146859eeffeaf7f53f1ad54",
                "57f9fa1698f0605c8cd4421b3bc89e6833850bbd82ee4c277d8ede2d1cc2736c",
                "8535aa01db5952164ab679956c11b35357bf06f93961dc1b397a64aa5d228dce",
                "b6c614d4d67058d3a2dfeddef2551a3b121fb0418a0bb2217e30d56951d0e840",
                "ce6fb77f37594e53803c4798e6df9e79fe45ed440c88f5d10a455ca46274c4c6",
                "9b0f92eb0021ce30f5f3829b3a4c7a5a5da88b611b52a0e1af4c3dbde19f7faf",
                "6b0a991d5ad7314fc09f853a0b74a7946c8bb04fe7de052f5ebcb6c510c2f777",
                "96e6ad35a8ddf1d6ee937f237df70ca4d697ca72d82332d0b3893f0077ec21f9",
                "3c12f5869a3433fdd64fed3a2a094b6634bac9570a1b10ae00e221edde146a8f",
                "104e704843e472792d5a360f930936616925826e0a9850ac00510234ec6eb7ca",
                "ec699993ba7122408dcf43913c0d16d27702574281600bd5c128e47d3205ca2c",
                "55d1a51e1cbef7511d75dd0e4506280c14980c8da625e43150eff0ae70eda67b",
                "ea304ee0911890fdde205c09807d6ec5a52920ce008710d367491c9e3e6f787f",
                "791134eada96e7c6bfd351c2536e2afa06018f113014ad6009e38f01f47b31b8",
                "6499b0c02380fc2e13e75b9e07df631e8176909368d04a8f1663417e2b7b9cf2",
                "c1d347c0f2a15530e99aa546d23e9b530374599c6c8a876cad5995064d682a87",
                "ee286bef67055c13ebeaab9cb525287a8aafa8368c49da2e863fa595d4f7323b",
                "2ab20cbef6bc287cbba832c0c6cbea8fb4be9cf54793289743972f4161e2d0e4",
                "0a0e2757b8af48d318d54983e22cd99a4baee6661f6ff67ecb435250b7c55436",
                "12661ff2f70f79c807bb52f92b29a90544b3bd9c7d834cc9b5bab84086bdaf64",
                "a952c5fc4b82137dd813eed54a1ab999f384bce21f7e5bb505bc1cf36850a687",
                "2a7aecbdfaed2391a5ffcdb241376e3f42b67aa4f864b4202d3f8449f4fecaf4",
                "ac388826f169b5ff7aa3681cd0970f2537b2b00ba25f8c3e30bef94414d8a9f6",
                "28ce2e0eef851ed083ae75ede02a98cc0f6e30a9b90c762539e15753a136db34",
                "a283fc3d56cd726cd4f698fc07b9512c1d8d18079f1164a4de1a60754c9227fa",
                "4c10e10c15f83428781553d853f1f0a664bda0788842817d0c3084ec66efd771",
                "3e56d5dc0a193863c3aa79bcf83f7419f4d62882fa451b10833f2d5495309d18",
                "34ad1e519c21ba4ac4ec5b41d4a898c1344b932d95a241c6be5461b65cdc6d0f",
                "26bad374f6d601186ea284209d62a541f7182c130a1852cd032e42106ec8d775",
                "1be454d4269305d922a8cba255d8a414190ded2f9f5e6360a6211caae90f3676",
                "cfa6d7819f28b36f81dc13a4e3db16697da8520c287c8628f66d8a3a44d6f4b9",
                "aa907f752bce22f231b9d06795c1b48ecd8b7dd89d8ae4c1f38826764a48179e",
                "5f633c4696a3eca571de3d961c20aebdf570ab72c9756d03a94322d25bbf648a",
                "c6bc05ef0f0446ec23b894a8eb12077e98bb1e40c6f8712bb43757cb439090c5"
            ],
            "type": "Script",
            "firstPartyCookies": {},
            "firstPartyCookiesSent": {
                "adcashufpv3": 0.00021498366817617566
            },
            "exampleSites": [
                "yifyhdtorrent.org",
                "eztv.re",
                "aagmaal.com",
                "attack-of-titan.com",
                "www.verliga1.net",
                "www.rojadirectaonline.com.es",
                "read.bnhamanga.com",
                "www.gogoanime1.com",
                "www.pornxbit.com",
                "gum-gum-streaming.com",
                "extratorrents.it",
                "yst.lt",
                "kora2day.online",
                "gnula.nu",
                "yourbittorrent.com",
                "www.hdpornfull.com",
                "www.hentaiworld.eu",
                "www.ebook3000.com",
                "www.vertelevision.tv",
                "moohentai.com"
            ]
        },
        {
            "rule": "onclickgenius\\.com\\/script\\/i\\.php",
            "cookies": 0,
            "fingerprinting": 0,
            "subdomains": [],
            "apis": {},
            "sites": 2,
            "prevalence": 0.0000139,
            "cnames": [],
            "responseHashes": [
                "e3b0c44298fc1c149afbf4c8996fb92427ae41e4649b934ca495991b7852b855"
            ],
            "type": "Image",
            "firstPartyCookies": {},
            "firstPartyCookiesSent": {},
            "exampleSites": [
                "footlive.me",
                "freestreams-live1.com"
            ]
        }
    ],
    "categories": [],
    "performance": {
        "time": 1,
        "size": 1,
        "cpu": 0,
        "cache": 3
    },
    "cookies": 0,
    "types": {
        "Script": 69,
        "Image": 2
    },
    "nameservers": [
        "hank.ns.cloudflare.com",
        "lady.ns.cloudflare.com"
    ]
}