{
    "domain": "painsko.com",
    "owner": {},
    "source": [
        "DuckDuckGo-US"
    ],
    "prevalence": 0.00112,
    "sites": 147,
    "subdomains": [],
    "cnames": [],
    "fingerprinting": 1,
    "resources": [
        {
            "rule": "painsko\\.com\\/na\\/waWQiOjEwMzQ4NjMsInNpZCI6MTA1ODIxNCwid2lkIjoxMzE1MjAsInNyYyI6Mn0=eyJ\\.js",
            "cookies": 0.000364,
            "fingerprinting": 1,
            "subdomains": [],
            "apis": {
                "Date.prototype.getTimezoneOffset": 48,
                "CSSStyleDeclaration.setProperty(\"fontFamily\",…)": 32
            },
            "sites": 48,
            "prevalence": 0.000364,
            "cnames": [],
            "responseHashes": [
                "3e9a533ac780b16a632764f87677663ec4a266d908da357f351b7fd4b5fc254b",
                "1eb104dbe7cb7ae18933b780c3951149b6f223d0ebbe56ede6242024c249bc63",
                "983d28790f4a3afff10ac6d22bb6af973d3eb190679a362404dd3f9c58881cbe",
                "3f0b4ecb4fc82a4cf40dc0f29fd0c20a890cbf5e1d0c497e8ed7eb5d79712fb4",
                "975da111e58b1f1c4edbed92f5f7f401885e046d708b4b32641ed67ab690f536",
                "e2ce43dbab3992306e623769f036a9be104729bf27e6b5cecc53bdd7a9a2f768",
                "8b6268fade24802a5ad60499bb13326df9002e91fd89df1776603b1693b04db2",
                "43aba524b606163b7ce9c01d0440183bfc2f8e58f6a257780d1ce75b9f561eb8",
                "92165ea0279f25d14afd5f5c3d65483d335403076a909900d38e63561dfef553",
                "11eda4b03897b660ebb6931a30b0bf77f9ebead929fcb2349d2896688865a373",
                "d87ac965125e36698a747882d7cfa325ff9b5dd2b5d5759fdd1efe4440cc40ec",
                "2b70911d5a3300b6cf6c253104ef066d3cce232d210549eb013f7c1b0ab3d16d"
            ]
        },
        {
            "rule": "painsko\\.com\\/na\\/waWQiOjEwMzE4MjEsInNpZCI6MTA1NzQ1NSwid2lkIjoxMTc4MDgsInNyYyI6Mn0=eyJ\\.js",
            "cookies": 0.0000683,
            "fingerprinting": 1,
            "subdomains": [],
            "apis": {
                "Date.prototype.getTimezoneOffset": 9,
                "CSSStyleDeclaration.setProperty(\"fontFamily\",…)": 8
            },
            "sites": 9,
            "prevalence": 0.0000683,
            "cnames": [],
            "responseHashes": [
                "23551467c500f310eed1456d8f304198015a8eddb1d1135192d6db5521214b6e",
                "8d28fc5e841e4219caa421d77092e515794be19529ac564ec79b9c3a1735857f"
            ]
        },
        {
            "rule": "painsko\\.com\\/na\\/waWQiOjEwMzE4MjEsInNpZCI6MTA1NzQ1NSwid2lkIjoxMTc4MDcsInNyYyI6Mn0=eyJ\\.js",
            "cookies": 0.0000759,
            "fingerprinting": 1,
            "subdomains": [],
            "apis": {
                "Date.prototype.getTimezoneOffset": 10,
                "CSSStyleDeclaration.setProperty(\"fontFamily\",…)": 10
            },
            "sites": 10,
            "prevalence": 0.0000759,
            "cnames": [],
            "responseHashes": [
                "490b7dcea7fd56343ac27dee8b14b97b45c6ee6e3107a9d0574a1530c1ce727d"
            ]
        },
        {
            "rule": "painsko\\.com\\/na\\/waWQiOjEwNDkyODksInNpZCI6MTA1MzkxMSwid2lkIjoxMjQ4MjUsInNyYyI6Mn0=eyJ\\.js",
            "cookies": 0.000205,
            "fingerprinting": 1,
            "subdomains": [],
            "apis": {
                "Date.prototype.getTimezoneOffset": 27,
                "CSSStyleDeclaration.setProperty(\"fontFamily\",…)": 20
            },
            "sites": 27,
            "prevalence": 0.000205,
            "cnames": [],
            "responseHashes": [
                "8533430e3fd67db65f3918520952df04081e0b05fc693c18e8630a0f640833a9"
            ]
        },
        {
            "rule": "painsko\\.com\\/na\\/waWQiOjEwMzQ4NjMsInNpZCI6MTA1ODIxNCwid2lkIjoxMzI3NDYsInNyYyI6Mn0=eyJ\\.js",
            "cookies": 0.0000152,
            "fingerprinting": 1,
            "subdomains": [],
            "apis": {
                "Date.prototype.getTimezoneOffset": 2,
                "CSSStyleDeclaration.setProperty(\"fontFamily\",…)": 2
            },
            "sites": 2,
            "prevalence": 0.0000152,
            "cnames": [],
            "responseHashes": [
                "7261d4478f3f09be3fa3d6a4cc9c8a9be205e9b5adafd27415b5069c7cb73a9d"
            ]
        }
    ],
    "categories": [],
    "performance": {},
    "cookies": 0.00112,
    "types": {
        "Script": 96
    }
}