{
    "domain": "palmtube.net",
    "owner": {},
    "source": [
        "DuckDuckGo-US"
    ],
    "prevalence": 0.00016,
    "sites": 21,
    "subdomains": [
        "ag"
    ],
    "cnames": [],
    "fingerprinting": 1,
    "resources": [
        {
            "rule": "palmtube\\.net\\/b\\.js",
            "cookies": 0,
            "fingerprinting": 1,
            "subdomains": [
                "ag"
            ],
            "apis": {
                "Navigator.prototype.userAgent": 6
            },
            "sites": 6,
            "prevalence": 0.0000458,
            "cnames": [],
            "responseHashes": [
                "db0358fce009e1dd88200353c126dee0ec8c85e9a7eb2eb9a44dace3e27add59",
                "6052bcb85f1aadaa3b96c10f12df992fd508b93a29e2e4b19848d70b2d7a7c16",
                "cb988b6788f845ab7d40fa5cc1971a847efc7be1d23531e825faa10ea1c13352",
                "3b4cdd9d92e0d86de62fd07b4aa2cae037e84a34ce3ed871189066370570f050"
            ],
            "type": "Script",
            "exampleSites": [
                "coffeeporno.com",
                "hddesiporn.com",
                "longlesbianporn.com",
                "onlylesbiantube.com",
                "wowpornsites.com",
                "yesteenpussy.com"
            ]
        },
        {
            "rule": "palmtube\\.net\\/im\\.js",
            "cookies": 0,
            "fingerprinting": 1,
            "subdomains": [
                "ag"
            ],
            "apis": {
                "Navigator.prototype.userAgent": 6,
                "Date.prototype.getTime": 6,
                "Document.cookie getter": 2
            },
            "sites": 6,
            "prevalence": 0.0000458,
            "cnames": [],
            "responseHashes": [
                "b916b36f3b4cdb913afe8daf1cfb4423b0e70f60df2a5528ab72ee4d7d0920d2",
                "74f70a1551369edb33549fc7f13dd97ea76fb734374d6c3c21bd40184e334433",
                "9c4af921388688379b674832e11a1f0a9be253dc6819c3ddf17615b39ce93721",
                "365e0f292b49e184cac8c490e5cfb0baf9c66f6fb2f7773b27eeeeb275a3f288",
                "ff3b27492971f1ebcf6ac7b30a539f897b574148b315260919b34cb21458beaa"
            ],
            "type": "Script",
            "exampleSites": [
                "coffeeporno.com",
                "hddesiporn.com",
                "longlesbianporn.com",
                "onlylesbiantube.com",
                "wowpornsites.com",
                "yesteenpussy.com"
            ]
        }
    ],
    "categories": [],
    "performance": {
        "time": 1,
        "size": 1,
        "cpu": 0,
        "cache": 3
    },
    "cookies": 0,
    "types": {
        "Script": 12
    },
    "nameservers": [
        "ns1.palmtube.net",
        "ns0.palmtube.net"
    ]
}