{
    "domain": "perf-serving.com",
    "owner": {},
    "source": [
        "DuckDuckGo-US"
    ],
    "prevalence": 0.00499,
    "sites": 657,
    "subdomains": [
        "prod"
    ],
    "cnames": [],
    "fingerprinting": 0,
    "resources": [
        {
            "rule": "perf-serving\\.com\\/sync",
            "cookies": 0.00466,
            "fingerprinting": 0,
            "subdomains": [
                "prod"
            ],
            "apis": {},
            "sites": 623,
            "prevalence": 0.00473,
            "cnames": [],
            "responseHashes": [
                "e3b0c44298fc1c149afbf4c8996fb92427ae41e4649b934ca495991b7852b855",
                "832f63f4187160c195b04f1911c2e623a75e805f4b23abb9b0bea214b4283a43",
                "6adc3d4c1056996e4e8b765a62604c78b1f867cceb3b15d0b9bedb7c4857f992",
                "6019c3c9e47dc991f8d9937deafbb0740c2e61e321324798cb508773b0814824",
                "548f2d6f4d0d820c6c5ffbeffcbd7f0e73193e2932eefe542accc84762deec87",
                "bb229a48bee31f5d54ca12dc9bd960c63a671f0d4be86a054c1d324a44499d96",
                "d1371feb0512d700cf724b05a588ce79f8d8dfbb0991ae5f45ecd3ab08983a38"
            ],
            "type": "Image",
            "exampleSites": [
                "abcnews.go.com",
                "androidforums.com",
                "arstechnica.com",
                "forums.macrumors.com",
                "people.com",
                "thechive.com",
                "variety.com",
                "weather.com",
                "www.news-press.com",
                "mingle2.com",
                "emborapets.com",
                "www.powerpyx.com",
                "mediarightnews.com",
                "www.valleycentral.com",
                "www.nbc12.com",
                "sciencefiles.org",
                "healthiersteps.com",
                "13wham.com",
                "www.allthetests.com",
                "www.emedicinehealth.com"
            ]
        },
        {
            "rule": "perf-serving\\.com\\/ul_cb\\/sync",
            "cookies": 0.00458,
            "fingerprinting": 0,
            "subdomains": [
                "prod"
            ],
            "apis": {},
            "sites": 605,
            "prevalence": 0.00459,
            "cnames": [],
            "responseHashes": [
                "e3b0c44298fc1c149afbf4c8996fb92427ae41e4649b934ca495991b7852b855",
                "832f63f4187160c195b04f1911c2e623a75e805f4b23abb9b0bea214b4283a43",
                "6adc3d4c1056996e4e8b765a62604c78b1f867cceb3b15d0b9bedb7c4857f992",
                "6019c3c9e47dc991f8d9937deafbb0740c2e61e321324798cb508773b0814824",
                "548f2d6f4d0d820c6c5ffbeffcbd7f0e73193e2932eefe542accc84762deec87",
                "bb229a48bee31f5d54ca12dc9bd960c63a671f0d4be86a054c1d324a44499d96",
                "d1371feb0512d700cf724b05a588ce79f8d8dfbb0991ae5f45ecd3ab08983a38"
            ],
            "type": "Image",
            "exampleSites": [
                "abcnews.go.com",
                "androidforums.com",
                "arstechnica.com",
                "forums.macrumors.com",
                "people.com",
                "thechive.com",
                "variety.com",
                "weather.com",
                "www.essence.com",
                "abc7.com",
                "www.sciencefocus.com",
                "phandroid.com",
                "thecomingtribulation.wordpress.com",
                "mylifeofcrime.wordpress.com",
                "www.barstoolsports.com",
                "www.backchina.com",
                "vinepair.com",
                "jerseyeveningpost.com",
                "techdirectarchive.com",
                "www.nickiswift.com"
            ]
        }
    ],
    "categories": [],
    "performance": {
        "time": 1,
        "size": 1,
        "cpu": 0,
        "cache": 3
    },
    "cookies": 0.00492,
    "types": {
        "Image": 1228
    }
}