{
    "domain": "pignuwoa.com",
    "owner": {},
    "source": [
        "DuckDuckGo-US"
    ],
    "prevalence": 0.000329,
    "sites": 43,
    "subdomains": [],
    "cnames": [],
    "fingerprinting": 1,
    "resources": [
        {
            "rule": "pignuwoa\\.com\\/index\\.css",
            "cookies": 0.0000535,
            "fingerprinting": 0,
            "subdomains": [],
            "apis": {},
            "sites": 13,
            "prevalence": 0.0000993,
            "cnames": [],
            "responseHashes": [
                "2b7b796b3090714c5c39b9310aac111dd8ced6d6634487891087e926f2789bfd",
                "092cd6b0a099337fa0f53fdc4286a35ec3f44d4b0b6ee7e5a13aa2e4dc6323bd",
                "bb8eb5f0e0895f016a2a2bb8b5ff6bf0b3c3abf32748c5af948ea86017a64767",
                "f3c37edae0334b7ac23f333c6f87bee1c1edcf67c8f194a7034762b779e2b7a5",
                "fe8181fa75987cc46ad3ced6efaa58d2396cea5443ec5d6aa1c9131f3a25d919",
                "70f3bb9527c02cdf10a66c50863a8812a85cf525bb48492ab7d7d93709861c73",
                "91801642b903e49f339ec1586ecd5607576e79d1da83d265bb0b06a196eca58f",
                "5c050f5001fb6c3abe4fd8400fb3e9fa2d10275b59be3748667a8ed0b9c5ac4f",
                "c168052b9d6920d7c0b9eb483d8c8148e9421852d3da98a19c6c59c1b78b34b0",
                "12cfaee418f96b6ceddf2c85beacb926fbde720928da920a4143e6da10964ecd"
            ],
            "type": "Stylesheet",
            "exampleSites": [
                "123movies.ar",
                "bmovies.vip",
                "lekms.com",
                "pctreload.com",
                "putlockerslinks.com",
                "ttdownloader.com",
                "w4.putlocker.to",
                "www.clipconverter.cc",
                "www.vipbox.lc",
                "www.vipleague.lc",
                "www.vipleague.cc",
                "www.viprow.me",
                "ymp4.download"
            ]
        },
        {
            "rule": "pignuwoa\\.com\\/bootstrap\\.css",
            "cookies": 0.0000458,
            "fingerprinting": 0,
            "subdomains": [],
            "apis": {},
            "sites": 14,
            "prevalence": 0.000107,
            "cnames": [],
            "responseHashes": [
                "4dc73e0b656f4a8cf9bdeaea5b795e6276d6198eb4549acbd6b76be544389b74",
                "d2a742d627a8b0564dd45365fb4cafde16b57a7090a0cdcf0f5c943cc09683ff",
                "bb8eb5f0e0895f016a2a2bb8b5ff6bf0b3c3abf32748c5af948ea86017a64767",
                "188a39da4b01fb3d4745daaf39f0fd07de3d3bbd1528cce06d9c1185ea61cbff",
                "f4b88dc3c536760e91201fff35d54939a93d8cc48398fc6546271d8fc113401a",
                "2e461eca6584e86596027eddf9cf770ec0c6c3ffa49a4c49f2fb1517b80a9f54",
                "c7f383c7cd7190242dad6ebe5304e4bdb463790785d8f3c6b23a6a0b0ac1dfc0",
                "84baaad7357c1564a29c682863002c06e366cb7c9bf91b1d759c34926b6ce28c",
                "d6b78b16724024f6581b8137dcff5f60bedfd62f31d4c7d9d48147f2614b10ad",
                "4cd0d4242591ec825df0d3ad28abc4df54b1aeeb6d656116c6d881241e4a51af",
                "5c050f5001fb6c3abe4fd8400fb3e9fa2d10275b59be3748667a8ed0b9c5ac4f",
                "d11093c21e28e7cba2be6e13e0cb315007e6adfe97d022db81053e1a59475699",
                "b3e6e34fbb955c773655d6fe1624b262098513e9957ad6575e30ee0bc73e463a"
            ],
            "type": "Stylesheet",
            "exampleSites": [
                "123movies.ar",
                "keepv.id",
                "lekms.com",
                "pctfenix.com",
                "rojadirectatv.tv",
                "ttdownloader.com",
                "w4.putlocker.to",
                "www.clipconverter.cc",
                "www.strikeout.nu",
                "www.usagoals.net",
                "www.vidoevo.com",
                "www.vipboxtv.se",
                "www.vipstand.se",
                "ymp4.download"
            ]
        },
        {
            "rule": "pignuwoa\\.com\\/bundle\\.css",
            "cookies": 0.0000535,
            "fingerprinting": 0,
            "subdomains": [],
            "apis": {},
            "sites": 10,
            "prevalence": 0.0000764,
            "cnames": [],
            "responseHashes": [
                "912028e8afb332c7941c489412bb5599a74dd8eb9721acd66e49d924b8420219",
                "e3cb208b9b4926146bdb61ee2a75d8a36070e1927d8a47eb62e971bc61bf87f2",
                "23043152db1d8f84d5eeb29e3d463e5c203d35b977c465123b9442e2df586a71",
                "b0527f5f564192a816adb006c1e287a9da8c4304946d27b0ad855f7d58619490",
                "e354a8faa6c093d55cdc0501a6211566613827559011e1430114d18bbe988942",
                "be01522d72c34c73a20720fdf8505378d04b4581dc01930ff218833119bece48",
                "83468744257ce531ff79d4ef410f7ddf1b59d5ccd6ebd30534cc360126c9f39f",
                "a04a54205aa2ed26113e709905d36a2c6f652840a272d560ae16b12d838a0c71",
                "46c13593f1ab38b7d5a368f730e22ebee09b39ea1ebee92f4e81e8df8fcca638"
            ],
            "type": "Stylesheet",
            "exampleSites": [
                "123movies.ar",
                "fxporn69.cc",
                "mangaindo.web.id",
                "nflstream.io",
                "rojadirectatv.tv",
                "w4.putlocker.to",
                "www.clipconverter.cc",
                "www.linkotes.com",
                "www.vipboxtv.se",
                "www.viprow.me"
            ]
        },
        {
            "rule": "pignuwoa\\.com\\/style\\.css",
            "cookies": 0.0000535,
            "fingerprinting": 0,
            "subdomains": [],
            "apis": {},
            "sites": 11,
            "prevalence": 0.000084,
            "cnames": [],
            "responseHashes": [
                "dcd26880b36897dc1ac5e31cb710e89fd07d168417523e9cb782d5f1d5150448",
                "e3cb208b9b4926146bdb61ee2a75d8a36070e1927d8a47eb62e971bc61bf87f2",
                "62f45c3b516a6f3db61829a6cdd2b16eeced34716b35511f000f96c0a42f95ca",
                "14537f4f3f6adb41d46230e865ca748e91e50f02ff0ffb37ac8ce09848bddd99",
                "89b7d35836328006af199c47a823a89e9bc1fddeac967a9be1d474921534ded1",
                "b9433565e113e0a99e926be9ed03a3305552c1cffcb19fef299dd6e0699ed7ee",
                "1f049d3e97abf7043f36519e2919066c0eac309b58b92a776249bd3d4c9a780a",
                "5c050f5001fb6c3abe4fd8400fb3e9fa2d10275b59be3748667a8ed0b9c5ac4f",
                "2dd1e4a0d349b98b9e335389d5fa379600a4f5c3a7e552fea535e6fec8d1878e",
                "a6eaccb9a560aca8020114fa73c31d248cba30b0b7a739131bfbc9456aa71c2f"
            ],
            "type": "Stylesheet",
            "exampleSites": [
                "bmovies.vip",
                "futebolplayhd.com",
                "mangaindo.web.id",
                "pctreload.com",
                "ttdownloader.com",
                "www.linkotes.com",
                "www.usagoals.net",
                "www.vipleague.lc",
                "www.vipstand.se",
                "xmovies8.cool",
                "ymp4.download"
            ]
        },
        {
            "rule": "pignuwoa\\.com\\/jquery-ui\\.css",
            "cookies": 0.0000382,
            "fingerprinting": 0,
            "subdomains": [],
            "apis": {},
            "sites": 10,
            "prevalence": 0.0000764,
            "cnames": [],