{
    "domain": "pigtre.com",
    "owner": {},
    "source": [
        "DuckDuckGo-US"
    ],
    "prevalence": 0.000393,
    "sites": 57,
    "subdomains": [],
    "cnames": [],
    "fingerprinting": 1,
    "resources": [
        {
            "rule": "pigtre\\.com\\/code\\/native\\.js",
            "cookies": 0,
            "fingerprinting": 1,
            "subdomains": [],
            "apis": {
                "Document.cookie getter": 23
            },
            "sites": 36,
            "prevalence": 0.000248,
            "cnames": [],
            "responseHashes": [
                "1c41e867da06d93bb61b26cf4aaad65d0d815404eb76b02547f37e4b309a6d0f",
                "b6dfbc58313bc3915e8d565373ce102e664a4ebeaa693f3557dc0153dc0c2a7f",
                "68eb020016dabf0f16450d32daf4b0d6207cb412c35b79f5ff034367bdaf908c",
                "04a2e7cf56044ddba7a07015f0592d6e8d1b9dfb3bb54f885ace8d0464c00ec6",
                "a825ec2255b662de3b5c41d57790de5bc59c292575a9f2b142d6b45e3345f0e9",
                "24be83d53b16217e78a17089cec7426fba679ced15e8f790b6aa7f4e00442412",
                "0a39888b94f1bf56d88a7904c1e063e6a31ec5b4e0ff58de4d959f5fd0a4b6fb",
                "d3bcfcd6bdad7fbf17134ce928ccb7f145aadbed207c58864222d945aa60fdd4",
                "cc6de7398285bfdfe5ff1b64d9d1b553aad27cd4365be05808d7de36c1411953",
                "081aa6220d8bd0a732c59d9d785a5cd954aa1993e3a8bc958301855fe7314e9d",
                "729110d5b4d41dcaa11aa550e64869050dd1de69b8074c1d0125949d3b45cc12",
                "49f2ae74112662d67b008836b8ecc9d95d6d413c82ba7a7243e97cd3722581da",
                "c72c3dd033d7bcd9c392d44072105f5b23d36c3e1d4a53c4ddf7a35724f48605",
                "54271c7702e1d79c31bd56d780850ba72b9e4f57ea29f1f9623c64de239e668b",
                "7a2b211fc29f4b09f8ae5677067202e375ac4fae5ba9abefb6461e3522ee08e6",
                "80402ea92a55dabc753954b85cf03376beb4b9733e0d04e110350680f4ef4a58",
                "b51ed82d8743a1b69b39f9a15cdc199db38f6069a6cd4eb136a1cd5adbda426d",
                "b8a73a2dbc271bc990d489170b417e3bb499bff60988f6f088cc9f6f8263d3bc",
                "b7d6d967922ceaf53bb7dca6a4805fd4670f0f16c06715564ca6bae4149fc4f9",
                "5f4d69acfd51cf30a4f2f8eb9c9c7896575c248061e13ff04d8ae4287c5cb3e3",
                "accad2eb016a7018cf34440fefa06af744a5860fa17e471fcc34c901502136d2",
                "f7e9b5e3684bcf8968750e295f77f1ba2dfd449e733a39bf4a174b193a36c6e4",
                "056a53302326aca03ce643f3d150474d8535ca85049dd01bc31336e8ad66e14b",
                "3920cd2d9f81ab4591a4869c95f02ec560cfd13e78d7e228fcbc71a63e292121",
                "5275ac69bb6435c141f2edf7383fe9ddc6238b9ef1563843f41985e54d552958"
            ],
            "type": "Script",
            "firstPartyCookies": {},
            "firstPartyCookiesSent": {},
            "exampleSites": [
                "xnxxstepmom.com",
                "other.wiki",
                "fapdig.com",
                "online-photo-converter.com",
                "www.bitporno.com",
                "ru.other.wiki",
                "wwwxxx.uno",
                "nudostar.com",
                "nl.other.wiki",
                "de.qaz.wiki",
                "videoara.ws",
                "epicube.su",
                "es.other.wiki",
                "zvideox.ru",
                "javseen.tv",
                "it.qaz.wiki",
                "www.javhd.today",
                "tamilsex.uno",
                "it.other.wiki",
                "pornbraze.com"
            ]
        }
    ],
    "categories": [],
    "performance": {},
    "cookies": 0,
    "types": {
        "Script": 36
    },
    "nameservers": [
        "ns2.topdns.me",
        "ns3.topdns.me",
        "ns1.topdns.me"
    ]
}