{
    "domain": "plavxml.com",
    "owner": {},
    "source": [
        "DuckDuckGo-US"
    ],
    "prevalence": 0.000208,
    "sites": 30,
    "subdomains": [
        "vxml4"
    ],
    "cnames": [],
    "fingerprinting": 1,
    "resources": [
        {
            "rule": "plavxml\\.com\\/sited\\/ref\\/ctrk\\/114",
            "cookies": 0.0000277,
            "fingerprinting": 1,
            "subdomains": [
                "vxml4"
            ],
            "apis": {
                "Document.cookie getter": 3,
                "Date.prototype.getTime": 3
            },
            "sites": 4,
            "prevalence": 0.0000277,
            "cnames": [],
            "responseHashes": [
                "4afc464e079479fec5722612735e95aae37beb711a22ee779da01b30b98270e6"
            ],
            "type": "Script",
            "firstPartyCookies": {},
            "firstPartyCookiesSent": {},
            "exampleSites": [
                "optus.com.au",
                "devicehelp.optus.com.au",
                "www.optus.com.au",
                "yescrowd.optus.com.au"
            ]
        },
        {
            "rule": "plavxml\\.com\\/sited\\/ref\\/phnumint_md_gp\\.jsp",
            "cookies": 0.000111,
            "fingerprinting": 1,
            "subdomains": [
                "vxml4"
            ],
            "apis": {
                "Document.cookie setter": 15
            },
            "sites": 18,
            "prevalence": 0.000125,
            "cnames": [],
            "responseHashes": [
                "eb58f418e101d519a5952546392cff0ae994e907d224f378a393feb5fdf387c0",
                "640fde56d644e66e9e3cd2336e48bdda75100bcff4cb23b56edb8467dd8b7090",
                "13ffd749ab4e9555a8b71f2e93d7177650bfcb829f2e899c12830e123cab0713",
                "fb6c01d11c30e31e615024d16bc6f758598ef316c945c9ab3170c1a6dc193186",
                "a8c39156b9611a86a5d5e21a4616b3ff4ecc383bf2fb0b38c03161aa6818a112",
                "c7fe12f35a6033c606e48b57eda8a423303d7d3861639ec927dcaf4ff499eb29",
                "f89fb443383ffbab180e961c7ac9b42f92d033f0154af6f62a2dc6c7271b72dd",
                "bd6b2d5a3bc7d6847805ce9789a9ac24ef60474a4d9afaea70308859640f7bec",
                "90f59a8effc31eab45df49b5d9fff675ca2c75d429e8274766f7ff2015716f91",
                "ba13dfbfb6937e4984ca4120ca1ec187687940cde7ff1d784d0fb53fb11f089f",
                "47e48034d7f8b673b9005b1a624870f50ff88ee2dfb3cd64a2cdd1c8059d382d",
                "22087f15b70eb9e3e17dad2f18d70bcdfa21b8ef1c0fe214fe5e84b6267b064b",
                "f5572021ba2858fb92ab7bd5db6c4281f6e145775d296205e686744c98700aeb",
                "c31ae897d156afbd90fc6e540b9d47e404eecd7064d840565942fe5c44f2399c"
            ],
            "type": "Script",
            "firstPartyCookies": {
                "delaconsessid": {
                    "ttl": null,
                    "length": 32,
                    "prevalence": 0.00010396667521503775,
                    "uniqueness": 1
                },
                "delaconphonenums": {
                    "ttl": null,
                    "length": 53,
                    "prevalence": 0.00003465555840501258,
                    "uniqueness": 1
                },
                "delaconphonenums_0": {
                    "ttl": null,
                    "length": 4013,
                    "prevalence": 0.000006931111681002516,
                    "uniqueness": 1
                },
                "delaconphonenums_1": {
                    "ttl": null,
                    "length": 4018,
                    "prevalence": 0.000006931111681002516,
                    "uniqueness": 1
                },
                "delaconphonenums_2": {
                    "ttl": null,
                    "length": 328,
                    "prevalence": 0.000006931111681002516,
                    "uniqueness": 1
                }
            },
            "firstPartyCookiesSent": {
                "IR_gbd": 0.000006931111681002516
            },
            "exampleSites": [
                "optus.com.au",
                "devicehelp.optus.com.au",
                "luxuryescapes.com",
                "www.aami.com.au",
                "www.bridgestone.com.au",
                "www.bupa.com.au",
                "www.flightcentre.com.au",
                "www.foxtel.com.au",
                "www.heritage.com.au",
                "www.intrepidtravel.com",
                "www.mebank.com.au",
                "www.medibank.com.au",
                "www.mynrma.com.au",
                "www.optus.com.au",
                "www.shannons.com.au",
                "www.suncorp.com.au",
                "www.thewatchbox.com",
                "yescrowd.optus.com.au"
            ]
        },
        {
            "rule": "plavxml\\.com\\/sited\\/ref\\/integration\\.jsp",
            "cookies": 0.000104,
            "fingerprinting": 0,
            "subdomains": [
                "vxml4"
            ],
            "apis": {},
            "sites": 16,
            "prevalence": 0.000111,
            "cnames": [],
            "responseHashes": [
                "e3b0c44298fc1c149afbf4c8996fb92427ae41e4649b934ca495991b7852b855"
            ],
            "type": "Script",
            "firstPartyCookies": {},
            "firstPartyCookiesSent": {
                "_ga": 0.0001386222336200503,
                "delaconsessid": 0.00010396667521503775,
                "gaClientId": 0.000006931111681002516
            },
            "exampleSites": [
                "optus.com.au",
                "devicehelp.optus.com.au",
                "luxuryescapes.com",
                "www.aami.com.au",
                "www.bridgestone.com.au",
                "www.bupa.com.au",
                "www.flightcentre.com.au",
                "www.foxtel.com.au",
                "www.intrepidtravel.com",
                "www.mebank.com.au",
                "www.medibank.com.au",
                "www.optus.com.au",
                "www.shannons.com.au",
                "www.suncorp.com.au",
                "www.thewatchbox.com",
                "yescrowd.optus.com.au"
            ]
        },
        {
            "rule": "plavxml\\.com\\/sited\\/ref\\/ctrk\\/1257",
            "cookies": 0.00000693,
            "fingerprinting": 1,
            "subdomains": [
                "vxml4"
            ],
            "apis": {
                "Document.cookie getter": 1,
                "Date.prototype.getTime": 1,
                "window.localStorage": 1
            },
            "sites": 3,
            "prevalence": 0.0000208,
            "cnames": [],
            "responseHashes": [
                "4aa8dd2a4ec83d6fc1f862ffcf2b4991831c43512c0fa25ccca11461591f303a"
            ],
            "type": "Script",
            "firstPartyCookies": {},
            "firstPartyCookiesSent": {},
            "exampleSites": [
                "suncorpbank.com.au",
                "internetbanking.suncorpbank.com.au",
                "www.suncorp.com.au"
            ]
        },
        {
            "rule": "plavxml\\.com\\/sited\\/ref\\/ctrk\\/1178",
            "cookies": 0.0000139,
            "fingerprinting": 1,
            "subdomains": [
                "vxml4"
            ],
            "apis": {
                "Document.cookie getter": 2,
                "Date.prototype.getTime": 2,
                "window.localStorage": 2
            },
            "sites": 2,
            "prevalence": 0.0000139,
            "cnames": [],
            "responseHashes": [
                "e8dbd199145c18bd8c29bb3d48027ca141ef3cb4b6d48e28a2aa168c59ddffa0"
            ],
            "type": "Script",
            "firstPartyCookies": {},
            "firstPartyCookiesSent": {},
            "exampleSites": [
                "aami.com.au",
                "www.aami.com.au"
            ]
        },
        {
            "rule": "plavxml\\.com\\/sited\\/ref\\/integration\\.jsp",
            "cookies": 0.0000485,