{
    "domain": "pollster.pl",
    "owner": {},
    "source": [
        "DuckDuckGo-US"
    ],
    "prevalence": 0.000213,
    "sites": 28,
    "subdomains": [
        "exchange",
        "content",
        "cdn2"
    ],
    "cnames": [],
    "fingerprinting": 1,
    "resources": [
        {
            "rule": "pollster\\.pl\\/",
            "cookies": 0.000114,
            "fingerprinting": 1,
            "subdomains": [
                "exchange"
            ],
            "apis": {
                "Date.prototype.getTime": 15
            },
            "sites": 15,
            "prevalence": 0.000114,
            "cnames": [],
            "responseHashes": [
                "b78badd62a2ff61b73c0b25676ab117002717ade1519a0c570610bfdc37a1f6c",
                "a1edca68865fe122390c2fcf8c7154ac85454924e878f8ccfc00ac261e2e8458",
                "c28df5ea8e9c0ab7bea3c2c503a7cd9699b357f1e9e38bb9c094bb2cf6ca42e3",
                "b1a94415eef32c0f152de41354906b2a47e2cb805a5c745c4e7cc81f71b0a108",
                "74f2b44848186194acbf711ec8ed6cde375d7491e0b140ea4f26342d2d759759",
                "e358c9475469668417853bc500118e1460ef028ceb894a4318169ce00934e993",
                "99fa6d17087b08ccf892c5b56b95ab2ee77c5f2176a2b6259fbb6bcd56fc86d3",
                "36bd28f27e79e996f1005be2b40e69c16c82511c05958959f40fcdb85dae3310",
                "b9d2c606c1dabe1092606027da99cf0886692df48f11b8d0c3b8edb1fd5eaf6c",
                "2b40ee38417e50114e342271bb05698cd2fc557d1b5e3a87ccdad814dadc7b31",
                "8a595a7d1bda4ddbc592d1da7690c24b5a77526e728ead51d97eb58076626295",
                "f0c0e88f8d680ed3c89d9d7a9849fe2aeb5926c8b86d6b9e54d97eb2c2c68121",
                "cc3baa6419f803e014687abecf041b18a9ddb18c83801c780b65375c058cacf6",
                "90eb2894d97ebd9a8268be2ff5571bd146f84899ebdd91556f56bf791e0546fa"
            ],
            "type": "Script",
            "exampleSites": [
                "aniaradzi.pl",
                "beszamel.se.pl",
                "fajnyogrod.pl",
                "forum.muratordom.pl",
                "kb.pl",
                "lubimyczytac.pl",
                "muratordom.pl",
                "superbiz.se.pl",
                "teksty.org",
                "wformie24.poradnikzdrowie.pl",
                "www.eska.pl",
                "www.mjakmama24.pl",
                "www.poradnikzdrowie.pl",
                "www.se.pl",
                "www.urzadzamy.pl"
            ]
        },
        {
            "rule": "pollster\\.pl\\/",
            "cookies": 0.000114,
            "fingerprinting": 0,
            "subdomains": [
                "content"
            ],
            "apis": {},
            "sites": 15,
            "prevalence": 0.000114,
            "cnames": [],
            "responseHashes": [
                "42b976597a2d977d0e300f6d06bc903db389e5c112d33c1c8c249690a522d9f2"
            ],
            "type": "Image",
            "exampleSites": [
                "aniaradzi.pl",
                "beszamel.se.pl",
                "fajnyogrod.pl",
                "forum.muratordom.pl",
                "kb.pl",
                "lubimyczytac.pl",
                "muratordom.pl",
                "superbiz.se.pl",
                "teksty.org",
                "wformie24.poradnikzdrowie.pl",
                "www.eska.pl",
                "www.mjakmama24.pl",
                "www.poradnikzdrowie.pl",
                "www.se.pl",
                "www.urzadzamy.pl"
            ]
        },
        {
            "rule": "pollster\\.pl\\/nw\\.js",
            "cookies": 0,
            "fingerprinting": 1,
            "subdomains": [
                "cdn2"
            ],
            "apis": {
                "Date.prototype.getTime": 4,
                "Document.cookie getter": 2
            },
            "sites": 4,
            "prevalence": 0.0000304,
            "cnames": [],
            "responseHashes": [
                "8ac2c77acc415984dc4e1c1283a66a0839bb286266ccefe2e02a8d26ceab41d4"
            ],
            "type": "Script",
            "exampleSites": [
                "se.pl",
                "forum.muratordom.pl",
                "kb.pl",
                "lubimyczytac.pl"
            ]
        }
    ],
    "categories": [],
    "performance": {
        "time": 1,
        "size": 1,
        "cpu": 0,
        "cache": 3
    },
    "cookies": 0.000205,
    "types": {
        "Script": 19,
        "Image": 15
    }
}