{
    "domain": "pollster.pl",
    "owner": {},
    "source": [
        "DuckDuckGo-US"
    ],
    "prevalence": 0.000193,
    "sites": 28,
    "subdomains": [
        "cdn2",
        "exchange",
        "content"
    ],
    "cnames": [],
    "fingerprinting": 1,
    "resources": [
        {
            "rule": "pollster\\.pl\\/nw\\.js",
            "cookies": 0,
            "fingerprinting": 1,
            "subdomains": [
                "cdn2"
            ],
            "apis": {
                "Document.cookie getter": 16,
                "Date.prototype.getTime": 16
            },
            "sites": 16,
            "prevalence": 0.00011,
            "cnames": [],
            "responseHashes": [
                "6579451363266ce4b2eaba0bcbc5230e1f68277d8662f93bc702f706adadb478"
            ],
            "type": "Script",
            "firstPartyCookies": {},
            "firstPartyCookiesSent": {},
            "exampleSites": [
                "aniaradzi.pl",
                "beszamel.se.pl",
                "encyklopedia.pwn.pl",
                "fajnyogrod.pl",
                "forum.muratordom.pl",
                "kb.pl",
                "lubimyczytac.pl",
                "muratordom.pl",
                "sjp.pwn.pl",
                "sport.se.pl",
                "superbiz.se.pl",
                "teksty.org",
                "www.eska.pl",
                "www.mjakmama24.pl",
                "www.poradnikzdrowie.pl",
                "www.se.pl"
            ]
        },
        {
            "rule": "pollster\\.pl\\/",
            "cookies": 0.000103,
            "fingerprinting": 1,
            "subdomains": [
                "exchange"
            ],
            "apis": {
                "Date.prototype.getTime": 15
            },
            "sites": 15,
            "prevalence": 0.000103,
            "cnames": [],
            "responseHashes": [
                "299ef3113cb2d81bda69948a80168c53bb7d83547334328e29887f624d864b29",
                "251562191a77fdcb9bdce26ca31348a01a572a2a39257b6512c1cd4b6f675dc9",
                "a726e1f45558c5c46ce86cbee50fa61dc346d670ea4adb810f5e60f2e8666f0e",
                "4ae6195c34d3f1d060e9e829203ecbdfe3cbcd5232850f1c377d140f8b78d246",
                "7934ce5e73a42de95e62a88dbab2748253657b845b5d111c43a1f5f189a6df23",
                "64e4a35171c50d197c8c880c97a7258ddb3d0d44d957eb84f4d4cfad93901de6",
                "67b16f297c094bf2d7a73bdd8318a035e9c0719d4915913ebbff4e8ced1f9a08",
                "c9bca618cc519e4d7f1395c09b1a1b14cb12a2a2ccb36e5f34ce8aa23b4e5b9e",
                "0e0b643ffca970ef2bc56f79d09a6ccdc556b083dd8756a930bc10220ce748c1",
                "a2033a6d646ce6ae14fd61b439260fc85ece194038378746b873142a498e520a",
                "c4722b02b4eb6a02987558b0a0f326c55a6f12799cdfd97f67c9f78809727a69",
                "75679dbf7b50b23220eec2d2fac58dc07ddc6770575aa4df090b13540605abbf",
                "bf5e176c4bf279d44d36a56a6754ad399a8158ba183ef11eb4b6b044672ac85f",
                "feaa2d826cc1e98ae1c91924a59b97343e07a50c9e811b063228f8de1bf18eed"
            ],
            "type": "Script",
            "firstPartyCookies": {},
            "firstPartyCookiesSent": {},
            "exampleSites": [
                "aniaradzi.pl",
                "beszamel.se.pl",
                "encyklopedia.pwn.pl",
                "fajnyogrod.pl",
                "forum.muratordom.pl",
                "kb.pl",
                "muratordom.pl",
                "sjp.pwn.pl",
                "sport.se.pl",
                "superbiz.se.pl",
                "teksty.org",
                "www.eska.pl",
                "www.mjakmama24.pl",
                "www.poradnikzdrowie.pl",
                "www.se.pl"
            ]
        },
        {
            "rule": "pollster\\.pl\\/",
            "cookies": 0.000103,
            "fingerprinting": 0,
            "subdomains": [
                "content"
            ],
            "apis": {},
            "sites": 15,
            "prevalence": 0.000103,
            "cnames": [],
            "responseHashes": [
                "42b976597a2d977d0e300f6d06bc903db389e5c112d33c1c8c249690a522d9f2"
            ],
            "type": "Image",
            "firstPartyCookies": {},
            "firstPartyCookiesSent": {},
            "exampleSites": [
                "aniaradzi.pl",
                "beszamel.se.pl",
                "encyklopedia.pwn.pl",
                "fajnyogrod.pl",
                "forum.muratordom.pl",
                "kb.pl",
                "muratordom.pl",
                "sjp.pwn.pl",
                "sport.se.pl",
                "superbiz.se.pl",
                "teksty.org",
                "www.eska.pl",
                "www.mjakmama24.pl",
                "www.poradnikzdrowie.pl",
                "www.se.pl"
            ]
        }
    ],
    "categories": [],
    "performance": {
        "time": 1,
        "size": 1,
        "cpu": 0,
        "cache": 3
    },
    "cookies": 0.000179,
    "types": {
        "Script": 31,
        "Image": 15
    },
    "nameservers": [
        "dns3.supermedia.pl",
        "dns1.supermedia.pl",
        "dns2.supermedia.pl"
    ]
}