{
    "domain": "potwm.com",
    "owner": {},
    "source": [
        "DuckDuckGo-US"
    ],
    "prevalence": 0.000788,
    "sites": 115,
    "subdomains": [
        "pt"
    ],
    "cnames": [],
    "fingerprinting": 1,
    "resources": [
        {
            "rule": "potwm\\.com\\/natlf\\/lf\\/ch\\/",
            "cookies": 0.000103,
            "fingerprinting": 1,
            "subdomains": [
                "pt"
            ],
            "apis": {
                "Date.prototype.getTime": 8
            },
            "sites": 24,
            "prevalence": 0.000164,
            "cnames": [],
            "responseHashes": [
                "ee01b15d4bcdc82c9134abebf4f8f550181c02e95833e614e2429365042ed7bb",
                "b96cae18aada8224d55b951c1749073a46607e8e0420e176d35a5dd93abbef60",
                "cae9ae51cf4330ea8bd7f2c5b5c3f6ecdf35bb1288884f0d248019c765a83cb5",
                "bb96beb131aa7307aaf1220e691635aa51cf26d4bb9d6beaa369435d0326dd77",
                "a03f40a6a7f16e263dea7457ccad5d5b87744866f2bf8317fc0e2babba3ed0d9",
                "7531eae94a2d92f6e3c072e3b49638a53428b1cf64714103b17ad6580fa533b8",
                "80644df44004588760334da692f81650be93337745587e85c86e8b8dcad90d71",
                "dda790bba61b896ffef064ae7a4d65c95b68b8c284145839ba2680edcba19884",
                "4945096fd3c9539f7d3e835eed83908443bcf7a8083ef0847ec99606802ecb07",
                "cd21fefa2705e17f400cdc879db4a1531ccfc6345d41a72d9f18c6c6e0f2e74c",
                "790b734db059fade3b67ddbdc644a49db8f8196071093c0f495e50c5def2a8f4",
                "18fead89740f2f0a6b8479927f6abd04cf118c7cdd5882f7a1bf0a2471c5640a",
                "fd4f573dfdf4a2dd46ab97b6dfb91d7b8abee96b0b24c7b5933547612fb02e0c",
                "605b79f26cb22fba5c50f4cf5445a85eb4c5379e86e53dd917729062845c28df",
                "72b204879a0b6f97b3488c26da39ae27d05dd83cb11da73bfabd1899a2af2abe",
                "f04f3826267af772a2beb9fb7790841d4079b505c2ff83b96d26d8dc234d1819",
                "c2f2c004a81db54f795366be2bd3084e66f314df7c7afc255e70f7650edbc136",
                "84f0a84cb8b9f243a866cc058a2cc5711c3062a4f36c7c130bf8e2595b646196",
                "ab96e4e2de3c373ac583eb0f25cc2110366fd014e06981ea8f6b526be948ccf4",
                "3e5671bccd8bdfd466a6ecc20fd8ae5fda67a6f7a988bf9968fd42ecef4ff1ba",
                "e29d3c3834ccac0e8db6f345d8b6b5415d7dcd513aa970c7069cefe269dcc0ef",
                "66ef99bc942ba0530acb7e5970dcad0f08473688cea1638685c2e577e07322ad",
                "f12474497987bdc1b2e0af6f4e897f148d2c7c6c99fae51b0d2d21eff6bf95cd"
            ],
            "type": "Document",
            "firstPartyCookies": {},
            "firstPartyCookiesSent": {},
            "exampleSites": [
                "5vv5.com",
                "lustboard.org",
                "bondagevalley.cc",
                "xtime.video",
                "xjona.com",
                "gtstube.com",
                "www.lolteentube.com",
                "sgnow.to",
                "xxnxx3.club",
                "colegialasreales.com",
                "porncomicsfree.net",
                "fivestarpornsites.com",
                "www.ratedgross.com",
                "datingsitespot.com",
                "www.persiankitty.com",
                "yehporn.com",
                "onlypremium.me",
                "www.datingpornstar.com",
                "www.seemyporn.com",
                "pixxxels.cc"
            ]
        },
        {
            "rule": "potwm\\.com\\/live-feed\\/fk\\/",
            "cookies": 0.000206,
            "fingerprinting": 1,
            "subdomains": [
                "pt"
            ],
            "apis": {
                "Date.prototype.getTime": 30
            },
            "sites": 31,
            "prevalence": 0.000212,
            "cnames": [],
            "responseHashes": [
                "774c1465332f0109e29a65b46c5ad8d9bf281111e79f99920d0d6062fad1ead3",
                "13d1d8b1be4318d0719aa8958e8fbdac4c90b0c97b57fd3f037b20da3559bd64",
                "e147ae26caa5653350f5f95a3006ef6489ad80c9e8185ee7461c53752bae5b97",
                "c2e47415911bffb12f46f6a7a6c2bc811ba0fa26fc064d2fdf03f047b8a29454",
                "45c9f4f4bcc6325eba1dd7d9335e08789409ec88268798dac1daeddf68938efb",
                "c42b1e55800c2faefbb472fa47b8d2044416477d40e36da72365b3f2c1c864da",
                "62d2b65d7b8bf3bcaf650b3db8e716952e493242cd67169ff5c3fb123fbbf6c2",
                "ff55a626dd99ae826db15b1a30af699cb342446fed68395dcf879a8126b5365d",
                "b689f7086a85b6e9e8e74853d4541266ed8063097755a6f05000d1e3e671c2f3",
                "2b19c6e19f4aedc150cb9328a1cdf6320d4c1b446fa1329ad06b705b84107867",
                "a73f64f082971fb4d2595a0a14cc285bd3c8f55fa389083517eefa6e303f21f5",
                "07f2bee3b58d0441fab80b46213d6aef788c55a35edc771858d694353192301e",
                "8ab63c4b9e64c0c6e566e43d5499db98ce3090e2a7815a0ef63d26ad909d8dba",
                "3c449965dda2cf0fa45b27b81dde37df0e77dea4961517aea2bd1b999003003a",
                "d153a9a26850d02aa1aaa1c4e991451e931f920ce86590f2625b7dcfac670793",
                "5220aa6b68bae429ba784ea3499208e191a71498af1e6a7d01d10a768dafef01",
                "cbe2efd4f6ae2b588403b343477675573aa8be18ae1f0c54a10f4267b8114388",
                "e74296d8785d87b7fac5a1ac8222524be79c1a60de7fd9b69d9493c1078103af",
                "06dc739ca7eaecae420e9c3535a1a9d4558145ca4a3c54ef1b4daefac0138df2",
                "2b4628d9c461f3d1192ae95badaa0bbfdd232550394cd3cecdbe10a3833e836d",
                "c5cd05566deb99ee563b17782fe1610367f7f248b0f481de6521265e72c7a45f",
                "b744f0d5e3c4f798ed7f2d50be6e8587baf8814f453806f849a82008a43b95c5",
                "50640874d3038e146a0899600d27a50592700c4faa34e22d3483f08beed1f9e6",
                "2ae4fae4fadd4e57b704682f65d6d62004b9ed82bb3b455111b0ac7c4fe8029b",
                "3bf87ccf4da16fbed98b91aa640534bfaced5abcc0a22a48cec491659bc9768c",
                "5b687659cdf7fcb431d786a8771d21b80c2a1e1887203c81111867a0135a3586",
                "efd684564aadc7354226013c6ff8e16ca7d55474bc2397f8096c7170954806cd",
                "28224265a7dd3bde2aefec50d609abc0bd670024de4b411c9b7fab2d2f393052",
                "1f4597f3262d612e13b2c87776d3746ea10c7eaa8b93230aa05d5e48585acd18"
            ],
            "type": "Document",
            "firstPartyCookies": {},
            "firstPartyCookiesSent": {},
            "exampleSites": [
                "camhoes.tv",
                "www.cambay.tv",
                "asmhentai.com",
                "www.cambro.tv",
                "mallusex.me",
                "xossipfap.net",
                "javden.net",
                "www.pornxbit.com",
                "imhentai.xxx",
                "camflow.tv",
                "sissyhypno.org",
                "www.ghettotube.com",
                "newsexxxx.com",
                "sex4sex.me",
                "www.javkand.com",
                "8muses.xxx",
                "javhdworld.com",
                "xlamma.com",
                "hentai-toonz.com",
                "www.asspoint.com"
            ]
        },
        {
            "rule": "potwm\\.com\\/live-feed",
            "cookies": 0.000123,
            "fingerprinting": 1,
            "subdomains": [
                "pt"
            ],
            "apis": {
                "Date.prototype.getTime": 18
            },
            "sites": 19,
            "prevalence": 0.00013,
            "cnames": [],