{
    "domain": "project1service.com",
    "owner": {},
    "source": [
        "DuckDuckGo-US"
    ],
    "prevalence": 0.000222,
    "sites": 32,
    "subdomains": [
        "site-api"
    ],
    "cnames": [],
    "fingerprinting": 0,
    "resources": [
        {
            "rule": "project1service\\.com\\/v1\\/actors",
            "cookies": 0.0000901,
            "fingerprinting": 0,
            "subdomains": [
                "site-api"
            ],
            "apis": {},
            "sites": 13,
            "prevalence": 0.0000901,
            "cnames": [],
            "responseHashes": [],
            "type": "Preflight",
            "firstPartyCookies": {},
            "firstPartyCookiesSent": {},
            "exampleSites": [
                "brazzers.com",
                "www.babes.com",
                "www.bellesafilms.com",
                "www.bellesahouse.com",
                "www.digitalplayground.com",
                "www.digitalplaygroundnetwork.com",
                "www.men.com",
                "www.mofos.com",
                "www.propertysex.com",
                "www.realitykings.com",
                "www.seancody.com",
                "www.transangels.com",
                "www.twistys.com"
            ]
        },
        {
            "rule": "project1service\\.com\\/v1\\/actors",
            "cookies": 0.0000901,
            "fingerprinting": 0,
            "subdomains": [
                "site-api"
            ],
            "apis": {},
            "sites": 13,
            "prevalence": 0.0000901,
            "cnames": [],
            "responseHashes": [
                "8115b57682656b106ad0269d3c30a73996d1d1a9640b7ff2dd53f2fd51495d56",
                "d8b0bb97071aeb8a4e1b30d8b08742127d1ddf88ec1b2b9e658d68d8f33a2531",
                "da541808afcffe403239daa2a9075de862526f8ce2a1fac13a9e911c9f9d74c4",
                "c921a90302744ae4d675e40d496c849879a7f455ab98d81753e78567ca8851de",
                "411fc0ebbb54bfed0a69e8bcaa6b243c4316bd87bfdd836e9cd8847bc2b046a4",
                "6890f7973970466165529f3f0d2ea0c2e3c35801febab4fe7f5cfe80ec418f4c",
                "6fbe1115a4a2fe8749cdd9e31c733c04b2767232265cd2d623e35d80544b96fc",
                "88363f0b0afcf01bb5634b78fafd6ba388f1727a7eaf0d6e92bcec5d95800e56",
                "138f99c1c5ee7895db8f2c02fede153d47ebe162509cab632cdb7bb6080d1ac5",
                "e2606aab4135fdc616645945d5609effc5332f74ab3c40287e221f3e56f3b4bb",
                "79534d20c2232aae34bacd4091a92f19fb1fd25939b109b65c044c1180b95c72",
                "6d64f3c6b158eaaf1915fbfc598b321e04dae97524fb76ed97106d53c7748f36"
            ],
            "type": "XHR",
            "firstPartyCookies": {},
            "firstPartyCookiesSent": {},
            "exampleSites": [
                "brazzers.com",
                "www.babes.com",
                "www.bellesafilms.com",
                "www.bellesahouse.com",
                "www.digitalplayground.com",
                "www.digitalplaygroundnetwork.com",
                "www.men.com",
                "www.mofos.com",
                "www.propertysex.com",
                "www.realitykings.com",
                "www.seancody.com",
                "www.transangels.com",
                "www.twistys.com"
            ]
        },
        {
            "rule": "project1service\\.com\\/v2\\/releases",
            "cookies": 0.000125,
            "fingerprinting": 0,
            "subdomains": [
                "site-api"
            ],
            "apis": {},
            "sites": 18,
            "prevalence": 0.000125,
            "cnames": [],
            "responseHashes": [],
            "type": "Preflight",
            "firstPartyCookies": {},
            "firstPartyCookiesSent": {},
            "exampleSites": [
                "babes.com",
                "www.babes.com",
                "www.bellesafilms.com",
                "www.bellesahouse.com",
                "www.brazzers.com",
                "www.digitalplayground.com",
                "www.digitalplaygroundnetwork.com",
                "www.fakehub.com",
                "www.faketaxi.com",
                "www.hentaipros.com",
                "www.men.com",
                "www.mofos.com",
                "www.propertysex.com",
                "www.publicagent.com",
                "www.realitykings.com",
                "www.seancody.com",
                "www.transangels.com",
                "www.twistys.com"
            ]
        },
        {
            "rule": "project1service\\.com\\/v2\\/releases",
            "cookies": 0.000125,
            "fingerprinting": 0,
            "subdomains": [
                "site-api"
            ],
            "apis": {},
            "sites": 18,
            "prevalence": 0.000125,
            "cnames": [],
            "responseHashes": [
                "8a0f59b76243d2b1f8dab482fc57b4f9cc5d6fb5861d4f883a754af2700047ac",
                "7b141564f2b0273418ec52e60e1f800948b72d69adb186fc509272fd4f9905bd",
                "909c522865013a99fa3b8a9527991594ae23d1d960aa354abcdd054db349d0dd",
                "cd9e3d86e9ee1156ac10ac3c18ef451b6fa28e25e12f31518ae9e30eee1b4cdc",
                "dbfd3a9614a2adc566e95a9288e5786d164320ba7237a8c54fca8692d8b456f9",
                "4f88da4962e93e776c997671b1cc134980c7a74a6167c2433123ccf1d05fbbac",
                "3d2783af3e75400384806ba83d84c152f596e8d4f41fd479b660ab0142fe3ff4",
                "e866f8f89b6a3b5559b899d8eb7e0d3e92af3f1d6145d51f58979aaba86dd3ac",
                "3489ba543ac45d2bae128a9602daf89bad420405e51eba518c3263324528e0cb",
                "c0e10f93ea3d0584a74b7c5bb909001de171a682ff8d28edbe1c07fbf3848bcf",
                "69ae2d610fa201fea37180de596e90b2f1c3a94f0a5b9050af03188d620cfe49",
                "c67f9a191b8e3744d5d1a9390b3481bb8ea2df45cceb4478cb6da2b1edd4d87a",
                "8aa1d6590c55bedfe26ee5b42492145b1ff2dc1051038a6e042685bc2198fbdb",
                "f92ce5aac343d2039c019e34ffb584485847513d3ac0c653685ac8a200ead76b",
                "30245b543b885b9164ff3d5e943926063748d2005a4bb9015aca07906f41a0b0",
                "dfec7dbb809d80bd564543cd974b16d444b9255bcc824f7a54a8e1751bc6589d",
                "2f3365841dd15a58be41085b6aafa183fc0c89c2433dca370b99c6fabfb87f63"
            ],
            "type": "XHR",
            "firstPartyCookies": {},
            "firstPartyCookiesSent": {},
            "exampleSites": [
                "babes.com",
                "www.babes.com",
                "www.bellesafilms.com",
                "www.bellesahouse.com",
                "www.brazzers.com",
                "www.digitalplayground.com",
                "www.digitalplaygroundnetwork.com",
                "www.fakehub.com",
                "www.faketaxi.com",
                "www.hentaipros.com",
                "www.men.com",
                "www.mofos.com",
                "www.propertysex.com",
                "www.publicagent.com",
                "www.realitykings.com",
                "www.seancody.com",
                "www.transangels.com",
                "www.twistys.com"
            ]
        },
        {
            "rule": "project1service\\.com\\/v2\\/release-filters",
            "cookies": 0.0000347,
            "fingerprinting": 0,
            "subdomains": [
                "site-api"
            ],
            "apis": {},
            "sites": 5,
            "prevalence": 0.0000347,
            "cnames": [],
            "responseHashes": [],
            "type": "Preflight",
            "firstPartyCookies": {},
            "firstPartyCookiesSent": {},
            "exampleSites": [
                "bellesafilms.com",
                "www.bellesahouse.com",
                "www.fakehub.com",
                "www.propertysex.com",
                "www.seancody.com"
            ]
        },
        {
            "rule": "project1service\\.com\\/v2\\/release-filters",
            "cookies": 0.0000347,
            "fingerprinting": 0,