{
    "domain": "projectagoraservices.com",
    "owner": {},
    "source": [
        "DuckDuckGo-US"
    ],
    "prevalence": 0.000466,
    "sites": 68,
    "subdomains": [
        "ads"
    ],
    "cnames": [],
    "fingerprinting": 1,
    "resources": [
        {
            "rule": "projectagoraservices\\.com\\/",
            "cookies": 0,
            "fingerprinting": 1,
            "subdomains": [
                "ads"
            ],
            "apis": {
                "Date.prototype.getTime": 29
            },
            "sites": 51,
            "prevalence": 0.000349,
            "cnames": [],
            "responseHashes": [
                "ee48dae6a798469cc2e1705cbe6ee7dc415dbecbb72262ec3c56c97836be2ac2",
                "7e420ed112fdb05030fdb73dd6e1b5b11fbe8bf34a82ea8c584a4f2f7eba6a8b",
                "e43ca9fd67185cec7b0f4c74083c2c9d35a3a94ed400a5b857635ba4b16e7cb9",
                "d8e5b86f7351bce8814d60bb45ae146a12c366f94d5aeaf505e06e9bbec5bd1a",
                "80eb1a910390fc1603c7cab73e43c8d5be1e779179888ca446b1c2b012b72b41",
                "df207025193f05df1d805d9bbcb2f794ab48e93edff1b6fee7e3c3a519009866",
                "e597f3e195ff6337b7d4fdf8902a04d738398098254d87687954ebbc4252e5c2",
                "826810de8a0b1bbc279e335f5003ed5c4983a52fc6956ad182cf14a1215d6245",
                "53ba0b4b14c432495746da6528cd3e409654001d069cd4d22277f991b9b1f402",
                "95504b6218a41cfad147565db9d9b670cf8468f83b6a5f65610f45d98f735a8e",
                "310432c4cf8c3e3e5b3eb043092e38e9882a54872bf30e740ba43530f7b8e83d",
                "96bc51510c7ec2a80ddff48110c36449b3b5d637e72148532add7e57039b3e84",
                "fb0085249146389f80ca3b1451070872da942dbf1cfb6acb6aed40d2a7ad13b9",
                "77ff6952eab17f5387e38f51ba249bc0aa065525362b384fb998190ddcd7c6fd",
                "e2912056cdb08a58b44b5d807b846be0cfdb00f885ac704a2111827fa3c48938",
                "a00bc2047914dadc0876fbfeed8b28d3209fcb5c7b8e6040ac4efe82f8db156e",
                "a8eaf1b8ac39aea58cb8e3a6e5715ad42051b632092942229c6afd2aa4839af3",
                "474c6306bc5701a91354b96e71c087ee288dda2ec782dc80d1168eeb3809c679",
                "061f842491c3f66713f66faab91e230b1c03ec11c8f706d6ac62081c80556a83",
                "70bd69acd7ec284b57e47e8ddf2488a1334664158af20258ebd9a66d2f445c78",
                "2a8877b3df03d73930ebd6f51bdf60b08ce8a16b6a352b3392b4390e4ed91934",
                "0c82fe2fcf98753fac2b5cf9f483e7a923a79b0905564289ae3f0c5fd71f59c3",
                "c892ba330d3bacd5d6a7751572443b5f79db5922eb30a412e59fe2777d229828",
                "54e0dba79188e44b7d207e3f0738c1c7b15e8069300ffde8cd2dcb8096b14518",
                "fd4ce673c0d76ceb1d320275ee9abd8ca3c8b4f4afcd38c31281f344e1bb4b3a",
                "6a22b3099fcb756ef44f01357bd6a30d13165ef769745c98921a6b0351a85fb8",
                "0fa4f0eaf3267101e61880e594b5ed83bd278d615674c70eeadf072b707ef4b3",
                "8af7468d6d6152d5331ffbe49e07af17c935d4df0bd5d99309cf7d2d68c46e69",
                "3cc5c88375641174daf1ed924b72eb8fbed900a2554687dd99e4c6f28b7809e5",
                "f371371428631e14a3b8c87135ce4fa08ffb5a2a5a6d9eeabb28248068dca0cb",
                "e71d1ba40a2d7ba80a46f85a6188e1bc513c0d4eecf472b25dfc9667e165083d",
                "129c3143997d2eb733211b77e0a35dbe1955f81749146514feb2046806695f04",
                "8072cb5abe14479a9ec56089308c85e0b8c81666c32c8c9be71b1e5ea120d0fa",
                "96b2ce02d5839c9670cb04a2d21163484c243aefba8b948f88e9e3b70f94bed8",
                "d2244ff67be081ae972b0583db25b64179218acd13c1e3ce256a2b779b78dc2f",
                "d30b0c4faa8729a436abf3460fdc56dafa85cd75d6ba90b133dc4b851f2d53df",
                "827348abc3142b8f5d6e63471d4722b385769f5531acc119bdf3ab3911606dbb",
                "c67f01649f378fbb982ce92c6473082b6da7ca0da11c5cf3f30cf5a44f6adac8",
                "9607008040b3933deae3903cfde1ab00fb994ce6ec8bd9af6aab5db9f9b1d72b",
                "fc4bd5ead4b9772a9bd2a59e840886274acf573399d1bf6b7948c4a0255a5d62",
                "69da700f2285164c4ce203593599e1073f3df21751b736ad8e3c39040b0dfc03",
                "bba78d05fd3f094bcc5b3ade67ad64ea2bae9b90d734f3b2751116d539cf0b4c",
                "f29a21b6cf86f9ce3dfdcc5560d9e278958506e559d1dd705243c24071dbb27e",
                "1cfad8df9c9f119be1b3823d9c19344cb4d00170396979da0b118ed27c8d282c"
            ],
            "type": "Script",
            "firstPartyCookies": {},
            "firstPartyCookiesSent": {},
            "exampleSites": [
                "drudgereport.com",
                "www.telegraf.rs",
                "www.doviz.com",
                "www.findglocal.com",
                "www.drudgereport.com",
                "www.gumtree.pl",
                "www.masrawy.com",
                "pik.bg",
                "www.buscapalabra.com",
                "enciclopediadehistoria.com",
                "www.noticiasdegipuzkoa.eus",
                "ww8.readonepiece.com",
                "www.ibtimes.sg",
                "www.odkrywamyzakryte.com",
                "www.finegardening.com",
                "www.baixaki.com.br",
                "poemas.yavendras.com",
                "www.yourtango.com",
                "www.digital-forum.it",
                "sonichits.com"
            ]
        }
    ],
    "categories": [],
    "performance": {
        "time": 1,
        "size": 1,
        "cpu": 0,
        "cache": 3
    },
    "cookies": 0,
    "types": {
        "Script": 51
    },
    "nameservers": [
        "ns-cloud-d2.googledomains.com",
        "ns-cloud-d3.googledomains.com",
        "ns-cloud-d4.googledomains.com",
        "ns-cloud-d1.googledomains.com"
    ]
}