{
    "domain": "projectagoraservices.com",
    "owner": {},
    "source": [
        "DuckDuckGo-US"
    ],
    "prevalence": 0.000631,
    "sites": 91,
    "subdomains": [
        "ads"
    ],
    "cnames": [],
    "fingerprinting": 1,
    "resources": [
        {
            "rule": "projectagoraservices\\.com\\/",
            "cookies": 0,
            "fingerprinting": 1,
            "subdomains": [
                "ads"
            ],
            "apis": {
                "Date.prototype.getTime": 55
            },
            "sites": 63,
            "prevalence": 0.000437,
            "cnames": [],
            "responseHashes": [
                "4164db84c4e084afc4c554e87a95943ad6092e209253cdd011bdb347bdf8a9df",
                "e597f3e195ff6337b7d4fdf8902a04d738398098254d87687954ebbc4252e5c2",
                "3393f9d4be8a3ebe1f08edc812210f2d9809f2f7937eb2e88f988f35389ccc39",
                "d8e5b86f7351bce8814d60bb45ae146a12c366f94d5aeaf505e06e9bbec5bd1a",
                "7de9049f32bf1fe2003465155a7ab1c391d68a522d55e03fad6eebecb8951625",
                "55dc446d3886c54fe8189c14fac349d72f69846aea2f1986e43e40e252b2f26c",
                "a2c1344eaf8592328fcb10e21ae8d844e42e76f6a16b3540ebed6e29643974f9",
                "225f9ac0d15bf826986c0b90cc22411142645bc62cad93cd8ce7781404074674",
                "2b0fab704057577066ffddae27637bd17f32e6ae77a75d03c804ad5bef1bbd7c",
                "96bc51510c7ec2a80ddff48110c36449b3b5d637e72148532add7e57039b3e84",
                "f8a2abff08b1809ea305907f5c7db968078a31ce2a685b3f1859c0c7a3a016fe",
                "fb0085249146389f80ca3b1451070872da942dbf1cfb6acb6aed40d2a7ad13b9",
                "ccfd0a9ca514e4e85a417a436ef2f7a9b0efe7be15f42671819767b044979ff3",
                "31d3e593d310a0a127655679430b4e9e29d56edb5e1b38c9328e7e547cd68cff",
                "a8eaf1b8ac39aea58cb8e3a6e5715ad42051b632092942229c6afd2aa4839af3",
                "76fad66ca1656364dfb376bf6b93ed1e4f68e4c11a5cc8275c13de1f939374f2",
                "a52e4a82dc35a06ddf7d323fd78dfe36932554b2aed3a87ecb9ca27dff75a0bc",
                "2a8877b3df03d73930ebd6f51bdf60b08ce8a16b6a352b3392b4390e4ed91934",
                "103c7ad2e388021c826cc51b53cfa8409e04aaa9cda9f9890026f85e1c6c5798",
                "91e701b9cb6940a2930d783383ba19ccd2c3174e84e0466ad9f3324eb95ba811",
                "6e3589fed79947e34c6af31ac9aaf196a4510d45af30b9cfc4138b153e454ded",
                "50160a752653562fe2db5d355d3c86efc860b4f470d97097aba2c349fd5fca69",
                "636c4fb6daf6b2b35e242dd8226675b8fea52afea8e3f0b387d0a96b9899db99",
                "0260f958e108210288a36dd8366e12ea4a1104dfa33ce983c67238e8fcad018b",
                "b5ee94341f678acbb9fd4a54fba545f66cfe8b8d06007dea8580fddd4351b044",
                "fd4ce673c0d76ceb1d320275ee9abd8ca3c8b4f4afcd38c31281f344e1bb4b3a",
                "117e4d1a54bb6c87c5942bbf8dac8b6a2f577daff7104053426a699e57fdc7d2",
                "471ce3b29b1f2478da86fdb24e82d01051a8b32860e99999cc32a453482d94a8",
                "d8f7e9e1720fdb95235ed0a2127e6849eff85bea881920eaf6d8386b3a5263be",
                "1a831acd2d9ab9bd3ed238aa57631a8dfce95172d63dd1f1c2b05d8e1444ba5a",
                "68abc54c6daa319c10df92628f3c9bb8e029104fba0fde844842eba76281f1b1",
                "e71d1ba40a2d7ba80a46f85a6188e1bc513c0d4eecf472b25dfc9667e165083d",
                "302f22abea3e7670ecab3bff97abc4c20ae5a41d4448e52592342e1fa3bbe5e2",
                "26bf5d83f51c59b67634ac03519646abe8a5efa34fdb50af80a6d38840790f11",
                "fff769eaab20f3e8587f697d337fe268e20e10c494487f7adf594bd3f3f4fb64",
                "6b6748f0a326f8194ef13b67258495209e6263a03d5540841000ccb051c01a69",
                "3363260d78b4f7b36b5d86c4ffd83e429a6cf7955cd1a6f3c288347e63441b7a",
                "dbd0e1f0f5aa6a1ccfb4ff8d080c66b2fbe8d7d70908fbb2a16ef7b74465047f",
                "d30b0c4faa8729a436abf3460fdc56dafa85cd75d6ba90b133dc4b851f2d53df",
                "c650a883bac2d37f799bd03f1235bd737d0af09238bc6bdb217962dee8587c67",
                "353cd76d5e13a5a25858f085eeb1d6d64748b06713adb85a131266c1364557b5",
                "bdc09e330e8b45feb674652700745d8a4a020fdd5e9b49d74a7c79ec7680fda6",
                "50bfa25439ca768454f7b91193747c6b9d9a1826e530ce3464638ea6bf477cf1",
                "aa50f3bb39d47d19eb8578c4b41a1d4117cc3f79db946070e71f6ce76131c3e3",
                "4f1ef4c22f31fbdae9cae4bf3b0aad3d637f8067322a06f9d9c47f7b663cd2e0",
                "50ba7841f89028bd325a21d0242df31c05c30d0bdfde90f0c5670f19d04b93f6",
                "69da700f2285164c4ce203593599e1073f3df21751b736ad8e3c39040b0dfc03",
                "5008f47cc31c299b647b0232fa1e90c75123e5bee91f74f0f069037fa6c721a2",
                "5f781f841267aa5c16f4aa3e94bb23fa3c58ecf662066fc4dc3bb8c5fcd81c4b",
                "e089b8062622a03b104698d81851c36b6ecb71f16a020f70e2e02cc6e5d61586",
                "e8f5bd169a6c04a6bda64b70ef2f45882b1ae4a44de6e205842ef73b496fc87e",
                "65bf04822c3264eb9ce031c27bf740c9d8f5f6e756f8bb4d2240792dfa198174",
                "c7eb2a0730b85cf18f4c8e88cd575d9f474203bc3edaf1ae05545c217b5da0dd"
            ],
            "type": "Script",
            "firstPartyCookies": {},
            "firstPartyCookiesSent": {},
            "exampleSites": [
                "sumedico.lasillarota.com",
                "www.cyberforum.ru",
                "www.player.one",
                "www.tuko.co.ke",
                "akhbarona.com",
                "www.storieswatch.com",
                "www.diariouno.com.ar",
                "www.gumtree.pl",
                "www.gazetaesportiva.com",
                "www.demilked.com",
                "newsland.com",
                "www.arabnews.com",
                "www.gazetaexpress.com",
                "www.noticiasdegipuzkoa.eus",
                "www.goglasi.com",
                "www.themoscowtimes.com",
                "chathispano.com",
                "www.ringsidenews.com",
                "studbooks.net",
                "www.sayidaty.net"
            ]
        }
    ],
    "categories": [],
    "performance": {
        "time": 1,
        "size": 1,
        "cpu": 0,
        "cache": 3
    },
    "cookies": 0,
    "types": {
        "Script": 63
    },
    "nameservers": [
        "ns-cloud-d1.googledomains.com",
        "ns-cloud-d4.googledomains.com",
        "ns-cloud-d3.googledomains.com",
        "ns-cloud-d2.googledomains.com"
    ]
}