{
    "domain": "project1service.com",
    "owner": {},
    "source": [
        "DuckDuckGo-US"
    ],
    "prevalence": 0.000244,
    "sites": 32,
    "subdomains": [
        "site-api"
    ],
    "cnames": [],
    "fingerprinting": 0,
    "resources": [
        {
            "rule": "project1service\\.com\\/v1\\/actors",
            "cookies": 0.000115,
            "fingerprinting": 0,
            "subdomains": [
                "site-api"
            ],
            "apis": {},
            "sites": 15,
            "prevalence": 0.000115,
            "cnames": [],
            "responseHashes": [],
            "type": "Other",
            "exampleSites": [
                "brazzers.com",
                "www.babes.com",
                "www.brazzers.com",
                "www.digitalplaygroundnetwork.com",
                "www.digitalplayground.com",
                "www.men.com",
                "www.milfed.com",
                "www.mofos.com",
                "www.propertysex.com",
                "www.realitykings.com",
                "www.seancody.com",
                "www.sweetsinner.com",
                "www.transangels.com",
                "www.transangelsnetwork.com",
                "www.twistys.com"
            ]
        },
        {
            "rule": "project1service\\.com\\/v1\\/actors",
            "cookies": 0.000115,
            "fingerprinting": 0,
            "subdomains": [
                "site-api"
            ],
            "apis": {},
            "sites": 15,
            "prevalence": 0.000115,
            "cnames": [],
            "responseHashes": [
                "7d4a0afd1b994b9c14e428b024122ab3a5d48071462e29d82d664c5950d7a6d2",
                "6f657f32cd4cbf59255ca7797dd31b974688f426de9fa9b3fb292cb5be07a9c1",
                "e1614b756cfc81070ba1619b94eaf1308fbd1bfb1b149f146ec43808bc8786ea",
                "8c2061097908ee1b22e9654248cf5c41262bafaa354c7102af80b6a489fb2d64",
                "aab145cf85364e4cc38ba8108e049e2b43d742283edc5fe6eb155868c5fb6030",
                "5ad854c0bc7c753fc7480038e5d9a8401abc075386d47735d37cde2c5d1e4a70",
                "722a34ca18dd3904dc775836ea37e9ac8aebc221822e876e0fb2da7f0270b62f",
                "b1104e90ba531d247e0f70e0a30d389205b8cd6bae648fde309d1eacd4080fe0",
                "3d7bd5ee6acfe9d7dfac590c0d61e3645a70a203e93bcd0bbc001afbedd2ea2c",
                "2379b2e911f4c80267d3fb0299caab6109d925f839245d18aede3916547a1d67",
                "2c3ccab745eaf2557ae5d0eaa6dfd0f3d8723431021ffb414f5acf13fb72786a",
                "e63196a416e3bc071bd3d13b2129cdba98b7028dacecc534c1fd8b06a6dadc4b",
                "167adc82b312b012c8415c9ba643b90f161408cce01ed2a0164fe650ff083542",
                "5a5d9612605868739c82a827b2afb3d611757f206c5e235cae17b0a997bbb483"
            ],
            "type": "XHR",
            "exampleSites": [
                "brazzers.com",
                "www.babes.com",
                "www.brazzers.com",
                "www.digitalplaygroundnetwork.com",
                "www.digitalplayground.com",
                "www.men.com",
                "www.milfed.com",
                "www.mofos.com",
                "www.propertysex.com",
                "www.realitykings.com",
                "www.seancody.com",
                "www.sweetsinner.com",
                "www.transangels.com",
                "www.transangelsnetwork.com",
                "www.twistys.com"
            ]
        },
        {
            "rule": "project1service\\.com\\/v2\\/releases",
            "cookies": 0.00013,
            "fingerprinting": 0,
            "subdomains": [
                "site-api"
            ],
            "apis": {},
            "sites": 17,
            "prevalence": 0.00013,
            "cnames": [],
            "responseHashes": [],
            "type": "Other",
            "exampleSites": [
                "babes.com",
                "www.babes.com",
                "www.digitalplayground.com",
                "www.digitalplaygroundnetwork.com",
                "www.fakehub.com",
                "www.faketaxi.com",
                "www.men.com",
                "www.milfed.com",
                "www.mofos.com",
                "www.propertysex.com",
                "www.publicagent.com",
                "www.realitykings.com",
                "www.seancody.com",
                "www.sweetsinner.com",
                "www.transangelsnetwork.com",
                "www.transangels.com",
                "www.twistys.com"
            ]
        },
        {
            "rule": "project1service\\.com\\/v2\\/releases",
            "cookies": 0.00013,
            "fingerprinting": 0,
            "subdomains": [
                "site-api"
            ],
            "apis": {},
            "sites": 17,
            "prevalence": 0.00013,
            "cnames": [],
            "responseHashes": [
                "d48aa8ddb33b4b5056052d11518d353000f0d85b9229ffd01da508962bb1dbd0",
                "2aa8b4f5b3640062e59aacdf1419dff815d43c74c81af8daf2150b7d649289bc",
                "b1d42eb9dcbd7423f6635d883c99cb8c034d3e9ee78aca64c5635bd7325d4845",
                "d3787490b819b1fad626f7bbf86521c6ad3753116d8f09096c9f7ec928d3f247",
                "b170d8ee6abb661f1fb9c9064a8b8219af5802a5c46921653f74956128d4a9c0",
                "7da6c38799e0cc4b963bf00e4454f3abd17ba381aaad4261cf678741ab7acf34",
                "a82cbe6f4894ec15b3ce0919416eb6ee768df8666bb673073f21176798b6f745",
                "581bcc3d8d5576ca7914f9c0601cd1dc963e540e9d2c4e51d86f401865635709",
                "9e4329e9b48d3da7a15864e284278d71ae7ef3950204ee931b2956be3ed0876b",
                "1527028d5a2620b9b7b1e01d9643081ac5a8bc44a5070a2a31a1030105e45fe4",
                "a9bbc0ca7e12a4e6b2cb1bf8ce4084d80dc242b2f487c15ed07457e69b4a156e",
                "233a723a7aae2d40df212c3b9c1e2ea6bdbe7ae06fe735c5bc44fda69dee7285",
                "40d107fcbd43ef4775871d857f198ea0c0e3d5f333d438f64d9b9656350a2710",
                "5df7b3dc9027ca0a345cecbbc1ef07797462e1b4430bb853040b012bc8f614c4",
                "d4cd03e76c232b50a2776c3afdedec076c3b362b17938775b190c358ff813285",
                "12bb6922fa7c85b525bf965961a17bab9f5059581292afeb104edc8872e94ef9"
            ],
            "type": "XHR",
            "exampleSites": [
                "babes.com",
                "www.babes.com",
                "www.digitalplayground.com",
                "www.digitalplaygroundnetwork.com",
                "www.fakehub.com",
                "www.faketaxi.com",
                "www.men.com",
                "www.milfed.com",
                "www.mofos.com",
                "www.propertysex.com",
                "www.publicagent.com",
                "www.realitykings.com",
                "www.seancody.com",
                "www.sweetsinner.com",
                "www.transangelsnetwork.com",
                "www.transangels.com",
                "www.twistys.com"
            ]
        },
        {
            "rule": "project1service\\.com\\/v2\\/release-filters",
            "cookies": 0.0000306,
            "fingerprinting": 0,
            "subdomains": [
                "site-api"
            ],
            "apis": {},
            "sites": 4,
            "prevalence": 0.0000306,
            "cnames": [],
            "responseHashes": [],
            "type": "Other",
            "exampleSites": [
                "fakehub.com",
                "www.milfed.com",
                "www.propertysex.com",
                "www.seancody.com"
            ]
        },
        {
            "rule": "project1service\\.com\\/v2\\/release-filters",
            "cookies": 0.0000306,
            "fingerprinting": 0,
            "subdomains": [
                "site-api"
            ],
            "apis": {},
            "sites": 4,
            "prevalence": 0.0000306,
            "cnames": [],