{
    "domain": "provenpixel.com",
    "owner": {},
    "source": [
        "DuckDuckGo-US"
    ],
    "prevalence": 0.000222,
    "sites": 29,
    "subdomains": [
        "upx"
    ],
    "cnames": [],
    "fingerprinting": 0,
    "resources": [
        {
            "rule": "provenpixel\\.com\\/ujs\\.php",
            "cookies": 0.00013,
            "fingerprinting": 0,
            "subdomains": [
                "upx"
            ],
            "apis": {},
            "sites": 17,
            "prevalence": 0.00013,
            "cnames": [],
            "responseHashes": [
                "2350a87bc60c6f720532b629465c31b19749fbbc0c060b36074fb989efc477de",
                "449c07698e3429d58674065a0081dbcd563b27dac1b32e6826b3ce65170d6e2f",
                "98d8f1e768d69038ba2d5e7d58c78614a59f05f2a8ba7143acd9f73eb9181a44",
                "ff645912f67a67c9aa57122d1733f7de00790b29362ae9bb0610c4132fcbb0d1",
                "e9d151e7f91ab92f655c753dcaec9493ebc49a7125779a14def1bac10db9ca58",
                "67dc3d27c21aa44f8cab39d6e87c8ea025bab43a78ca904eff973bd7ed94f6a3",
                "8a530d0d73e6819de48fe3dfc8ec9280ad864548b1675dc538114a95d5535715",
                "bc17478b26e0aef6fc7bd54b2a84057b26e47a028fa68faa1cd8b27241be37f0",
                "42682fea1526129a3245c7d0f3db7c7a602c7a4c1e657e1e48033ba00bae2a4f",
                "cf5e0e6516325ff0cb6d483f993dad5d8edfacd7003111e458b282b03fe5ce2e",
                "342a63c80577854644b4bf1aeed93ea7828df12e45899ae839780876d0f2cc9d",
                "0e60d2a8af37ed2c99400255f962372637c5c9f4d065363aa94203969f622dee",
                "abb8476cc1c5bd40e7edf1f149c4eb0e7145f1f27a4a78caa51217d68990d8be",
                "c17e8e0ea9466216492367e5c8161e96fc7f5f116890afba56329534f26e89a9",
                "bd55429f6eaf29c236ee2c5b9013b84505be470381d96008e300f33eeaaf4cb2"
            ],
            "type": "Script",
            "exampleSites": [
                "ardentcannabis.com",
                "strapsco.com",
                "www.battlbox.com",
                "www.brickhousesecurity.com",
                "www.brilliantearth.com",
                "www.bulletproof.com",
                "www.diamondcbd.com",
                "www.dxracer.com",
                "www.eataly.com",
                "www.famous-smoke.com",
                "www.honestpaws.com",
                "www.jeux.com",
                "www.kaltire.com",
                "www.mychicagosteak.com",
                "www.rbauction.com",
                "www.smokecartel.com",
                "www.thehomesecuritysuperstore.com"
            ]
        },
        {
            "rule": "provenpixel\\.com\\/backpx\\.php",
            "cookies": 0.0000306,
            "fingerprinting": 0,
            "subdomains": [
                "upx"
            ],
            "apis": {},
            "sites": 4,
            "prevalence": 0.0000306,
            "cnames": [],
            "responseHashes": [
                "4e0705327480ad2323cb03d9c450ffcae4a98bf3a5382fa0c7882145ed620e49"
            ],
            "type": "Image",
            "exampleSites": [
                "battlbox.com",
                "www.dxracer.com",
                "www.famous-smoke.com",
                "www.smokecartel.com"
            ]
        },
        {
            "rule": "provenpixel\\.com\\/upx\\.php",
            "cookies": 0.0000229,
            "fingerprinting": 0,
            "subdomains": [
                "upx"
            ],
            "apis": {},
            "sites": 3,
            "prevalence": 0.0000229,
            "cnames": [],
            "responseHashes": [
                "ef1955ae757c8b966c83248350331bd3a30f658ced11f387f8ebf05ab3368629"
            ],
            "type": "Image",
            "exampleSites": [
                "shopify.com",
                "www.shopify.com",
                "www.shopify.co.uk"
            ]
        }
    ],
    "categories": [],
    "performance": {
        "time": 0,
        "size": 0,
        "cpu": 0,
        "cache": 3
    },
    "cookies": 0.000222,
    "types": {
        "Script": 17,
        "Image": 7
    },
    "nameservers": [
        "ns03.provenpixel.net",
        "ns04.provenpixel.net",
        "ns01.provenpixel.net",
        "ns02.provenpixel.net"
    ]
}