{
    "domain": "prscripts.com",
    "owner": {},
    "source": [
        "DuckDuckGo-US"
    ],
    "prevalence": 0.00018,
    "sites": 26,
    "subdomains": [],
    "cnames": [],
    "fingerprinting": 1,
    "resources": [
        {
            "rule": "prscripts\\.com\\/d\\/",
            "cookies": 0,
            "fingerprinting": 1,
            "subdomains": [],
            "apis": {
                "Navigator.prototype.userAgent": 1,
                "Navigator.prototype.mimeTypes": 1
            },
            "sites": 4,
            "prevalence": 0.0000277,
            "cnames": [],
            "responseHashes": [
                "b267d3de0068347eec583e8e2710e01fee8875b48ff07762fbfc76df5405292d",
                "b931247f7d36e230fec29bc943536670746691dcbb63445f4b2b06bb7c218379",
                "14c5e1abf595a2c0151506b31dfecd7d3244ad3aa07c37dcb580b195bbede7ad"
            ],
            "type": "Script",
            "firstPartyCookies": {},
            "firstPartyCookiesSent": {},
            "exampleSites": [
                "bad-young-girls.com",
                "nudecelebsimages.com",
                "www.xhamster.fm",
                "xxxvideos.red"
            ]
        },
        {
            "rule": "prscripts\\.com\\/pub\\.js",
            "cookies": 0.0000762,
            "fingerprinting": 1,
            "subdomains": [],
            "apis": {
                "Navigator.prototype.userAgent": 3,
                "Navigator.prototype.mimeTypes": 3,
                "Date.prototype.getTime": 3,
                "window.localStorage": 3,
                "Document.cookie getter": 1,
                "Screen.prototype.height": 2,
                "Screen.prototype.width": 2
            },
            "sites": 11,
            "prevalence": 0.0000762,
            "cnames": [],
            "responseHashes": [
                "416eab16310446a5e5a33ef69f3dae38c78d372eed7aed0b9695828dad157bd1",
                "e8eb7d5d31b2ba730abd087773000b1d4d1125682a85298f929aaf585d531df2",
                "748837197d42120d45e6b24c23e04026471632842879515f550b052d5df9c406",
                "d3fec2d0be3cae26a3712b37961ec93962f544c23672263db2c45e96f7ba1bad",
                "3b9179379843a996aa3e3e649a202dda9ba42a02376ae7966a0a0a6ac73efd7b",
                "29c610d756e81a3144465f14a7d73b6751f1384f4a7190aec43f12051bc1ac18",
                "362cb672fccf010820991025cbeb5fe6bfd5ba72469ec73a56ff6f25c7b6d734",
                "578e8fec450ddeedac755deb9c52b31240bac3659c28435925c1b02006438cb3",
                "8ae4d364fc7b42f2681aecc25fd5b73a95f2dacda9d9195efa892dbbbad96e0f"
            ],
            "type": "Script",
            "firstPartyCookies": {},
            "firstPartyCookiesSent": {},
            "exampleSites": [
                "chatropolis.com",
                "japaneseteen.me",
                "momhot.net",
                "rapehd.com",
                "sickjunk.com",
                "the-fappening.com",
                "www.aneroticstory.com",
                "www.eroticiracconti.it",
                "www.sex4stories.com",
                "www.videospornodetv.com",
                "xxxpremiumpass.com"
            ]
        }
    ],
    "categories": [],
    "performance": {
        "time": 1,
        "size": 1,
        "cpu": 0,
        "cache": 3
    },
    "cookies": 0.000146,
    "types": {
        "Script": 15
    },
    "nameservers": [
        "erin.ns.cloudflare.com",
        "brad.ns.cloudflare.com"
    ]
}