{
    "domain": "ptoushoa.com",
    "owner": {},
    "source": [
        "DuckDuckGo-US"
    ],
    "prevalence": 0.000266,
    "sites": 35,
    "subdomains": [],
    "cnames": [],
    "fingerprinting": 1,
    "resources": [
        {
            "rule": "ptoushoa\\.com\\/reset\\.css",
            "cookies": 0.0000608,
            "fingerprinting": 0,
            "subdomains": [],
            "apis": {},
            "sites": 8,
            "prevalence": 0.0000608,
            "cnames": [],
            "responseHashes": [
                "4f7d88bacf2fee0ec5547f562022bdcbacde2be828298734990db15f131002f9",
                "e3b0c44298fc1c149afbf4c8996fb92427ae41e4649b934ca495991b7852b855",
                "2a31131d476a4febb27a1083fcd6c1d1e7037d7ca8c1ef2674abcf4b8fd267b6",
                "9dc8959cc22c9c9e4c3d54e9abb17da6936a5080dc1313afa4be54554a67f2b3",
                "74cdba374452a4dbd7c4ee2977894316d7eabd7f8d3cd2b029c62d2718093031",
                "38f41f4c70f284541a659bb12820f2134ac2828327db6534c8e362ebc2240728",
                "bdb9dfebf3d5e1ee7f4590c4814e5c545f5902a0d221ff5861dc1e6c43161911"
            ],
            "type": "Stylesheet",
            "exampleSites": [
                "blurayxxi.com",
                "cinema21.vip",
                "coeg21.net",
                "korenime.org",
                "layarkacaid21.com",
                "nobarfilm21.asia"
            ]
        },
        {
            "rule": "ptoushoa\\.com\\/bundle\\.css",
            "cookies": 0.0000608,
            "fingerprinting": 0,
            "subdomains": [],
            "apis": {},
            "sites": 12,
            "prevalence": 0.0000911,
            "cnames": [],
            "responseHashes": [
                "e3b0c44298fc1c149afbf4c8996fb92427ae41e4649b934ca495991b7852b855",
                "9524ac47a20e6e82e9b5b7680e025ec7727ef1c882cfe4c886423db0a7027fee",
                "d5cb3faad197e27b0c8a39bf1f32cfee5e680552c25b5ddf52895278383e1960",
                "1d63e4a1c288217589b33ef1a94c1b2e33ac18afaf2ef247039e45255e65262b",
                "3c9a57f01eeffe767cdf70a4d1ab8acb395968867ecb3ae1726ae0cbcb76b86c",
                "efc25f1562ddafe69dea3465b5cf8e80d31eb7f97390b11b9e908a0166e668d5",
                "22013a420e7567b4bf66a870101c833cc4fc344c0bd6d131c9f5932745b85ff4",
                "584fa91703cbf64a5e6ffe4c06c1f864b2b3982451fa1e6fc270bfd4fb809f1c"
            ],
            "type": "Stylesheet",
            "exampleSites": [
                "animexin.info",
                "filmlayar21.com",
                "gtuga.com",
                "layarkaca21.miami",
                "minioppai.org",
                "mkvking.com",
                "vumoo.to",
                "www1.putlocker9.cc"
            ]
        },
        {
            "rule": "ptoushoa\\.com\\/bootstrap\\.css",
            "cookies": 0.0000304,
            "fingerprinting": 0,
            "subdomains": [],
            "apis": {},
            "sites": 5,
            "prevalence": 0.000038,
            "cnames": [],
            "responseHashes": [
                "596fdc5ae3db420811324be9d91962b330c1a995288f2fbf238f901a9eec8f69",
                "af44a7699fde6c93564202088f7da6c8301e6bf497c5a4c639635603c197cdd9",
                "73123911578bcd282ec8f6c16193d003aa5b679da672b0291e56ba8a8ecb87bd"
            ],
            "type": "Stylesheet",
            "exampleSites": [
                "layarkaca21.cafe",
                "www.123movies.haus",
                "xsuperheroinerekt.blogspot.com"
            ]
        },
        {
            "rule": "ptoushoa\\.com\\/7\\.html",
            "cookies": 0,
            "fingerprinting": 1,
            "subdomains": [],
            "apis": {
                "window.localStorage": 1,
                "window.sessionStorage": 1
            },
            "sites": 2,
            "prevalence": 0.0000152,
            "cnames": [],
            "responseHashes": [
                "727f91eb3297a29d045ca48e3906f3356fa54f13ed1996fe61580adef9229d43"
            ],
            "type": "Document",
            "exampleSites": [
                "layarkacaid21.com"
            ]
        },
        {
            "rule": "ptoushoa\\.com\\/styles\\.css",
            "cookies": 0.0000304,
            "fingerprinting": 0,
            "subdomains": [],
            "apis": {},
            "sites": 5,
            "prevalence": 0.000038,
            "cnames": [],
            "responseHashes": [
                "9eaea77fc8b1a1b30d7462b9f6d73b191ac3283b55fbcce58ec0510cab8c5492",
                "f586d13da4ddd15db39006525094c0ce405f5d762fb0bb80db0ddf88295fd513",
                "ca93b9d4941eff080d17ade41fec495cca4e47e173581cb69290f234721b8e7e"
            ],
            "type": "Stylesheet",
            "exampleSites": [
                "drakor.vip",
                "fantasi21.com",
                "filmlayar21.com",
                "vumoo.to"
            ]
        },
        {
            "rule": "ptoushoa\\.com\\/index\\.css",
            "cookies": 0.0000304,
            "fingerprinting": 0,
            "subdomains": [],
            "apis": {},
            "sites": 5,
            "prevalence": 0.000038,
            "cnames": [],
            "responseHashes": [
                "cbb5a5358ce42031872a67364b8fe889f6a7b2f400d309fb859a4aa741f0cfc6",
                "73f80adb6df603d137b599f6eb01b667dd4f98777224b9bc3eee99f9a6506ced",
                "405a47b9343ae5972e57d8bf77e0cda80c1028d05d05b93865c665e603d26aff"
            ],
            "type": "Stylesheet",
            "exampleSites": [
                "animexin.info",
                "dramaindo.me",
                "layarkacaid21.com",
                "nontonid21.me"
            ]
        },
        {
            "rule": "ptoushoa\\.com\\/jquery-ui\\.css",
            "cookies": 0.0000304,
            "fingerprinting": 0,
            "subdomains": [],
            "apis": {},
            "sites": 6,
            "prevalence": 0.0000456,
            "cnames": [],
            "responseHashes": [
                "4fe47a4fe216a91d7789b942d78fa9c952bb5abf9425dcfeaee36ae4aa43974e",
                "5129eb63fea7eb0136db546bc1989c04ddacb035f18a50c0f7183bd75be3919d",
                "e3b0c44298fc1c149afbf4c8996fb92427ae41e4649b934ca495991b7852b855"
            ],
            "type": "Stylesheet",
            "exampleSites": [
                "animexin.info",
                "layarkacaid21.com",
                "putlocker3.me",
                "www.layarkeren.net",
                "xxiindo21.com"
            ]
        },
        {
            "rule": "ptoushoa\\.com\\/style\\.css",
            "cookies": 0.000038,
            "fingerprinting": 0,
            "subdomains": [],
            "apis": {},
            "sites": 6,
            "prevalence": 0.0000456,
            "cnames": [],
            "responseHashes": [
                "e6eefa1512fa6eed4e753be746c7b7f2410a5c86e31cc36b01fdcf004f9838fc",
                "730ed4b43549d2d5ba19ffc5b8b20cdf157fa335e7fb096cf19039b17a2b4c31"
            ],
            "type": "Stylesheet",
            "exampleSites": [
                "animexin.info",
                "drakor-id.fun",
                "gudangfilm.cc",
                "indokeren21.xyz",
                "layarkaca21.cafe",
                "layarkaca21indo.xyz"
            ]
        },
        {
            "rule": "ptoushoa\\.com\\/index\\.html",
            "cookies": 0,
            "fingerprinting": 1,
            "subdomains": [],
            "apis": {
                "window.localStorage": 1,
                "window.sessionStorage": 1
            },
            "sites": 2,
            "prevalence": 0.0000152,
            "cnames": [],
            "responseHashes": [],
            "type": "Document",
            "exampleSites": [
                "animexin.info",
                "xsuperheroinerekt.blogspot.com"
            ]
        },
        {
            "rule": "ptoushoa\\.com\\/browse\\.html",
            "cookies": 0,