{
    "domain": "purechat.com",
    "owner": {},
    "source": [
        "DuckDuckGo-US"
    ],
    "prevalence": 0.000472,
    "sites": 62,
    "subdomains": [
        "checkin",
        "widgetapi"
    ],
    "cnames": [],
    "fingerprinting": 0,
    "resources": [
        {
            "rule": "purechat\\.com\\/api\\/checkin\\/",
            "cookies": 0.0000837,
            "fingerprinting": 0,
            "subdomains": [
                "checkin"
            ],
            "apis": {},
            "sites": 11,
            "prevalence": 0.0000837,
            "cnames": [],
            "responseHashes": [
                "34d53f66ec4090257e975fc840822c67b051de1b4d290c86124ec9f069283d16",
                "5747ec97b2ec883a79d2b4c4af74c2fb4265266c4ed00fcb7c7f7d62c2318daa",
                "5f55a7291247eed4aca23dbf0843f809a8f0f6caf4a08e10782458cd6d7a2faf",
                "9a440df3bff36b096be258029821363f8a0642ea45ec98a4acc311b65000d530",
                "4ff796c88b502229c105fe35e7782be2f6ea1603bc7c65787492699631db1bd5",
                "6e03c80feafc1fc46701e622d0a7fa8e5cd36bba7158c44205b6ed23296d7539",
                "4bdd52239448f34d1216138c2357f7727097cce50b52b05836d6629a4710dd53",
                "50f692f674f8f65b4329ec37ca23716bd595b7b8a638da18a64ddfe64acbde98",
                "93c797ee94604bcd0700564827257cb8368c1890e79b7b0151a120fff6841184",
                "b972ab5219318ffe21665d391ced742e1de006cd385e53740ce62b5bc2063427"
            ],
            "type": "XHR",
            "exampleSites": [
                "iew.com",
                "www.byu.edu",
                "www.calicocorners.com",
                "www.davidaustinroses.co.uk",
                "www.davidaustinroses.com",
                "www.meritnation.com",
                "www.mfwbooks.com",
                "www.netnanny.com",
                "www.poolsupply4less.com",
                "www.reliableparts.ca",
                "www.vitalitymedical.com"
            ]
        },
        {
            "rule": "purechat\\.com\\/api\\/checkin",
            "cookies": 0.0000761,
            "fingerprinting": 0,
            "subdomains": [
                "checkin"
            ],
            "apis": {},
            "sites": 10,
            "prevalence": 0.0000761,
            "cnames": [],
            "responseHashes": [
                "c3524e81911543962376983705281455e79a29980bae3d9b31f575eb0cbcdeb3",
                "253b347bb7ca73f33ce2fdd92313e58ab6c8a655e1b4cc402521454b3aa2374f",
                "35b8e1a9f821cd1e9d2287ab7035d74e251f291993501b40449860e701dd6d11",
                "4943939a56dcb57a1b98c55ac81050f26fb4f1e4c2504a57d5bda74a8e6e2a8f",
                "b86a4e8252cba9d580cf230f00912602413b47a2855751833771bad9cbab8e5f",
                "e0da12e7619df79391baa22fd96689a2c754d80e12c252a39aaf596211cd8bf7",
                "f6c11d9166a0dc63a8c1d56feb8ee290fbc8b8d4f08b723f4f828f07502a9115",
                "feb318a8d4554129329e27babf49e14b279d63142c7d9fe1c1c399dd9f883b8a",
                "99013ef445f873dbe543aabd0a487b49bbef16348c6a91cce69d5116ee41cf2e"
            ],
            "type": "XHR",
            "exampleSites": [
                "petroleumservicecompany.com",
                "www.alcoholics-anonymous.org.uk",
                "www.countryattire.com",
                "www.engineersupply.com",
                "www.gitkraken.com",
                "www.metalsdepot.com",
                "www.pcspecialist.co.uk",
                "www.surfdome.com",
                "www.time4learning.com",
                "www.usagold.com"
            ]
        },
        {
            "rule": "purechat\\.com\\/api\\/visitorwidget\\/widgetversions\\/ddf6963f-761c-4e8c-a24f-d691245e250d",
            "cookies": 0.0000152,
            "fingerprinting": 0,
            "subdomains": [
                "widgetapi"
            ],
            "apis": {},
            "sites": 2,
            "prevalence": 0.0000152,
            "cnames": [],
            "responseHashes": [
                "efacfa9d177533df995096647fa383b7ebed2eb7d6648d725b48cf535dd19869"
            ],
            "type": "XHR",
            "exampleSites": [
                "construction.co.uk",
                "www.construction.co.uk"
            ]
        },
        {
            "rule": "purechat\\.com\\/api\\/visitorwidget\\/widgetversions\\/5cca4197-dc89-46e4-9a54-cc45e87b3cdc",
            "cookies": 0.0000152,
            "fingerprinting": 0,
            "subdomains": [
                "widgetapi"
            ],
            "apis": {},
            "sites": 2,
            "prevalence": 0.0000152,
            "cnames": [],
            "responseHashes": [
                "9c9b2b9e1897019b0d84013f015cebabc4e49ec30c8d0b9f3d79f736b8af3144"
            ],
            "type": "XHR",
            "exampleSites": [
                "countryattire.com",
                "www.countryattire.com"
            ]
        },
        {
            "rule": "purechat\\.com\\/api\\/visitorwidget\\/widgetversions\\/7fd8686e-059c-49b4-98bf-737f6d72dacb",
            "cookies": 0.0000152,
            "fingerprinting": 0,
            "subdomains": [
                "widgetapi"
            ],
            "apis": {},
            "sites": 2,
            "prevalence": 0.0000152,
            "cnames": [],
            "responseHashes": [
                "c9f892bdb6e75712691b8af663f4d6bbaffb8b70d5c80c23db6f5608447ae87d"
            ],
            "type": "XHR",
            "exampleSites": [
                "davidaustinroses.co.uk",
                "www.davidaustinroses.co.uk"
            ]
        },
        {
            "rule": "purechat\\.com\\/api\\/visitorwidget\\/widgetversions\\/d40b62a8-4e74-466e-95c1-6c274000a5c4",
            "cookies": 0.0000152,
            "fingerprinting": 0,
            "subdomains": [
                "widgetapi"
            ],
            "apis": {},
            "sites": 2,
            "prevalence": 0.0000152,
            "cnames": [],
            "responseHashes": [
                "595bb01818aa159dc8eb079e91e349970d89f8cb399d78743eaf64cfeedd0cd7"
            ],
            "type": "XHR",
            "exampleSites": [
                "duromaxpower.com",
                "www.duromaxpower.com"
            ]
        },
        {
            "rule": "purechat\\.com\\/api\\/visitorwidget\\/widgetversions\\/42e9022d-d6f7-4f8d-aa01-3f8fa5cc6dfb",
            "cookies": 0.0000152,
            "fingerprinting": 0,
            "subdomains": [
                "widgetapi"
            ],
            "apis": {},
            "sites": 2,
            "prevalence": 0.0000152,
            "cnames": [],
            "responseHashes": [
                "14e62d333dc63d35b94ce2a4a9174c33e02668fe15f9ebbafe8f5a74e318d8b9"
            ],
            "type": "XHR",
            "exampleSites": [
                "engineersupply.com",
                "www.engineersupply.com"
            ]
        },
        {
            "rule": "purechat\\.com\\/api\\/visitorwidget\\/widgetversions\\/d73ee80d-09db-4928-9541-6d4bf985c4be",
            "cookies": 0.0000152,
            "fingerprinting": 0,
            "subdomains": [
                "widgetapi"
            ],
            "apis": {},
            "sites": 2,
            "prevalence": 0.0000152,
            "cnames": [],
            "responseHashes": [
                "4f059b592207ab6a83b5724ca91567a29c6496244d22574aeb528e56b70435fb"
            ],
            "type": "XHR",
            "exampleSites": [
                "gitkraken.com",
                "www.gitkraken.com"
            ]
        },
        {
            "rule": "purechat\\.com\\/api\\/visitorwidget\\/widgetversions\\/1044be7f-8abe-4373-924d-c64650edae4e",
            "cookies": 0.0000152,
            "fingerprinting": 0,
            "subdomains": [
                "widgetapi"
            ],
            "apis": {},
            "sites": 2,
            "prevalence": 0.0000152,
            "cnames": [],