{
    "domain": "quartic.pl",
    "owner": {},
    "source": [
        "DuckDuckGo-US"
    ],
    "prevalence": 0.0000987,
    "sites": 13,
    "subdomains": [
        "qcs",
        "qcs-ir",
        "qsdw1-ir",
        "qjs",
        "qai-ir"
    ],
    "cnames": [],
    "fingerprinting": 1,
    "resources": [
        {
            "rule": "quartic\\.pl\\/creation\\/snippetHtml",
            "cookies": 0,
            "fingerprinting": 1,
            "subdomains": [
                "qcs",
                "qcs-ir",
                "qsdw1-ir"
            ],
            "apis": {
                "Date.prototype.getTime": 6
            },
            "sites": 6,
            "prevalence": 0.0000456,
            "cnames": [],
            "responseHashes": [
                "41f04d7a38b177b356d9de3b64548fb33476bacb669c7e093a31ce7ca321ccaa",
                "4f83d7e84e0ccc0932f08f2311fcafa5164bbce17d0fb7203c257264a9093f12",
                "c7bd6e2882f39fac9e0168f20afc00aeb1083f1bf7664219e7f9839bd42e8ced",
                "6bc8cab3e622a5a4f3d5d3d3d658c1215b53770e846531859ed291a6d3b7b631",
                "7a90fd8bd9b17c18fc92adaffe2e0bb6db1de98417537ae955dd2deb0b0430d7"
            ]
        },
        {
            "rule": "quartic\\.pl\\/qjs\\/ec23bbea17040941\\.js",
            "cookies": 0,
            "fingerprinting": 1,
            "subdomains": [
                "qjs"
            ],
            "apis": {
                "Date.prototype.getTime": 2,
                "window.localStorage": 2,
                "window.sessionStorage": 2
            },
            "sites": 2,
            "prevalence": 0.0000152,
            "cnames": [],
            "responseHashes": [
                "b4049711ba8d7efa79ba57b7a7a55d2f7edc561f1f54b819e8a286da3056b0bb"
            ]
        },
        {
            "rule": "quartic\\.pl\\/Ai\\/ec23bbea17040941\\/2i4qi",
            "cookies": 0.00000759,
            "fingerprinting": 0,
            "subdomains": [
                "qai-ir"
            ],
            "apis": {},
            "sites": 2,
            "prevalence": 0.0000152,
            "cnames": [],
            "responseHashes": [
                "f42e5a9e02e38ac39dc6c4b3294b03d17d27c4c413c9c940561752219665ce8a"
            ]
        },
        {
            "rule": "quartic\\.pl\\/qjs\\/5a655e345c3ac9f9\\.js",
            "cookies": 0,
            "fingerprinting": 1,
            "subdomains": [
                "qjs"
            ],
            "apis": {
                "Date.prototype.getTime": 2,
                "window.localStorage": 2
            },
            "sites": 2,
            "prevalence": 0.0000152,
            "cnames": [],
            "responseHashes": [
                "1b55ee1ec150adedf0c5e8fc917a1f577f995e7f1ad2f7cc2ee992a947999bce"
            ]
        },
        {
            "rule": "quartic\\.pl\\/qjs\\/1b97d3d54b8da896\\.js",
            "cookies": 0,
            "fingerprinting": 1,
            "subdomains": [
                "qjs"
            ],
            "apis": {
                "Date.prototype.getTime": 2,
                "window.localStorage": 2,
                "Navigator.prototype.cookieEnabled": 2,
                "Document.cookie getter": 1
            },
            "sites": 2,
            "prevalence": 0.0000152,
            "cnames": [],
            "responseHashes": [
                "7eae5a64b73373bb915898cd50673eb88896634ab71cdebbb94d5710193d781b"
            ]
        }
    ],
    "categories": [],
    "performance": {
        "time": 0,
        "size": 0,
        "cpu": 0,
        "cache": 3
    },
    "cookies": 0.0000835,
    "types": {
        "Script": 14
    }
}