{
    "domain": "quickkoala.io",
    "owner": {},
    "source": [
        "DuckDuckGo-US"
    ],
    "prevalence": 0.0000532,
    "sites": 7,
    "subdomains": [],
    "cnames": [],
    "fingerprinting": 1,
    "resources": [
        {
            "rule": "quickkoala\\.io\\/anywhere\\/5c8a07db65a742468009fcb319ffd8e71885d8a6a95349d7af2499634e39b56c\\/core\\.js",
            "cookies": 0,
            "fingerprinting": 1,
            "subdomains": [],
            "apis": {
                "Navigator.prototype.userAgent": 3
            },
            "sites": 3,
            "prevalence": 0.0000228,
            "cnames": [],
            "responseHashes": [
                "228c4f21a9fe0418517e128ae40f56f92a3a51ed92a80d6b348a59119c2738ea"
            ],
            "type": "Script",
            "exampleSites": [
                "1stdibs.co.uk",
                "www.1stdibs.co.uk",
                "www.1stdibs.com"
            ]
        },
        {
            "rule": "quickkoala\\.io\\/anywhere\\/5c8a07db65a742468009fcb319ffd8e71885d8a6a95349d7af2499634e39b56c\\/5fb27e74290827147ea0e789",
            "cookies": 0.0000152,
            "fingerprinting": 0,
            "subdomains": [],
            "apis": {},
            "sites": 2,
            "prevalence": 0.0000152,
            "cnames": [],
            "responseHashes": [
                "44136fa355b3678a1146ad16f7e8649e94fb4fc21fe77e8310c060f61caaff8a"
            ],
            "type": "XHR",
            "exampleSites": [
                "1stdibs.co.uk",
                "www.1stdibs.co.uk"
            ]
        },
        {
            "rule": "quickkoala\\.io\\/anywhere\\/5c8a07db65a742468009fcb319ffd8e71885d8a6a95349d7af2499634e39b56c\\/5fb27e76cd8cd511cf2bb14a",
            "cookies": 0.0000152,
            "fingerprinting": 0,
            "subdomains": [],
            "apis": {},
            "sites": 2,
            "prevalence": 0.0000152,
            "cnames": [],
            "responseHashes": [
                "44136fa355b3678a1146ad16f7e8649e94fb4fc21fe77e8310c060f61caaff8a"
            ],
            "type": "XHR",
            "exampleSites": [
                "1stdibs.co.uk",
                "www.1stdibs.co.uk"
            ]
        },
        {
            "rule": "quickkoala\\.io\\/anywhere\\/5c8a07db65a742468009fcb319ffd8e71885d8a6a95349d7af2499634e39b56c\\/5fb27e71a3ffc46029fd33ec",
            "cookies": 0.0000152,
            "fingerprinting": 0,
            "subdomains": [],
            "apis": {},
            "sites": 2,
            "prevalence": 0.0000152,
            "cnames": [],
            "responseHashes": [
                "44136fa355b3678a1146ad16f7e8649e94fb4fc21fe77e8310c060f61caaff8a"
            ],
            "type": "XHR",
            "exampleSites": [
                "1stdibs.com",
                "www.1stdibs.com"
            ]
        },
        {
            "rule": "quickkoala\\.io\\/anywhere\\/5c8a07db65a742468009fcb319ffd8e71885d8a6a95349d7af2499634e39b56c\\/5fb27e7106c4c7153416a819",
            "cookies": 0.0000152,
            "fingerprinting": 0,
            "subdomains": [],
            "apis": {},
            "sites": 2,
            "prevalence": 0.0000152,
            "cnames": [],
            "responseHashes": [
                "44136fa355b3678a1146ad16f7e8649e94fb4fc21fe77e8310c060f61caaff8a"
            ],
            "type": "XHR",
            "exampleSites": [
                "1stdibs.com",
                "www.1stdibs.com"
            ]
        },
        {
            "rule": "quickkoala\\.io\\/anywhere\\/cda\\/c53c35beb7cb4e8389fe91560644791af0337b084a7d4478a3e0e752b42eb059",
            "cookies": 0.0000152,
            "fingerprinting": 0,
            "subdomains": [],
            "apis": {},
            "sites": 2,
            "prevalence": 0.0000152,
            "cnames": [],
            "responseHashes": [
                "e3b0c44298fc1c149afbf4c8996fb92427ae41e4649b934ca495991b7852b855"
            ],
            "type": "Script",
            "exampleSites": [
                "4wdsupacentre.com.au",
                "www.4wdsupacentre.com.au"
            ]
        },
        {
            "rule": "quickkoala\\.io\\/anywhere\\/2f8bb1afdaa043ee9cf0db0b845559ad953bba9aff8e4276926332b5a91f7582\\/5fb2ab4fe9d0f72164d39b07",
            "cookies": 0.0000152,
            "fingerprinting": 0,
            "subdomains": [],
            "apis": {},
            "sites": 2,
            "prevalence": 0.0000152,
            "cnames": [],
            "responseHashes": [
                "e0aa64ce316e746fea2a1b8688099a124871c80e7b2e7a14b1262db036733403"
            ],
            "type": "XHR",
            "exampleSites": [
                "coinberry.com",
                "www.coinberry.com"
            ]
        }
    ],
    "categories": [],
    "performance": {
        "time": 0,
        "size": 0,
        "cpu": 0,
        "cache": 0
    },
    "cookies": 0.0000532,
    "types": {
        "Script": 5,
        "XHR": 10
    }
}