{
    "domain": "quincymedia.com",
    "owner": {},
    "source": [
        "DuckDuckGo-US"
    ],
    "prevalence": 0.000194,
    "sites": 28,
    "subdomains": [
        "kttc.assets",
        "ktiv.assets",
        "kwwl.assets",
        "waow.assets",
        "wbng.assets",
        "week.assets",
        "wgem.assets",
        "wkow.assets",
        "wpta.assets",
        "wqow.assets",
        "wrex.assets",
        "wsil.assets",
        "wvva.assets",
        "wxow.assets"
    ],
    "cnames": [],
    "fingerprinting": 0,
    "resources": [
        {
            "rule": "quincymedia\\.com\\/newsticker\\/closings\\.xml",
            "cookies": 0,
            "fingerprinting": 0,
            "subdomains": [
                "kttc.assets",
                "ktiv.assets",
                "kwwl.assets",
                "waow.assets",
                "wbng.assets",
                "week.assets",
                "wgem.assets",
                "wkow.assets",
                "wpta.assets",
                "wqow.assets",
                "wrex.assets",
                "wsil.assets",
                "wvva.assets",
                "wxow.assets"
            ],
            "apis": {},
            "sites": 14,
            "prevalence": 0.0000971,
            "cnames": [],
            "responseHashes": [
                "b48f1201e0e869cb394c0df531524de4f6d450db338a3c6ec0822b2026f71051",
                "a2a1ce2238cb42b2a7c48d91abeb5a0c5e086bd3f30397d226d5f9596b64d3dc",
                "488c81b49b91f158d9148e8af46a2059a8434e0f03f6c12e95734fa0335dd4f7",
                "603a78b338b5fbdfbcdb6d9c983663d143b0d16f15c876242d54331744e18ea4",
                "bff75194b7fe716ca36dee5c45070322edde29d672d26d923aa1026923a400a6",
                "48e0c60bbc27899c08764ef10fcdc2c03b5c40f03ed7490921beb5bfb5d16c08",
                "95e0f5f254041395353b962b459bccb1cd33178b7e304c482286f43558b1e15b",
                "561d95cb3e57f21fa9f5336597be0ce9a061d86995d2ae37a4cd20e5cc540b44",
                "618bdb2ceb12e47996caef8e98ab5387c4025bc308d588ca2424ba28cb339ad3",
                "adc43b61cdb5ded217cc4e698a872c9190a9f45a0c2d8df52d5b68a1406ddd2a",
                "03c7474e79f67dcddb8911a2cdeeacd472035aec17f3cc48d7078a95f7da2e54",
                "c40d78348f51676aa9a631866d97e6494dfd5fea7199e419ba7d79d2f165feba"
            ],
            "type": "XHR",
            "firstPartyCookies": {},
            "firstPartyCookiesSent": {},
            "exampleSites": [
                "kttc.com",
                "ktiv.com",
                "kwwl.com",
                "waow.com",
                "wbng.com",
                "week.com",
                "wgem.com",
                "wkow.com",
                "wpta21.com",
                "wqow.com",
                "wrex.com",
                "wsiltv.com",
                "wvva.com",
                "wxow.com"
            ]
        }
    ],
    "categories": [],
    "performance": {
        "time": 0,
        "size": 0,
        "cpu": 0,
        "cache": 0
    },
    "cookies": 0,
    "types": {
        "XHR": 14
    },
    "nameservers": [
        "ns4.bdm.microsoftonline.com",
        "ns1.bdm.microsoftonline.com",
        "ns2.bdm.microsoftonline.com",
        "ns3.bdm.microsoftonline.com"
    ]
}