{
    "domain": "r-ad.ne.jp",
    "owner": {},
    "source": [
        "DuckDuckGo-US"
    ],
    "prevalence": 0.000145,
    "sites": 19,
    "subdomains": [
        "tm",
        "s9",
        "bk",
        "cs"
    ],
    "cnames": [],
    "fingerprinting": 1,
    "resources": [
        {
            "rule": "r-ad\\.ne\\.jp\\/58\\/default\\.js",
            "cookies": 0.0000153,
            "fingerprinting": 1,
            "subdomains": [
                "tm"
            ],
            "apis": {
                "Document.cookie getter": 2,
                "Document.cookie setter": 2
            },
            "sites": 2,
            "prevalence": 0.0000153,
            "cnames": [],
            "responseHashes": [
                "0ec33f2440d8f3986acf136d7ec36606e800db90ce07a08131a308030ab07db8"
            ],
            "type": "Script",
            "exampleSites": [
                "hotpepper.jp",
                "beauty.hotpepper.jp"
            ]
        },
        {
            "rule": "r-ad\\.ne\\.jp\\/cv",
            "cookies": 0.0000611,
            "fingerprinting": 0,
            "subdomains": [
                "tm"
            ],
            "apis": {},
            "sites": 8,
            "prevalence": 0.0000611,
            "cnames": [],
            "responseHashes": [
                "db814c13004db551a2ecd4908aa550124a844f807ff6b610d84ae28cad85abbb",
                "7033d29b6e5cb6e0cb008a8e56b02dbc66c6621cace64759f93dbb8e1b46edad",
                "a2d06f5d326de541ea483c40e71c028bcaefc4220053c3907053b9b354f5edaa",
                "bb48e37d3cd8ed61f43d5b5e6243ec7f7dff67ac9e0b748e61df727e205263f6",
                "2ac7c1227dbbcd0adee9640c84c9269ff9213a56f6c4b06041c650f821a1cdb1",
                "9d444c8c05dd9f371a33145c3d492b72ea5e58cf4cc309471e0848ca178db71a",
                "82d72ce386d88e96eab3c73fcf5f25ed483211a3238399445e841d929c02645a"
            ],
            "type": "Script",
            "exampleSites": [
                "hotpepper.jp",
                "beauty.hotpepper.jp",
                "next.rikunabi.com",
                "shingakunet.com",
                "suumo.jp",
                "www.carsensor.net",
                "www.hotpepper.jp",
                "www.workman.co.jp"
            ]
        },
        {
            "rule": "r-ad\\.ne\\.jp\\/json",
            "cookies": 0.0000229,
            "fingerprinting": 0,
            "subdomains": [
                "s9"
            ],
            "apis": {},
            "sites": 3,
            "prevalence": 0.0000229,
            "cnames": [],
            "responseHashes": [
                "84589ab0eecd5b99f4e75dfe8adb2ab8ada6a84159dcd3cff3dbe5650a0f30c5"
            ],
            "type": "XHR",
            "exampleSites": [
                "hotpepper.jp",
                "www.jalan.net",
                "www.ponparemall.com"
            ]
        },
        {
            "rule": "r-ad\\.ne\\.jp\\/impush\\/sync\\.gif",
            "cookies": 0.0000229,
            "fingerprinting": 0,
            "subdomains": [
                "bk"
            ],
            "apis": {},
            "sites": 3,
            "prevalence": 0.0000229,
            "cnames": [],
            "responseHashes": [
                "afe0dcfca292a0fae8bce08a48c14d3e59c9d82c6052ab6d48a22ecc6c48f277"
            ],
            "type": "Image",
            "exampleSites": [
                "epark.jp",
                "haisha-yoyaku.jp",
                "www.ozmall.co.jp"
            ]
        },
        {
            "rule": "r-ad\\.ne\\.jp\\/27\\/default\\.js",
            "cookies": 0.00000764,
            "fingerprinting": 1,
            "subdomains": [
                "tm"
            ],
            "apis": {
                "Document.cookie getter": 2,
                "Document.cookie setter": 1,
                "Navigator.prototype.userAgent": 1
            },
            "sites": 2,
            "prevalence": 0.0000153,
            "cnames": [],
            "responseHashes": [
                "83afdf7060311d66f2f8928a9bc993d2d9bf6dabcf1cabad51b93546afd04a6c"
            ],
            "type": "Script",
            "exampleSites": [
                "rikunabi.com",
                "next.rikunabi.com"
            ]
        },
        {
            "rule": "r-ad\\.ne\\.jp\\/ics",
            "cookies": 0.00000764,
            "fingerprinting": 0,
            "subdomains": [
                "cs"
            ],
            "apis": {},
            "sites": 4,
            "prevalence": 0.0000306,
            "cnames": [],
            "responseHashes": [
                "b9d08ee8f9e79a4cd1c0a166b2805371f8ac6d02f603d5aacf3cb5a9592105a3"
            ],
            "type": "Script",
            "exampleSites": [
                "rikunabi.com",
                "next.rikunabi.com",
                "suumo.jp",
                "www.carsensor.net"
            ]
        },
        {
            "rule": "r-ad\\.ne\\.jp\\/2\\/cs",
            "cookies": 0.00000764,
            "fingerprinting": 0,
            "subdomains": [
                "bk",
                "cs"
            ],
            "apis": {},
            "sites": 2,
            "prevalence": 0.0000153,
            "cnames": [],
            "responseHashes": [
                "0b8a20373c6dd04e091902226d922b3688143a8938afb9d283d889de7b55ceb5"
            ],
            "type": "Image",
            "exampleSites": [
                "rikunabi.com",
                "spokensanskrit.org"
            ]
        },
        {
            "rule": "r-ad\\.ne\\.jp\\/1\\/default\\.js",
            "cookies": 0.0000153,
            "fingerprinting": 1,
            "subdomains": [
                "tm"
            ],
            "apis": {
                "Document.cookie getter": 2,
                "Document.cookie setter": 2
            },
            "sites": 2,
            "prevalence": 0.0000153,
            "cnames": [],
            "responseHashes": [
                "4827042779fb2bf9603ac97a7af3f42d6b4f12309aa2e94ecff10050b6b1353b"
            ],
            "type": "Script",
            "exampleSites": [
                "carsensor.net",
                "www.carsensor.net"
            ]
        }
    ],
    "categories": [],
    "performance": {
        "time": 0,
        "size": 0,
        "cpu": 0,
        "cache": 3
    },
    "cookies": 0.000138,
    "types": {
        "Script": 18,
        "XHR": 3,
        "Image": 5
    }
}