{
    "domain": "r-ad.ne.jp",
    "owner": {},
    "source": [
        "DuckDuckGo-US"
    ],
    "prevalence": 0.000137,
    "sites": 18,
    "subdomains": [
        "s9",
        "tm",
        "bk",
        "cs"
    ],
    "cnames": [],
    "fingerprinting": 1,
    "resources": [
        {
            "rule": "r-ad\\.ne\\.jp\\/json",
            "cookies": 0.0000228,
            "fingerprinting": 0,
            "subdomains": [
                "s9"
            ],
            "apis": {},
            "sites": 3,
            "prevalence": 0.0000228,
            "cnames": [],
            "responseHashes": [
                "ec21e270f62dfe8b149205aad3d29b385e7239e2803be764f72dba280c509b32",
                "0e7f32062bc486a55092f527a1cd758e39378682d991373123994ecebb6a3792"
            ]
        },
        {
            "rule": "r-ad\\.ne\\.jp\\/58\\/default\\.js",
            "cookies": 0.0000152,
            "fingerprinting": 1,
            "subdomains": [
                "tm"
            ],
            "apis": {
                "Document.cookie getter": 2,
                "Document.cookie setter": 2
            },
            "sites": 2,
            "prevalence": 0.0000152,
            "cnames": [],
            "responseHashes": [
                "d55eda08d0ec3a8a6351d9f92187bb70192e81469cafef6f6cb7ca194e112937"
            ]
        },
        {
            "rule": "r-ad\\.ne\\.jp\\/cv",
            "cookies": 0.0000683,
            "fingerprinting": 0,
            "subdomains": [
                "tm"
            ],
            "apis": {},
            "sites": 9,
            "prevalence": 0.0000683,
            "cnames": [],
            "responseHashes": [
                "14c3d3a8b013bd8ece7baeba388fd0ac98caba2cfdae0829ce840265fc30165a",
                "d51e7da509cde65acf24d97e18c126bb975cc0ce1f1315bff992ee9ce9206dbd",
                "1ebc4fe63d711f8bf0ed6b888b2b3617ef09f176bd5b22c954fd69cde79c48ea",
                "7e61637511a3d3099e8f803c53236452e96c6384ce08186e97d366f4d8cc9fe0",
                "838f7fe784846ddbf3b71f8201025bb01b441302837cb2866638274572a2e186",
                "97bc2e4478706c1036c9371fc68becc491a7115d938a746e9628ec729a3f0292",
                "5baeb1b32c1aef144384f55339f666e9f479120ea1c28e4d4eeae6ed9a1dd05a",
                "99279fd624cf4d96b16705689dd07a2883c7b5631aeec921a9874cb872e26ecf"
            ]
        },
        {
            "rule": "r-ad\\.ne\\.jp\\/impush\\/sync\\.gif",
            "cookies": 0.0000228,
            "fingerprinting": 0,
            "subdomains": [
                "bk"
            ],
            "apis": {},
            "sites": 3,
            "prevalence": 0.0000228,
            "cnames": [],
            "responseHashes": []
        },
        {
            "rule": "r-ad\\.ne\\.jp\\/27\\/default\\.js",
            "cookies": 0.00000759,
            "fingerprinting": 1,
            "subdomains": [
                "tm"
            ],
            "apis": {
                "Document.cookie getter": 2,
                "Document.cookie setter": 1,
                "Navigator.prototype.userAgent": 1
            },
            "sites": 2,
            "prevalence": 0.0000152,
            "cnames": [],
            "responseHashes": [
                "1fc9cf640f8cbdd88501d37fce9d98ba501c002502b68f4542938b2952db9088"
            ]
        },
        {
            "rule": "r-ad\\.ne\\.jp\\/ics",
            "cookies": 0.00000759,
            "fingerprinting": 0,
            "subdomains": [
                "cs"
            ],
            "apis": {},
            "sites": 4,
            "prevalence": 0.0000304,
            "cnames": [],
            "responseHashes": [
                "b9d08ee8f9e79a4cd1c0a166b2805371f8ac6d02f603d5aacf3cb5a9592105a3"
            ]
        },
        {
            "rule": "r-ad\\.ne\\.jp\\/22\\/default\\.js",
            "cookies": 0.0000152,
            "fingerprinting": 1,
            "subdomains": [
                "tm"
            ],
            "apis": {
                "Document.cookie getter": 2,
                "Document.cookie setter": 2
            },
            "sites": 2,
            "prevalence": 0.0000152,
            "cnames": [],
            "responseHashes": [
                "74d0a3031deed8353480f65aa72fe0860b5982c2a0c7f81d1faf93305a80be46"
            ]
        },
        {
            "rule": "r-ad\\.ne\\.jp\\/40\\/ra400325001\\.js",
            "cookies": 0.00000759,
            "fingerprinting": 1,
            "subdomains": [
                "tm"
            ],
            "apis": {
                "Document.cookie getter": 1,
                "Document.cookie setter": 1
            },
            "sites": 2,
            "prevalence": 0.0000152,
            "cnames": [],
            "responseHashes": [
                "8dd1e6460dc716343453258266398e7f2e128cadf1ca4ed0f8f78f3724e4be5c"
            ]
        }
    ],
    "categories": [],
    "performance": {
        "time": 0,
        "size": 0,
        "cpu": 0,
        "cache": 3
    },
    "cookies": 0.000137,
    "types": {
        "XHR": 3,
        "Script": 21,
        "Image": 3
    }
}