{
    "domain": "rapidspike.com",
    "owner": {},
    "source": [
        "DuckDuckGo-US"
    ],
    "prevalence": 0.000132,
    "sites": 19,
    "subdomains": [
        "cdn-assets",
        "rum-30092adb-41cb-4272-ae9e-2e9a5e2d9bf6",
        "results",
        "rum-3ccd6ea2-a2d2-4914-8b2a-0450b829966f",
        "rum-cf85a61b-c4ab-47ef-ad57-b49ce2402865",
        "rum-bb395706-b6c3-4e94-b8ad-922fa2784abc",
        "rum-0ea7c26e-a032-4889-89d5-7e0c48a6fb85",
        "rum-1c66b23a-f6f5-44a4-9e1b-e141b5dc45d9",
        "rum-851862a3-9aa2-4588-8e90-2aca499578fe"
    ],
    "cnames": [],
    "fingerprinting": 1,
    "resources": [
        {
            "rule": "rapidspike\\.com\\/static\\/js\\/timingcg\\.min\\.js",
            "cookies": 0,
            "fingerprinting": 1,
            "subdomains": [
                "cdn-assets"
            ],
            "apis": {
                "PerformanceTiming.prototype.navigationStart": 5,
                "Performance.prototype.memory": 5
            },
            "sites": 5,
            "prevalence": 0.0000347,
            "cnames": [],
            "responseHashes": [
                "853b972c3842fe0901e7c04ee27ce01e213fe1db60cbc8a668dd0489f5ae0834"
            ],
            "type": "Script",
            "firstPartyCookies": {},
            "firstPartyCookiesSent": {},
            "exampleSites": [
                "365games.co.uk",
                "www.365games.co.uk",
                "www.arsenal.com",
                "www.oxo.com",
                "www.pavers.co.uk"
            ]
        },
        {
            "rule": "rapidspike\\.com\\/rum\\/",
            "cookies": 0.0000624,
            "fingerprinting": 0,
            "subdomains": [
                "rum-30092adb-41cb-4272-ae9e-2e9a5e2d9bf6",
                "results",
                "rum-3ccd6ea2-a2d2-4914-8b2a-0450b829966f",
                "rum-cf85a61b-c4ab-47ef-ad57-b49ce2402865",
                "rum-bb395706-b6c3-4e94-b8ad-922fa2784abc",
                "rum-0ea7c26e-a032-4889-89d5-7e0c48a6fb85",
                "rum-1c66b23a-f6f5-44a4-9e1b-e141b5dc45d9",
                "rum-851862a3-9aa2-4588-8e90-2aca499578fe"
            ],
            "apis": {},
            "sites": 11,
            "prevalence": 0.0000763,
            "cnames": [],
            "responseHashes": [
                "e3b0c44298fc1c149afbf4c8996fb92427ae41e4649b934ca495991b7852b855"
            ],
            "type": "Other",
            "firstPartyCookies": {},
            "firstPartyCookiesSent": {},
            "exampleSites": [
                "365games.co.uk",
                "www.365games.co.uk",
                "www.arsenal.com",
                "www.babybunting.com.au",
                "www.conranshop.co.uk",
                "www.ctshirts.com",
                "www.hydroflask.com",
                "www.oxo.com",
                "www.pavers.co.uk",
                "www.sofology.co.uk",
                "www.testofuel.com"
            ]
        },
        {
            "rule": "rapidspike\\.com\\/static\\/js\\/timingpcg\\.min\\.js",
            "cookies": 0,
            "fingerprinting": 0,
            "subdomains": [
                "cdn-assets"
            ],
            "apis": {},
            "sites": 7,
            "prevalence": 0.0000485,
            "cnames": [],
            "responseHashes": [
                "4ee83969c5ed3f38072076b0611914153d86dc42ce38b1ed98a04fcefef56e6b"
            ],
            "type": "Script",
            "firstPartyCookies": {},
            "firstPartyCookiesSent": {},
            "exampleSites": [
                "babybunting.com.au",
                "www.babybunting.com.au",
                "www.conranshop.co.uk",
                "www.ctshirts.com",
                "www.hydroflask.com",
                "www.sofology.co.uk",
                "www.testofuel.com"
            ]
        }
    ],
    "categories": [],
    "performance": {},
    "cookies": 0.0000971,
    "types": {
        "Script": 12,
        "Other": 11
    },
    "nameservers": [
        "melissa.ns.cloudflare.com",
        "noah.ns.cloudflare.com"
    ]
}