{
    "domain": "readpeak.com",
    "owner": {
        "name": "MCN - Media Content News Oy",
        "displayName": "MCN - Media Content News"
    },
    "source": [
        "DuckDuckGo-US"
    ],
    "prevalence": 0.000182,
    "sites": 24,
    "subdomains": [
        "app"
    ],
    "cnames": [],
    "fingerprinting": 1,
    "resources": [
        {
            "rule": "readpeak\\.com\\/ads\\/get\\/",
            "cookies": 0.0000607,
            "fingerprinting": 0,
            "subdomains": [
                "app"
            ],
            "apis": {},
            "sites": 8,
            "prevalence": 0.0000607,
            "cnames": [],
            "responseHashes": [
                "8f39085deb5522caecbefacae88bfb77bd81d233604d931b72d60a08f0a0ded0",
                "51ddd236cd57a82cd5373e4420968fea7359381fb90dd5e2a5d40531f73433e5",
                "a0b4378a9a44ae3bae273bd29f2e9d2c4bc231bdc5f32907d941bd61ebd10dec",
                "f44b9580d2aab113c851d97b02f4d0b6d120b0eda1cd6c2231881fa13b9161bf",
                "8f2bd2075f9a1dc412e1bd5be8e5981e9c41f8685693468f2e209938f035f17b",
                "1f595bb9644a5c08f873467e51f8529bb5090f71b34f5b3b2a69e2ac9a028b0d",
                "ec91463c989a0c4a78ce5a8d8f092b7857b15bbe5d67612607d25023bafdd3e0"
            ]
        },
        {
            "rule": "readpeak\\.com\\/js\\/mcn_ad_iframe\\.js",
            "cookies": 0,
            "fingerprinting": 1,
            "subdomains": [
                "app"
            ],
            "apis": {
                "Date.prototype.getTime": 5
            },
            "sites": 6,
            "prevalence": 0.0000456,
            "cnames": [],
            "responseHashes": [
                "dfcf360ca765785b3554614330e45078638a27f1b5e7947ddd78f0d5d1253226"
            ]
        },
        {
            "rule": "readpeak\\.com\\/ads\\/get\\/",
            "cookies": 0.000038,
            "fingerprinting": 0,
            "subdomains": [
                "app"
            ],
            "apis": {},
            "sites": 5,
            "prevalence": 0.000038,
            "cnames": [],
            "responseHashes": [
                "4e8ce301f03b7ef8c1d731271c6e2ede169114f28968a42e1eae258a6f5bcee1",
                "bf2a6545d263763e35e9530307f3c8f5a2f5c11b72e3e74cfb241fb09279487a",
                "296ff359b3bf0fe848f11684e438a09abaea20228b1a57715892e7566034f833",
                "e3b0c44298fc1c149afbf4c8996fb92427ae41e4649b934ca495991b7852b855"
            ]
        },
        {
            "rule": "readpeak\\.com\\/ads\\/get\\/",
            "cookies": 0.0000152,
            "fingerprinting": 0,
            "subdomains": [
                "app"
            ],
            "apis": {},
            "sites": 2,
            "prevalence": 0.0000152,
            "cnames": [],
            "responseHashes": [
                "bcbda816f0229a78c11c3af066e327fc9a3145ec572a604256d875b6f0cab367"
            ]
        },
        {
            "rule": "readpeak\\.com\\/url\\/b",
            "cookies": 0.0000152,
            "fingerprinting": 0,
            "subdomains": [
                "app"
            ],
            "apis": {},
            "sites": 2,
            "prevalence": 0.0000152,
            "cnames": [],
            "responseHashes": [
                "e3b0c44298fc1c149afbf4c8996fb92427ae41e4649b934ca495991b7852b855"
            ]
        }
    ],
    "categories": [],
    "performance": {
        "time": 0,
        "size": 0,
        "cpu": 0,
        "cache": 3
    },
    "cookies": 0.000175,
    "types": {
        "Document": 8,
        "Script": 6,
        "XHR": 5,
        "Fetch": 2,
        "Image": 2
    }
}