{
    "domain": "recommendifyapp.com",
    "owner": {},
    "source": [
        "DuckDuckGo-US"
    ],
    "prevalence": 0.000111,
    "sites": 16,
    "subdomains": [
        "www"
    ],
    "cnames": [],
    "fingerprinting": 0,
    "resources": [
        {
            "rule": "recommendifyapp\\.com\\/js\\/script_tag\\.js",
            "cookies": 0.0000624,
            "fingerprinting": 0,
            "subdomains": [
                "www"
            ],
            "apis": {},
            "sites": 9,
            "prevalence": 0.0000624,
            "cnames": [],
            "responseHashes": [
                "399241c36e67a1561d7a60dff11f421295923052c5147549a00f817f19f6c017",
                "c84d6e60c1d6ff978c73a46804f5c0c936430c8b640b557c6c816bf0290e4a18",
                "b971907c297c59e6087731b7af2d2dd44b13884810fb4e24e2db219c9437c2e3",
                "c695d4a9a988bbd77fca6bea0015998673ac51c49d9dae78b1009688a647db1a",
                "c086d83ea75808bdd27caf9cd5ffd7dd5b9aabb6b6d525f6188466087be654aa",
                "090f26cd4970f905a62110c99e72e85519cd120b1008a07823631ea5bd0feafa",
                "5f533830eee950074c01dfa2ab7f7186ee392db15768c421b7ad42494ff8c82b",
                "a362b2db4858afe7e20d00aeae4b9e8fcf0687a67a97d8a4b399cf743c960136"
            ],
            "type": "Script",
            "firstPartyCookies": {},
            "firstPartyCookiesSent": {},
            "exampleSites": [
                "department56.com",
                "gund.com",
                "jimshore.com",
                "loveyourmelon.com",
                "naadam.co",
                "store.barstoolsports.com",
                "store.crunchyroll.com",
                "www.breyerhorses.com",
                "www.newburycomics.com"
            ]
        },
        {
            "rule": "recommendifyapp\\.com\\/static\\/css\\/recommendify-responsive-grid\\.min\\.css",
            "cookies": 0.0000277,
            "fingerprinting": 0,
            "subdomains": [
                "www"
            ],
            "apis": {},
            "sites": 4,
            "prevalence": 0.0000277,
            "cnames": [],
            "responseHashes": [
                "3fae089de8477b621f60057389084c8be539d46286aaa0f61037b7bd01eee134"
            ],
            "type": "Stylesheet",
            "firstPartyCookies": {},
            "firstPartyCookiesSent": {},
            "exampleSites": [
                "department56.com",
                "gund.com",
                "jimshore.com",
                "loveyourmelon.com"
            ]
        }
    ],
    "categories": [],
    "performance": {},
    "cookies": 0.000111,
    "types": {
        "Script": 9,
        "Stylesheet": 4
    },
    "nameservers": [
        "cody.ns.cloudflare.com",
        "tara.ns.cloudflare.com"
    ]
}