{
    "domain": "relaido.jp",
    "owner": {},
    "source": [
        "DuckDuckGo-US"
    ],
    "prevalence": 0.000159,
    "sites": 23,
    "subdomains": [
        "cdn",
        "api",
        "sync",
        "tracker"
    ],
    "cnames": [],
    "fingerprinting": 1,
    "resources": [
        {
            "rule": "relaido\\.jp\\/rplayer\\/rplayer\\.js",
            "cookies": 0,
            "fingerprinting": 1,
            "subdomains": [
                "cdn"
            ],
            "apis": {
                "Navigator.prototype.userAgent": 5,
                "window.localStorage": 6
            },
            "sites": 6,
            "prevalence": 0.0000416,
            "cnames": [],
            "responseHashes": [
                "20ac5820bd09e2ff1406e132dff8635898c7e2ff8523a5740e807cc961ecd6a8"
            ],
            "type": "Script",
            "firstPartyCookies": {},
            "firstPartyCookiesSent": {},
            "exampleSites": [
                "ananweb.jp",
                "japan.cnet.com",
                "jisin.jp",
                "joshi-spa.jp",
                "news.biglobe.ne.jp",
                "www.asagei.com"
            ]
        },
        {
            "rule": "relaido\\.jp\\/tr\\/v1\\/uuid",
            "cookies": 0.000125,
            "fingerprinting": 0,
            "subdomains": [
                "api"
            ],
            "apis": {},
            "sites": 18,
            "prevalence": 0.000125,
            "cnames": [],
            "responseHashes": [
                "2590287af81f186a28e61f4dcc432ac1d11d93386f782f02bdb3598c28150aa1",
                "aed7df2a2297d4088707c55dda225505837b8ba62e89675a16519a8571ab6daf",
                "59fb824a5d8936db5b5c26e0bdd96a60b8ed0a2cff9feff4659f87e69a2a3d7d",
                "45e2aa180ac8023f99fdbeba5f2e06c7ee5b4f49eb9870e5aa837f54dd1fc5c5",
                "2790cd54e76605af4ff4bf04150aa74d4d5717794c383f20a1f2125864ae8ac0",
                "635f1fd9aa3374482f13a8c30839510d1e76fdea2a504fa89101014f545ab62b",
                "4b53012064547f27ef9fad9a5d04b3a75161e62e03e10871606e74c921f5ed72",
                "7316f8c105c7d490be481e651f878fc4375334cbef96550b8a1bb354c70d19ac",
                "787c010167d95c3537f34bf29ac91b633d7c2d9e2fe4864ab9e4806c6bef4641",
                "aea70a73fba63bd1f8a01d010b065f5256be1853c5d5970d52ca771b4a69584a",
                "dabb0f7e0cf33b449d9b7f53756215ec839917a678281a54ebc8834d601ee8df",
                "874ad325267a8ed0cfc31aab1421f189533090d706364463397332ed2e631708",
                "d0c1d2ddbd9abaec6e807ac0edbf09fe5f94f56fb2ddcc7e87cb93cd9a0bc1da",
                "e4d0f0c4ca06deadb3f3cd218ec64ca3494fcc0673b5e8003357e5458ce7b9a9",
                "8f9bb8e84e32044ef9bc0787a5a168dc7c524c79109e94f463268dd8fbb421cd",
                "06f6e1f750e1a1bb43d20235766b0ad9a08461f69b629838fdb1b3a05b8b0d21"
            ],
            "type": "XHR",
            "firstPartyCookies": {},
            "firstPartyCookiesSent": {},
            "exampleSites": [
                "ananweb.jp",
                "car-moby.jp",
                "dc.watch.impress.co.jp",
                "dot.asahi.com",
                "erecipe.woman.excite.co.jp",
                "japan.cnet.com",
                "jisin.jp",
                "joshi-spa.jp",
                "laurier.excite.co.jp",
                "news.biglobe.ne.jp",
                "pc.watch.impress.co.jp",
                "rank-king.jp",
                "rocketnews24.com",
                "www.asagei.com",
                "www.businessinsider.jp",
                "www.goo.ne.jp",
                "www.lifehacker.jp",
                "www.zaikei.co.jp"
            ]
        },
        {
            "rule": "relaido\\.jp\\/sync\\.js",
            "cookies": 0.000097,
            "fingerprinting": 1,
            "subdomains": [
                "sync"
            ],
            "apis": {
                "Navigator.prototype.product": 16,
                "Navigator.prototype.userAgent": 16,
                "Document.cookie getter": 11,
                "Document.cookie setter": 14
            },
            "sites": 18,
            "prevalence": 0.000125,
            "cnames": [],
            "responseHashes": [
                "4bf58e63cc6d1b2a9227ac1877491f9c064600c5dfe1695ac9bd3a291b2a8186"
            ],
            "type": "Script",
            "firstPartyCookies": {
                "_rld_u": {
                    "ttl": 31104000,
                    "length": 36,
                    "prevalence": 0.00006931111681002515,
                    "uniqueness": 1
                },
                "_rld_s_ps": {
                    "ttl": 2592000,
                    "length": 18,
                    "prevalence": 0.00009703556353403523,
                    "uniqueness": 0.07142857142857142
                }
            },
            "firstPartyCookiesSent": {
                "_rld_u": 0.00006931111681002515
            },
            "exampleSites": [
                "ananweb.jp",
                "car-moby.jp",
                "dc.watch.impress.co.jp",
                "dot.asahi.com",
                "erecipe.woman.excite.co.jp",
                "japan.cnet.com",
                "jisin.jp",
                "joshi-spa.jp",
                "laurier.excite.co.jp",
                "news.biglobe.ne.jp",
                "pc.watch.impress.co.jp",
                "rank-king.jp",
                "rocketnews24.com",
                "www.asagei.com",
                "www.businessinsider.jp",
                "www.goo.ne.jp",
                "www.lifehacker.jp",
                "www.zaikei.co.jp"
            ]
        },
        {
            "rule": "relaido\\.jp\\/tr\\/v1\\/uuid",
            "cookies": 0.0000832,
            "fingerprinting": 0,
            "subdomains": [
                "api"
            ],
            "apis": {},
            "sites": 12,
            "prevalence": 0.0000832,
            "cnames": [],
            "responseHashes": [
                "e3b0c44298fc1c149afbf4c8996fb92427ae41e4649b934ca495991b7852b855"
            ],
            "type": "Script",
            "firstPartyCookies": {},
            "firstPartyCookiesSent": {
                "_rld_u": 0.00006931111681002515
            },
            "exampleSites": [
                "ananweb.jp",
                "car-moby.jp",
                "dc.watch.impress.co.jp",
                "dot.asahi.com",
                "japan.cnet.com",
                "jisin.jp",
                "joshi-spa.jp",
                "news.biglobe.ne.jp",
                "pc.watch.impress.co.jp",
                "www.asagei.com",
                "www.goo.ne.jp",
                "www.zaikei.co.jp"
            ]
        },
        {
            "rule": "relaido\\.jp\\/tr\\/v1\\/uuid",
            "cookies": 0,
            "fingerprinting": 0,
            "subdomains": [
                "api"
            ],
            "apis": {},
            "sites": 11,
            "prevalence": 0.0000762,
            "cnames": [],
            "responseHashes": [],
            "type": "Preflight",
            "firstPartyCookies": {},
            "firstPartyCookiesSent": {},
            "exampleSites": [
                "ananweb.jp",
                "dc.watch.impress.co.jp",
                "dot.asahi.com",
                "japan.cnet.com",
                "jisin.jp",
                "joshi-spa.jp",
                "news.biglobe.ne.jp",
                "pc.watch.impress.co.jp",
                "www.asagei.com",
                "www.goo.ne.jp",
                "www.zaikei.co.jp"
            ]
        },
        {
            "rule": "relaido\\.jp\\/tr\\/v1\\/sync\\/bsw",
            "cookies": 0,
            "fingerprinting": 0,
            "subdomains": [
                "api"
            ],
            "apis": {},
            "sites": 12,
            "prevalence": 0.0000832,
            "cnames": [],