{
    "domain": "remarketingpixel.com",
    "owner": {},
    "source": [
        "DuckDuckGo-US"
    ],
    "prevalence": 0.00066,
    "sites": 87,
    "subdomains": [
        "r"
    ],
    "cnames": [],
    "fingerprinting": 0,
    "resources": [
        {
            "rule": "remarketingpixel\\.com\\/px\\.gif",
            "cookies": 0.000357,
            "fingerprinting": 0,
            "subdomains": [
                "r"
            ],
            "apis": {},
            "sites": 47,
            "prevalence": 0.000357,
            "cnames": [],
            "responseHashes": [
                "e3b0c44298fc1c149afbf4c8996fb92427ae41e4649b934ca495991b7852b855"
            ]
        },
        {
            "rule": "remarketingpixel\\.com\\/stats",
            "cookies": 0.0000987,
            "fingerprinting": 0,
            "subdomains": [
                "r"
            ],
            "apis": {},
            "sites": 13,
            "prevalence": 0.0000987,
            "cnames": [],
            "responseHashes": [
                "816c3f7c8baa89b76642069e38d21a8a8c78ccbbd48f6339e43e13d6d0a378a0",
                "bb565ee35295f48312c399eae406711d8ac1859231a0d56a951a430b0fb78ae9",
                "414159cb741ecafba95b70a2a2bb38a62241c5b444fa594c41e3deac05b2b6d9",
                "2b8e37e34dc60d09706ebd8b65c067538338f52d9fe1e3548197c908298efc7e",
                "5212809f96b00521faea94067da947b82028bdca695428aa679c50649db16ff7",
                "068a3cc47f822eb5701ba6b23b419505d7cee558ce40a034a4975bf5d6dc87a5",
                "fe13602fee075237247ba53036af7682d6f686d30b6a8e312130647c0dd07fed",
                "7742bfba3e5e133a99782c8e7223fa9b02e496eb8efbf6df6a1c5609eec5a091",
                "b07faa7ac0374d7ec13d84be5ff6a8e97b9caa48cd961ff34a85bb84cef1b0ee",
                "745a26fbb9424eee6128e4335a0f61e200eb88db54933cc01fb3776144619a5d",
                "57c37576ba2774e6988043793294ba9550fae8f38db61657be1a685673c171f6",
                "fa742eee3c87abb5a60e3ccabdef0d07acde4b5d0263d64db21edb4383528c76"
            ]
        },
        {
            "rule": "remarketingpixel\\.com\\/stats",
            "cookies": 0.00000759,
            "fingerprinting": 0,
            "subdomains": [
                "r"
            ],
            "apis": {},
            "sites": 2,
            "prevalence": 0.0000152,
            "cnames": [],
            "responseHashes": [
                "e3b0c44298fc1c149afbf4c8996fb92427ae41e4649b934ca495991b7852b855"
            ]
        }
    ],
    "categories": [],
    "performance": {
        "time": 1,
        "size": 1,
        "cpu": 0,
        "cache": 3
    },
    "cookies": 0.000653,
    "types": {
        "Image": 49,
        "XHR": 13
    }
}