{
    "domain": "remarkety.com",
    "owner": {},
    "source": [
        "DuckDuckGo-US"
    ],
    "prevalence": 0.0000917,
    "sites": 12,
    "subdomains": [
        "webhooks"
    ],
    "cnames": [],
    "fingerprinting": 0,
    "resources": [
        {
            "rule": "remarkety\\.com\\/api\\/v1\\/events\\.json",
            "cookies": 0.0000535,
            "fingerprinting": 0,
            "subdomains": [
                "webhooks"
            ],
            "apis": {},
            "sites": 7,
            "prevalence": 0.0000535,
            "cnames": [],
            "responseHashes": [
                "d887539a91ce52587fa9d5257996490b2639cb432e950a33ce2b5b12c34a1fd2",
                "9f52b250ec711d72276fd26deb2416877679da3454401a0954ea0b917969a658",
                "f1aa121031d3dc528b708edb498e7ad4aa714f4ecf2e7f45de29a316d3d49946",
                "302870b9fec177c0e25f9761a4f36cc46daed0261f8df28567dfe9e95593a472",
                "d82b157556d22638db4139a125ef727b7cc3447f57916e11dbf050390d7db7be",
                "40eb987a15e46a9ca05921d06c932b74c3d0a1087ff7ed313af2cb12cfa732c8"
            ],
            "type": "XHR",
            "exampleSites": [
                "cyberweld.com",
                "store.cyberweld.com",
                "www.carandtruckremotes.com",
                "www.knifeart.com",
                "www.priorservice.com",
                "www.spicylingerie.com",
                "www.thelampstand.com"
            ]
        }
    ],
    "categories": [],
    "performance": {},
    "cookies": 0.0000917,
    "types": {
        "XHR": 7
    }
}