{
    "domain": "revolvermaps.com",
    "owner": {},
    "source": [
        "DuckDuckGo-US"
    ],
    "prevalence": 0.000382,
    "sites": 50,
    "subdomains": [
        "rf",
        "ra",
        "rb",
        "rj",
        "rh",
        "ri"
    ],
    "cnames": [],
    "fingerprinting": 2,
    "resources": [
        {
            "rule": "revolvermaps\\.com\\/0\\/0\\/7\\.js",
            "cookies": 0,
            "fingerprinting": 1,
            "subdomains": [
                "rf",
                "ra"
            ],
            "apis": {
                "Date.prototype.getTime": 7
            },
            "sites": 7,
            "prevalence": 0.0000535,
            "cnames": [],
            "responseHashes": [
                "c8bf030af678e755be81886a4dc95052a252b3c3d87743844223aaf11644289d"
            ],
            "type": "Script",
            "exampleSites": [
                "annavonreitz.com",
                "bereanresearch.org",
                "inteldinarchronicles.blogspot.com",
                "intothelight.news",
                "messagescelestes.ca",
                "onepeterfive.com",
                "www.intothelight.news"
            ]
        },
        {
            "rule": "revolvermaps\\.com\\/w\\/7\\/a\\/a2\\.php",
            "cookies": 0,
            "fingerprinting": 1,
            "subdomains": [
                "rf",
                "ra",
                "rb"
            ],
            "apis": {
                "window.devicePixelRatio": 3,
                "Date.prototype.getTime": 3,
                "CanvasRenderingContext2D.prototype.getImageData": 2
            },
            "sites": 10,
            "prevalence": 0.0000764,
            "cnames": [],
            "responseHashes": [
                "291ac8ff6ae1e37465ae329e5fd4f1c28f48b26a6bb024ed01eae133fb0b5ebf",
                "0a3ae52da1cf375967aa741bc5a22cf6bb9f30e71c57c2d131b1352fb7912e09",
                "416ad6553bf44c1d19f5b38ae737bcc6b316bd254d2b728f5c9b4fa6fb2c72bf",
                "7b1b169d9d85ee75212a55d4b84b2c2456e862350237182de9cc9aa4e1d2990f",
                "ff00b59cbfd14ac140f9523fd5c999b76795f9ef48e11d0f2935327bbec3a6da",
                "fc170a9f78aaec8a8acfca2a8a2b0bb35a0f9a869bcdb9aa613e46b0723ce063",
                "505d514e88157acad35adc79c7311a42fd2425791624829f051d849af01533c7",
                "e965a45ca71a876b8ef8b254d59c254f649af590d086a8ea2a04a0b97fa9c8e7"
            ],
            "type": "Document",
            "exampleSites": [
                "annavonreitz.com",
                "bereanresearch.org",
                "bethlehemstar.com",
                "inteldinarchronicles.blogspot.com",
                "intothelight.news",
                "messagescelestes.ca",
                "onepeterfive.com",
                "sternenlichter2.blogspot.com",
                "www.feiertagskalender.ch",
                "www.intothelight.news"
            ]
        },
        {
            "rule": "revolvermaps\\.com\\/w\\/1\\/a\\/a2\\.php",
            "cookies": 0,
            "fingerprinting": 2,
            "subdomains": [
                "rf",
                "ra",
                "rj"
            ],
            "apis": {
                "window.devicePixelRatio": 1,
                "CanvasRenderingContext2D.prototype.measureText": 1,
                "CanvasRenderingContext2D.prototype.getImageData": 1,
                "WebGLRenderingContext.prototype.getParameter": 1,
                "Date.prototype.getTime": 1
            },
            "sites": 4,
            "prevalence": 0.0000306,
            "cnames": [],
            "responseHashes": [
                "df13bfcb66ac39ef41b6f05bf8d044c15b07321b6b4ebebd716c1db4e9371d09",
                "d3d0b4a458d98bb79063f9aa03a866c165d2735ebb0a153bd46a78e18c10a93a",
                "a58141173ae9dbc80ddbe616f8e644dbd2a86e576add553a4cb7637b61033dc7"
            ],
            "type": "Document",
            "exampleSites": [
                "blazingpress.com",
                "eraoflight.com",
                "voyagesoflight.blogspot.com",
                "www.auricmedia.net"
            ]
        },
        {
            "rule": "revolvermaps\\.com\\/5\\/f\\.php",
            "cookies": 0,
            "fingerprinting": 1,
            "subdomains": [
                "ra",
                "rf"
            ],
            "apis": {
                "Date.prototype.getTime": 4,
                "CanvasRenderingContext2D.prototype.getImageData": 3
            },
            "sites": 4,
            "prevalence": 0.0000306,
            "cnames": [],
            "responseHashes": [
                "38123ccf66506ee4d6654495317012bb347008da6e5f7869e9e225223a8fbc3f",
                "f7680466506707d655f08eb4caa94591a593a95215c27b7ad1fa6ac04a6cd1a4",
                "516ceeb70662200b9ae96d7b81c32f5622b48316c3dd043f5a7f81d9f68d4ae4"
            ],
            "type": "Document",
            "exampleSites": [
                "canonlawmadeeasy.com",
                "endtimesforecaster.blogspot.com",
                "nwohavaintoja.blogspot.com",
                "oh-ceritasex.blogspot.com"
            ]
        },
        {
            "rule": "revolvermaps\\.com\\/0\\/0\\/1\\.js",
            "cookies": 0,
            "fingerprinting": 3,
            "subdomains": [
                "rf",
                "ra",
                "rj"
            ],
            "apis": {
                "Date.prototype.getTime": 3,
                "WebGLRenderingContext.prototype.getShaderPrecisionFormat": 3
            },
            "sites": 3,
            "prevalence": 0.0000229,
            "cnames": [],
            "responseHashes": [
                "9400c75dca241ca52b09f0de7d749e3aa2c583cf8d1f3933e00eacb46c5b1a30"
            ],
            "type": "Script",
            "exampleSites": [
                "eraoflight.com",
                "voyagesoflight.blogspot.com",
                "www.auricmedia.net"
            ]
        },
        {
            "rule": "revolvermaps\\.com\\/0\\/0\\/6\\.js",
            "cookies": 0,
            "fingerprinting": 1,
            "subdomains": [
                "rf"
            ],
            "apis": {
                "Date.prototype.getTime": 5,
                "window.devicePixelRatio": 5
            },
            "sites": 5,
            "prevalence": 0.0000382,
            "cnames": [],
            "responseHashes": [
                "4eb36b4ee54c1737b5489d7b05d3c88a9914c5828fbb7bb358165cee347437e8"
            ],
            "type": "Script",
            "exampleSites": [
                "eveilhomme.com",
                "leozagami.com",
                "thephaser.com",
                "worldtruth.tv",
                "www.discerningtheworld.com"
            ]
        },
        {
            "rule": "revolvermaps\\.com\\/w\\/6\\/a\\/a2\\.php",
            "cookies": 0,
            "fingerprinting": 1,
            "subdomains": [
                "rf",
                "rh"
            ],
            "apis": {
                "window.devicePixelRatio": 1,
                "WebGLRenderingContext.prototype.getParameter": 1,
                "CanvasRenderingContext2D.prototype.measureText": 1,
                "CanvasRenderingContext2D.prototype.getImageData": 1,
                "Date.prototype.getTime": 1
            },
            "sites": 8,
            "prevalence": 0.0000611,
            "cnames": [],