{
    "domain": "rise-ai.com",
    "owner": {},
    "source": [
        "DuckDuckGo-US"
    ],
    "prevalence": 0.000387,
    "sites": 51,
    "subdomains": [
        "str",
        "assets",
        "strn"
    ],
    "cnames": [],
    "fingerprinting": 1,
    "resources": [
        {
            "rule": "rise-ai\\.com\\/",
            "cookies": 0.000197,
            "fingerprinting": 0,
            "subdomains": [
                "str"
            ],
            "apis": {},
            "sites": 27,
            "prevalence": 0.000205,
            "cnames": [],
            "responseHashes": [
                "a2ffddb5a38cbade3bd8c2cfc6c689feff16842bbc6a4283e4c9639332f9711d",
                "3feadf585df4df705c8cf94ade451c897297966606a1405ed2d8e5fbf0b1453b",
                "346288d311fc4228a209f95918a050dc7305476e8d36bbb0d096653acc9cf2e5",
                "b9dd21f1bc51a40ad83959cb2c321e44d09026e6ad2cb1d7bd11ee9ba98da035",
                "e825f86c636be1e844267beb87ccb494f045d81d361ec1d869dc77b12690bcf8",
                "0381e5bf52c2852061e56be1ac610bc04faa624008c077ea376dac156b98d8c3",
                "5ffcfb9b5b8195a7df0007a1a33a80cf18206502dc869f9aed207a3cd1b98954",
                "5f8c9f313d28d0ba2a2281d482b83676fe6799c005d42e307a9e61464955ed79",
                "e58e693f2113b2ac8653ea208eadeae7427e070344a4fc083c4b8bc90f5da1ff",
                "2c1a1601e966cd91e13b80d14dbb8f8b03b4abe8b2e011b7cf5e69021c52c89b",
                "1828722583055b649402d933da6bd8aa0fbe355699b60d3aa0a2bd45de95e403",
                "c6cf8d911e893b4d83937e950444ddf22a4a91cf3190e8d8f437f2029fd39bce",
                "8ca9a187789d702d37b9d6a88c7b34cc50f751a988f83244217c342bddde1efb",
                "0948490109f41937cf42ba3b35c18a1134147f3548230b081ffbe3c94f5deaca",
                "6a5dffa07d7c2aeca5c92972524f99d539047226e6b439e0391d6cbfb6512be7",
                "5d7f052b2de3d0ee7a3a8bda94de73109c1df736074115e08a89db315be330e4",
                "81026ce2bc6db76a532e17539c1400da5caf6b7474cf60a46bf5249e833851ad",
                "5d81fe1daffa27faef4f4e884958bfa6127c83b1adfd4a15dea78edd0a286646",
                "4a4b458d60f46467018c7da7f2a8c37d1454681ac5679c4ba052e64a8453ba9d",
                "0cba9bc1f09a1614968623451e8a97c2f6418732ae96368ebe59d556ff01d1b4",
                "ab5a6982e8734712d9d4ca3f243f954e0b504069aa1aba1882373ba944b4a906",
                "8a910e660dce2fdb04b47c4d682db20172a69755cca7a23d2d0d0dee9f9b6fd9",
                "c6fbbc9d9d3c1189017a0d89cc6fbf1f65b52a0b1cf90a5f59094de90f04c0c2",
                "ff50d013586ee35c2623d504a74027fe867dfe74f7dca3b6968cbf67571f5f43",
                "b10016f75e4ddde825c11e5a3472c53fad61639a463f5d8c1f25ee327cc1ee59"
            ]
        },
        {
            "rule": "rise-ai\\.com\\/gift",
            "cookies": 0.0000152,
            "fingerprinting": 0,
            "subdomains": [
                "str"
            ],
            "apis": {},
            "sites": 2,
            "prevalence": 0.0000152,
            "cnames": [],
            "responseHashes": [
                "fe89107becd3a1a2a7eb34a1bb4dbc0e2c4470b0e9ee3aace463bcdc05b802b2"
            ]
        },
        {
            "rule": "rise-ai\\.com\\/static\\/3c5f3083e19b40e9a4b8750b4e292998a629107af12d4c4e9428093279dea76f\\.png",
            "cookies": 0.0000152,
            "fingerprinting": 0,
            "subdomains": [
                "assets"
            ],
            "apis": {},
            "sites": 2,
            "prevalence": 0.0000152,
            "cnames": [],
            "responseHashes": [
                "6479797f3372e574668e7f4c48b03b61e35795b4cc9c147f2d03eb4edbea75d9"
            ]
        },
        {
            "rule": "rise-ai\\.com\\/_nuxt\\/runtime\\.e739c62\\.js",
            "cookies": 0.0000152,
            "fingerprinting": 0,
            "subdomains": [
                "str"
            ],
            "apis": {},
            "sites": 2,
            "prevalence": 0.0000152,
            "cnames": [],
            "responseHashes": [
                "3c00c52421ec5a7de7327f9603ff35412e6eaa72fb1a6a642fc679cccc802061"
            ]
        },
        {
            "rule": "rise-ai\\.com\\/_nuxt\\/vendors\\/commons\\.6ac04f5\\.js",
            "cookies": 0.0000152,
            "fingerprinting": 2,
            "subdomains": [
                "str"
            ],
            "apis": {
                "Navigator.prototype.userAgent": 1,
                "Event.prototype.timeStamp": 1,
                "Navigator.prototype.product": 1
            },
            "sites": 2,
            "prevalence": 0.0000152,
            "cnames": [],
            "responseHashes": [
                "6dd5c6d513c50bbf5557d3750610df96c0254d2e023610c54bc69a9a2de8a062"
            ]
        },
        {
            "rule": "rise-ai\\.com\\/_nuxt\\/app\\.f7d52c5\\.js",
            "cookies": 0.0000152,
            "fingerprinting": 2,
            "subdomains": [
                "str"
            ],
            "apis": {
                "Navigator.prototype.userAgent": 1,
                "Navigator.prototype.onLine": 1
            },
            "sites": 2,
            "prevalence": 0.0000152,
            "cnames": [],
            "responseHashes": [
                "39e0fde9f841f72e7b53de3050a36e3892cc7e3faf195ac06c97ad5db59b51c5"
            ]
        },
        {
            "rule": "rise-ai\\.com\\/line-awesome\\/line-awesome\\.min\\.css",
            "cookies": 0.0000152,
            "fingerprinting": 0,
            "subdomains": [
                "str"
            ],
            "apis": {},
            "sites": 2,
            "prevalence": 0.0000152,
            "cnames": [],
            "responseHashes": [
                "6d4ed976ac761bc59275f3dbf87dc15cd90cf740daa49ee6984fbc4e53a05145"
            ]
        },
        {
            "rule": "rise-ai\\.com\\/_nuxt\\/vendors\\/5d3f754f\\.7d7772f\\.js",
            "cookies": 0.0000152,
            "fingerprinting": 0,
            "subdomains": [
                "str"
            ],
            "apis": {},
            "sites": 2,
            "prevalence": 0.0000152,
            "cnames": [],
            "responseHashes": [
                "0612615e25ec49357a697c53ebab0b907e1abbae8e88dd56a862f95d4c1b2581"
            ]
        },
        {
            "rule": "rise-ai\\.com\\/_nuxt\\/vendors\\/8faa0d0e\\.546c467\\.js",
            "cookies": 0.0000152,
            "fingerprinting": 0,
            "subdomains": [
                "str"
            ],
            "apis": {},
            "sites": 2,
            "prevalence": 0.0000152,
            "cnames": [],
            "responseHashes": [
                "db982e9c4c3dafccba530dee8357accb88bfb5b12e570536becbb8fc2d276ee7"
            ]
        },
        {
            "rule": "rise-ai\\.com\\/_nuxt\\/pages\\/gift\\/index\\.2fcd585\\.js",
            "cookies": 0.0000152,
            "fingerprinting": 1,
            "subdomains": [
                "str"
            ],
            "apis": {
                "Date.prototype.getTime": 2
            },
            "sites": 2,
            "prevalence": 0.0000152,
            "cnames": [],
            "responseHashes": [
                "b90f7c1f377134629775296310047f745ba80538804c543508ff7b6381d5af84"
            ]
        },
        {
            "rule": "rise-ai\\.com\\/app\\/widget",
            "cookies": 0.0000152,
            "fingerprinting": 0,
            "subdomains": [
                "strn"
            ],
            "apis": {},
            "sites": 2,
            "prevalence": 0.0000152,
            "cnames": [],
            "responseHashes": [
                "5103202e31d7a2a6b1d08a078936321ca3bce33634129974320ff54ffc6a051f"
            ]
        },
        {
            "rule": "rise-ai\\.com\\/app\\/_nuxt\\/d3cabd1\\.js",
            "cookies": 0.0000152,
            "fingerprinting": 0,
            "subdomains": [
                "strn"
            ],
            "apis": {},