{
    "domain": "rise-ai.com",
    "owner": {},
    "source": [
        "DuckDuckGo-US"
    ],
    "prevalence": 0.000611,
    "sites": 88,
    "subdomains": [
        "str",
        "strn"
    ],
    "cnames": [],
    "fingerprinting": 1,
    "resources": [
        {
            "rule": "rise-ai\\.com\\/",
            "cookies": 0.000313,
            "fingerprinting": 0,
            "subdomains": [
                "str"
            ],
            "apis": {},
            "sites": 45,
            "prevalence": 0.000313,
            "cnames": [],
            "responseHashes": [
                "1ddd2f276eb2d444183cbc6e8f39a80ff458e575771dd5b4788de5049d2ba75b",
                "5c4bdb93211004abdc3d5a681b2c8dbb8e928bc9a60fdcbf80298e340123a460",
                "e4027437916a9ec2693b68d4e692504408b96936d6437e145080816f8cb056f5",
                "eda341e658440fcfdedc6ebfb5f82ba575248572935159155f1a75afe3762d9d",
                "f70384b008be37d4d4c423af3a237088734c077127fe4bc22545610d3c59cd63",
                "14f94bb3691f523269459e6b21a49a2e160d472d4c60de542f6681e4a8d3abb1",
                "c7993f9434da1a61bc5714fa06171003816b28aa063ba065d554e11ea2ab1820",
                "a1a09e2cb6b67f5171848d8d160b5ac3889a33497885de749602eb2abd973784",
                "fc02dc5f7fe049d717ca9d3fdfbfd4c1550fa17b48484458c6a1c9bf836167e8",
                "124200ae377c3ee99f2c938fc640a0d78e9f286fc74225c55cdfee2ff9029ca5",
                "9bf1e0e3226f772c6a140fc5ad42307c762b7523a6f4369da1b3419c54d02062",
                "06011869ea006206cc3a0a351ff41753ff85ad73c206be0e6fbc660e68e69a88",
                "56d60681a245363eed2fc5662654f54c5e1ae5380e6d3830866d6c801ba66e24",
                "b355f64082582210cf330ed742e5c0bf2c30bf6177bd02291be079f876e97fd1",
                "eb271f69dc2b2f5662b25428bfc666951e9c42640270d5b23f37cf648d414d58",
                "6e0029c36766e2e108f3a28377080bf85a0345e44a7e47ee7f9c4287fde416c9",
                "319aa7ca1426864b9c5a8a6e12d951a6a58af8b52777d7d4d80b178f6cce4efe",
                "771b8d09b534bedb11c0f5ecc7aa91ebf3d12cedf30f6906a2357405b0edcb4e",
                "549a1ab011ae308aa87b8352871d6148cbf48c5d9e26cffd62d8a73c66393457",
                "f713e8095cd010f9dc1c7fa72e2fba7bb89d3977488758e1f46c14cba23ab728",
                "7695951a67d582b5ae3114f67a1bbdd41da99707511b9d73393a0d3e833b3e49",
                "f3ad7cf87ce295496f5ba085e621485e428a0738b688272fc391c98cf07c0829",
                "df208091fb506e3332ac62a6f010175a4fe6df2c58446a4a793c9f2739eae708",
                "6ec2962f5601b6896ba9a34da7e816f943fab3f628727d689fa5a6f41007d352",
                "fc0879950e2595eb704e21d1427b519ba7c457b5ba7606c5155f36fdb426cb9b",
                "5d7d95efcf8e016c6a6994415588000fc78b9d265a63cbac651424199ae5607e",
                "2f16599adbfc83df60ee7c248f7099f5adf92cd7b73c0cfd1f5996d92a0424d5",
                "2fcdc6bf36d316244b70099343f51f52822a84b0900181620eb2630eb6aa5464",
                "fbdab99fe2e8a1558d7ce14b9d45d53d5b5418eddc071eb6f474d6654a587e55",
                "8b5e4e7d26a39b6c3f31183df867086e7a80a1ec038837883536441f482d1a19",
                "d935831f77b9f85e26747af4a3bf5dcdb8d6dae320889bbea2c08178199c59df",
                "3137d0392b853ce713ed6799d3562f983e07a601d9678d948a48332e05722d52",
                "df5df685861fb1f9786eb3562a5acfea33e0fe254d8e18f713b6983243738baf",
                "ed01ffaccdfb9bc52c765affc6024e1a8c892cfee7f410fa7fcd1e0d379f5419",
                "0113ea0bb19856e2f24f77d2b03127de6e62d84c83810d4cf40f70b78e2cc334",
                "4e325757dffcecff88a232b8563f9b0ad8e79a02b1c978373158b9c46475912c",
                "7c4ee12a7aec4b2e1f35fc54a45d20841e51e4ef5e9175093643376fa9036468",
                "7a879fdd4c20335304f4505c2dc7e525991ea9e6c9da8d3b912a88c9cc7105be",
                "0d1497b63c0577bead63b90f732667e15d25848c59be44676716a591ba6d85a6",
                "42ebe3c796795e6be3a69fef1068dbe7ddd432751f8f78290fab5b35e282c821",
                "6095af5280356959e591e17ace96ac5abe2367fa51704f816d58147c461c2b97",
                "6751167c20167ed6457f0898ea2259fe5e634dce1f49c4323afacf6b53103530",
                "3e1d1329c156a43292a8cac95054c2317b4dc00166aa57c227f6c73f8e163dc2",
                "74497afe5490e99b7f4f0bb6954d8064e9a0d199fdf68d81554d78738bd284bc"
            ],
            "type": "Script",
            "firstPartyCookies": {},
            "firstPartyCookiesSent": {},
            "exampleSites": [
                "ooni.com",
                "establishedtitles.com",
                "americantall.com",
                "bigblanket.com",
                "drsquatch.com",
                "www.girlfriend.com",
                "smithey.com",
                "www.tigerlady.com",
                "pitvipersunglasses.com",
                "emotiva.com",
                "www.phonesoap.com",
                "www.theteaspot.com",
                "milkbarstore.com",
                "www.vicicollection.com",
                "jimshore.com",
                "www.bettystoybox.com",
                "www.lifestraw.com",
                "www.wusthof.com",
                "ruggable.com",
                "southernedges.com"
            ]
        },
        {
            "rule": "rise-ai\\.com\\/app\\/widget",
            "cookies": 0.0000139,
            "fingerprinting": 0,
            "subdomains": [
                "strn"
            ],
            "apis": {},
            "sites": 2,
            "prevalence": 0.0000139,
            "cnames": [],
            "responseHashes": [
                "511d46880a4380f9d6ea3863a7e73f5fb3c2404e08d662c1f471bfc51202faac"
            ],
            "type": "Document",
            "firstPartyCookies": {},
            "firstPartyCookiesSent": {},
            "exampleSites": [
                "bettystoybox.com",
                "www.bettystoybox.com"
            ]
        },
        {
            "rule": "rise-ai\\.com\\/app\\/_nuxt\\/78b84ab\\.js",
            "cookies": 0.0000139,
            "fingerprinting": 0,
            "subdomains": [
                "strn"
            ],
            "apis": {},
            "sites": 2,
            "prevalence": 0.0000139,
            "cnames": [],
            "responseHashes": [
                "0f025a74667c9af8337da8ee0b31870c8e401e990a9b4a1b26e58bea16ab3f7f"
            ],
            "type": "Script",
            "firstPartyCookies": {},
            "firstPartyCookiesSent": {},
            "exampleSites": [
                "bettystoybox.com",
                "www.bettystoybox.com"
            ]
        },
        {
            "rule": "rise-ai\\.com\\/app\\/_nuxt\\/af469a4\\.js",
            "cookies": 0.0000139,
            "fingerprinting": 1,
            "subdomains": [
                "strn"
            ],
            "apis": {
                "Navigator.prototype.userAgent": 2,
                "Event.prototype.timeStamp": 2,
                "Navigator.prototype.product": 2,
                "Document.cookie getter": 2
            },
            "sites": 2,
            "prevalence": 0.0000139,
            "cnames": [],
            "responseHashes": [
                "089a1490c3c954e1543d099be0960c06285f9ded921189805ca00269f18a3684"
            ],
            "type": "Script",
            "firstPartyCookies": {},
            "firstPartyCookiesSent": {},
            "exampleSites": [
                "bettystoybox.com",
                "www.bettystoybox.com"
            ]
        },
        {
            "rule": "rise-ai\\.com\\/app\\/_nuxt\\/750abe9\\.js",
            "cookies": 0.0000139,
            "fingerprinting": 1,
            "subdomains": [
                "strn"
            ],
            "apis": {
                "Navigator.prototype.userAgent": 2
            },
            "sites": 2,
            "prevalence": 0.0000139,
            "cnames": [],
            "responseHashes": [
                "8a003ea01c5bba518ff9e9774b1dbfb78b7eabfbc34c0787735d5e3fbbe61d4d"
            ],
            "type": "Script",