{
    "domain": "riverhit.com",
    "owner": {},
    "source": [
        "DuckDuckGo-US"
    ],
    "prevalence": 0.0013,
    "sites": 171,
    "subdomains": [
        "t",
        "cdn"
    ],
    "cnames": [],
    "fingerprinting": 1,
    "resources": [
        {
            "rule": "riverhit\\.com\\/vast\\/",
            "cookies": 0.000471,
            "fingerprinting": 0,
            "subdomains": [
                "t"
            ],
            "apis": {},
            "sites": 62,
            "prevalence": 0.000471,
            "cnames": [],
            "responseHashes": [
                "00628e95fe90d669053d0148e6e86a38a05f8278b416da5cfefbbb87f31d15f5",
                "c544f5f6749363a5580d7a8026c1521141a11d57784603b2e3f6867ff9c23c3e",
                "e5f9d10d8b331d41b20413447145aeebc3e5f9377d34494aa894270f2fe7a7ba",
                "095baa737d33823ffd7a37d70f8c76c62c16a343cf95694e16bb0931528f5511",
                "d75d3c9a5e52d994488ea2d518354f50e20a736a954f338d26661f511a4789a6",
                "d2bf8d03c5ab395372c67529e3f010cc45ac7922d37424341edb637550d92e06",
                "f09ea359f87760eac9e440785092d28d6b803023b9fd2a4cbb7d4e1bf50ff487",
                "1109849b318ec8d91b2bf1f8405cd4aa71b8e12c048817df56670b742b7146d7",
                "f3d49ee1fc371f8bbd3795220dd5fe5f60c557c7a824395b5c43a6a087063ff4",
                "2ae436709d88660b29a5e70c7450c8c6fe812b7d0b9e79ef926dd1a788058573",
                "0edabfbb559aa85949ec627509d4abd9cbeea909cd3881ff5ea4dc7a85983585",
                "4e8edaa849a8f75537f92565b4531314d4fbe644fcd1025f0f313d7596a2cf97",
                "f4a83507dcfc9f1747629e643763498f5c55d78fe3b5d16eab8a85f2790bb44a",
                "d1d212f7de82c25eb45458eb6dd7c212646f15e0fe6c41f6fdf866cf0ed71d5f",
                "7d93b91cd1a6d5b9267478233187100687905124b1e16629873f8f33c1c3c104",
                "ce1dfb3eec3921e9e0ccaef22df932d7ecd36174fea061204c4770ddca8a1862",
                "b9d86bc1aa9f776a1edf2618d0eb6ce23d6764fe30122ccaa4b578b45a510aa8",
                "d6c052dad1d225d2a6a57959b21ee976b98f392b0ec0714feeab91e88600a660",
                "5b595ce435c7bfe5494293ac1cf1da7d2d8e2a974840386855b326db5f729b03",
                "b38cd3f40c0d8de59e652841966185a0e8cc09e69fdf500c0bb8d7b5817e2b92",
                "018c0b6284a972f5e6491c4c2f2eca5f242713a81d5395c33241033de5f353e4",
                "216ff8d40bfff01b4d43d50535138e571c92e2dc3c8f9aae98be35e6978532de",
                "79330b5e14c4359447fe47b7f836f430b215633b219ccd109d66089f67563195",
                "8919f785dbd684da7363129bd6e0c66b95b4024d89af1b7ddd8a3680135eee21",
                "f646235ac893d7a555617f2f87677cfbcd536ec79151e27712cc461c0352f662",
                "3e9a10a67db8af8a666fb46f1fc0d336b240fa945575e2dfb6869582899e9caf",
                "a7eef77a9d7ec05b7b80fc4de3f9147c640e47fe6464e10dd383229448189c79",
                "ef1591cbc99fced55b6a20891df6c053649536c43546411902d60a9ece4c945d",
                "5872f466128758a8134a4c1932f558fd3e08fd480d308a0fbda5332b26a99c8f",
                "206b82ae0c0499b40a16d0f69970daa105510f3e245699d40ae5a2c3115824cf",
                "c12072f990d1b4b9fd1121533b6574b9203437205356a42c689847fd71761dab",
                "12d4cffc8cb9c0e08e1859a241d39a42536480bfc6633f9514526dcbd69ecbd2",
                "de2da0db9077d2500e8f9b22a28accf9e20765e2550e23153e870fd9114ce81e",
                "e5df8156496fa33716fa3ff502f8c51a0fba15bce6206c6964947d4a6e5bedc7",
                "825362a10b1dc34329a8e0d711ef3a1a97803f62d2e2a826caa75346eacd98e8",
                "ef7340b5655b1047d15ea168a062a38514fe26cc7f6d9ff21138137f59e639a6",
                "2974d150ad4c63cd128587780f50fec9e17412ce261ae8002ece04ca3fd7cb35",
                "3ff5d2c63f04b517f95f3b196a5e4a988cd5b5edd8a1f89408252d94ca0920aa",
                "7e1adcc91f3d632f0033c09899e13e677b88c33f20f5a9577a904b2ef840a25d",
                "3f3c2394fb63e1e99ca331457f19b136df3d100a359f39d63bb3193bbe6ef038",
                "1cdf895f9ec1c7f154c5a1e6b0a9886b6744bac6ad8fb8ede3f8dcd2bb8f27ec",
                "6e3152f58c4657f76a2c56149e5d8ed00d0a2bd59e1af09a4c03341a28de610f",
                "3f02dd24853d725308f3bfb6b42b675cd595a4ab1fb0c575d991ee9e37e23292",
                "02aa28165cde738aa32d68e28a1d73b5b534c15be28366bdc4a3c0a9ab4f454b",
                "c92f76bb3965d837bfb3a47cf40217895e958a2d5f84c0cc927a39e8d917da3f",
                "41bf2aef7edfb56534604bd7cf005b239ea9a02c0d6fb3718b1a1593cdac258c",
                "4019aa86431dde8f320634b6163df22fb4439b05aa7ce79c256103cca0d1ea3d",
                "69a9b9c3fa6f63bb50825912e7efba55acaf4b92ffff1058b59ea6cf015c16da",
                "7ed3bfd4874393bc851ecdc022329101263f2a713f28bef1a99b831f349c081a",
                "ca53a09374cde1d9d71e6a418348875cd5fb2946a0bd566648f1457ea007af22",
                "42a3a2f789dd7fd4a119258fc9308ed00bef4a8f82731304e567a36abe050b0f",
                "525a8a3fc46b7d47ea5910f9fc3541c81c7b048cad936df99c5a8cee9af3cdd3",
                "25d6096c26c2a0df7739886b91b5c702a73e27701630907440c7700e32637ef5",
                "800b99808148790b67ed791b9a29be397034299696e6978f51c33b05a1122295",
                "f5b15c9b28ebe5f87c59a504941c7d7577d7932e23ffc9e1626108f7dd8c85c7",
                "a8459162067d1771ededf8dd3ab022eb99d5284a5148d5405a41bcb4556db63c",
                "f3b5004c5c2f865f00e6398dd2291584d4d214b75fe95bfb489aac73bfaf4ad5",
                "16ef0f1c82f878fbc7365151214c4477cf8ed270b737b365520c834eb1933443",
                "1d7bb5633143b14b77c7eb4fa8e00a934313ef0157f97fc710b80a93daa514f7",
                "34197f7c54b1bc72de401e7c6c91e24b70218db8a02a9728787dd17f51842d0c",
                "abd3ac853d026d0f7b14ee462193546e842a8aff962930dc3f60d40125262b66"
            ],
            "type": "Fetch",
            "exampleSites": [
                "jizzbunker.com",
                "vidoza.net",
                "xnxx.club",
                "incestporn.click",
                "homemadeincestpornsexvideos.com",
                "homefuckporn.com",
                "bestialityhorsefuck.space",
                "animalsex.party",
                "zoozoosexporn.com",
                "hog.tv",
                "bhabhiporn.pro",
                "sexmom.me",
                "horsesexzoo.site",
                "incestporn.party",
                "hdsex.org",
                "zoosex.me",
                "xnxxhd.tv",
                "fatherdaughterincestpornsex.com",
                "momsonpornincesthomesex.com",
                "xxxdan.com"
            ]
        },
        {
            "rule": "riverhit\\.com\\/sdk\\/push_web\\/",
            "cookies": 0.000228,
            "fingerprinting": 2,
            "subdomains": [
                "cdn"
            ],
            "apis": {
                "Document.cookie getter": 34,
                "window.devicePixelRatio": 50,
                "Navigator.prototype.appName": 49,
                "Navigator.prototype.userAgent": 44,
                "Date.prototype.getTime": 44,
                "Document.cookie setter": 30
            },
            "sites": 50,
            "prevalence": 0.00038,
            "cnames": [],