{
    "domain": "runkit.com",
    "owner": {},
    "source": [
        "DuckDuckGo-US"
    ],
    "prevalence": 0.0000304,
    "sites": 4,
    "subdomains": [],
    "cnames": [],
    "fingerprinting": 0,
    "resources": [
        {
            "rule": "runkit\\.com\\/e\\/application-sha256-9e57022fe49eeba196f84037b0c23954f95e921548163815ae337b816d1f5952",
            "cookies": 0.0000152,
            "fingerprinting": 0,
            "subdomains": [],
            "apis": {},
            "sites": 2,
            "prevalence": 0.0000152,
            "cnames": [],
            "responseHashes": [
                "9e57022fe49eeba196f84037b0c23954f95e921548163815ae337b816d1f5952"
            ]
        },
        {
            "rule": "runkit\\.com\\/e\\/iframe-sha256-05b5afa65c60a7b7d1f8199ca9189941d81bdcb76a1bd171bce786edfdf4f8cc",
            "cookies": 0.0000152,
            "fingerprinting": 0,
            "subdomains": [],
            "apis": {},
            "sites": 2,
            "prevalence": 0.0000152,
            "cnames": [],
            "responseHashes": [
                "05b5afa65c60a7b7d1f8199ca9189941d81bdcb76a1bd171bce786edfdf4f8cc"
            ]
        }
    ],
    "categories": [],
    "performance": {
        "time": 0,
        "size": 0,
        "cpu": 0,
        "cache": 0
    },
    "cookies": 0.0000228,
    "types": {
        "Document": 4
    }
}