{
    "domain": "sailif.com",
    "owner": {
        "name": "ADVERTICA LTD.",
        "displayName": "ADVERTICA"
    },
    "source": [
        "DuckDuckGo-US"
    ],
    "prevalence": 0.000152,
    "sites": 20,
    "subdomains": [],
    "cnames": [],
    "fingerprinting": 0,
    "resources": [
        {
            "rule": "sailif\\.com\\/bnr_xload\\.php",
            "cookies": 0.0000835,
            "fingerprinting": 0,
            "subdomains": [],
            "apis": {},
            "sites": 14,
            "prevalence": 0.000106,
            "cnames": [],
            "responseHashes": [
                "366c0c8a9cd7640d3809ef1d6bfb8ed16e5ce6f1f64511be5ade181e26ebe456",
                "e45e15e80d8706cad4b74e5ebefbbe9d8048862bf158e5060e2ec5328d2ef98f",
                "7b8ab47a808c411acadf1684869103d37710efa1397ec893ba09e239c3e9f50a",
                "3c4f4c1736f8e9398e037748dd4e1cfdef78a8ebf4c0757a7637f7a670d0c133",
                "fe5a0e360d9c490eea3b5dcda975c0230c0218fa89ceb6b50973792d8b32de7c",
                "722b5717fc8fa7289ce854a152220d107c416067aa9e113fad736206966c646d",
                "d5bad3c70bb5b0e71dd9d68c8b82cb94e72445174789180cd12cb7fcd754477b",
                "163ed2184f0a6c6a4d8198611f5162af6ccfee6d54b7be55267700f845d5e7c7",
                "37efa5a71038e5e10a4587bd480a855815ece0866391a7ba9a0e6c5b24b6c1d3",
                "b64f8aaa4f4382d01715f4438e29f66dc6334a31dafd2370dd6c5581604e0d49",
                "c6e127619bb76787df606add2c4f746c7fef5cb5fa9496311cc15ed876331fcf"
            ],
            "type": "Document",
            "exampleSites": [
                "gay-bokep.blogspot.com",
                "hotgirl.biz",
                "nekopoi-moe.blogspot.com",
                "sexy10934.blogspot.com",
                "sukaseksi.com",
                "videohot-id.blogspot.com",
                "www.cewexseksi.com",
                "www.comelymodel.xyz",
                "www.link.mediapemersatubangsa.com",
                "www.orens-gadgets.com",
                "www.sukaseksi.com",
                "www.trikjitu.online"
            ]
        }
    ],
    "categories": [],
    "performance": {
        "time": 0,
        "size": 0,
        "cpu": 0,
        "cache": 3
    },
    "cookies": 0.000129,
    "types": {
        "Document": 14
    }
}