{
    "domain": "salemove.com",
    "owner": {},
    "source": [
        "DuckDuckGo-US"
    ],
    "prevalence": 0.0000917,
    "sites": 12,
    "subdomains": [
        "api",
        "libs"
    ],
    "cnames": [],
    "fingerprinting": 2,
    "resources": [
        {
            "rule": "salemove\\.com\\/visitor_config",
            "cookies": 0.0000458,
            "fingerprinting": 0,
            "subdomains": [
                "api"
            ],
            "apis": {},
            "sites": 8,
            "prevalence": 0.0000611,
            "cnames": [],
            "responseHashes": [
                "f068005f675b7ebe98c8b5d263ca8b6e5d69ffbc616143a2d929d2ae50f88d33",
                "a1c64c7674da155440da6bd759feb783472bc1867271530d8ff1bf02fb24b0b6",
                "71b600b3ff3ff52f429b26322c167e12d0918cd82497fa2959a0e895f6190b81",
                "e2223869ecc9bd3e11b6f41786c8809cfacdab5cb5f0eec9b0324e74d66f5906",
                "20a5536a65328ca714b35752119ffa267aa628b9ecb1cefd156836c177bc6c08",
                "a87593c7e2cfb58f2eb85c8c5c93f76baa2f5f4481cc2f076d9d36d7bc4adb62",
                "cd85d11bf3f6c3e95041089c15553537fe322aaf2a71b943066c87c00960ad8e"
            ],
            "type": "XHR",
            "exampleSites": [
                "baycare.org",
                "blog.taxact.com",
                "servicecu.org",
                "us.etrade.com",
                "www.onemainfinancial.com",
                "www.psecu.com",
                "www.taxact.com",
                "www.transamerica.com"
            ]
        },
        {
            "rule": "salemove\\.com\\/salemove_integration\\.js",
            "cookies": 0,
            "fingerprinting": 1,
            "subdomains": [
                "api"
            ],
            "apis": {
                "window.localStorage": 5,
                "window.sessionStorage": 5,
                "Navigator.prototype.userAgent": 5
            },
            "sites": 5,
            "prevalence": 0.0000382,
            "cnames": [],
            "responseHashes": [
                "0791a194558354917a7c168d5f7789a24041283f39ad172a3a48d2a3d8cf4a30"
            ],
            "type": "Script",
            "exampleSites": [
                "taxact.com",
                "servicecu.org",
                "us.etrade.com",
                "www.taxact.com",
                "www.transamerica.com"
            ]
        },
        {
            "rule": "salemove\\.com\\/visitor\\/bootstrapper-66a550634\\.js",
            "cookies": 0,
            "fingerprinting": 2,
            "subdomains": [
                "libs"
            ],
            "apis": {
                "Date.prototype.getTime": 3,
                "Navigator.prototype.userAgent": 3,
                "window.localStorage": 3,
                "window.name": 3,
                "window.sessionStorage": 3,
                "Navigator.prototype.onLine": 3
            },
            "sites": 3,
            "prevalence": 0.0000229,
            "cnames": [],
            "responseHashes": [
                "6996c948b9d0f88bdbd5b4a3a843ef84349f8ffe59c26fc5d725f21696f1dab1"
            ],
            "type": "Script",
            "exampleSites": [
                "taxact.com",
                "servicecu.org",
                "us.etrade.com"
            ]
        },
        {
            "rule": "salemove\\.com\\/visitor-app\\.57f31604\\.min\\.js",
            "cookies": 0,
            "fingerprinting": 1,
            "subdomains": [
                "libs"
            ],
            "apis": {
                "Navigator.prototype.userAgent": 3,
                "Date.prototype.getTime": 3,
                "Navigator.prototype.product": 3,
                "window.sessionStorage": 3,
                "Navigator.prototype.appVersion": 3
            },
            "sites": 3,
            "prevalence": 0.0000229,
            "cnames": [],
            "responseHashes": [
                "e21d43e34cfd81146ac42251c67aa2914e70bfd79769f56e05b19aa88fda482d"
            ],
            "type": "Script",
            "exampleSites": [
                "taxact.com",
                "servicecu.org",
                "us.etrade.com"
            ]
        },
        {
            "rule": "salemove\\.com\\/visitor\\/bootstrapper-8f3cc1996\\.js",
            "cookies": 0,
            "fingerprinting": 2,
            "subdomains": [
                "libs"
            ],
            "apis": {
                "Navigator.prototype.userAgent": 3,
                "window.localStorage": 3,
                "window.name": 3,
                "window.sessionStorage": 3,
                "Navigator.prototype.onLine": 3
            },
            "sites": 3,
            "prevalence": 0.0000229,
            "cnames": [],
            "responseHashes": [
                "eb3d5a4d0d359b487770359427ea0d65308e47c8e9a5168ac00e2aa8280fb199"
            ],
            "type": "Script",
            "exampleSites": [
                "onemainfinancial.com",
                "www.psecu.com",
                "www.taxact.com"
            ]
        },
        {
            "rule": "salemove\\.com\\/visitor-app\\.843f8030\\.min\\.js",
            "cookies": 0,
            "fingerprinting": 1,
            "subdomains": [
                "libs"
            ],
            "apis": {
                "Navigator.prototype.userAgent": 3,
                "Date.prototype.getTime": 3,
                "Navigator.prototype.product": 3,
                "window.sessionStorage": 3,
                "Navigator.prototype.appVersion": 3
            },
            "sites": 3,
            "prevalence": 0.0000229,
            "cnames": [],
            "responseHashes": [
                "aaaa79a042976d8a8fba97872f6f530dac252cfcddbed3ead25968ea3556f0a4"
            ],
            "type": "Script",
            "exampleSites": [
                "onemainfinancial.com",
                "www.psecu.com",
                "www.taxact.com"
            ]
        }
    ],
    "categories": [],
    "performance": {
        "time": 0,
        "size": 0,
        "cpu": 0,
        "cache": 0
    },
    "cookies": 0.0000688,
    "types": {
        "XHR": 8,
        "Script": 17
    },
    "nameservers": [
        "ns-428.awsdns-53.com",
        "ns-638.awsdns-15.net",
        "ns-1321.awsdns-37.org",
        "ns-1802.awsdns-33.co.uk"
    ]
}