{
    "domain": "scorpiondesign.com",
    "owner": {},
    "source": [
        "DuckDuckGo-US"
    ],
    "prevalence": 0.000146,
    "sites": 21,
    "subdomains": [
        "sa",
        "sdrest"
    ],
    "cnames": [],
    "fingerprinting": 0,
    "resources": [
        {
            "rule": "scorpiondesign\\.com\\/sa\\.js",
            "cookies": 0,
            "fingerprinting": 0,
            "subdomains": [
                "sa"
            ],
            "apis": {},
            "sites": 13,
            "prevalence": 0.0000903,
            "cnames": [],
            "responseHashes": [
                "8267c37d4dbf43d06b7b8001dc3bac6902c2592debb1d01b02871803227c3e64",
                "2b6794407d5e25ba227e68fefb7b293ce220492356bf1587527f852b219e6320",
                "5ea2ef38201bf5e3ba5f2181145ee086868f71c5fd9a6d97e473afeb5d01c546",
                "acf7c567bed9464a6fb4c5be5f41ca8faf2fb6cc79fbf84996854f5a848a7dea",
                "a7e534d384a154d614545398701ce6988438a043c9815638a4e7ee8c2fd88e62",
                "8ef0ef5675b2e300b93b9307574488066ed9a5e89a68709b439d4f3f976e1906",
                "56aa6eb15187a37dd6fec95a46475ab6e311c6e1c352c6e1bf5bf28cb94ec459",
                "36dd857d4d79420598945aa59fc5718ebad529e95a26cd737d955a08283230df",
                "0b1740b27be0fe57c0124d20bfe4e65e541252d08a13b0cf711124864414a72d",
                "70c71a661b14a5d28591b22ff8a0d6c12adb232e026b6e739add42a31e1227ff",
                "60df8a4c3de842e6909009e7f4fe450fff5b5d37982ef568c1ce98e56a2a13bf",
                "e05c6ca9ad6369bd5712cabdbf640cf94119b09e9b3d55e237204da44d4a0ab3"
            ],
            "type": "Script",
            "firstPartyCookies": {},
            "firstPartyCookiesSent": {
                "_li_dcdm_c": 0.000006945650286508075
            },
            "exampleSites": [
                "adventisthealth.org",
                "www.adventisthealth.org",
                "www.afcurgentcare.com",
                "www.aireserv.com",
                "www.chickensaladchick.com",
                "www.fivestarpainting.com",
                "www.griswoldhomecare.com",
                "www.hoag.org",
                "www.merrymaids.com",
                "www.mollymaid.com",
                "www.mrappliance.com",
                "www.mrhandyman.com",
                "www.rwjbh.org"
            ]
        },
        {
            "rule": "scorpiondesign\\.com\\/API\\/CX\\/v3\\/ChatPre",
            "cookies": 0,
            "fingerprinting": 0,
            "subdomains": [
                "sdrest"
            ],
            "apis": {},
            "sites": 2,
            "prevalence": 0.0000139,
            "cnames": [],
            "responseHashes": [
                "d8dc30a68a87a30a4220268316c9570e6bbce5c5ba1d12f134471b4746cf468c"
            ],
            "type": "XHR",
            "firstPartyCookies": {},
            "firstPartyCookiesSent": {},
            "exampleSites": [
                "fivestarpainting.com",
                "www.mrappliance.com"
            ]
        }
    ],
    "categories": [],
    "performance": {},
    "cookies": 0,
    "types": {
        "Script": 13,
        "XHR": 2
    },
    "nameservers": [
        "pdns03.domaincontrol.com",
        "pdns04.domaincontrol.com"
    ]
}