{
    "domain": "scribblelive.com",
    "owner": {},
    "source": [
        "DuckDuckGo-US"
    ],
    "prevalence": 0.000235,
    "sites": 31,
    "subdomains": [
        "embed",
        "counter",
        "cdn"
    ],
    "cnames": [],
    "fingerprinting": 1,
    "resources": [
        {
            "rule": "scribblelive\\.com\\/widgets\\/embed\\.js",
            "cookies": 0,
            "fingerprinting": 1,
            "subdomains": [
                "embed"
            ],
            "apis": {
                "Navigator.prototype.appVersion": 16
            },
            "sites": 22,
            "prevalence": 0.000167,
            "cnames": [],
            "responseHashes": [
                "9857b4b059c3ef76bfd24ee1d9759b6ac2ad33ef459976d429d4d18c4a7b92d2"
            ]
        },
        {
            "rule": "scribblelive\\.com\\/widgets\\/pinboard\\/pinboard\\.aspx",
            "cookies": 0,
            "fingerprinting": 1,
            "subdomains": [
                "embed"
            ],
            "apis": {
                "Date.prototype.getTime": 15
            },
            "sites": 15,
            "prevalence": 0.000114,
            "cnames": [],
            "responseHashes": [
                "ddab293d962e7edfc4c0407d2bf98d23b4f55fa63e31e7fd08e8e3d86d28dd3a",
                "94f7b3a5da17d402fe9b94009f1af1deae42705021067ba343036a9b374d6164",
                "bd16b48034e982f2f605b1053f91e24065b34c2cd7f19da99eeb0ec27f0678c4",
                "94d8b80958f3491b0a4b441a85f9528c612b68f08bf28236794051a4bdbc6d2b",
                "7e9e16aa48f2c8d7d5917d9e63423719302fff182cbc74e21064371e18e8124d",
                "ea8651bb1edf8ff6db8a897235d0479dbb71f386306373139020b8c8ad4d5185",
                "2ea80e686901932ba9ebd1192a28bdb0ca51d76ded868067d98f356867af75f0",
                "a81a5b3e7a07821d4c2c50c7b15f455d729100f371adc8467172799a042b6f66",
                "b7173b6a244d8efd9225c6efd956cc6bb59d63452a486f4bab59a425accbc369",
                "42b3d1504ba641783cba1b982db8be82da5a3e91401d1ea8c81db18a58b92129",
                "10e414f815093411a41fc4ba53ec395b3e99844a4d2579583ca335fae9c5aea4",
                "d0cfd9d1aa334690814a01f1a5deb88fa14c92e9ce3484bebff78b6b3f157f4a",
                "c4534d7b934de47244428939f10efba8f0f6d4b81456b903e4c7d54cd3095213",
                "f8572f0bd4798aa311b4e58f04881e331ff5798fe7971307ab67f255aec73ef4"
            ]
        },
        {
            "rule": "scribblelive\\.com\\/",
            "cookies": 0.000137,
            "fingerprinting": 0,
            "subdomains": [
                "counter"
            ],
            "apis": {},
            "sites": 18,
            "prevalence": 0.000137,
            "cnames": [],
            "responseHashes": [
                "d6fbd6d46b0a1be6a3cdc49f712f83d661805a42fc37993340e2cc4493819adc"
            ]
        },
        {
            "rule": "scribblelive\\.com\\/modules\\/lib\\/addons\\.js",
            "cookies": 0.000114,
            "fingerprinting": 1,
            "subdomains": [
                "cdn",
                "embed"
            ],
            "apis": {
                "Document.cookie getter": 15,
                "Date.prototype.getTime": 15,
                "Document.cookie setter": 15
            },
            "sites": 15,
            "prevalence": 0.000114,
            "cnames": [],
            "responseHashes": [
                "166649193d90560233250b64997ee3d72819d624770cc32ff752ba1a975cda69"
            ]
        },
        {
            "rule": "scribblelive\\.com\\/Embed\\/v7\\.aspx",
            "cookies": 0.00000759,
            "fingerprinting": 1,
            "subdomains": [
                "embed"
            ],
            "apis": {
                "Navigator.prototype.userAgent": 2,
                "Date.prototype.getTime": 2,
                "Document.cookie getter": 1,
                "Document.cookie setter": 1
            },
            "sites": 2,
            "prevalence": 0.0000152,
            "cnames": [],
            "responseHashes": [
                "00f88347328d71e3b1d107c27aea103ce19a05f01b82dee1aeb75138026a495c"
            ]
        }
    ],
    "categories": [],
    "performance": {
        "time": 1,
        "size": 1,
        "cpu": 0,
        "cache": 3
    },
    "cookies": 0.000129,
    "types": {
        "Script": 37,
        "Document": 17,
        "Image": 18
    }
}