{
    "domain": "search-records.com",
    "owner": {},
    "source": [
        "DuckDuckGo-US"
    ],
    "prevalence": 0.000111,
    "sites": 16,
    "subdomains": [
        "engine"
    ],
    "cnames": [],
    "fingerprinting": 2,
    "resources": [
        {
            "rule": "search-records\\.com\\/",
            "cookies": 0,
            "fingerprinting": 1,
            "subdomains": [
                "engine"
            ],
            "apis": {
                "window.devicePixelRatio": 8,
                "Screen.prototype.width": 8,
                "Screen.prototype.height": 8,
                "Navigator.prototype.userAgent": 8,
                "Element.prototype.getClientRects": 1
            },
            "sites": 10,
            "prevalence": 0.0000694,
            "cnames": [],
            "responseHashes": [
                "a0dbcbc07fb17a731f805e7d3fa6d97dc067b1fc45117fe73dfa6cba97e86b7f",
                "adcb17e5b69f107b0187e916817a9b4083627e760d884b7ab8b29ea6bcf1c6d1",
                "dbc035f0101caea7f0c94b0d7eebe99f46d0d3ed60c15a969b109255d8e03fe3",
                "6b27b0d5fb74ab4e1742e070abb8621fd26991252b3724df9344c3b31c7d6f3d",
                "61e49ed3cc7176782c272c259e09fa07167af1b5eb9e79fef57b283b0785f42a",
                "bf7ca983538169d3de180659ebcd5e904616afdfb99bdce4e607d0881eb26ec7",
                "cc8a0f426933e480127f81870ce9969ce946f61e808c1763983a58e1179b781c",
                "c99bbd458fe7f7572822e6acd8cfc2ccbc596d492c780687a3e2a668254b8ca5",
                "4a130b6e3286598321bcee99b0897410e45bbb966a7a5e53b191142115a18b61"
            ],
            "type": "Script",
            "firstPartyCookies": {},
            "firstPartyCookiesSent": {},
            "exampleSites": [
                "arrests.org",
                "california.arrests.org",
                "florida.arrests.org",
                "georgia.arrests.org",
                "kentucky.arrests.org",
                "mugshots.com",
                "northcarolina.arrests.org",
                "oregon.arrests.org",
                "southcarolina.arrests.org",
                "texas.arrests.org"
            ]
        },
        {
            "rule": "search-records\\.com\\/imp",
            "cookies": 0,
            "fingerprinting": 0,
            "subdomains": [
                "engine"
            ],
            "apis": {},
            "sites": 9,
            "prevalence": 0.0000624,
            "cnames": [],
            "responseHashes": [
                "e3b0c44298fc1c149afbf4c8996fb92427ae41e4649b934ca495991b7852b855"
            ],
            "type": "Other",
            "firstPartyCookies": {},
            "firstPartyCookiesSent": {},
            "exampleSites": [
                "arrests.org",
                "florida.arrests.org",
                "georgia.arrests.org",
                "kentucky.arrests.org",
                "mugshots.com",
                "northcarolina.arrests.org",
                "oregon.arrests.org",
                "southcarolina.arrests.org",
                "texas.arrests.org"
            ]
        },
        {
            "rule": "search-records\\.com\\/vb",
            "cookies": 0,
            "fingerprinting": 0,
            "subdomains": [
                "engine"
            ],
            "apis": {},
            "sites": 9,
            "prevalence": 0.0000624,
            "cnames": [],
            "responseHashes": [
                "e3b0c44298fc1c149afbf4c8996fb92427ae41e4649b934ca495991b7852b855"
            ],
            "type": "Other",
            "firstPartyCookies": {},
            "firstPartyCookiesSent": {},
            "exampleSites": [
                "arrests.org",
                "florida.arrests.org",
                "georgia.arrests.org",
                "kentucky.arrests.org",
                "mugshots.com",
                "northcarolina.arrests.org",
                "oregon.arrests.org",
                "southcarolina.arrests.org",
                "texas.arrests.org"
            ]
        }
    ],
    "categories": [],
    "performance": {},
    "cookies": 0,
    "types": {
        "Script": 10,
        "Other": 18
    },
    "nameservers": [
        "dns2.registrar-servers.com",
        "dns1.registrar-servers.com"
    ]
}