{
    "domain": "secureaddisplay.com",
    "owner": {},
    "source": [
        "DuckDuckGo-US"
    ],
    "prevalence": 0.000233,
    "sites": 34,
    "subdomains": [],
    "cnames": [],
    "fingerprinting": 0,
    "resources": [
        {
            "rule": "secureaddisplay\\.com\\/au\\/bmd\\/",
            "cookies": 0.0000822,
            "fingerprinting": 0,
            "subdomains": [],
            "apis": {},
            "sites": 12,
            "prevalence": 0.0000822,
            "cnames": [],
            "responseHashes": [
                "9048acd1ded61d59829e7d527ba492d9662735f6364102985ba98e85953ed80b",
                "434d706f91066af39a16b3d8be9a779fa9b7f612b7ed5166fbcb40ccf5e5647a",
                "c3f85df7f54a2074a3f75ee334f16f20f035b4caf124aadcb84b310eb8e09ca6",
                "aac342cd60b196da66e691e79aa80a41ed748a428f2dff0cee7c9e5ab32f96cd",
                "549675018466ce4be6943af42ae12da55d059d9ad01a58b93080a0c39fd42ef0",
                "eb1974c5dbab160376e94b36ee95533b413d2e1647a890702b6c384a11eb20ef",
                "85325d738974f1dc4e399e0f74a9ca1313c65018eda9714a6cca63739fb4bc0c",
                "d8e8f804b784ed71e38d7bd26b9a1378fdd84dabad8a078ee4d0cd2260e3f2bd",
                "c79ba15d1356ea57936e382e6d48d6ec88e48f82da3d9785479d38c90ce0ec28",
                "e7484f5cab059dcd859adbdc272eb56f51e5fd362eb0fc4da15263c77cd9b6b6",
                "8dcf244d10445fe6189942970c4cf737119d52ce38bb0fa32e1eaff7b9644f11"
            ],
            "type": "Script",
            "firstPartyCookies": {},
            "firstPartyCookiesSent": {},
            "exampleSites": [
                "americanpregnancy.org",
                "catholicexchange.com",
                "hearthstone-decks.net",
                "ipwithease.com",
                "www.americamagazine.org",
                "www.catholic365.com",
                "www.catholicworldreport.com",
                "www.colourlovers.com",
                "www.crisismagazine.com",
                "www.ncregister.com",
                "www.newadvent.org",
                "www.wurstclient.net"
            ]
        },
        {
            "rule": "secureaddisplay\\.com\\/au\\/",
            "cookies": 0.0000617,
            "fingerprinting": 0,
            "subdomains": [],
            "apis": {},
            "sites": 10,
            "prevalence": 0.0000685,
            "cnames": [],
            "responseHashes": [
                "f3b07833a80697255bc4e0dbabd10410ab23ce7bfe7ba1217d4d0c584b4bcaef",
                "3b45b1153b58f0678da90057a162dd2dfdb8d5b0f5681310a46c0ad7bf2c8602",
                "b13c9644a57424e38f26ac80b38a827a08ead6afd0cf21bc1a63157df709909d",
                "66e43ac26967939dcab7a8f8532fe59597f673dd0d079b255c8925b9e0c2fe1d",
                "7c2fb020c4ae38a62a7b51ed05818d165389b93465ecacc0e3783eb9574cb561",
                "5efc4fcd41b3261f5ce533228fd4fc7a1e5d888ff264923670af94a4302306db",
                "335ef87206c9beed3ed16f9362b0598588fc5cba063f3641958b50112616dd29",
                "e98cbd74106d826ed602482835085f4d421cb69168b771255573f9b40103f718",
                "a00495fafdb3443ac04ed377e3e31c7bc7b2a117255c11fea99142bdee35b01e"
            ],
            "type": "Script",
            "firstPartyCookies": {},
            "firstPartyCookiesSent": {},
            "exampleSites": [
                "catholicstand.com",
                "mycatholic.life",
                "the-american-catholic.com",
                "ucatholic.com",
                "uscatholic.org",
                "www.aciprensa.com",
                "www.catholic365.com",
                "www.catholiceducation.org",
                "www.franciscanmedia.org",
                "www.ourcatholicprayers.com"
            ]
        },
        {
            "rule": "secureaddisplay\\.com\\/get\\/au\\/",
            "cookies": 0,
            "fingerprinting": 0,
            "subdomains": [],
            "apis": {},
            "sites": 9,
            "prevalence": 0.0000617,
            "cnames": [],
            "responseHashes": [
                "73975b73037ece3b5a9937471ca7a2aef286bbd69ced3e7a5453363b56f351be",
                "4710b35fe3fb374ea160a7df16ec2fc067de8ed8f69124a0f40a8d2c16e0a054",
                "56961ad6b67f111a306e759412460663e9db70acfa3a18357293835a35b5b1c8",
                "100cc48aed04ccd9b82dd6b3f03d3b09fbddfe6f434ea1aa673ab2103e8b5233",
                "044fe5e003a7708c4a7fc2b4433c9b148e45652be419d44a68e7f4fc00874346",
                "6f62bcf4eace5197866d08c86ad7e0623d7f7866a241d34bb1ff1197d8efa939",
                "9ce67799d45f67df586077ec403e488605bb89b3c5e20552aef36bca3aa727e3",
                "0d4a05abc389c0d90f1d3328a8ebf5ef7984e065ed85b40199b3680dc69894b2"
            ],
            "type": "Script",
            "firstPartyCookies": {},
            "firstPartyCookiesSent": {},
            "exampleSites": [
                "catholicstand.com",
                "mycatholic.life",
                "the-american-catholic.com",
                "ucatholic.com",
                "uscatholic.org",
                "www.aciprensa.com",
                "www.catholiceducation.org",
                "www.franciscanmedia.org",
                "www.ourcatholicprayers.com"
            ]
        },
        {
            "rule": "secureaddisplay\\.com\\/cksync\\/set\\/",
            "cookies": 0.0000617,
            "fingerprinting": 0,
            "subdomains": [],
            "apis": {},
            "sites": 9,
            "prevalence": 0.0000617,
            "cnames": [],
            "responseHashes": [
                "83a111f061d448b42dfc2bc2958cd5f1ac2b4f1c65da9824934d7203e964f6c0"
            ],
            "type": "Script",
            "firstPartyCookies": {},
            "firstPartyCookiesSent": {},
            "exampleSites": [
                "catholicstand.com",
                "mycatholic.life",
                "the-american-catholic.com",
                "ucatholic.com",
                "uscatholic.org",
                "www.aciprensa.com",
                "www.catholiceducation.org",
                "www.franciscanmedia.org",
                "www.ourcatholicprayers.com"
            ]
        },
        {
            "rule": "secureaddisplay\\.com\\/i\\/view\\/js\\/",
            "cookies": 0,
            "fingerprinting": 0,
            "subdomains": [],
            "apis": {},
            "sites": 5,
            "prevalence": 0.0000343,
            "cnames": [],
            "responseHashes": [
                "e3b0c44298fc1c149afbf4c8996fb92427ae41e4649b934ca495991b7852b855"
            ],
            "type": "Document",
            "firstPartyCookies": {},
            "firstPartyCookiesSent": {},
            "exampleSites": [
                "catholicstand.com",
                "mycatholic.life",
                "the-american-catholic.com",
                "ucatholic.com",
                "www.aciprensa.com"
            ]
        }
    ],
    "categories": [],
    "performance": {
        "time": 1,
        "size": 1,
        "cpu": 0,
        "cache": 3
    },
    "cookies": 0.000219,
    "types": {
        "Script": 40,
        "Document": 5
    },
    "nameservers": [
        "ns53.domaincontrol.com",
        "ns54.domaincontrol.com"
    ]
}