{
    "domain": "servingcdn.net",
    "owner": {},
    "source": [
        "DuckDuckGo-US"
    ],
    "prevalence": 0.000139,
    "sites": 20,
    "subdomains": [],
    "cnames": [],
    "fingerprinting": 1,
    "resources": [
        {
            "rule": "servingcdn\\.net\\/",
            "cookies": 0,
            "fingerprinting": 1,
            "subdomains": [],
            "apis": {
                "Navigator.prototype.userAgent": 11,
                "Navigator.prototype.platform": 11
            },
            "sites": 14,
            "prevalence": 0.0000971,
            "cnames": [],
            "responseHashes": [
                "9c19e7dee528ea52074e1747ea7c02d9dd7541270ef259c969a160332224e689",
                "135db702b94aefd927dd564f3fcf308fc463d071f3b8b57d481bf8d4dc37c561",
                "c545c49cbd3b6f90e551c8cfed4c26adf027bb61dab93d82b01ae114b3174616",
                "b91c913aa45feb1cac5127f6971b712139e465068898cc8d60be0b21c8ea0301",
                "e5cb9de84762df9e1e848162f1c7861f482a2a7fb0805cb6111d7a6ea5927d34",
                "4f45c60e17f3f3eb6e3fc6ec49c864b4d4f9f8373fcd4c5abf72afd2c5c0fb00",
                "15f1130b24f6db988bbc975a67a1c83282c1e2e981088a3ef2f51b7e32ab5543",
                "5450677566b049d1faf8506f3943263ee60b2c440a7bcf7ecefdc8f9ab4100a5",
                "1d4edd4afb1dce1089c7a5f7f3bcd9efec00f8fbd7146f6a6c6662546d3780df",
                "18540ee6203e1a85a60d316ba42e6fedee8f14dedb38e6560c36983d4866568d",
                "27aaf66e7185f67436d033260906b7094281ad78d9398317cc74be5c74b351e2",
                "5ddf422acb6d276ca732cfc7265d2ae29c446d8aa16d71cdb38eb330fe7957d5"
            ],
            "type": "Script",
            "firstPartyCookies": {},
            "firstPartyCookiesSent": {},
            "exampleSites": [
                "calcuworld.com",
                "chathispano.com",
                "es.calcuworld.com",
                "fr.calcuworld.com",
                "quelibroleo.com",
                "sonichits.com",
                "sumedico.lasillarota.com",
                "www.deia.eus",
                "www.demilked.com",
                "www.dnevno.hr",
                "www.noticiasdegipuzkoa.eus",
                "www.noticiasdenavarra.com",
                "www.odkrywamyzakryte.com",
                "www.yucatan.com.mx"
            ]
        }
    ],
    "categories": [],
    "performance": {
        "time": 0,
        "size": 0,
        "cpu": 0,
        "cache": 0
    },
    "cookies": 0,
    "types": {
        "Script": 14
    },
    "nameservers": [
        "ns-219.awsdns-27.com",
        "ns-647.awsdns-16.net",
        "ns-1294.awsdns-33.org",
        "ns-1605.awsdns-08.co.uk"
    ]
}