{
    "domain": "setupad.net",
    "owner": {},
    "source": [
        "DuckDuckGo-US"
    ],
    "prevalence": 0.000425,
    "sites": 62,
    "subdomains": [
        "prebid-stag"
    ],
    "cnames": [],
    "fingerprinting": 0,
    "resources": [
        {
            "rule": "setupad\\.net\\/cookie_sync",
            "cookies": 0,
            "fingerprinting": 0,
            "subdomains": [
                "prebid-stag"
            ],
            "apis": {},
            "sites": 39,
            "prevalence": 0.000267,
            "cnames": [],
            "responseHashes": [
                "0c6f93c1cda3135eab93b7a945572d47317bc44ddff187adf811651d363add5e",
                "267cb0edd4028425042f49fb2c68600b6e84d80d579e6002d6ed98ffc330c2ef",
                "e6d8e5d1af09c0330ef2da655fdd81dd19a0fe65fb511d8063a644dc93cc5a44",
                "57ce2b08ef8da65d0f5627d6e41c7725efd32d3e377dea3c91025a375ae93fdf",
                "69a62946d5e9e76a92f84066604a9f0f5665a88fecb5dc26ee2d42ae0bbe3ede",
                "24f13a3243c05edc652bc15237671d44ca4668bf5e57114c50f58a5ec3c406d1",
                "af284878f2cafb2ae8f7138eb479ec4ac57e3922c6c10d3e4e8c925d5b165b58",
                "3b341c71d8f25189a828ad06ffc48dd6fe4c19c05f4879c64aa62af2cdcd7419",
                "dd9b355e4e942895a5d66239ec941322f41ca4aa6a27f205be07db20153e71ff",
                "029276a16ebdae4018d93f061f05db3655db8e7bc25da718ebccd53ba9f78a7a",
                "737ff523a9ca08f9e24fed2cc06ea6f8f7bd58ef3783137aa9cb65c4f9825fbf",
                "44d915e56603a9f2f49fd1dc96f0c21236495cd68942a763353da632ce2d408d",
                "e7d604839b41b524f805a4b0588b12f251ba346f00e9826d50a44fec472cdf5e",
                "9eb13e2dbbae7128f53953ba8e12624775b0e5314b17a52b224c0b308d586322",
                "ceeea0116b303e684898ccf87df65ae90176d61ca05af5af95fa7ff43f7bf452",
                "d8811d63bf20f01daac4c3c7cd84f86b321066f1f83e918e24853b7c50cc8a1c",
                "396698c478ac7e008483cd3dcad67edd512a216fa19c59463751a2e99fa2c6ea",
                "52112906e77d9ba3e09eaa0a1e3a1c0c29b6e1a7bd386df482a23af137112100",
                "c11b1efe031a5d08f3bd7b32cb58fbcf85ba9e9d851ecbb8249b9c5b6edb0701",
                "e7c8432f4469be8967954b3026247f7264963c983cfa437456d06d3cdf094a75",
                "c31f4ce081f7df3e0d120b4a685d6feda0540c30573a32c62d2a5c2ce4545129",
                "cababc5dc4755b6a2b3de47664173b51961ec4100676ca515ee8f48ff05f250c",
                "522955a49a9afc9ad8623cd97e06b83535aa3d2ce9b71c1cdea089fc2bfe9a02",
                "ef45b0c72e96342af8001713ec46904313ddef40fb28f4ab2f6788d546bbc727",
                "625142fc6735b2c1ae555f13519d8a23158a483668345686356b0fcb35b0b193",
                "1d625f108fda66b32441425c7a043d6b5de18deb25500244993941e70e65e9ce",
                "0d52412881dc270965cc44de245d21162ec2af0c552b19923229854804ae64d0",
                "850b2e912673432c17f1eea8ebe621efe57885a444a39729990f96b1cd11d5ea"
            ],
            "type": "XHR",
            "firstPartyCookies": {},
            "firstPartyCookiesSent": {},
            "exampleSites": [
                "cplusplus.com",
                "otvet.mail.ru",
                "www.osradar.com",
                "www.coinario.com",
                "wholesaletirescompany.com",
                "html-online.com",
                "www.gtainside.com",
                "codesource.io",
                "www.fountainpennetwork.com",
                "wheelofnames.com",
                "www.cplusplus.com",
                "blog.alltolearn.com",
                "www.dunebook.com",
                "www.naldotech.com",
                "www.arabic.chat",
                "samfw.com",
                "infovaticana.com",
                "techdirectarchive.com",
                "balticlivecam.com",
                "www.motorsport-magazin.com"
            ]
        },
        {
            "rule": "setupad\\.net\\/openrtb2\\/auction",
            "cookies": 0,
            "fingerprinting": 0,
            "subdomains": [
                "prebid-stag"
            ],
            "apis": {},
            "sites": 39,
            "prevalence": 0.000267,
            "cnames": [],
            "responseHashes": [
                "9fbff73551ced4f6f94488df0df30e1d6f46a903fe7db3c3d313fa07b30c7f56",
                "5ea779babf1e7dfa7a3779b5117b4dab0880d1a1291a7a23f59a3cadc0964d31",
                "8a02853be321832130f21e92653d91910e16a16c77eb53b70215b865d02a5c03",
                "4c1ca638ca531ba5428d1f5b8a76ad1f5f3d350f5f1703f705c76ec9891f023a",
                "dedc8492f436cae1a701805007d0533ebcda7bca5e1d46d651c48c2484a1efdf",
                "ab05d9267fc68014dff003704ef85e61ff27ec1d2cd849d1901f18fc72db9549",
                "284f8ffc5928425b7df44c98f63f6afbf51a305d88eecde5faf6558b81a79d38",
                "2f33e2adf72bfeffdee21042b4c6dedec4538404b0539c8024c4bb20119d05c2",
                "ec9e76995e47ed7e846a3ee09166ece7afa7df63a7bd9eaced670f45b1cbb1cd",
                "5dc40ede339f7d16fa58999de71b3d7ef3c5818e327d85edd22fe40f05330acc",
                "8a6e7e0527cf061d7a68a7a6934070731a3f91a6ff3d16e161794e8ec288f975",
                "44c597b857b34ba10e10ab49a3de125d4fa910eaa608a502495f5903cff4283d",
                "672621a13b5a6b0f15eb706268259cfe217b9cd059dd17b7f41dcbc195e0bbf3",
                "75277a59785b73200596b7efcfe981b3aff643711631dcf4f7d3957a1a20d21d",
                "4e659fcafd88238ca35fd03b74686c60266ffb8a5bbf4f6c2315040ec025ee04",
                "23d1e86218ad526e0ce809a5cc558538258edb7e4a2a1b96e8395adcb14724b1",
                "d3ef7ada78de0a72a8313d576894666d260292694200c9a6555bceeb16a6f90b",
                "a38b2fd4f767234dbba5f23b316a7a69a01860c8c71e3d3f1cf311d0d22a8b3d",
                "52b70f03dc42e80045762d768cb05d5ff39cc2f6949b78db2a93aa490a6c3735",
                "7b8aaafd2f32e37082d76e05a76fdee7192d6de3918b3550ce1ebbb3104fbaab",
                "a5e12b5b0b686be792c5f7c476266373f7325434dddb91892b1be98811d03eb2",
                "ad2d02f78f95367e97ec8aeeb1afb57a5040a677c5cd981f0c60191b3036fe52",
                "9906ed5062585e2017c08f24570e7064756947dfe5fa0dea1c9ea0c8f4e48bcc",
                "3a611263bb7c439c11fe196af4557e0bcf04bfd3de39cccabffb77efd91848af",
                "1744bb17ef4aaef18c120e39ee5194d43dab024c1d43fcb4d66d3cf1f3dcbe2b",
                "bdad230d2176c1d9c08ac634b0e5ef507645475d76e50b6882eb3e15823991ce",
                "b795a752834cc4ac58bd0bbcfbc500d8f1e174c1902fecd078e7a180efb2718f",
                "c3b002ef0740812c96208ba75fe2812b4207a8e5d7520a65f1262baa4e071659",
                "19f6c01c14c8a7c1282cfb5aaee15d40b42cd504dabfa36ca5b1135755523f26",
                "953d6836adc6ea073f3e7d0541b71dc94b4a8abf6df2950215c80e78c92ecfad"
            ],
            "type": "XHR",
            "firstPartyCookies": {},
            "firstPartyCookiesSent": {},
            "exampleSites": [
                "cplusplus.com",
                "otvet.mail.ru",
                "www.osradar.com",
                "www.newpakweb.com",
                "gaming-fans.com",
                "samfw.com",
                "www.lrytas.lt",
                "www.theartsofentertainment.com",
                "www.arabic.chat",
                "anotalk.hu",
                "www.respublika.lt",
                "www.gtainside.com",
                "www.designcise.com",
                "wheelofnames.com",
                "textfancy.com",
                "infovaticana.com",
                "www.motorsport-magazin.com",
                "html-online.com",
                "www.naldotech.com",
                "www.chemistryscl.com"
            ]
        },
        {
            "rule": "setupad\\.net\\/setuid",
            "cookies": 0.000199,
            "fingerprinting": 0,
            "subdomains": [
                "prebid-stag"
            ],
            "apis": {},
            "sites": 34,
            "prevalence": 0.000233,
            "cnames": [],