{
    "domain": "shopsuite.com",
    "owner": {},
    "source": [
        "DuckDuckGo-US"
    ],
    "prevalence": 0.0000695,
    "sites": 10,
    "subdomains": [
        "cdn",
        "edge"
    ],
    "cnames": [],
    "fingerprinting": 1,
    "resources": [
        {
            "rule": "shopsuite\\.com\\/js\\/layer\\.js",
            "cookies": 0.0000556,
            "fingerprinting": 1,
            "subdomains": [
                "cdn"
            ],
            "apis": {
                "Document.cookie getter": 8,
                "Document.cookie setter": 8,
                "Navigator.prototype.userAgent": 8
            },
            "sites": 8,
            "prevalence": 0.0000556,
            "cnames": [],
            "responseHashes": [
                "4e53692624f1ebae809819832097ee3892a255b3505af5834d5d0d0baa172c6a"
            ],
            "type": "Script",
            "firstPartyCookies": {
                "shopsuiteShopperCookie": {
                    "ttl": 7,
                    "length": 8,
                    "prevalence": 0.0000555652022920646,
                    "uniqueness": 1
                }
            },
            "firstPartyCookiesSent": {},
            "exampleSites": [
                "viva.nl",
                "forum.viva.nl",
                "man-man.nl",
                "nl.metrotime.be",
                "uitpaulineskeuken.nl",
                "www.folderz.nl",
                "www.mamaliefde.nl",
                "www.metronieuws.nl"
            ]
        },
        {
            "rule": "shopsuite\\.com\\/v2\\/layer\\/products",
            "cookies": 0.0000556,
            "fingerprinting": 0,
            "subdomains": [
                "edge"
            ],
            "apis": {},
            "sites": 8,
            "prevalence": 0.0000556,
            "cnames": [],
            "responseHashes": [
                "2fcc56a4f1512845de7c22a3bfa2d709178e9ac42713599a171efa7cf5de8fae",
                "65135cfe9cce629926a5b069859e680fc949ef19b09605948cf37a7af0c06a0f",
                "931d34c915986883bc61efecadf0ae26d16b1a8af487a35bb9f2e473bcc3a558",
                "9eb6f925d52953937abac633230c3623f25d650c08dea1b2f9db9de35cc67496",
                "c5f0adbd6b3b4d59835ee10763202baaef07f2b63851cd15994b4ff030cd2150",
                "dc6b13b4e671289ba38e18d9f8cf5a86e719096ea0b0d2a4ed18d8b05284cdee",
                "8ba43e95f684c45d4cfe033fce051f36f666c16060bedddbcd2630e4af47e65b"
            ],
            "type": "XHR",
            "firstPartyCookies": {},
            "firstPartyCookiesSent": {},
            "exampleSites": [
                "viva.nl",
                "forum.viva.nl",
                "man-man.nl",
                "nl.metrotime.be",
                "uitpaulineskeuken.nl",
                "www.folderz.nl",
                "www.mamaliefde.nl",
                "www.metronieuws.nl"
            ]
        },
        {
            "rule": "shopsuite\\.com\\/css\\/layer\\.css",
            "cookies": 0.0000556,
            "fingerprinting": 0,
            "subdomains": [
                "cdn"
            ],
            "apis": {},
            "sites": 8,
            "prevalence": 0.0000556,
            "cnames": [],
            "responseHashes": [
                "6a07909fddba51469363301e9b1516cc53a722bcc4691ca211b0c34c55af253b"
            ],
            "type": "Stylesheet",
            "firstPartyCookies": {},
            "firstPartyCookiesSent": {},
            "exampleSites": [
                "viva.nl",
                "forum.viva.nl",
                "man-man.nl",
                "nl.metrotime.be",
                "uitpaulineskeuken.nl",
                "www.folderz.nl",
                "www.mamaliefde.nl",
                "www.metronieuws.nl"
            ]
        },
        {
            "rule": "shopsuite\\.com\\/netherlands\\/clients\\/8330025\\/clientstyle-layer-2\\.min\\.css",
            "cookies": 0.0000139,
            "fingerprinting": 0,
            "subdomains": [
                "cdn"
            ],
            "apis": {},
            "sites": 2,
            "prevalence": 0.0000139,
            "cnames": [],
            "responseHashes": [
                "c8ee3f2c944bb0364e789e1cc15dfa21af0a948acb43b0b4f8841011ac99258e"
            ],
            "type": "Stylesheet",
            "firstPartyCookies": {},
            "firstPartyCookiesSent": {},
            "exampleSites": [
                "viva.nl",
                "forum.viva.nl"
            ]
        }
    ],
    "categories": [],
    "performance": {
        "time": 0,
        "size": 0,
        "cpu": 0,
        "cache": 3
    },
    "cookies": 0.0000695,
    "types": {
        "Script": 8,
        "XHR": 8,
        "Stylesheet": 10
    },
    "nameservers": [
        "cruz.ns.cloudflare.com",
        "bart.ns.cloudflare.com"
    ]
}