{
    "domain": "signifyd.com",
    "owner": {
        "name": "Signifyd Inc.",
        "displayName": "Signifyd"
    },
    "source": [
        "DuckDuckGo-US"
    ],
    "prevalence": 0.00175,
    "sites": 231,
    "subdomains": [
        "imgs",
        "cdn-scripts"
    ],
    "cnames": [],
    "fingerprinting": 3,
    "resources": [
        {
            "rule": "signifyd\\.com\\/fp\\/tags\\.js",
            "cookies": 0.000888,
            "fingerprinting": 1,
            "subdomains": [
                "imgs"
            ],
            "apis": {
                "Navigator.prototype.userAgent": 114,
                "Navigator.prototype.vendor": 114,
                "Navigator.prototype.platform": 114,
                "Navigator.prototype.appVersion": 114
            },
            "sites": 118,
            "prevalence": 0.000896,
            "cnames": [],
            "responseHashes": [
                "9d94c6bb1cecb4522be022a1657e12270ecac6949e57ea0eaba6f133b07955c0",
                "e3b0c44298fc1c149afbf4c8996fb92427ae41e4649b934ca495991b7852b855",
                "7aed56d44d676ef445b61e0ecedf5dc903b2ca36ce3eff5e4f7e8afe9eb8c849",
                "26cc3d903cf9095da09337def7526ae5aefbaf5ce9955309a63a803a4acc535d",
                "3ee96567ac9af19e831bb9a9e76514c837c5bb4ce7e70aea7976d4901cab09d2",
                "acfb4330bf4877ea3bbecaf79ec2494b1dcb3222f50e2eb2235258b1387d80fc",
                "88a2a39ce035f8cabad2cedaff1baa6681575c773985f0f9cec9206a79b4dcb2",
                "620339eed307eecd2eb72f5fd9a39bf4b132753df80fda35a0c673c51bd06a60",
                "d05cf2eab6a104fde7d6c21f64feba1aaff61d2c62d1b9550b575a1842f3196e",
                "50693511af714699791e08a2ec07b9ba2c1a9aeb2c1c799e74fe93d134fe2de7",
                "e51883cc2abd08b6ef237620c6f8d2be67a2290e8fc88da226b6840c3bd8bbbb",
                "6b8461052fc8fe077650cf9c01bae8d85039154dc0f49af410f95ce14ce9886e",
                "0f90b04b04b22aed66b44c3bc4ca3304307643e5852544c41587393e777b6441",
                "cf75d2500797412d504af92bce0da3f12a1001d5eea6da2f60f4f96d533bfa82",
                "468ac44dd944af8eb7f6fedeea4c0874416b994cd0345b12b2f3fba1ff017a30",
                "e97901a5de73461828497cdbda9350d994f9d48c2a421b9e7116caa2a6673fa9",
                "253398648b162289a38ca95c67b06b194043c085dec71b0d4ffcaeb52715b146",
                "cf58df2ccc8184ef06e69ebbe781fb4b62d633744f1fd7731f63c17606ce3e04",
                "0de8f05e300b05c3923f15aa5c929fc1c6ac7ea26fd1d280158431dec7175557",
                "ec8bbf5c1fce5cf20fb1a0701330b065829108fff3e357f30eb0bd069ce26591",
                "8604496c392d5e3633c8f308ee553eedf856ade8a97253823d33c05c8c3356f7",
                "cf184bcefc8834f6173a563a08639b282b25656206112448282254f6f73710ab",
                "ac5d7bee9dc525c9154ef5cac1f4e620eaf7a54cb1fe870c0e4095e4be415bff",
                "2bd2140f4749551958e1b179c29c401123389bf24131c62ffab53e026813053d",
                "5529988efdc8048fe4db749f197e53150a84d680567c60cca85e3c1794caecf3",
                "f60ae7254e9159ea116b02c9271c24e5a91463dcdd181235b4db237f27116f46",
                "d1a7a5440daad31f6e5af89dbe67fe41f8dd75ecab8d1a11a186fbf195333318",
                "999ad33a4ccc42d3d7e52f0c66d2189c9691969fef4666d6272ca3bafd384e9f",
                "7f2ba9b3f491e5fe4883126be692af95e0b049ade3e24aecfcefb7e133355139",
                "3535b48dc71adb52eededaca900c25a1f3f4c9d63b27e451d7052dc6013e18f6",
                "1dd84fff96a3662d62c2b31ef3b74f86daa8c3171646f96f5c8af37a816c06d6",
                "8e912f541b205c4e0b994e846d8e93a0648c70e97bd377e71fa35198050b629a",
                "6e80f4220218c76a30b112c1804c0ecffb6792481e2b76d16e736636036c77eb",
                "87cfe26acb8daf922eef24a32bc16d7b7f39b95eaa81a73b09ec0a34ad1ab4ef",
                "15274f75fd1ee3b152abef5d7b2bd933d208795a3418cbfe109c5cf84fcd68ff",
                "03359322a1331814973697a8a9067dacbb94a4b5e0e5d8af2da6ee109d337d7d",
                "9fd55bb649c86ecd0175ffc87f69fa710782affab0ae157c7285ea495aca54a6",
                "d69bf506575237fc624df33cdc0d0e1d9d58068325026f4dc2b58e917cd6daa2",
                "c9e45739affd2c9b421fa4341dc239e33d0632b5ec53e914ae6273bd261e2412",
                "0411cd15bf961560775efd4f610e6bd9591251e1c4cf3fdd20964366433ddb12",
                "70da87cdd8cc7c0322106eced6c63471ee1c833262784a2a0086575cd7d094e8",
                "28e8724fc9c2e7b7a0190ed5c8362ed23306580e195d42f7b01989793dfc3b83",
                "46fe1eeb472b3d94ca312fd73e07aba4c67b83232c92c47a9324f871dcd099ee",
                "5c33a87d81feda787f30699223ea77bfcce1d9b383646b773e0eb3c9c0d0df3d",
                "26eeadf553d92ee60cb29f076148330a0da42928ead77ac146febf6155bf56e2",
                "19778428f3f1518381da8bdefe9a897123f7ead973e0ea77d563d548f12b8d02",
                "9bbff7285ed748221464343ce1a242af78c2d28cc69fcfcf302b81b9dcfd9c91",
                "5a6f83dcad156054155ae8494af2b08dafddf18f8d435f7c8cf25db417b9db83",
                "1561f6f5f892d6c7fdb2228e78b8d70edb5281f009703dc03ccd64f1975189fc",
                "a5f0d6d2c9b149c615cfcb29f2fc6256faaa457e4440fa21f8fec723fde41afb",
                "0c6b275d7765c125fcc950dafa08286b8afd4607d4cfa3d9fdd2b02ced020501",
                "793c59a12f2e72cd81171d65d5fd9600b325dc4c0cc1bbe0ab8a82a7267d1fd7",
                "3cc2ae699db36e7f1084d6616daa35794d20a20f20ddcc696c407f2c7e8761b6",
                "1cb14701b413609530ca82ad8417c6570e9523bbb5dca3a03f440eda1693e42b",
                "643e0f2675df54e0a50a9e25529896e35496741cae98c0141eb32dc7071b6ac0",
                "088e026d264dda3f7b5044d664f7df15aca615ec5268754cc4aaeb8f9fc6a917",
                "e1923e67039eb3b61f16c4708b24160636619d88d7271790d53a3132e4be911b",
                "c389bac3de16339d0d9dda7d2b79954104f05688ddada780a289e8faed629536",
                "e7c4a9a64d7764eab262958c7cfe2d45be30240c651ca849d92d2bfd4a5e7327",
                "5a1d71f7f7371d5becea289166f7a8a8dff1c6371f7f140a792e55b33e3dcb66",
                "ae03af6589e1a1914562bf7de52f63e017a1fa3606549eff3dfa82e7b1a7f589",
                "68102dca8ac36f19e28160e3f9116a8cc4642fe232012c62fa8497f76d699e7a",
                "1beee20e329c574cac020bf95f7394a87584c9c40be40a0a59f3d037b26addd8",
                "b2592afc78396d710a8113199e7fce71a0d5658acea32b5aa7c05bf41f272228",
                "2bd61f2ef5cc30e0c3797b764a670f949627a53545973154aa8e5c2cdabf7b89",
                "bdc7d31fd7bd595ec9ed0da1c01b3ef2b1ecc6da71e3a59932305faef54cc292",
                "e4ee66309e09163b6160ee3f403157758eebaa89ba42b5f6b0dfaf18fda67ae4",
                "7405cc84c89444271a6e2d0542a920c1bdf7e816c099f269ac79a1483575fe75",
                "f58e2a633be93f032f12a675325f526297a1478a9feb25f546ff4b641b8bc704",
                "b5631b6e5a34777ab623113fc51d42d6378ea883e2e8717cd571a518eb08eda6",
                "d3a83063b4d9fafe3b656376fcc1b69370856e2133e9513058b395a81c75698c",
                "a005669087d3e0209424e908a82b8a6631cb99801495373231ee1828a83a504e",
                "2559ad92872034ccdec94542e7c4da79d724897002b80339b000cc6f6610e6cb",
                "5f6e491b8d0e714106142f9998539967b2276fa93360f326883ea8ff1b62b22e",
                "56db700a8dee85750d5e40b3ef91380ff40e76bc48d2f0f6938cd7646ec35490",
                "a022777188a6848a4ec628c7148d6a472eec26f42dc4311bc3b55d7df502b0fc",
                "5d629381d27bc0ada1a20869187eac0c30a253df0c0025db853b0d870cfa2a0a",
                "0bc6cae60ff2860bd4c44d58e1cbfb327681322508e80d20ccea1555a55e22d8",
                "1a3e1c7da752fca41765501ed283120343a9b1075f68424f6237792d0476c13d",
                "dfe5a90eadf296a7fe74e18bd1c68b8b058737eeafc873d865271c9156903792",
                "945d870348bd5602fd90e4ce26dd39f3692a333234847ef94c443352fe473063",
                "4a22109884c4294509ac034d818c97093e30d9b264e8b972dedc5e33cad669fe",
                "51390ad8614b3462af044fd7a4ebf6a873cbad5d9c01139d110f7d041912559d",
                "960cf8e908088bf5f876130897550988c8eace15fb528c5b419cea180bd88e1b",
