{
    "domain": "skyprivate.com",
    "owner": {},
    "source": [
        "DuckDuckGo-US"
    ],
    "prevalence": 0.0000911,
    "sites": 12,
    "subdomains": [
        "widgets"
    ],
    "cnames": [],
    "fingerprinting": 0,
    "resources": [
        {
            "rule": "skyprivate\\.com\\/assets\\/js\\/external\\/live\\.load\\.js",
            "cookies": 0.0000835,
            "fingerprinting": 0,
            "subdomains": [
                "widgets"
            ],
            "apis": {},
            "sites": 11,
            "prevalence": 0.0000835,
            "cnames": [],
            "responseHashes": [
                "09d67b36a47d41ce77488c569c0740d681d639a6cc6fbffa052f3999b83df805"
            ],
            "type": "Script",
            "exampleSites": [
                "animalsex.site",
                "grannysexonly.com",
                "sex-xxx.video",
                "www.baldwetpussy.com",
                "www.bbwtube.porn",
                "www.bignudeboobs.com",
                "www.porn7.xxx",
                "www.porn7in.com",
                "xsexvideos.pro",
                "xxxdan.com",
                "xxxmom.pro"
            ]
        },
        {
            "rule": "skyprivate\\.com\\/promo\\/live\\/",
            "cookies": 0.0000684,
            "fingerprinting": 0,
            "subdomains": [
                "widgets"
            ],
            "apis": {},
            "sites": 11,
            "prevalence": 0.0000835,
            "cnames": [],
            "responseHashes": [
                "4d08fe8cc454f669595cb0044bd25ff73669feae5ea5319f1ea564e9013fb7a9",
                "2395bbb97fd83292adef6e08055d356967ea5619c9b7ed1e5af1db4f83a3e9da",
                "87fb278da0426119de729d77e1539daa179d6e5c570770fa27e0e57414c9f6f6",
                "b222331061092f4ed9667413699df9e437097fc33f45b31a3c242dd545d6cd69",
                "3f1db396bf2f7861ab176a7224e80fb96c00aee8c82f59415df5b949e645b3a8",
                "2bdade21bf534f1f9889fe24e049fb61c10c7b6cfd4ce08f1c31cff40cd80278",
                "a1f65a230c57fde0b322de97b5107e8574043b03aab0e7f8074c9549c2dcb645",
                "58566e00188227c280fa5b188cda1027853bdf20371894da914ed0b449f2409d"
            ],
            "type": "Document",
            "exampleSites": [
                "animalsex.site",
                "grannysexonly.com",
                "sex-xxx.video",
                "www.baldwetpussy.com",
                "www.bbwtube.porn",
                "www.bignudeboobs.com",
                "www.porn7.xxx",
                "www.porn7in.com",
                "xsexvideos.pro",
                "xxxdan.com",
                "xxxmom.pro"
            ]
        },
        {
            "rule": "skyprivate\\.com\\/assets\\/css\\/promo\\.live\\.css",
            "cookies": 0.0000684,
            "fingerprinting": 0,
            "subdomains": [
                "widgets"
            ],
            "apis": {},
            "sites": 9,
            "prevalence": 0.0000684,
            "cnames": [],
            "responseHashes": [
                "faa07fb46edc766117dc16d067f8c9768393d419d3e1f3342a4579d70fb1d877"
            ],
            "type": "Stylesheet",
            "exampleSites": [
                "animalsex.site",
                "grannysexonly.com",
                "sex-xxx.video",
                "www.baldwetpussy.com",
                "www.bignudeboobs.com",
                "www.porn7in.com",
                "xsexvideos.pro",
                "xxxdan.com",
                "xxxmom.pro"
            ]
        },
        {
            "rule": "skyprivate\\.com\\/assets\\/images\\/sp-widget-banner-logo-horizontal\\.png",
            "cookies": 0.0000684,
            "fingerprinting": 0,
            "subdomains": [
                "widgets"
            ],
            "apis": {},
            "sites": 9,
            "prevalence": 0.0000684,
            "cnames": [],
            "responseHashes": [
                "3d0164239d364292472f66ab65b8ac587d8b829e06480f6d8fcf6000eddb8471"
            ],
            "type": "Image",
            "exampleSites": [
                "animalsex.site",
                "grannysexonly.com",
                "sex-xxx.video",
                "www.baldwetpussy.com",
                "www.bignudeboobs.com",
                "www.porn7in.com",
                "xsexvideos.pro",
                "xxxdan.com",
                "xxxmom.pro"
            ]
        },
        {
            "rule": "skyprivate\\.com\\/assets\\/js\\/vendors\\/jquery-3\\.3\\.1\\.min\\.js",
            "cookies": 0.0000684,
            "fingerprinting": 0,
            "subdomains": [
                "widgets"
            ],
            "apis": {},
            "sites": 9,
            "prevalence": 0.0000684,
            "cnames": [],
            "responseHashes": [
                "160a426ff2894252cd7cebbdd6d6b7da8fcd319c65b70468f10b6690c45d02ef"
            ],
            "type": "Script",
            "exampleSites": [
                "animalsex.site",
                "grannysexonly.com",
                "sex-xxx.video",
                "www.baldwetpussy.com",
                "www.bignudeboobs.com",
                "www.porn7in.com",
                "xsexvideos.pro",
                "xxxdan.com",
                "xxxmom.pro"
            ]
        },
        {
            "rule": "skyprivate\\.com\\/assets\\/js\\/promo\\.live\\.js",
            "cookies": 0.0000684,
            "fingerprinting": 0,
            "subdomains": [
                "widgets"
            ],
            "apis": {},
            "sites": 9,
            "prevalence": 0.0000684,
            "cnames": [],
            "responseHashes": [
                "e76198f09a7a733063c31e53dafff18f2a46bd8d0f09c501ebeb21e74327dced"
            ],
            "type": "Script",
            "exampleSites": [
                "animalsex.site",
                "grannysexonly.com",
                "sex-xxx.video",
                "www.baldwetpussy.com",
                "www.bignudeboobs.com",
                "www.porn7in.com",
                "xsexvideos.pro",
                "xxxdan.com",
                "xxxmom.pro"
            ]
        }
    ],
    "categories": [],
    "performance": {
        "time": 0,
        "size": 0,
        "cpu": 0,
        "cache": 1
    },
    "cookies": 0.0000911,
    "types": {
        "Script": 29,
        "Document": 11,
        "Stylesheet": 9,
        "Image": 9
    }
}