{
    "domain": "smartredirect.de",
    "owner": {},
    "source": [
        "DuckDuckGo-US"
    ],
    "prevalence": 0.000123,
    "sites": 18,
    "subdomains": [
        "js"
    ],
    "cnames": [],
    "fingerprinting": 1,
    "resources": [
        {
            "rule": "smartredirect\\.de\\/js\\/",
            "cookies": 0,
            "fingerprinting": 1,
            "subdomains": [
                "js"
            ],
            "apis": {
                "Navigator.prototype.appName": 9
            },
            "sites": 10,
            "prevalence": 0.0000685,
            "cnames": [],
            "responseHashes": [
                "7f7aa069584c379dae413da4372fb450afd2c77e491fc3a1d842a000c5e92939",
                "28bf359fba1f3007c3c1e7337bca74c77875c0e8415a50f00bd4c8b7c76685cf",
                "a8f4967a09f2426a5b6f457d353f1844f4879dbee9add17311c74d5cb08fddf0",
                "cc94de7a3b55dc1da4bea833cd28a8b29e15c4b035f7f3324ae930f459612e3a",
                "9868e89ebfc461d0f1583358e0702f731120a0e521eb0e938a1668744fff0541",
                "05de4d09aa709c6d21cbc6f02ea1c0134c49c0346e086d9eb50ba139e0710075",
                "c583c9a2838eae3adcdc474a889b416c9f56095aeb68b023dd64b9724dd2a385",
                "4924ba9468bfc11e8be65cba2b3180f8218979619fb1669566bd60d89ef46199",
                "5c9a8ce6875b603a533132ca7368e56a26a1a6ebe6915ad85f44cc1729a9beb2"
            ],
            "type": "Script",
            "firstPartyCookies": {},
            "firstPartyCookiesSent": {},
            "exampleSites": [
                "chip.de",
                "forum.chip.de",
                "forum.digitalfernsehen.de",
                "forum.wildundhund.de",
                "thinkpad-forum.de",
                "www.inside-digital.de",
                "www.katzen-forum.net",
                "www.lowbeats.de",
                "www.mamacommunity.de",
                "www.pff.de"
            ]
        },
        {
            "rule": "smartredirect\\.de\\/affiliatemarker\\/",
            "cookies": 0,
            "fingerprinting": 0,
            "subdomains": [
                "js"
            ],
            "apis": {},
            "sites": 2,
            "prevalence": 0.0000137,
            "cnames": [],
            "responseHashes": [
                "9f235bd8884086a524264e354b1869e80446e43f43801298f59c8b4cf033488f"
            ],
            "type": "Script",
            "firstPartyCookies": {},
            "firstPartyCookiesSent": {},
            "exampleSites": [
                "chip.de",
                "forum.chip.de"
            ]
        },
        {
            "rule": "smartredirect\\.de\\/st\\/",
            "cookies": 0,
            "fingerprinting": 0,
            "subdomains": [
                "js"
            ],
            "apis": {},
            "sites": 2,
            "prevalence": 0.0000137,
            "cnames": [],
            "responseHashes": [
                "ebb8c323e6eb2ee532473528fc337db7e26875b4b4f60b57d1a730123bc901b1"
            ],
            "type": "Script",
            "firstPartyCookies": {},
            "firstPartyCookiesSent": {},
            "exampleSites": [
                "overclockers.ru",
                "thinkpad-forum.de"
            ]
        }
    ],
    "categories": [],
    "performance": {
        "time": 0,
        "size": 0,
        "cpu": 0,
        "cache": 3
    },
    "cookies": 0,
    "types": {
        "Script": 14
    },
    "nameservers": [
        "gerald.ns.cloudflare.com",
        "pam.ns.cloudflare.com"
    ]
}