{
    "domain": "smopy.com",
    "owner": {},
    "source": [
        "DuckDuckGo-US"
    ],
    "prevalence": 0.000226,
    "sites": 33,
    "subdomains": [
        "d"
    ],
    "cnames": [],
    "fingerprinting": 1,
    "resources": [
        {
            "rule": "smopy\\.com\\/d\\/",
            "cookies": 0,
            "fingerprinting": 1,
            "subdomains": [
                "d"
            ],
            "apis": {
                "Document.cookie getter": 9,
                "Navigator.prototype.userAgent": 4,
                "Navigator.prototype.mimeTypes": 4,
                "Screen.prototype.height": 4,
                "Screen.prototype.width": 4
            },
            "sites": 20,
            "prevalence": 0.000137,
            "cnames": [],
            "responseHashes": [
                "83841760845133ddc60f2aae7604e1729fdca26179f3b6bf62ed28bd9178900d",
                "e3b0c44298fc1c149afbf4c8996fb92427ae41e4649b934ca495991b7852b855",
                "306aafae17c2663e721acba651c294589807270a41a813b7169fad2095524d5b",
                "0b12bc0a9b5d90d926b91a2fa5fcfce4d70bd7d269e3064324d98fa5ba98c6c8",
                "c38ede033fae395d544d0ee56a6babb252bb33c7ebad7772d6afa0b824e15399",
                "e8505a04528dc9e42738dbb0d19f5f9fccc9fe55d1b873ad1aa989c3b0afebd8",
                "b5bcecff4e15c3f6298c87176345d7f42e2a873ea4d384090d3aec49f1a74aba",
                "89565eabab2038d0d3f98107c8d481b50ddeaa4829bcbd3872194019aa84a808",
                "1ee59bb50a4c50303e4f1a1df373e62236f02f0719adcde88e8224dc47fe95c4",
                "23d8d6f87fadd933fde1440dc6079b747fd083aaf3e380c60c6fccd07d322031",
                "1bb5994450171a5caac85ed82643e02a7c55e07bf01fc92550c967614c1c8ed3",
                "ca240a317f47ca37189a33442a55ca2ada11f4ea014d0471ec8a4aa03c26d47d",
                "7f4c05adadf706e3476d0ffdfa13baca6ad78cc37ae5d2ec3cbdc40a5d95022f",
                "52854c815eb1dd1f81fed8404e483af6af07257279d582e0f73cd1b10646312f",
                "3661e8f33d8b4cacd647945699e419285fd4bc781f34fc25bb84c0b7482d8003",
                "66aa918aef7cc326b7569f8a8a999253ec3df87b614af9ed7268e3abd7e97943"
            ],
            "type": "Script",
            "firstPartyCookies": {},
            "firstPartyCookiesSent": {},
            "exampleSites": [
                "5vv5.com",
                "ahentai.top",
                "bestporncomix.com",
                "bestrapeporn.com",
                "boobyday.com",
                "cimaeasy.com",
                "dendymodels.com",
                "dendypics.com",
                "evolvingyourman.com",
                "javtape.net",
                "legacy.luscious.net",
                "linaxxx.com",
                "linazzz.com",
                "lustboard.org",
                "sickjunk.com",
                "simpasian.com",
                "ver-comics-porno.com",
                "www.fully.sex",
                "xxx-comics.com"
            ]
        }
    ],
    "categories": [],
    "performance": {
        "time": 1,
        "size": 1,
        "cpu": 1,
        "cache": 3
    },
    "cookies": 0,
    "types": {
        "Script": 20
    },
    "nameservers": [
        "erin.ns.cloudflare.com",
        "brad.ns.cloudflare.com"
    ]
}