{
    "domain": "smopy.com",
    "owner": {},
    "source": [
        "DuckDuckGo-US"
    ],
    "prevalence": 0.000106,
    "sites": 14,
    "subdomains": [
        "d"
    ],
    "cnames": [],
    "fingerprinting": 1,
    "resources": [
        {
            "rule": "smopy\\.com\\/d\\/",
            "cookies": 0,
            "fingerprinting": 1,
            "subdomains": [
                "d"
            ],
            "apis": {
                "Document.cookie getter": 2,
                "Navigator.prototype.userAgent": 2,
                "Navigator.prototype.mimeTypes": 2,
                "Screen.prototype.height": 1,
                "Screen.prototype.width": 1
            },
            "sites": 10,
            "prevalence": 0.0000761,
            "cnames": [],
            "responseHashes": [
                "5a32d1bcca2614104f6952ea3465b7f40aadc65c09c05df0c7f69ff4a3b07d4a",
                "917ef22f94f460141928531e1945453e29d89dcd58e3383c2b3ba0e2e19eb0d7",
                "2602db62c8c0a8fc093cbe2e4cf76ded1b796d0be7d9a21ee1a235134ed7a679",
                "4fc99ee38c49fee5d5b0526080d09addd15971759302f97990ce36465004bb42",
                "bfb2fbdff939dc95c83c7698f8ca23012ea0b5836ac2c7fed38f3f1b0f8d51f3",
                "ae37dbbf13862a449f5eedbe6b23ad4b3f4b96e7401ff0b7479091082013771d",
                "800d9c661cf274153b22d4d1a9e0f120aded40306d76534d5bf6e246633ee578",
                "6a832dda9141ac2d7d00fe069fd4f622849ecf525d4b1df9924514cc6abeaf21"
            ],
            "type": "Script",
            "exampleSites": [
                "ddalpark7.com",
                "evolvingyourman.com",
                "legacy.luscious.net",
                "lustboard.org",
                "nonude.tube",
                "wellsexstories.com",
                "www.lolitas.ml",
                "xmundopacks.site"
            ]
        }
    ],
    "categories": [],
    "performance": {
        "time": 1,
        "size": 1,
        "cpu": 1,
        "cache": 3
    },
    "cookies": 0,
    "types": {
        "Script": 10
    }
}