{
    "domain": "spagat.space",
    "owner": {},
    "source": [
        "DuckDuckGo-US"
    ],
    "prevalence": 0.000319,
    "sites": 42,
    "subdomains": [],
    "cnames": [],
    "fingerprinting": 0,
    "resources": [
        {
            "rule": "spagat\\.space\\/bnr\\/4\\/bc5\\/a0f25e\\/bc5a0f25eb2843af76dea5f103e1b43e\\.png",
            "cookies": 0.0000228,
            "fingerprinting": 0,
            "subdomains": [],
            "apis": {},
            "sites": 3,
            "prevalence": 0.0000228,
            "cnames": [],
            "responseHashes": [
                "ca52d5c7e40cb419797656b2ecc5b5ebfdbf94d852a1185b365ba3ef284660e5"
            ]
        },
        {
            "rule": "spagat\\.space\\/bnr\\/4\\/325\\/65c87c\\/32565c87c29e96be238c644a53691252\\.png",
            "cookies": 0.0000152,
            "fingerprinting": 0,
            "subdomains": [],
            "apis": {},
            "sites": 2,
            "prevalence": 0.0000152,
            "cnames": [],
            "responseHashes": [
                "19200a1d117c4328f17df39c2807ea96a680354f3d43dbc4e4f56f434d4cbf04"
            ]
        },
        {
            "rule": "spagat\\.space\\/bnr\\/4\\/004\\/2e9503\\/0042e9503059454f13a4736c13ea627c\\.jpg",
            "cookies": 0.0000152,
            "fingerprinting": 0,
            "subdomains": [],
            "apis": {},
            "sites": 2,
            "prevalence": 0.0000152,
            "cnames": [],
            "responseHashes": [
                "d938751f7d6538c196db0ced5e011f33ae1a53af0eaa322b57280ad9854f7959"
            ]
        }
    ],
    "categories": [],
    "performance": {
        "time": 1,
        "size": 2,
        "cpu": 0,
        "cache": 3
    },
    "cookies": 0.000319,
    "types": {
        "Image": 7
    }
}