{
    "domain": "sphereup.com",
    "owner": {
        "name": "SphereUp, Inc",
        "displayName": "SphereUp"
    },
    "source": [
        "DuckDuckGo-US"
    ],
    "prevalence": 0.000266,
    "sites": 35,
    "subdomains": [
        "zdwidget3-bs"
    ],
    "cnames": [],
    "fingerprinting": 1,
    "resources": [
        {
            "rule": "sphereup\\.com\\/zoomd\\/SearchUi\\/Script",
            "cookies": 0.0000837,
            "fingerprinting": 1,
            "subdomains": [
                "zdwidget3-bs"
            ],
            "apis": {
                "Navigator.prototype.userAgent": 11,
                "Navigator.prototype.appName": 9,
                "Screen.prototype.width": 9,
                "Screen.prototype.height": 9
            },
            "sites": 11,
            "prevalence": 0.0000837,
            "cnames": [],
            "responseHashes": [
                "1f6eccb90ac0055a684ea8f8f39c9338b08817c4ab713050d89cfd4d396d3ba7",
                "5c454f6ad4b294345e29280931c32625b307ca621a2534543af4ad211dee4da3",
                "b09172849904888cc27be8a796b1a3d01d12805d2e77272dd266d4561702b6bc",
                "154a1feaafd27588d904a0c8004b6d8efb8cffc7918e1a82cdefac3b4eb7ae95",
                "a2f479db83e25e98a393bf44332c7d6a03c74396cae0b70a05a8e16e4a9abe8f",
                "dd83c503538dc1f166ef658e154b6594da371f84ea2d5954e7da2f45a90d660f",
                "0eba13fdd30ba0ba14b67dd658de98c548acb3e77023be895413c75a8c3dff37",
                "3e7e26dbb6456d9d546b556a8f8650b493a4515f29d3a37efa4ae62931018eec",
                "b24b44d22feae6489cbaba8dfc3e308a2f1207d2dc3e496b402ffc5d4cb33d17"
            ],
            "type": "Script",
            "exampleSites": [
                "13tv.co.il",
                "citizen.co.za",
                "www.deeranddeerhunting.com",
                "www.israelhayom.co.il",
                "www.jpost.com",
                "www.macwelt.de",
                "www.manilatimes.net",
                "www.santabanta.com",
                "www.sport-fm.gr",
                "www.thehindu.com",
                "www.timesleader.com"
            ]
        },
        {
            "rule": "sphereup\\.com\\/zoomd\\/SearchUi\\/GetToken",
            "cookies": 0.000152,
            "fingerprinting": 0,
            "subdomains": [
                "zdwidget3-bs"
            ],
            "apis": {},
            "sites": 20,
            "prevalence": 0.000152,
            "cnames": [],
            "responseHashes": [
                "3250cb735197fa1c0b78b78e1c0bbed5c0e8d42ae2297a954e67bd1c94a84c8e",
                "63ee4c11ee23f0ecead8864d41bef557bb3d0e8f9ea938eb92d21a770a2480b2",
                "fac09c8b8c545e1eee8aba73f12c5a4a71affe3e71513b61b40017d495655a60",
                "d39300d8cf3a31447af28f46e80617467b8ed7dc270fb6b01d1323e733422adc",
                "2b3889ee4beedebf9b96c86236371044ad30a782613f9097e80b292b4b69013e",
                "28c887d60c3237acd79f86fa21c0c61273514c3c94ea9206e1eb6188f0c038ce",
                "96de497993330301f59b7ba1efb2d654025e2e182ac981b8351efc24605aa903",
                "3cff4cf77b2506548b5c3f432744b6234c8dfb885b2318cabedf0eb6083c4848",
                "2cf65132883726aafb91bfafb062e834b5877d96d4901cee40d4050133454145",
                "825630d08ea37fbcdf0827ee44c5e7619ed76b5de7d504e7240194ec50c20096",
                "de8eaee86023e8938f360cd45e575e658d5ecca0ec1b72f10f13326048ec0e3e",
                "cd923ceafd3fb64071764a852d1e83d383c1699ffe531871c32aed312f202fd4",
                "2738ffd635465731af5c922fc56b2a17b92e38ce7f2ff89219164da4fcab268e",
                "a921379c0df8111c7ce789ce6a68a5c33e06058829838ad88b251357991126b7",
                "8d50e81a29d6704bc7a64d05b31013fbbe3ea8b02501ecbe3224d2715445a89b",
                "fb0f579c7e3b9206c0a39298f252bcf0e1eb27fdf2bb6de61090fd1dbe6f78b1",
                "38a6de5676b1c8bde82a40cb13d4295e7ad316ec57d0b43f478fd3168adc9003",
                "f332142359575b10e70d477a8913e4b399d1493deae3fa891e37ef962edb39ae",
                "34bd2e597c9e9afbb57e6decaf9ff196a4c1bd11a8522a0931de25fc4fc43421"
            ],
            "type": "XHR",
            "exampleSites": [
                "13tv.co.il",
                "citizen.co.za",
                "m.maariv.co.il",
                "m.jpost.com",
                "venturebeat.com",
                "www.deeranddeerhunting.com",
                "www.globes.co.il",
                "www.israelhayom.co.il",
                "www.jpost.com",
                "www.limaohio.com",
                "www.maariv.co.il",
                "www.macwelt.de",
                "www.manilatimes.net",
                "www.news18.com",
                "www.pcwelt.de",
                "www.philstar.com",
                "www.santabanta.com",
                "www.sport5.co.il",
                "www.sport-fm.gr",
                "www.timesleader.com"
            ]
        }
    ],
    "categories": [],
    "performance": {
        "time": 0,
        "size": 0,
        "cpu": 0,
        "cache": 3
    },
    "cookies": 0.000266,
    "types": {
        "Script": 11,
        "XHR": 20
    }
}