{
    "domain": "squarelovin.com",
    "owner": {},
    "source": [
        "DuckDuckGo-US"
    ],
    "prevalence": 0.000122,
    "sites": 16,
    "subdomains": [
        "med-cf-1",
        "med-euw3c"
    ],
    "cnames": [],
    "fingerprinting": 1,
    "resources": [
        {
            "rule": "squarelovin\\.com\\/squarelovin\\.js",
            "cookies": 0,
            "fingerprinting": 1,
            "subdomains": [],
            "apis": {
                "window.devicePixelRatio": 10,
                "Document.cookie getter": 2
            },
            "sites": 14,
            "prevalence": 0.000107,
            "cnames": [],
            "responseHashes": [
                "ab5b6385571c865196a9c15105440101ed6b553c4f95c6c1a41f3b5a04056336",
                "684c8a33f622399b712ba8c6d51405a950694a58495c1d7cd0403cfa4740e849",
                "566f331dedaddd4805b15ee5c5c9f9a84ebced4dd137a00cf7db34d8799c4b04",
                "e3b0c44298fc1c149afbf4c8996fb92427ae41e4649b934ca495991b7852b855",
                "68387203c160afd9999cff40fee4b7e86186730b9ae15ef82110d9b023d4bbf0",
                "1c7e225a0fe20c4913748a4bd85155214055bff65b2f80766afc5ed7997f5f60",
                "3b3271bf4be972691678e0ce75b034fe47a1d552a5860c950c782c0f5e6cf759",
                "ac2cfbaedfcee94a0ff3b6aa20129c5afe20c3ea367c269319b5d71fb8e1bd91",
                "3a33278a8b8f4483a1b8645669968e10fe98ab1bb4af981f1cd31c2dafbbe159",
                "8ed827e5fafa342b6ef18e391bf48b7099d125723c800f177346cee51c61a1c8",
                "b3aee23fd9313065af2aaaa262b38dcedb893677b38a2ac1ee57f13cf0998ac9",
                "6c43507115724e98677c61d777040957b7fb60708a0d8eff81837555ee320567",
                "a97adde95e38bf0e23c763805b28660dce5cfc9157d26633a4c0a1446f3fe02b"
            ],
            "type": "Script",
            "exampleSites": [
                "teufel.de",
                "uk.flyingtiger.com",
                "www.atomic.com",
                "www.bijou-brigitte.com",
                "www.dynafit.com",
                "www.jack-wolfskin.com",
                "www.kibek.de",
                "www.mueller.at",
                "www.mueller.de",
                "www.nivea.de",
                "www.ortlieb.com",
                "www.rossmann.de",
                "www.stabilo.com",
                "www.wall-art.de"
            ]
        },
        {
            "rule": "squarelovin\\.com\\/squarelovin\\.css",
            "cookies": 0.0000993,
            "fingerprinting": 0,
            "subdomains": [
                "med-cf-1"
            ],
            "apis": {},
            "sites": 13,
            "prevalence": 0.0000993,
            "cnames": [],
            "responseHashes": [
                "50f441a167e3be4c4fe15ca573525b69d3e6037ff20cb8196f46c96300036ec9",
                "f17aeb2c6c93aadc565c1195286e51ba7c451b011a67a7041e952454ba7193fd",
                "035078a22b81d3fe8b66029d0865cac31cb40ef1ef32824d80a0b0afadedeb17",
                "5404c5e8d577dd363a1ad33a5dc8a1a80be867327a2cf5eaf1a1a47abe674b05",
                "dc04320497cdf09d60fe36ad8f30c0f3902c27ce30f5e3b19dcabf024a76cc91",
                "98a486256c4a915b30710ad6503d5c44ee4be6a7d0305e24969e5b061a91c45e",
                "04722763fe3fab338903ceb18c18d5c04229dc38f690b2f434636f6a7fb66e14",
                "e7773294a67e62f314b58f44ed85e5098d815762a9846638bb722ad0d62c41be",
                "85a18ec890eacd1a71eb8e8c0d7d2a805114c92cec91ef161e91b9055dec9a9c",
                "f3012a7737c7ae66e9f1ed64c61a45a90ca3fd5ef812e0f4162acd515758a263",
                "eaa1299bc41abfa7067b2f8b0d12a9640877d987731949d5a5a5b48ee7acb4ae"
            ],
            "type": "Stylesheet",
            "exampleSites": [
                "teufel.de",
                "uk.flyingtiger.com",
                "www.atomic.com",
                "www.bijou-brigitte.com",
                "www.jack-wolfskin.com",
                "www.kibek.de",
                "www.mueller.at",
                "www.mueller.de",
                "www.nivea.de",
                "www.ortlieb.com",
                "www.rossmann.de",
                "www.stabilo.com",
                "www.wall-art.de"
            ]
        },
        {
            "rule": "squarelovin\\.com\\/themes\\/api\\/assets\\/img\\/bl\\.png",
            "cookies": 0.0000688,
            "fingerprinting": 0,
            "subdomains": [
                "med-cf-1"
            ],
            "apis": {},
            "sites": 9,
            "prevalence": 0.0000688,
            "cnames": [],
            "responseHashes": [
                "68825ab5f002755afd4cf9b40916ef26af2b32ab3963af99a2ac478553d9676c"
            ],
            "type": "Image",
            "exampleSites": [
                "teufel.de",
                "uk.flyingtiger.com",
                "www.bijou-brigitte.com",
                "www.jack-wolfskin.com",
                "www.kibek.de",
                "www.mueller.at",
                "www.mueller.de",
                "www.nivea.de",
                "www.rossmann.de"
            ]
        },
        {
            "rule": "squarelovin\\.com\\/themes\\/api\\/assets\\/img\\/br\\.png",
            "cookies": 0.0000688,
            "fingerprinting": 0,
            "subdomains": [
                "med-cf-1"
            ],
            "apis": {},
            "sites": 9,
            "prevalence": 0.0000688,
            "cnames": [],
            "responseHashes": [
                "23f264cce59b17c2c5729182180a9a2a3be3a0e157ea5032b97762eae09bd910"
            ],
            "type": "Image",
            "exampleSites": [
                "teufel.de",
                "uk.flyingtiger.com",
                "www.bijou-brigitte.com",
                "www.jack-wolfskin.com",
                "www.kibek.de",
                "www.mueller.at",
                "www.mueller.de",
                "www.nivea.de",
                "www.rossmann.de"
            ]
        },
        {
            "rule": "squarelovin\\.com\\/api\\/index\\/get-stream-media\\/",
            "cookies": 0.0000764,
            "fingerprinting": 0,
            "subdomains": [],
            "apis": {},
            "sites": 12,
            "prevalence": 0.0000917,
            "cnames": [],
            "responseHashes": [
                "77af2322960219f5498a8e502c0d66e00c69b06ec10afbd77ec1335b2b09139f",
                "c40d68e23eb5eea5bc1d5f8bdd4e669ab791599b7dab1b0d865a33f0c87a4c63",
                "e703eb3b41241b92eaca6c097733ae9e3770de52123d99a7957dadecf8897551",
                "102ba5c591956064ca21b0fda1051e92a5212364e6ebbbbfee78ae4b25e43600",
                "6385394c8074f2152a1768b6d0d33a305bb3ece9372a914755dfff88487aaac1",
                "bf0ff532628ceda59629ae8169274ce81e46bd57c8f38af17da47df2271430dc",
                "0f12add97bcfad440b50916cca4c41f33de70a91d4ba401cbd5c78ab0652233b",
                "869c7e68a8a0c959aed73d68d2cabdc05240234253ab3350921481f748abdabc",
                "af175628ed4dd8fef95965ddb7fb7b9fe53a4e3d457679644f9b814aca7c9b82",
                "6b5ae869f4c8fd0d283a2b63f34a09aab428c3e72a791342bcecf070dc9ca933",
                "276bad4c2fe155aab6cf3d95a739458413b5af6ddea060dfb3aefa3d4994bdb5"
            ],
            "type": "Script",
            "exampleSites": [
                "teufel.de",
                "uk.flyingtiger.com",
                "www.atomic.com",
                "www.bijou-brigitte.com",
                "www.jack-wolfskin.com",
                "www.kibek.de",
                "www.mueller.at",
                "www.mueller.de",
                "www.nivea.de",
                "www.ortlieb.com",
                "www.stabilo.com",
                "www.wall-art.de"
            ]
        },
        {
            "rule": "squarelovin\\.com\\/",
            "cookies": 0.000084,
            "fingerprinting": 0,
            "subdomains": [
                "med-euw3c"
            ],
            "apis": {},
            "sites": 11,
            "prevalence": 0.000084,