{
    "domain": "srvtrck.com",
    "owner": {},
    "source": [
        "DuckDuckGo-US"
    ],
    "prevalence": 0.000199,
    "sites": 29,
    "subdomains": [
        "js",
        "hades",
        "i",
        "search"
    ],
    "cnames": [],
    "fingerprinting": 1,
    "resources": [
        {
            "rule": "srvtrck\\.com\\/v1\\/js",
            "cookies": 0.0000822,
            "fingerprinting": 1,
            "subdomains": [
                "js"
            ],
            "apis": {
                "Document.cookie getter": 13,
                "Date.prototype.getTime": 13,
                "Document.cookie setter": 12,
                "Navigator.prototype.userAgent": 1
            },
            "sites": 18,
            "prevalence": 0.000123,
            "cnames": [],
            "responseHashes": [
                "fde29c7a6575c4fb5ec46b9f397ee0a329516c0bc438a66b3c65359ca76e0e44",
                "62144dd515a3be01b600f3594a886ca41560284c828855a02974650a02cebc27",
                "92e14dea404e6d04452edd9b33880e1548584ba59446264a9388c1ff9caf1f7d",
                "b63ee55adc398e3cd125fb90bd98209c86b2f65f41787f7457c970c1ead32875",
                "e8e196f403cba8f3b0b806a551bb905288f7c951efbc34092379c9080576cfe1",
                "285197d3df660b50e54b6474f432a996e3b98c81e0c32423d9af088a3457993e",
                "8381c9dbaae90b689f847bb188f34e7d9ad0d5cb99c734adc6384996dfc37e74",
                "9f2bbda017cbb5a2bf1eb20fe3bd232bba9048fbb4d15b9444c42a5ba1d1eef5",
                "d1316f21c2cc7dbefdf44bc5483fdfda55342017db1988832835071702b58c8d",
                "63e0e9d4607bd319f7179dc22222c9725b7712285d03a5521ed480994d40b7b3",
                "2b990cfe943651bffc790dc9703bb79d99c56cfa850f0a9de05ec1ce100924ab",
                "93e99d84717b57e4b2753c52a94a145cb1a64d7af1bc2427155f38193e9d4e53",
                "db4932aaa9efbb784e344d33d78c479529fe3b09c6fabe0490a2a8d5aaa79bca"
            ],
            "type": "Script",
            "firstPartyCookies": {
                "vidyk": {
                    "ttl": 31536003,
                    "length": 1,
                    "prevalence": 0.00008223515141547254,
                    "uniqueness": 0.08333333333333333
                },
                "svidyk": {
                    "ttl": 1803,
                    "length": 1,
                    "prevalence": 0.00008223515141547254,
                    "uniqueness": 0.08333333333333333
                }
            },
            "firstPartyCookiesSent": {},
            "exampleSites": [
                "linternaute.com",
                "avis-deces.linternaute.com",
                "br.ccm.net",
                "bricolage.linternaute.com",
                "extreme.pcgameshardware.de",
                "forum.yacht.de",
                "forums.commentcamarche.net",
                "pl.ccm.net",
                "www.android-hilfe.de",
                "www.buffed.de",
                "www.commentcamarche.net",
                "www.connect.de",
                "www.couponbirds.com",
                "www.cualesmiip.com",
                "www.igorslab.de",
                "www.kfztech.de",
                "www.linternaute.com",
                "www.linternaute.fr"
            ]
        },
        {
            "rule": "srvtrck\\.com\\/v2\\/uuid\\.html",
            "cookies": 0,
            "fingerprinting": 0,
            "subdomains": [
                "hades"
            ],
            "apis": {},
            "sites": 15,
            "prevalence": 0.000103,
            "cnames": [],
            "responseHashes": [
                "cd45713beee6c2428f11ad6444c6e2a6bbe1bfad330e68002052e9832a5dcc03"
            ],
            "type": "Document",
            "firstPartyCookies": {},
            "firstPartyCookiesSent": {},
            "exampleSites": [
                "linternaute.com",
                "avis-deces.linternaute.com",
                "bricolage.linternaute.com",
                "extreme.pcgameshardware.de",
                "forum.yacht.de",
                "forums.commentcamarche.net",
                "www.android-hilfe.de",
                "www.buffed.de",
                "www.commentcamarche.net",
                "www.connect.de",
                "www.couponbirds.com",
                "www.cualesmiip.com",
                "www.igorslab.de",
                "www.linternaute.com",
                "www.linternaute.fr"
            ]
        },
        {
            "rule": "srvtrck\\.com\\/v1\\/i",
            "cookies": 0.000103,
            "fingerprinting": 0,
            "subdomains": [
                "i"
            ],
            "apis": {},
            "sites": 15,
            "prevalence": 0.000103,
            "cnames": [],
            "responseHashes": [
                "2aa4fa20701cdd6d8d56046069001186b5267e3ee7d0ef618ad2f4a683723e11"
            ],
            "type": "Image",
            "firstPartyCookies": {},
            "firstPartyCookiesSent": {},
            "exampleSites": [
                "linternaute.com",
                "avis-deces.linternaute.com",
                "bricolage.linternaute.com",
                "extreme.pcgameshardware.de",
                "forum.yacht.de",
                "forums.commentcamarche.net",
                "www.android-hilfe.de",
                "www.buffed.de",
                "www.commentcamarche.net",
                "www.connect.de",
                "www.couponbirds.com",
                "www.cualesmiip.com",
                "www.igorslab.de",
                "www.linternaute.com",
                "www.linternaute.fr"
            ]
        },
        {
            "rule": "srvtrck\\.com\\/static\\/json2\\.js",
            "cookies": 0,
            "fingerprinting": 0,
            "subdomains": [
                "hades"
            ],
            "apis": {},
            "sites": 15,
            "prevalence": 0.000103,
            "cnames": [],
            "responseHashes": [
                "caba961cf71d7213df26fc8d5f11212204b5968f62698056ce768dada4656676"
            ],
            "type": "Script",
            "firstPartyCookies": {},
            "firstPartyCookiesSent": {},
            "exampleSites": [
                "linternaute.com",
                "avis-deces.linternaute.com",
                "bricolage.linternaute.com",
                "extreme.pcgameshardware.de",
                "forum.yacht.de",
                "forums.commentcamarche.net",
                "www.android-hilfe.de",
                "www.buffed.de",
                "www.commentcamarche.net",
                "www.connect.de",
                "www.couponbirds.com",
                "www.cualesmiip.com",
                "www.igorslab.de",
                "www.linternaute.com",
                "www.linternaute.fr"
            ]
        },
        {
            "rule": "srvtrck\\.com\\/static\\/hades-server2\\.js",
            "cookies": 0,
            "fingerprinting": 1,
            "subdomains": [
                "hades"
            ],
            "apis": {
                "window.localStorage": 15
            },
            "sites": 15,
            "prevalence": 0.000103,
            "cnames": [],
            "responseHashes": [
                "e3e8ec7865f2d8dffcd47b65e40efda889633cc02962596a6bf3d1be6d19a6dd"
            ],
            "type": "Script",
            "firstPartyCookies": {},
            "firstPartyCookiesSent": {},