{
    "domain": "steamspy.com",
    "owner": {},
    "source": [
        "DuckDuckGo-US"
    ],
    "prevalence": 0.0000219,
    "sites": 3,
    "subdomains": [],
    "cnames": [],
    "fingerprinting": 1,
    "resources": [
        {
            "rule": "steamspy\\.com\\/cdn-cgi\\/challenge-platform\\/generate\\/ov1\\/0\\.6641769855863192:1595286653:4a30cf8413a2068d22438915acf991a12b6bc4977de4e2988e80fe5ac89d00a2\\/5b609de92aa2746e\\/03aa9fad2b0f8b5",
            "cookies": 0.0000146,
            "fingerprinting": 0,
            "subdomains": [],
            "apis": {},
            "sites": 2,
            "prevalence": 0.0000146,
            "cnames": [],
            "type": "XHR"
        },
        {
            "rule": "steamspy\\.com\\/cdn-cgi\\/challenge-platform\\/generate\\/ov1\\/0\\.6641769855863192:1595286653:4a30cf8413a2068d22438915acf991a12b6bc4977de4e2988e80fe5ac89d00a2\\/5b609de65a4ec1ed\\/0487e4602cfe0b7",
            "cookies": 0.0000146,
            "fingerprinting": 0,
            "subdomains": [],
            "apis": {},
            "sites": 2,
            "prevalence": 0.0000146,
            "cnames": [],
            "type": "XHR"
        }
    ],
    "categories": [],
    "performance": {},
    "cookies": 0.0000219,
    "types": {
        "XHR": 4
    }
}