{
    "domain": "stripchat.com",
    "owner": {},
    "source": [
        "DuckDuckGo-US"
    ],
    "prevalence": 0.000349,
    "sites": 46,
    "subdomains": [
        "go",
        "creative"
    ],
    "cnames": [],
    "fingerprinting": 0,
    "resources": [
        {
            "rule": "stripchat\\.com\\/api\\/models\\/ts",
            "cookies": 0.0000987,
            "fingerprinting": 0,
            "subdomains": [
                "go"
            ],
            "apis": {},
            "sites": 13,
            "prevalence": 0.0000987,
            "cnames": [],
            "responseHashes": [
                "6349bfe44a6d7661a0e1ed06e127911e6d4f48f5e7909871f2a864cdb4a999f4",
                "122f2228fad950d080b81d7bcec3b04857df12a865ed2f9a30e6411be29859fe",
                "bef3bed78070ba60872ad7469bdaaa063cf6dfa9dc633d069c3ead4d697ad0ab",
                "36e2c73bf246b459ee3225c2370e919207a2d3ba7d1e3ea8f2ea441d4d31e60f",
                "01e64183815126831b74b2068a385625ea2b2631d267d2ab2085fccd371a1186",
                "f2a2c6a1799064f80aa13e49114585975129341a07a517ca68a15c6f979c9290",
                "29ccbcf8fe6276c78fb0f88c515396824784143ef300d67ec5e7d8fac86f8ded",
                "6f0d6e1f302f3bbea21d05e5f31a9e5d68cb51095de250b4327d01fe6a4cab91",
                "8f8430c1efbcf876e98260f554a4a7f33a9fce4f3a95e0a74f73913dae7749a1",
                "5f48e7b3861f82ed41b5e0bb4e2c13b81bcd1ee858d6fb2f12ff56a01decb856",
                "6e1c60add41dc8f3e3ce907191b7d734c8ee04a09aea408f238b5c3005b509d8",
                "835b27dc77d7ab300f9ae1974a396d05d2eeaea48e520e36c970ad3c20d7bcfb"
            ],
            "type": "XHR",
            "exampleSites": [
                "1xxx.tv",
                "hellporno.com",
                "hellmoms.com",
                "hellporno.net",
                "m.hellporno.com",
                "porno76.com",
                "ru.xhamster3.com",
                "ru.xhamster.com",
                "sexporn.me",
                "www.maturemoms.tv",
                "xhamster2.com",
                "xhamster11.com",
                "xhamster.com"
            ]
        },
        {
            "rule": "stripchat\\.com\\/",
            "cookies": 0.0000456,
            "fingerprinting": 0,
            "subdomains": [],
            "apis": {},
            "sites": 6,
            "prevalence": 0.0000456,
            "cnames": [],
            "responseHashes": [],
            "type": "Document",
            "exampleSites": [
                "american-porno.com",
                "porno76.com",
                "spaceporn.ru",
                "u-porno.com",
                "u-porno.top",
                "www.porno-usa.com"
            ]
        },
        {
            "rule": "stripchat\\.com\\/eye\\.gif",
            "cookies": 0.0000152,
            "fingerprinting": 0,
            "subdomains": [
                "go"
            ],
            "apis": {},
            "sites": 2,
            "prevalence": 0.0000152,
            "cnames": [],
            "responseHashes": [
                "e3b0c44298fc1c149afbf4c8996fb92427ae41e4649b934ca495991b7852b855"
            ],
            "type": "Image",
            "exampleSites": [
                "gate.cc",
                "xvid.cam"
            ]
        },
        {
            "rule": "stripchat\\.com\\/widgets\\/v4\\/Universal",
            "cookies": 0.0000228,
            "fingerprinting": 0,
            "subdomains": [
                "creative"
            ],
            "apis": {},
            "sites": 3,
            "prevalence": 0.0000228,
            "cnames": [],
            "responseHashes": [],
            "type": "Document",
            "exampleSites": [
                "lxxlxx.net",
                "stufferdb.com",
                "teenselfvids.net"
            ]
        },
        {
            "rule": "stripchat\\.com\\/api\\/external\\/v4\\/widget",
            "cookies": 0.0000684,
            "fingerprinting": 0,
            "subdomains": [],
            "apis": {},
            "sites": 9,
            "prevalence": 0.0000684,
            "cnames": [],
            "responseHashes": [
                "622f203854ae69bbcfb543d13e6010b156c55729999c9bf2dc92b13abc48664b",
                "30ba73940cee67b32c4e396bd8a72f238804b6f58c292be0d22af8331f5d5086",
                "c1c6cc17254d5d9ad358cdee2a6e36684f58d47bc15ed76111bfc34eba0e3131",
                "f269de88e155defa617b59fcb7239edd0a07b4e3460261bc52deab6adc245eba",
                "8e646d7dd435b93137f2ed724c4c4574aa43446fc0ca8175b3af54ccb0a5efa9",
                "82d3898badb92dd4bc4da51eefec24ba9bef9a36c17f7ce33061ad3685f86826",
                "15b7e15be3efcc8f6cf27518f3c3f92fe67595d7eeeacfe6c7c11f72202424b1",
                "7920aa3202d9118f376d2d05ab5a65d7e630d27e37b75ec844e696d8a397a725"
            ],
            "type": "XHR",
            "exampleSites": [
                "empflix.com",
                "m.iceporn.com",
                "m.tnaflix.com",
                "m.viptube.com",
                "www.drtuber.com",
                "www.empflix.com",
                "www.pornlib.com",
                "www.tnaflix.com",
                "www.viptube.com"
            ]
        }
    ],
    "categories": [],
    "performance": {
        "time": 0,
        "size": 0,
        "cpu": 0,
        "cache": 0
    },
    "cookies": 0.000349,
    "types": {
        "XHR": 22,
        "Document": 9,
        "Image": 2
    }
}