{
    "domain": "stripchat.com",
    "owner": {},
    "source": [
        "DuckDuckGo-US"
    ],
    "prevalence": 0.000403,
    "sites": 53,
    "subdomains": [
        "go",
        "creative"
    ],
    "cnames": [],
    "fingerprinting": 0,
    "resources": [
        {
            "rule": "stripchat\\.com\\/api\\/models\\/ts",
            "cookies": 0.000205,
            "fingerprinting": 0,
            "subdomains": [
                "go"
            ],
            "apis": {},
            "sites": 27,
            "prevalence": 0.000205,
            "cnames": [],
            "responseHashes": [
                "a19e2826fb194b45c70683a9cdcc9c040485bd602ce5bd68cafa30bac405f74d",
                "dd484f58287eb290fe19426b4e09bc7655a4db7b2f3ad2063c664daad9cf0282",
                "d53ef1736287898a05fc7ea37641f19236d2382c5a8d23411455199ee9665041",
                "4289053cc620e395319313a6d023f2caac4cb50f256b6a4ef181ac9ec795601f",
                "090dd95e7a35cd5c944102c367cdaff40f8855e68f9cb4a99652d7606b77d9ff",
                "cf92d5d9df34467036deb3c942a1a826840a70e6c386657faf2d28e0114a93c0",
                "f388ea6fa317524f89279d9baced93333ab477095c863cd0dfd63b3408f7d973",
                "add1811928c06b0159bdd342cfcb6d9bcbc48cbf9b540f293ccf7f3902b1250b",
                "bcb643782b77fd0d68de65dcd63d22848d7d851d30f58d8f934a184efa882592",
                "41f8972d7916f25b6deaddb4788b28d774a31d0911dea0081840012cacb1b37e",
                "484592b28f2fbf5d5bb7d0bd5aba83fdab3c6db7916bd140b6027327fbe9b4f7",
                "2c22e9d53cd4faed3eca8575295c9ea52909f0298b5c78c1c0009705dc3392d3",
                "571ad557d2321518fec6a10c0c6ee73d6f09ac390b569b5819d1649c45bb01ff",
                "5930bfb89b8ff56245b319f441d1d53941f6530a287cf9063f8bb8e75d0516c9",
                "dfb1b3a9e7f31792f3f011b526ff42e259966be0a867b0e030916445ae77f4f2",
                "8a6ca0c6527afd8027a9184d8755bd89714de242af5b744b8d22b2bb2a2136b8",
                "8a712d0c64815567f83fe30b4078b8391b69d82c004bed2e1be418c26e16000c",
                "584c3351de9a249bc33c4f8a3b58234e9ac538a11437602bfc83f216bff21856",
                "aa79deedd7b6aaa16d41cd110e5f5cd758c6be5128f397499c52aefcf9cc34d5",
                "9ec5be701af7e9cc1c334684de426fb2c609cf99ce84b2cfc244723f074f8332",
                "2e08be520efa46c42e6b7880666f42f4d6e1988094980f8c0a1274199cd036e1",
                "8130f37a823daa56e7b3cd594e269b1ef40b6a4f088c926ef32070a2eb7cba27",
                "e422a18402832cae4df8e2a71d6b87bfbc925664c6ec6e4d4830a896057563d4",
                "61d02f658f0f83114ed7a580dc445e691f86ef77a27adf48fb24ec8c4772dd2d",
                "81f91549a4bc88ece3a7983e95b5aeb59abb51cf7e797a9416f08551d0a465b8",
                "a490281bd6761087700e744f5c30186c0118b6458180cd70ed932df6975da071"
            ],
            "type": "XHR",
            "exampleSites": [
                "fr.xhamster.com",
                "www.maturemoms.tv",
                "m.alphaporno.com",
                "xhamster.website",
                "xnxxbest.pro",
                "ru.xhamster.com",
                "1xxx.tv",
                "hellporno.net",
                "ru.xhamster.website",
                "it.xhamster.com",
                "bossvideotube.com",
                "ru.xhamster.desi",
                "m.hellporno.com",
                "hellmoms.com",
                "xhamster4.desi",
                "pornhqhub.com",
                "alohatube.xyz",
                "www.thisvid.com",
                "hdxnxx.xxx",
                "javfree.sh"
            ]
        },
        {
            "rule": "stripchat\\.com\\/",
            "cookies": 0.0000304,
            "fingerprinting": 0,
            "subdomains": [],
            "apis": {},
            "sites": 4,
            "prevalence": 0.0000304,
            "cnames": [],
            "responseHashes": [],
            "type": "Document",
            "exampleSites": [
                "amatura.com",
                "animalsex.party",
                "animalsex.me",
                "www.retroporn.sexy"
            ]
        },
        {
            "rule": "stripchat\\.com\\/widgets\\/v4\\/MobileSlider",
            "cookies": 0.0000152,
            "fingerprinting": 0,
            "subdomains": [
                "creative"
            ],
            "apis": {},
            "sites": 2,
            "prevalence": 0.0000152,
            "cnames": [],
            "responseHashes": [],
            "type": "Document",
            "exampleSites": [
                "camgirlfap.com",
                "deepfakebitch.com"
            ]
        },
        {
            "rule": "stripchat\\.com\\/widgets\\/v4\\/Universal",
            "cookies": 0.0000228,
            "fingerprinting": 0,
            "subdomains": [
                "creative"
            ],
            "apis": {},
            "sites": 3,
            "prevalence": 0.0000228,
            "cnames": [],
            "responseHashes": [],
            "type": "Document",
            "exampleSites": [
                "deepfakebitch.com",
                "stufferdb.com",
                "www.sweetest-amateurs.com"
            ]
        },
        {
            "rule": "stripchat\\.com\\/api\\/external\\/v4\\/widget",
            "cookies": 0.0000761,
            "fingerprinting": 0,
            "subdomains": [],
            "apis": {},
            "sites": 10,
            "prevalence": 0.0000761,
            "cnames": [],
            "responseHashes": [
                "5dbee4af1d16b66dce737888d6506c1fefed4be92ddbdfb50f7fb69138fc7d90",
                "6d43c5a88694966cd2775443091486ed053f1174a630e60df1469e2b1a4c3fed",
                "f8f77e65a7996c06ee2f59be42ef7e2df26587ec70dab367f8e79aa0ae85299c",
                "51dc295d72fb3d915d1650daaa62795ef4ee87fd92e91decce8ad9936dcf2ba3",
                "b6222916ce01508fcecb226b3a57ccba9c13fddf5e2721318296ebfeb3bf2161",
                "19c0015938a8db696680a54db4be92432e213b68f95cb185d9c54f69811113db",
                "03c1a6ff0e116475931dc9c969a868201cbcdd695ea7835b050c54c71bffe05d",
                "198658da66a36f90bebed0af83a68516d2c8c660d2a17b5f1d3241be19a23172",
                "90ee89050f21555af57fec69a4d4ed34ebd8c58896361285c6631b3c57068c67"
            ],
            "type": "XHR",
            "exampleSites": [
                "empflix.com",
                "m.iceporn.com",
                "m.tnaflix.com",
                "m.viptube.com",
                "www.drtuber.com",
                "www.empflix.com",
                "www.iceporn.com",
                "www.pornlib.com",
                "www.tnaflix.com",
                "www.viptube.com"
            ]
        },
        {
            "rule": "stripchat\\.com\\/widgets\\/v3\\.html",
            "cookies": 0.0000152,
            "fingerprinting": 0,
            "subdomains": [
                "creative"
            ],
            "apis": {},
            "sites": 2,
            "prevalence": 0.0000152,
            "cnames": [],
            "responseHashes": [],
            "type": "Document",
            "exampleSites": [
                "nudespree.com",
                "privat-zapisi.co"
            ]
        },
        {
            "rule": "stripchat\\.com\\/api\\/external\\/v1\\/affiliates\\/banner",
            "cookies": 0.0000152,
            "fingerprinting": 0,
            "subdomains": [],
            "apis": {},
            "sites": 2,
            "prevalence": 0.0000152,
            "cnames": [],
            "responseHashes": [
                "dcfc28e9f1084491aaa37dc9ac17d985493c38b25f3ac11d58e9edc624340652"
            ],
            "type": "Document",
            "exampleSites": [
                "privat-zapisi.co",
                "www.drunk6.com"
            ]
        }
    ],
    "categories": [],
    "performance": {
        "time": 0,
        "size": 0,
        "cpu": 0,
        "cache": 0
    },
    "cookies": 0.000403,
    "types": {
        "XHR": 37,
        "Document": 13
    }
}