{
    "domain": "supercounters.com",
    "owner": {},
    "source": [
        "DuckDuckGo-US"
    ],
    "prevalence": 0.000145,
    "sites": 21,
    "subdomains": [
        "widget",
        "www"
    ],
    "cnames": [],
    "fingerprinting": 1,
    "resources": [
        {
            "rule": "supercounters\\.com\\/ssl\\/online_i\\.js",
            "cookies": 0,
            "fingerprinting": 1,
            "subdomains": [
                "widget"
            ],
            "apis": {
                "Navigator.prototype.userAgent": 6,
                "Screen.prototype.width": 6,
                "Screen.prototype.height": 6
            },
            "sites": 8,
            "prevalence": 0.0000551,
            "cnames": [],
            "responseHashes": [
                "b01052595d22238c23ad27dfb118270dc17124aa47731d3308824fbf182511b6"
            ],
            "type": "Script",
            "firstPartyCookies": {},
            "firstPartyCookiesSent": {},
            "exampleSites": [
                "wodemo.net",
                "144chan.wodemo.net",
                "aagmaal.in",
                "auntymaza.com",
                "khatrimaza.app",
                "mms69.com",
                "movieplex.digital",
                "okpanu.com"
            ]
        },
        {
            "rule": "supercounters\\.com\\/fc\\.php",
            "cookies": 0,
            "fingerprinting": 0,
            "subdomains": [
                "www"
            ],
            "apis": {},
            "sites": 12,
            "prevalence": 0.0000827,
            "cnames": [],
            "responseHashes": [
                "4564f294f96b4aa912b58049c20847f2fc53d287f97dc5c9c7cc87161f8c25dd",
                "54644711ccfe776e010cf7bc364b70c1390aacce1d380dde957559fc2c7fd207",
                "b429289aaa94f8bf0bdaf3badf1102e697edbb39ac44fd769ed26b3660437b1e",
                "5fc4f6f5d3e48868a5d02528a317669e59079a0290682bee269290a0c55257a6",
                "91f543dafe68c10d1fe3cff6d242a4be60ae3c8d03b328ccec1fabbf2b24a202",
                "80c2f0331ad8a103a84e4019f376f988cf4d74c05465c73eee9b01dd9344c07b",
                "2aa4aec0c84abdb7e5a9287e8b574bf9559b16d2e337d6b31063abca0d1e4641",
                "ec211a35ab2033a4241177621d17d41f75508700bacdf1d070622fc049d2bd7d",
                "3ff1bbd6d9cc13d1c0ff7c6e7481716bb2cfeba0a71587def4e8b0e9f2883610",
                "3d2a9e629555ec840ccc546545dc687025aede790ab1f3436a76b5a5d5d07a43",
                "67b38f09295e82d64b73870aa3a6fd13dea07af8c13177b5a073eff393c5dff8"
            ],
            "type": "Script",
            "firstPartyCookies": {},
            "firstPartyCookiesSent": {},
            "exampleSites": [
                "wodemo.net",
                "144chan.wodemo.net",
                "aagmaal.in",
                "auntymaza.com",
                "khatrimaza.app",
                "khatrimaza.win",
                "mms69.com",
                "movieplex.digital",
                "okpanu.com",
                "redditsave.com",
                "skymovieshd.ltd",
                "www.leakeddata.cc"
            ]
        },
        {
            "rule": "supercounters\\.com\\/images\\/online\\/e61c1c\\.png",
            "cookies": 0,
            "fingerprinting": 0,
            "subdomains": [
                "widget"
            ],
            "apis": {},
            "sites": 5,
            "prevalence": 0.0000345,
            "cnames": [],
            "responseHashes": [
                "946f17cbf7585ff68bf58c1ef9d340c59760d3b1a7ab4a264590ae10cc1b2294"
            ],
            "type": "Image",
            "firstPartyCookies": {},
            "firstPartyCookiesSent": {},
            "exampleSites": [
                "wodemo.net",
                "144chan.wodemo.net",
                "aagmaal.in",
                "khatrimaza.app",
                "mms69.com"
            ]
        },
        {
            "rule": "supercounters\\.com\\/images\\/online\\/000000\\.png",
            "cookies": 0,
            "fingerprinting": 0,
            "subdomains": [
                "widget"
            ],
            "apis": {},
            "sites": 2,
            "prevalence": 0.0000138,
            "cnames": [],
            "responseHashes": [
                "2585b526528679965a7abe8f9079c76d6fc7ee7d36c3826591c88dd4b01f0116"
            ],
            "type": "Image",
            "firstPartyCookies": {},
            "firstPartyCookiesSent": {},
            "exampleSites": [
                "movieplex.digital",
                "okpanu.com"
            ]
        },
        {
            "rule": "supercounters\\.com\\/ssl\\/online_t\\.js",
            "cookies": 0,
            "fingerprinting": 1,
            "subdomains": [
                "widget"
            ],
            "apis": {
                "Navigator.prototype.userAgent": 1,
                "Screen.prototype.width": 1,
                "Screen.prototype.height": 1
            },
            "sites": 2,
            "prevalence": 0.0000138,
            "cnames": [],
            "responseHashes": [
                "f6f648c604620d747c24807035c37e4c420493aa63122511054c379759d4421c"
            ],
            "type": "Script",
            "firstPartyCookies": {},
            "firstPartyCookiesSent": {},
            "exampleSites": [
                "redditsave.com",
                "skymovieshd.ltd"
            ]
        },
        {
            "rule": "supercounters\\.com\\/images\\/flagsprites\\.png",
            "cookies": 0,
            "fingerprinting": 0,
            "subdomains": [
                "widget"
            ],
            "apis": {},
            "sites": 2,
            "prevalence": 0.0000138,
            "cnames": [],
            "responseHashes": [
                "f5f7b1faf32c396ab4a0a1548547f6c7ff8037d1a7fb7d0ad633a3cbe2c0efe4"
            ],
            "type": "Image",
            "firstPartyCookies": {},
            "firstPartyCookiesSent": {},
            "exampleSites": [
                "everythingkodibuilds.com",
                "www.leakeddata.cc"
            ]
        },
        {
            "rule": "supercounters\\.com\\/ssl\\/vt\\.js",
            "cookies": 0,
            "fingerprinting": 1,
            "subdomains": [
                "widget"
            ],
            "apis": {
                "Navigator.prototype.userAgent": 2,
                "Screen.prototype.width": 2,
                "Screen.prototype.height": 2
            },
            "sites": 2,
            "prevalence": 0.0000138,
            "cnames": [],
            "responseHashes": [
                "6c04d0b4f8fcbcea9a691d4a2ad3ebdd9f3ff1a477cc46ccb706cc87945bea66"
            ],
            "type": "Script",
            "firstPartyCookies": {},
            "firstPartyCookiesSent": {},
            "exampleSites": [
                "leakeddata.cc",
                "www.leakeddata.cc"
            ]
        }
    ],
    "categories": [],
    "performance": {
        "time": 1,
        "size": 1,
        "cpu": 1,
        "cache": 3
    },
    "cookies": 0,
    "types": {
        "Script": 24,
        "Image": 9
    },
    "nameservers": [
        "eva.ns.cloudflare.com",
        "cody.ns.cloudflare.com"
    ]
}