{
    "domain": "t-mobilemoney.com",
    "owner": {},
    "source": [
        "DuckDuckGo-US"
    ],
    "prevalence": 0.000114,
    "sites": 15,
    "subdomains": [
        "www"
    ],
    "cnames": [],
    "fingerprinting": 2,
    "resources": [
        {
            "rule": "t-mobilemoney\\.com\\/en\\/utag_sync_frame\\.html",
            "cookies": 0.0000683,
            "fingerprinting": 0,
            "subdomains": [
                "www"
            ],
            "apis": {},
            "sites": 9,
            "prevalence": 0.0000683,
            "cnames": [],
            "responseHashes": [
                "1271ada173b4d679bacd1b0f53a0ef5910f477456186cc07889f9e02efc8c9dc",
                "a9ec5313adb8ffa089bf5ead7e4ca73608a3f90cb5977409410db09b14eae1d4",
                "3030f07fd429ef26e0680e95b2a96ac79e23b3d39476793a3904ad51d5a4da63",
                "02a5676493dfcf583f340cd971643226530e8d6c6a4f9d5eb51c8a38b873d59d",
                "bca32906be080c734ba14b0acf510217150a1d4c54a09b21cd294756fe382c85",
                "0b981eaad150200a7fa00c5a7b127049c53d09e7746af6008588d8770f81d657",
                "72c8406660610c71a4c6c24b00e608b245406b4f25ef529986a816844dbbc2c4",
                "d764b1061300b546d4e995e35df5683069f71ae82aad79c8e86bd8ca2814b439"
            ]
        },
        {
            "rule": "t-mobilemoney\\.com\\/_Incapsula_Resource",
            "cookies": 0.0000683,
            "fingerprinting": 2,
            "subdomains": [
                "www"
            ],
            "apis": {
                "Date.prototype.getTime": 9,
                "Navigator.prototype.vendor": 5,
                "Navigator.prototype.appName": 5,
                "Navigator.prototype.plugins": 5,
                "Navigator.prototype.platform": 5,
                "Navigator.prototype.connection": 5,
                "Navigator.prototype.language": 5
            },
            "sites": 9,
            "prevalence": 0.0000683,
            "cnames": [],
            "responseHashes": [
                "4086aecd0d2d835674917d267dd0947f2f4c8d54775f6ced25f4f89a742c3d1e",
                "095806cabb24914192090a91c4fb05fe83467cd30028bb8f3a35ec5d2fc7cb14",
                "5871bc4aa437b30c16a862f3b726ee3a9c1b116c0109b4a800e1926b2754b357",
                "1ad6db58e651996e37a231922492ca86ccaef172fe398962d82542d1180589e3",
                "299b1b6486bb3a2c62a3b8a2729df29a657db826640f0dc0d6586c2278b89af4",
                "3e69116f192c41ca7b0e8818d77c060c54e01432bceed1071816b7957f35423d",
                "04011b590623f94f7957a4bdd7348e0903c52eef1d6273225d63d7fed82bbd99",
                "9b65035f4bcd80d03fcc9e3745f7d1003cb2a76ca8fd0e9d6e4c9611f4c7f89a"
            ]
        },
        {
            "rule": "t-mobilemoney\\.com\\/_Incapsula_Resource",
            "cookies": 0.0000683,
            "fingerprinting": 0,
            "subdomains": [
                "www"
            ],
            "apis": {},
            "sites": 9,
            "prevalence": 0.0000683,
            "cnames": [],
            "responseHashes": [
                "e3b0c44298fc1c149afbf4c8996fb92427ae41e4649b934ca495991b7852b855"
            ]
        }
    ],
    "categories": [],
    "performance": {
        "time": 0,
        "size": 0,
        "cpu": 0,
        "cache": 0
    },
    "cookies": 0.000114,
    "types": {
        "Document": 9,
        "Script": 9,
        "Image": 9
    }
}