{
    "domain": "t21.press",
    "owner": {},
    "source": [
        "DuckDuckGo-US"
    ],
    "prevalence": 0.0000456,
    "sites": 6,
    "subdomains": [],
    "cnames": [],
    "fingerprinting": 1,
    "resources": [
        {
            "rule": "t21\\.press\\/counter\\.php",
            "cookies": 0.0000456,
            "fingerprinting": 0,
            "subdomains": [],
            "apis": {},
            "sites": 6,
            "prevalence": 0.0000456,
            "cnames": [],
            "responseHashes": [
                "185a74759e284662d86c615d46d3ddf35209bbf2c355f48a2273f7391e57818d"
            ],
            "type": "XHR",
            "exampleSites": [
                "dunia21.app",
                "filmapik.asia",
                "layarkaca21.tips",
                "movieon21.link",
                "teman21.co",
                "terbit21.stream"
            ]
        },
        {
            "rule": "t21\\.press\\/data\\.php",
            "cookies": 0.0000456,
            "fingerprinting": 0,
            "subdomains": [],
            "apis": {},
            "sites": 6,
            "prevalence": 0.0000456,
            "cnames": [],
            "responseHashes": [
                "076369f41bd222e2f4f943447a572ba63de40a4ac9ca7d5736e53baa0524ba17",
                "57dc5941354c0354c94629811f0800f7028287b9d16bb18c60ebb3595714b9c3",
                "4cf530f672e5b83d0bfa371d99245f520905173c79d5e90aa747d679a8c754c8",
                "dbf4ec2dc389911d0fcb5b593fa05903cc517385b9091f612684e3f205efa141",
                "7b1119b376db95e6605170020b5ea99457618b6f4b41f3cdc0b2aa1352276abb"
            ],
            "type": "XHR",
            "exampleSites": [
                "dunia21.app",
                "filmapik.asia",
                "layarkaca21.tips",
                "movieon21.link",
                "teman21.co",
                "terbit21.stream"
            ]
        },
        {
            "rule": "t21\\.press\\/play-2\\.php",
            "cookies": 0.0000456,
            "fingerprinting": 1,
            "subdomains": [],
            "apis": {
                "Navigator.prototype.userAgent": 2
            },
            "sites": 6,
            "prevalence": 0.0000456,
            "cnames": [],
            "responseHashes": [
                "0d0a3d9c4b6925ff4c74446ad0341e8e2ce904404843fb916a12560955dcf507",
                "cac1f682af75146edf351209707e26b41e71faea29f0056895da80058d95885c",
                "8e5c6a0a72de8fe6dda5d443ddbf113160abecd358943bb4aef7775a610afac5",
                "db355a1afa99175b33e4b001fadb72a59b8de74a0da8d16d7240d96aa1ea367f",
                "1e906de5a967c9eb317b9c0031993972493107b92c1afc3abafbdb551cb944b4"
            ],
            "type": "Document",
            "exampleSites": [
                "dunia21.app",
                "filmapik.asia",
                "layarkaca21.tips",
                "movieon21.link",
                "teman21.co",
                "terbit21.stream"
            ]
        },
        {
            "rule": "t21\\.press\\/disable\\.html",
            "cookies": 0.0000228,
            "fingerprinting": 0,
            "subdomains": [],
            "apis": {},
            "sites": 6,
            "prevalence": 0.0000456,
            "cnames": [],
            "responseHashes": [
                "0f523821e116d44735440e565d06bad291ee7d027427f4481daa19c4a6e0669b"
            ],
            "type": "Document",
            "exampleSites": [
                "dunia21.app",
                "filmapik.asia",
                "layarkaca21.tips",
                "movieon21.link",
                "teman21.co",
                "terbit21.stream"
            ]
        }
    ],
    "categories": [],
    "performance": {},
    "cookies": 0.0000456,
    "types": {
        "XHR": 12,
        "Document": 12
    }
}