{
    "domain": "tend-table.com",
    "owner": {},
    "source": [
        "DuckDuckGo-US"
    ],
    "prevalence": 0.0000833,
    "sites": 12,
    "subdomains": [
        "engine"
    ],
    "cnames": [],
    "fingerprinting": 0,
    "resources": [
        {
            "rule": "tend-table\\.com\\/cgi-bin\\/WebLog\\.dll",
            "cookies": 0,
            "fingerprinting": 0,
            "subdomains": [
                "engine"
            ],
            "apis": {},
            "sites": 10,
            "prevalence": 0.0000695,
            "cnames": [],
            "responseHashes": [
                "35c1a04b2eb83989cf69ec2679fbee5b365aaff2c854f0f61b13016546c237e1",
                "270d54ced330eb1cd4421ae0e6e87c5a37a1dce3f7279a784204a0a320118af7",
                "e9257a10afdf89edf2897040afd771b6033fa77420b0ab57f7f351d55def3fa5",
                "b3849d8af8d71c92676b7bbe5737b99558ea528885423475baa3132ffe7a5317",
                "4a92d9799f8f5562d99a9e677ee6585aae8d76d58f1ea5219969846f0f94997b",
                "1e93539ca0202d9c791ef781b1616e8b6135cd3dcf027cec13f9e96200cc3941",
                "b00c655ccdc13d5627ccfa90007d08e88c876db150bcc4d48fb01a0f83db3e9e",
                "7371d2874371e88961963cbee6e6874d93468cf9852e20d7d6a11e85f591ebd0",
                "7002a241fa56d1916ad0a7ca10b0397c438c7958f8a31c29e6842f0681590cc1"
            ],
            "type": "Document",
            "firstPartyCookies": {},
            "firstPartyCookiesSent": {},
            "exampleSites": [
                "gongbe.kr",
                "iqooqootv.org",
                "isplus.live.joins.com",
                "mlbpark.donga.com",
                "news.kmib.co.kr",
                "news.mt.co.kr",
                "www.asiae.co.kr",
                "www.hankyung.com",
                "www.koreaherald.com",
                "www.wikitree.co.kr"
            ]
        },
        {
            "rule": "tend-table\\.com\\/cgi-bin\\/WebLog\\.dll",
            "cookies": 0.0000556,
            "fingerprinting": 0,
            "subdomains": [
                "engine"
            ],
            "apis": {},
            "sites": 8,
            "prevalence": 0.0000556,
            "cnames": [],
            "responseHashes": [
                "64a0c38e91767fafc305dc34e65c52834e5d4772cd3a4c17a7662b0981055ff7"
            ],
            "type": "Script",
            "firstPartyCookies": {},
            "firstPartyCookiesSent": {},
            "exampleSites": [
                "gongbe.kr",
                "iqooqootv.org",
                "isplus.live.joins.com",
                "mlbpark.donga.com",
                "news.kmib.co.kr",
                "news.mt.co.kr",
                "www.asiae.co.kr",
                "www.koreaherald.com"
            ]
        }
    ],
    "categories": [],
    "performance": {},
    "cookies": 0.0000695,
    "types": {
        "Document": 10,
        "Script": 8
    },
    "nameservers": [
        "ns2.4in.co.kr",
        "ns1.4in.co.kr"
    ]
}