{
    "domain": "the-ozone-project.com",
    "owner": {},
    "source": [
        "DuckDuckGo-US"
    ],
    "prevalence": 0.000761,
    "sites": 111,
    "subdomains": [
        "elb",
        "prebid"
    ],
    "cnames": [],
    "fingerprinting": 1,
    "resources": [
        {
            "rule": "the-ozone-project\\.com\\/openrtb2\\/auction",
            "cookies": 0,
            "fingerprinting": 0,
            "subdomains": [
                "elb"
            ],
            "apis": {},
            "sites": 58,
            "prevalence": 0.000397,
            "cnames": [],
            "responseHashes": [
                "93a499f5f67e7767656cba8094549775e52039d761c3813638580d88bb5d5fed",
                "569b1f9646e102564c1dc83a2af651965df9a32a8e9ec922c428d45a5dcab78e",
                "493e63d6f51d17f0982d4ca4aa854ffcd3bb71feb5ab0d124f1414d8e52d8306",
                "6b459088e4f721dc8cc649e60128fa01b1b5e8cbea8ba0eac4324de8bef50863",
                "012da4e14fd20a94e2eb23c07942de5ae217f45c4ba64cf633856994dedb706e",
                "15ad6873f27eaf00eb5e84fae9de08def1fcfe81fecad1f2285a379807f62480",
                "967bd993c8faecfc8424878fd06a8782ab9ae513bb04de3db49d878bb1fb6a24",
                "297e4c6e2189f08ea38a61ed324c4cd620ea23e97db5d42b70dd507bbb957246",
                "9ba3e96398d4eb13f0a218e6bfed108c8462b4eff7a3cf50d66b131bfa532c42",
                "402d78446486d7406a422242269cf296c4a2b16936c051c44f500996842b5c43",
                "7c80bfad6618871c2968867cba1bd9ba04a373175754e925ad30b53f63f7dd66",
                "2ec79502745e8ee72a2c1cc3e514179f150389011dc61bd12fac8740ed5ba005",
                "0f8888c25f1e70aa944645547403894d27a8de22e4d4e415b0d55a989e0aedd0",
                "c017f4e0f4089f7bcf3c83e429bea114ca22992c537096c5c43c198b2ee72b34",
                "a281d9bc2bfb85d7562df94e459b9ad86596e2e180ac30d7b2b864d7cf025b83",
                "1a2d4878aa700c4b7c045cb34f37af1778b4cb66f87282666e5d517730312850",
                "701e4bf500ef47d0def1a43ddc56e395eed8007a062d3783bee8bd1d83ea3aec",
                "4d3dcb7816551380ebedbbee6ab9c13965377edb916f1f3bbcf0c2442f56cd04",
                "f537dd56112bce8620b744b7fa48d4439ea08b9a848f81945f00335c739ffbe1",
                "4b9cd0e0b3eed50a8d7f8f5715405dce014b870baa5e9e3ebea254550fc64070",
                "71064c68bc5f5f5c4a35f332eeaff2ff9b3d6eeb425feac5bc0a7b867450fc09",
                "e40081fe13866824f9e79a65710f825013168dc05fd06a49aaba20bc82ba510e",
                "9b4d7af94734a632841171514acf9ccb5845546a41a4659be98dd31d918731ff",
                "a8fc78d0bd3ac6cfc3daf3a3182b5bdb887103922a3091d77d452e2874744d7e",
                "e53d0426d99b5a0b1665c280d264c68b9c4c4c6972e443173864fb240bebfd33",
                "2d6a5fedc57d6ad427fc835461e72bd860daaf92cfc31f42d995f63515634faa",
                "daded50bbe08da3c4fcbfffa78fcbd6befa15de8a2e825dba721d0df40e52b13",
                "a8336ab1508074bf52211ac311b84311e8bb1c1c68171ae43e8f87370d4b7ee2",
                "85629a5ad36219f9f6f292a3112462cd0a54429390be1901945146e80610bcdb",
                "5778652c79b15eeb32ae9cbb86025e9d92c459e68c26f16f2fe253f9e1da0a58",
                "352abc44476d4a78d7d0362a6d9635dd3d9aa8c7052379e6f22a7ad64697eabf",
                "2888c4737804f93db3ef372c4217c88a3be2ab354c7302d1dd5d68d4e77370ef",
                "658c11992bbbbbf0acd4896d69d32c04cb1fda80b5092858106d99092fb17a65",
                "93fec1f969d2db18a29f8a86bee8b6a489e97ea2e42549e98fec10ca0be4a399",
                "fdfd21beb8411923afb06dad1b4227f22a758f6db2e1a335a04465c83d22e1b0",
                "2c0df2ec9f42e44ecedf13331e375565b5202c5d6310b2e52515b244bffba691",
                "58389cb7f07f0ec0b1d7d49dd3f6e2ef70c49017cca24d39ee55a103dd7d298f",
                "f7a8a1663d91412fae1eedca057cf23db20d81295f2d550867b67a225e85b893",
                "d69b1a016762855f29bbd43a2c9080f773017946fcee154a67f6749b29165c27",
                "ab78e8605251dadb89bd82318de139b0e8e4e79a466c63f20a642b25464fed41",
                "0b8ce7daf28fc5fe2b9b8e8fce66e77c28c72afcabf34725a25c0a6f29f5f60c",
                "3684c05b3932291e94cf1f6ae49d3f99bd8cd83a375244530c04fb42ad2eb80e",
                "b6c5d477bd9c2132d569a900695ef34a9fd00e74cfdbbc8bee1adbcc50dba82b",
                "aec7cbd06e11deb91a0d40afc9a6d3e069ce051c2659473a2c16a8b3664190a0",
                "f72b5a79b0e501b2d0eae2dd29ac305afb5595865aa5a212636361c856896f99",
                "eab38b7eef1c078a2d464e66037d8840403426a5cd539768d6be1984a68df810",
                "8243d4ce858e07143c4f386daf0e406a0b0b28cae800c7447243cc7a501e9c04",
                "299d6dcc866f1d4f75a4c57009ab5bdc1a752e1a895aed5ee4d0b70a5dc32883",
                "d662722cb2213fdbabdb4174ac760fac6ab30a39794c9e91c22dd9a86d68eafd",
                "a70083127bdb92960dd14dcfdd5216acc5f924da5b2f604cc158ff9119827e61",
                "bb9dee9c3767c6c8c9a9d06f90712f8d16c78ec5b6be50cd4697a8f4c523749a",
                "7a2815797f06193aeaa961d489dda9308209ff6cc0e04bbeac81f6b5ab6e9069",
                "debd903b8f6d833f31ad21926fbba9e00be4f4af9b85c321ca01e65bda81a4fd",
                "3827cb88c30fd7432af497e8ec7701aa178da9fde1aa594dba33a3c1989c003c"
            ],
            "type": "XHR",
            "firstPartyCookies": {},
            "firstPartyCookiesSent": {},
            "exampleSites": [
                "www.mirror.co.uk",
                "www.telegraph.co.uk",
                "www.thesun.co.uk",
                "www.todaysgolfer.co.uk",
                "www.mumsnet.com",
                "www.empireonline.com",
                "www.essexlive.news",
                "www.timeout.pt",
                "www.standard.co.uk",
                "www.chroniclelive.co.uk",
                "heatworld.com",
                "closeronline.co.uk",
                "www.mylondon.news",
                "www.coventrytelegraph.net",
                "www.thetimes.co.uk",
                "www.stokesentinel.co.uk",
                "www.belfastlive.co.uk",
                "www.parkers.co.uk",
                "www.timeout.es",
                "talksport.com"
            ]
        },
        {
            "rule": "the-ozone-project\\.com\\/static\\/load-cookie\\.html",
            "cookies": 0,
            "fingerprinting": 0,
            "subdomains": [
                "elb"
            ],
            "apis": {},
            "sites": 56,
            "prevalence": 0.000384,
            "cnames": [],
            "responseHashes": [
                "d56d3e71b2453fa9b46b097ce633355e153b3b205e5d779d8c4bdb6c4458687b"
            ],
            "type": "Document",
            "firstPartyCookies": {},
            "firstPartyCookiesSent": {
                "pubmatic-pubcommonID": 0.0002398525249617949,
                "_pubcid": 0.000020558787853868135
            },
            "exampleSites": [
                "www.mirror.co.uk",
                "www.thesun.co.uk",
                "www.stokesentinel.co.uk",
                "www.ok.co.uk",
                "www.carmagazine.co.uk",
                "www.timeout.es",
                "www.glasgowlive.co.uk",
                "www.lincolnshirelive.co.uk",
                "www.empireonline.com",
                "www.timeout.fr",
                "www.derbytelegraph.co.uk",
                "www.football.london",
                "www.bristolpost.co.uk",
                "closeronline.co.uk",
                "www.hulldailymail.co.uk",
                "www.lancs.live",
                "www.belfastlive.co.uk",
                "www.leeds-live.co.uk",
                "www.grimsbytelegraph.co.uk",
                "www.gazettelive.co.uk"
            ]
        },
        {
            "rule": "the-ozone-project\\.com\\/cookie_sync",
            "cookies": 0.000384,
            "fingerprinting": 0,
            "subdomains": [
                "elb"
            ],
            "apis": {},
            "sites": 56,
            "prevalence": 0.000384,
            "cnames": [],