{
    "domain": "thebrighttag.com",
    "owner": {
        "name": "TransUnion LLC",
        "displayName": "TransUnion"
    },
    "source": [
        "DuckDuckGo-US"
    ],
    "prevalence": 0.00277,
    "sites": 363,
    "subdomains": [
        "s"
    ],
    "cnames": [],
    "fingerprinting": 1,
    "resources": [
        {
            "rule": "thebrighttag\\.com\\/csx",
            "cookies": 0.0000458,
            "fingerprinting": 0,
            "subdomains": [
                "s"
            ],
            "apis": {},
            "sites": 6,
            "prevalence": 0.0000458,
            "cnames": [],
            "responseHashes": [
                "ef1955ae757c8b966c83248350331bd3a30f658ced11f387f8ebf05ab3368629"
            ],
            "type": "Image",
            "exampleSites": [
                "adobe.com",
                "acrobat.adobe.com",
                "helpx.adobe.com",
                "stock.adobe.com",
                "www.adobe.com",
                "www.substance3d.com"
            ]
        },
        {
            "rule": "thebrighttag\\.com\\/tag",
            "cookies": 0.00071,
            "fingerprinting": 1,
            "subdomains": [
                "s"
            ],
            "apis": {
                "Date.prototype.getTime": 2,
                "Date.prototype.getTimezoneOffset": 2,
                "Screen.prototype.width": 2,
                "Screen.prototype.height": 2,
                "Screen.prototype.colorDepth": 2,
                "Navigator.prototype.cookieEnabled": 2,
                "Navigator.prototype.plugins": 2
            },
            "sites": 212,
            "prevalence": 0.00162,
            "cnames": [],
            "responseHashes": [
                "e3b0c44298fc1c149afbf4c8996fb92427ae41e4649b934ca495991b7852b855",
                "a499329948d9ec28ffcfcfb2fed8ecd62e997298feb3672e0a32f9c11b8404e7",
                "a666486de9f8e6518c735d9e9d1531082e2a3a2ef302eb33191d15f20a1cd27a",
                "1bf953cd7fd966b1a2fe054f230d51a239804b3a99231969697c8da071a6cd92",
                "02374371dc675651e6190de57c8d23e25c23ae2dd3f547d7c58bac4d4878018a",
                "2f04daff79db780a4a0a54a6116b245c5bf9c0e957b4df2a17b82d8d8470fa25",
                "d9396c2bc54dcfdee369a96971f05fdf337ed37916049da6dec9ee309e230375",
                "e39222cbb3b280f7573c6da35ab8fcba697038ea8e790974893844d95a6961cd",
                "f17ae38aa4a6d44322e3e691eb42260a8a37f58e723ab800dc703f17d552924a",
                "e833354affa7cbab109b6046c41897d66071ca9f9bcea2f28f95814d1f425e3c",
                "cda786be1a8d029c48aa302e5c646b9d867fdac27d50edaa4da3c57bad3a8084",
                "0f4b67f81dabfa623a70f49540309fee720a18dec451ca55663b9ee207e9fb1d",
                "9ee2a56657a0a69fe92b7849960845fd7df99862f5c50acef45694ccc7f3766f",
                "4c44c15e84ca5e2cd851067fcbba2e6123a49f57361281a7bce0ddf31f6ce2fe",
                "1d830887910a4c86c4d0bd6eac866084d14d049aacf6672c856768e03997907b",
                "3232889715166310153fe45085799194a3bcf8f2e6188bcc28cf81d443fc0e20",
                "b391dfe4e63bec6fca146b1e7b86b2e5db2e768fcbd8f98acd9a5d36ca9aa5cc",
                "dae514813c83d079084dd4601c4043a30114191cf0a73a6ab5c58bbd6a4c6fdd",
                "dca81c8ac73d98b58407c590e2066203ba2b42e53f8054a7c9728002f438f56d",
                "be66e74775633bf1982d40c1abc31f65119c1bf4a8e1a80c3737c77d3f2a64a6",
                "2b8646a02bb747984519544dbb7c14bb267db7be5a33ed4c5af8f6f477f5510e",
                "7fe6280df7d32352378cd8e0febbe9b379b6513aea9d24bd637db6271218045e",
                "5fe15e3ea1f0567be725fa006a4757fc0ed420653d20014b810182ee4bba056a",
                "986bce3ca8311a76f06d88ef3b559ba271feebe54410a03159abac6238299881",
                "b16b343aabcc333d33d7e5dfc10c4d978fce80e3829a2abbced5b05701f52e31",
                "113b30c21a1747687fcc2f0a40f84542633b92ddd8df3957957d7e8b6e6a9e23",
                "4bd9a278c3aaf48ea78f504a54d50a97011136d16e37dfb3e45947d65544d4d9",
                "fffd105d96041f3b8c17bfa15262f76a5a840d1f935f53252d5d829bcb92f24c",
                "58117d8c9e3da30d9de408c13d6aa84defe20d44a825a3ba42e17035213bb837",
                "6449be7b4d3138f6fb83f2893675e50a73d3d40e2be78fbf7db40cb43b556c4d",
                "ca2d357afc0bfb1563db49b1ae8ecb29123cc01bd7f7636a214e93e95a452d8a",
                "4ca54645c0bd6f6f57def59066554f5d4e54f41f6dcdf5c6c904d3b7801e67b3",
                "bbd08f636fd9f7e6da758fcc7e81df155d4de3cf372ef51113de8ea280c7ac59",
                "4b34fd8f2f7317fe12b2ce1f23bf277f659caa76a9b01ee7d52e8c9339f583eb",
                "224b2fd6489c3bbdd49ca393ca13136c8c30acd84ebbc991e1603bcc950eca0a",
                "d472b570d6e7b79cecf8c9ebd539831c5eb4e4c364fc53ac8847485e6d308741",
                "a0e012fde8200251e107a496115aa9165adbae8383c554a2ca4858eb3c2be9f5",
                "dc62d01fa7b4ebb184ded56b08d789b55c6a3aea8a33f88f03c1f4d37d080d13",
                "e0480498e56661d3106002f2c2e5caa015a5baf34811a05d31a6ff6aeea2d6a2",
                "5d9d6f5ce2e94d5abcc59425fb4bb51df09b3779e9dd19818eba93fd582c05eb",
                "7c8a6ea6730b262318eb308d655b0b4a7db51fa7af89325672ad9ad29f8518e4",
                "561ac5dfc719b12624e35343b8580644d81319a6a281adb56255a8e709da6632",
                "659b2dbcd5e3edddca289f217347aab83302e92c90de47977952e56ce77873f3",
                "9679cceae4be6bd384da0e7202baa0f41c973ee15e614527262d3ee211b1fd15",
                "d4cdf520370894b169eca8868b11f75939474598d3001bbbb633cb9a595a06d3",
                "e1f870ad2a40c527d5ad1726b64a959fcc3149eca728947bc4813f6bee5f7b9c",
                "dd79b93059a3303b2eeb8c0032696376462f05ebf8e06d8ff2b1f64a05072a9f",
                "a377aab59424542e9cac24169643266168380b9f193ee5150c96fa8c09a61822",
                "44d4058a0e33636b03e57e488b6df29e52c82b7293145f3a4972e860a819e318",
                "26d8847fbebde0353d94713d2226ab7cace978a73c0744ad52e0ffa339e78fe4",
                "6ae7094fb2f8c00b2a1ba5d8269fd548b6be7bdb1d357b199e7ff8c318edf692",
                "3b4c19f4df9469ad897f477148794b8ac68b4f0cac88e0e54e4dd116c22524ce",
                "ff8b52661e8e2e75d4d17e3a438821c77a4e10d6d6d1827a84ad2ce19ac6cd30",
                "efb8a92f3213024bbc6d8dbf884f1df6f1214afb7eb190a92051a89736d0821f",
                "0043d5e99583ff962d575976d2de12fe0b3c64f86020af320026bee0e15cc2a6",
                "4e507986c55a235b8d8be28eb7bf9ea070e4bb11eea7eadc4137e7507455c46a",
                "aba793e3e7b904afa439ce8c3bf603d8b0f1796876295687252f8478b6aa4a74",
                "9f427bb9aa3f84436536e50129a2b90576dfadd8ee07de712aa3b30c8499a75a",
                "e7475ec29f39f4f91dac96481d6452772c461c650e2605b33a54ed8a7febc18d",
                "7ba23541a9f72abdc514dc9266b5e7592c6d5c4082706539e91ad0bfa8b5406b",
                "5206fd43027afceeb67b4f959e02250cc7f0fabeee286a458a62f8224a5040b9",
                "4de61daec4df8b4bdb38463b22d9d8fb195736177c03ad8502c3507817e1ba29",
                "7ce3a8fcb1148cf2ef0c59355855042550cb1c645cf3efbc66d2920dd27a5393",
                "febaf4d613ce914ffb5758bfaf003ee4b2f8c15b338cba6e748ff9958f430d9f",
                "ff7e8b33fc83ea173112e8aa562eb90969fcd1a0ad2aa67380776d2c4df9883d",
                "c519bb9725795db28f809aec84509bfae7210edb460d3d4ec6da04430313565f",
                "2ffe18ce53acc0fdff5bfd20c554c5e9f6a3ed88b7893af0451eea4dac59cac0",
                "7dd1649b74f826138ca243eb73116a2570bc4c01d9b6cd7f00293000d63cb81e",
                "29b41e82a722bd60d07115053f370f34bf8f0a72a7dd37117e2f72939a8da407",
                "68e548d894b126b12a8db2b3ffaade6f7705277b10304e97f4cbeac9492630b6",
                "e7fb485614b2d3c9db92deac0410901a6f252aae369c81ae80bcc8aeff202387",
                "79409ebb7b6a97a3e909415c398ba366ad301884a2a9fa05228d32120048130e",
                "f65c6c1efc0ce18282f6c9d93707b25287762072879450431be29e907eec2b39",
                "3b3692043290760f28970f9fd8fb83a81e0cbbaab02aaeae3492f8a4e30d39b6",
