{
    "domain": "thunderhead.com",
    "owner": {
        "name": "Thunderhead.com Limited",
        "displayName": "Thunderhead.com"
    },
    "source": [
        "DuckDuckGo-US"
    ],
    "prevalence": 0.000351,
    "sites": 46,
    "subdomains": [
        "eu2",
        "eu2.cdn",
        "ap1.cdn",
        "na5.cdn",
        "ap1",
        "na5"
    ],
    "cnames": [],
    "fingerprinting": 1,
    "resources": [
        {
            "rule": "thunderhead\\.com\\/one\\/rt\\/js\\/one-tag\\.js",
            "cookies": 0.0000993,
            "fingerprinting": 1,
            "subdomains": [
                "eu2",
                "eu2.cdn",
                "ap1.cdn",
                "na5.cdn",
                "ap1",
                "na5"
            ],
            "apis": {
                "Date.prototype.getTime": 24,
                "Document.cookie getter": 20,
                "window.localStorage": 24,
                "Document.cookie setter": 13,
                "Navigator.prototype.userAgent": 1,
                "window.sessionStorage": 1
            },
            "sites": 27,
            "prevalence": 0.000206,
            "cnames": [],
            "responseHashes": [
                "c2ba08fb49fd8dab15089890e6d66d7b10038cf51e290bc84dd5d3766f46e96e",
                "517e905e2d4ca79b3bccd94f0fa3cc6d3b5f7117096bb231d5c204cfd3261ca8",
                "97de6f64c8fbda364b41e93daf3c20cf589f41c49960cb245de110658871349e",
                "293c9a25d6ec66e4fa3d2ef1e4fc222f9de27b2c4db285c7b2f269adb667e17a",
                "33c4e549f1d62bb9cf217149504b4b6e8d32fb87349dc0082d4aadc9ecc2b2f0",
                "62f76cfeb75776941005c03abc4adf43d9f51c02fb3d13e5707757295567b80f",
                "f2bd1d1ad9b9f8595c6065228b4385eccf27c3dc1397769adec1e5b4742f6bda",
                "e871c58bf14b6a0274ec1ac27924382fc2c8a8d6f2529721caf6560cd789e511",
                "cc53bc46cfb40178c2e48e88e27c698b3f8c57ee26c292846434a16803752505",
                "8a117fc876d82262b6a57824d2cb51823048de5cf29403947c86e0374fcf19fa",
                "59bb8292d7ac85f39d732820d484737f12b32dd18386672f7942220ff13bca0e",
                "75acb42ebe39e6d0ba53be31758668a2674cf3d71a612c717936a9f82f6a0d7d",
                "e1db611fd695d04fe3dc8bc0ca2724fe0fe1ba1087b7dcf7da9397b7e250c5dd",
                "edfccef22616310d14b4b3ed7247706ee7e88e59feed824c00625e1a50c5c35d",
                "b281287e9284ab5decd2f378d7f1469317cd6c130d8f39386f93e2f9ec893f58",
                "f1e4b51751ddc2863d50a86df196370bc0363cddaae4927bd48d924c8bda9581",
                "7e568c7d5563afccb24423e1fcdf46f6c3219bc8a6bd90269333a4aaba8e75d5",
                "ce7084bcdfb3606b1cdff1e69717fbca35131763ff87e2961d343910b330ec1a",
                "03d6d33db2f4f72bcf222e272a4d295386ce2ab6e32cdf98dfbd7fb744896f2e",
                "a61f5ca453e10d272f5b274fff7822e88c1869ef043eb8ae6917e602d6a78519"
            ],
            "type": "Script",
            "exampleSites": [
                "arsenaldirect.arsenal.com",
                "www.myvouchercodes.co.uk",
                "betway.com",
                "www.pinnaclehealth.org",
                "www.budgetdirect.com.au",
                "www.invesco.com",
                "www.infomoney.com.br",
                "www.forever21.com",
                "www.bge.com",
                "www.rhs.org.uk",
                "www.seat.co.uk",
                "www.axosbank.com",
                "share.upmc.com",
                "www.ifit.com",
                "www.bcbsm.com",
                "www.silverstone.co.uk",
                "www.telstra.com.au",
                "www.arsenal.com",
                "www.bajajfinserv.in",
                "crowdsupport.telstra.com.au"
            ]
        },
        {
            "rule": "thunderhead\\.com\\/one\\/rt\\/web\\/v1\\/ONE-TG5UHGRJFE-6100",
            "cookies": 0.0000229,
            "fingerprinting": 0,
            "subdomains": [
                "eu2"
            ],
            "apis": {},
            "sites": 3,
            "prevalence": 0.0000229,
            "cnames": [],
            "responseHashes": [
                "af8f9ebbd16fea3d0e2fb5758aa19ff32bd9e2792b9af85a0d2253366751c692",
                "5989c585b7cc3e04d2e843688daee695221270eb8832385ccc6ee58caec0fb11"
            ],
            "type": "XHR",
            "exampleSites": [
                "arsenal.com",
                "arsenaldirect.arsenal.com",
                "www.arsenal.com"
            ]
        },
        {
            "rule": "thunderhead\\.com\\/one\\/rt\\/web\\/v1\\/__req\\.gif",
            "cookies": 0.0000229,
            "fingerprinting": 0,
            "subdomains": [
                "eu2"
            ],
            "apis": {},
            "sites": 4,
            "prevalence": 0.0000306,
            "cnames": [],
            "responseHashes": [
                "8337212354871836e6763a41e615916c89bac5b3f1f0adf60ba43c7c806e1015"
            ],
            "type": "Image",
            "exampleSites": [
                "arsenal.com",
                "www.arsenal.com",
                "www.rhs.org.uk",
                "www.silverstone.co.uk"
            ]
        },
        {
            "rule": "thunderhead\\.com\\/one\\/rt\\/web\\/v1\\/ONE-MCAE32QJCK-7377",
            "cookies": 0.0000153,
            "fingerprinting": 0,
            "subdomains": [
                "na5"
            ],
            "apis": {},
            "sites": 2,
            "prevalence": 0.0000153,
            "cnames": [],
            "responseHashes": [
                "e73f19407b574a9741e74441e9ae4961bfda9c8fd6696db69e4efbdbd6ca60f9"
            ],
            "type": "XHR",
            "exampleSites": [
                "axosbank.com",
                "www.axosbank.com"
            ]
        },
        {
            "rule": "thunderhead\\.com\\/one\\/rt\\/web\\/v1\\/ONE-MCAE32QJCK-7377\\/__props\\.gif",
            "cookies": 0.0000153,
            "fingerprinting": 0,
            "subdomains": [
                "na5"
            ],
            "apis": {},
            "sites": 2,
            "prevalence": 0.0000153,
            "cnames": [],
            "responseHashes": [
                "8337212354871836e6763a41e615916c89bac5b3f1f0adf60ba43c7c806e1015"
            ],
            "type": "Image",
            "exampleSites": [
                "axosbank.com",
                "www.axosbank.com"
            ]
        },
        {
            "rule": "thunderhead\\.com\\/one\\/rt\\/web\\/v1\\/ONE-WNLDKAOQ41-1776",
            "cookies": 0.0000153,
            "fingerprinting": 0,
            "subdomains": [
                "ap1"
            ],
            "apis": {},
            "sites": 2,
            "prevalence": 0.0000153,
            "cnames": [],
            "responseHashes": [
                "543cbcfb7291258bae89c6e63858d17cd302b2158d2159706d214d92fc052f75"
            ],
            "type": "XHR",
            "exampleSites": [
                "budgetdirect.com.au",
                "www.budgetdirect.com.au"
            ]
        },
        {
            "rule": "thunderhead\\.com\\/one\\/rt\\/web\\/v1\\/ONE-5MLXTGGMUC-1258",
            "cookies": 0.0000153,
            "fingerprinting": 0,
            "subdomains": [
                "na5"
            ],
            "apis": {},
            "sites": 2,
            "prevalence": 0.0000153,
            "cnames": [],
            "responseHashes": [
                "6f9e4d579fc2a74a07245267a05c686539b273a5b88509e86ce5b837db3db126"
            ],
            "type": "XHR",
            "exampleSites": [
                "att.com",
                "www.business.att.com"
            ]
        },
        {
            "rule": "thunderhead\\.com\\/one\\/rt\\/web\\/v1\\/ONE-YTLOE8MBCG-2213",
            "cookies": 0.0000153,
            "fingerprinting": 0,
            "subdomains": [
                "na5"
            ],
            "apis": {},
            "sites": 2,
            "prevalence": 0.0000153,
            "cnames": [],