{
    "domain": "timecommerce.net",
    "owner": {},
    "source": [
        "DuckDuckGo-US"
    ],
    "prevalence": 0.000326,
    "sites": 47,
    "subdomains": [
        "session"
    ],
    "cnames": [],
    "fingerprinting": 1,
    "resources": [
        {
            "rule": "timecommerce\\.net\\/v1\\/s",
            "cookies": 0.000173,
            "fingerprinting": 1,
            "subdomains": [
                "session"
            ],
            "apis": {
                "window.localStorage": 25,
                "Document.cookie setter": 20
            },
            "sites": 25,
            "prevalence": 0.000173,
            "cnames": [],
            "responseHashes": [
                "45492018f11ede0c0a6a29dae3b0b9bfb48d42d37fc049eeaec003a50a525bd4",
                "c36ef29074669cb64fa35c8a5b799d5ecedb039ed32b60a5050ecc31c5759ebf",
                "959bccc3f7594bd94b497301c96f9dafa300cf6d0420d19f3dd85178cf7008c2",
                "36ac626e151e4e17c6f7a610fc6b342b708a63787d7d9db40e5bd44392ddc518",
                "acc7c553e3e38d2609e4caa6a3f2b7eb80ec1f290d5af630a60ccb64d12209cb",
                "12bedd1f0d61a84c9d9c4002fe700cfbd0ef2ca31170948d9110be3a954cf0a0",
                "ae3949d3d7265ad540530c442cf6cc3f74d8438040c4d7b1b099f350b518b382",
                "e34fd7108a487e93bea63a2924194eb1f771c57849f3687e9d2d33eaf9be0b47",
                "23a6640c4e558c4364667d78d88c37874e679c2f6e1227a7c7979c1378450bb2",
                "a74d7984c85f8ac7f659dbf7d401516c3a74f4824db32ad7b23a1011ebd5b5ad",
                "cfb618c95117d8a6d48240e0f0a39714be7868b2a3dabbb0242fa974828e4885",
                "8f3db71200c9710060eb1984bc7457b41b7e3f00c3d63953fdc49357551ba77a",
                "64096b412b9904cd5f98ccc2113844a48f2a2ba40d3db29ace96c101045a3df4",
                "c397489b8bfd81474caf76c0155d0d24a7dc3e6a73bd9440cb3a0bd507de488c",
                "374a15506f3c7d221225fabc574689f61c438f7ee0ca577d17328c254148e640",
                "9da9f2e68f092404dc97d3021b345677686764140baace1f1ecbbcd3bf6ecfb1",
                "e190718126bc7e4522c7b89963875e2258cbb262db0656a4b57b0e47d7b31432",
                "dc0ec8640fe657dbe848e0348034895e53d25ff2f98e81101b5eeefe1abb33ec",
                "0b90a7a9b822ebaac3c7a9f999fa3fb461eb0d992cb15a37696e7757de653f48",
                "e1d910481dbf81cab38914e45c4bc075e6e9005fe77dc54437386cc3c464d15b",
                "322517a485e8420a7c91874c190ede2421ed05df5bae9c24a9f585cf0d0b0ec8",
                "2afc7845171ca3ea0877a55e8383745c0a0997af844c4f33a232fbba2d5ca01d",
                "1eb3c3560ea3cc4449101aba38045cfaa479e1b0276e26e7aa2e07015d620f72",
                "b9346e8bdcf600428930ab035ca91008e1dfe53de8a9b0090393f878df77df46"
            ],
            "type": "Script",
            "firstPartyCookies": {
                "globalTI_SID": {
                    "ttl": 157680002,
                    "length": 36,
                    "prevalence": 0.00013870010263807595,
                    "uniqueness": 1
                }
            },
            "firstPartyCookiesSent": {
                "globalTI_SID": 0.0002774002052761519,
                "_gcl_au": 0.00009015506671474937,
                "muuid_link": 0.00011789508724236456,
                "muuid_session": 0.00011789508724236456,
                "muuid_date": 0.00010402507697855696,
                "first_request_id": 0.00010402507697855696,
                "muuid_channel": 0.00011789508724236456,
                "muuid_current_channel": 0.00011789508724236456,
                "_pnxd": 0.00011096008211046076,
                "muuid_source": 0.000020805015395711393,
                "_li_dcdm_c": 0.00009709007184665317,
                "mt.g.5f640441": 0.0000069350051319037975,
                "OptanonConsent": 0.0000069350051319037975,
                "visit_ts": 0.0000069350051319037975,
                "mt.v": 0.0000069350051319037975,
                "_ga": 0.0000069350051319037975,
                "_gid": 0.0000069350051319037975
            },
            "exampleSites": [
                "people.com",
                "www.allrecipes.com",
                "www.marthastewart.com",
                "www.cookinglight.com",
                "www.bhg.com",
                "www.agriculture.com",
                "www.southernliving.com",
                "www.myrecipes.com",
                "hellogiggles.com",
                "www.parents.com",
                "www.shape.com",
                "ew.com",
                "www.realsimple.com",
                "www.woodmagazine.com",
                "www.parenting.com",
                "www.instyle.com",
                "www.allpeoplequilt.com",
                "houseplans.southernliving.com",
                "www.departures.com",
                "www.eatingwell.com"
            ]
        }
    ],
    "categories": [],
    "performance": {
        "time": 1,
        "size": 1,
        "cpu": 0,
        "cache": 3
    },
    "cookies": 0.000326,
    "types": {
        "Script": 25
    },
    "nameservers": [
        "dns3.p03.nsone.net",
        "dns4.p03.nsone.net",
        "dns1.p03.nsone.net",
        "dns2.p03.nsone.net"
    ]
}