{
    "domain": "timecommerce.net",
    "owner": {},
    "source": [
        "DuckDuckGo-US"
    ],
    "prevalence": 0.000313,
    "sites": 45,
    "subdomains": [
        "session"
    ],
    "cnames": [],
    "fingerprinting": 1,
    "resources": [
        {
            "rule": "timecommerce\\.net\\/v1\\/s",
            "cookies": 0.000174,
            "fingerprinting": 1,
            "subdomains": [
                "session"
            ],
            "apis": {
                "window.localStorage": 25,
                "Document.cookie setter": 14
            },
            "sites": 25,
            "prevalence": 0.000174,
            "cnames": [],
            "responseHashes": [
                "5d9df9bcc1302228c7ed83087eadb1a00b417bd1e2cf203f61be51288328690a",
                "b05eac6e7cc8779ca29859449ac70ae83a95e5d644ea8a575df904669a8604f9",
                "511d909c01b1aa4b86aa92cdb28a88ee233d51e0bd5d57917b16ed6aa3ea6469",
                "6586c7e41d30bff7b6d9955b9cbd5786724353e22aef99ac15454b1aec377812",
                "37fdb7c74ee90bd362e97e888e425606f5391f1b371fcdb8fe03b5ef258fcf2f",
                "8a243e7aa5496825d00e809b85c49d935ca88800503c3ee5061f737b252159ec",
                "c6dcf63406d9e54f93b180b3ce5c7646717d6f3679723531182f61c938797431",
                "ed36b347dfdcb29a4dd2d7e50144ab99e9093a3989ff531f0e5e07ad1b1ef5fa",
                "98e89fc84f2a6e22d4a1011de8158b5fc51bc67ce5ed0e6d5ad8f77279d2eae2",
                "7dfd68831da6e311d04f21414dbbf03a48e4b71e2d05d50b3b585bcb091bcc96",
                "1a6107893757f1e6cbb34e53a83e9d3b9b3bec9aa816bc37a32462ff1f2a05d5",
                "9f832805cc138e66fa4984686e84a1506dac30ce28f432cc51e8d72c975ab4ad",
                "0a5a6d300eda8187aefb766c988cb09e938a84f11da532de24a17ff4f8b584a2",
                "49add40d7045b7c9749f8300819bd74fbd4a5b2b973de2aa757eb181a6a4d73a",
                "dc3b6815a47497f4f63403b3118a73f794340cd6071b57cfd2fe3dfec064e26e",
                "84a46cd4c1f00182f4c1faaa61b95695bbc659231178a739113bf0b239923c48",
                "1996ba3e69b6972d916902cbb62e97cb8326b49cf8734513e938cfbaa16b6ea6",
                "e72aa6af03b4c1ef3f48b21e7326f2f56c10905bc3b45c9dc755ddb37f8f8bc6",
                "0db2a47eba77fd2c08df6cff724d61ea41d2bcf8b9e0bc4ad6e167765021c031",
                "cb2f021e35746b3a4dd5cff2c8e9904b204b5a5a56ec3f1307c3020d5fb91e46",
                "01a322869478b38f41848449d3adc277397094bcadc45cc6d933b500ab91e9e9",
                "af200847a57f00a4772d56af29b7718c8b3dd26ada5ec515b70a4dda0bc66bdd",
                "20831a19ae9a0f31532695df4e4bb486b3690c1eb9fceaad05722fdd24d700da",
                "e0e1c96a0bb984443fa3e3821cfc6ea1ee88949f9c5e14632695e4019a632bfd"
            ],
            "type": "Script",
            "firstPartyCookies": {
                "globalTI_SID": {
                    "ttl": 157680002,
                    "length": 36,
                    "prevalence": 0.00009723910401111304,
                    "uniqueness": 1
                }
            },
            "firstPartyCookiesSent": {
                "_gcl_au": 0.00007640215315158881,
                "muuid_link": 0.0000833478034380969,
                "muuid_session": 0.0000833478034380969,
                "muuid_channel": 0.0000833478034380969,
                "muuid_current_channel": 0.0000833478034380969,
                "globalTI_SID": 0.00020836950859524223,
                "_pnxd": 0.00009723910401111304,
                "muuid_source": 0.0000277826011460323,
                "_ga": 0.000006945650286508075,
                "_gid": 0.000006945650286508075,
                "_li_dcdm_c": 0.00004167390171904845,
                "mt.v": 0.000020836950859524224,
                "mt.g.5f640441": 0.000006945650286508075,
                "OptanonConsent": 0.000006945650286508075,
                "visit_ts": 0.000006945650286508075,
                "muuid_date": 0.000006945650286508075,
                "first_request_id": 0.000006945650286508075
            },
            "exampleSites": [
                "people.com",
                "www.allrecipes.com",
                "www.instyle.com",
                "www.bhg.com",
                "www.myrecipes.com",
                "www.woodmagazine.com",
                "peopleenespanol.com",
                "www.shape.com",
                "houseplans.southernliving.com",
                "www.allpeoplequilt.com",
                "www.southernliving.com",
                "ew.com",
                "www.departures.com",
                "www.agriculture.com",
                "www.foodandwine.com",
                "hellogiggles.com",
                "www.midwestliving.com",
                "www.parenting.com",
                "www.travelandleisure.com",
                "www.eatingwell.com"
            ]
        }
    ],
    "categories": [],
    "performance": {
        "time": 1,
        "size": 1,
        "cpu": 0,
        "cache": 3
    },
    "cookies": 0.000313,
    "types": {
        "Script": 25
    },
    "nameservers": [
        "dns1.p03.nsone.net",
        "dns2.p03.nsone.net",
        "dns3.p03.nsone.net",
        "dns4.p03.nsone.net"
    ]
}