{
    "domain": "tracead.com",
    "owner": {},
    "source": [
        "DuckDuckGo-US"
    ],
    "prevalence": 0.0000758,
    "sites": 11,
    "subdomains": [],
    "cnames": [],
    "fingerprinting": 1,
    "resources": [
        {
            "rule": "tracead\\.com\\/siteTagHandler\\.php",
            "cookies": 0.0000482,
            "fingerprinting": 0,
            "subdomains": [],
            "apis": {},
            "sites": 7,
            "prevalence": 0.0000482,
            "cnames": [],
            "responseHashes": [
                "e1e3567b9aaf9bd93d3ce2befcda621326b10ef645bb55d0c487390e015d0ca3",
                "25a29ac5f39d8073c19e5d73e423fc82e7b0fc90aada5993da835528fc766ff2",
                "c5eded27affa003d49d76bf65931cb3439ac0b1636f91b6d65634b70e00427f6",
                "1e9ec6182333b77317fe9abe89e42631f7017831d74306220c43b5ecc0c65ca0",
                "2d7f84dc0adc78c0761a00c60301581d948b8025329d2b8bca935c558d76083e",
                "e8d61aac1a699976a177e8d304bd1734d91ac1708208da726a117ccdb73e02c1"
            ],
            "type": "Script",
            "firstPartyCookies": {},
            "firstPartyCookiesSent": {},
            "exampleSites": [
                "amerisleep.com",
                "www.196flavors.com",
                "www.amiclubwear.com",
                "www.drinksandco.co.uk",
                "www.fortnumandmason.com",
                "www.harney.com",
                "www.purecbdvapors.com"
            ]
        },
        {
            "rule": "tracead\\.com\\/siteTagHandler\\.php",
            "cookies": 0.0000482,
            "fingerprinting": 1,
            "subdomains": [],
            "apis": {
                "window.localStorage": 7,
                "Date.prototype.getTime": 7,
                "window.sessionStorage": 7
            },
            "sites": 7,
            "prevalence": 0.0000482,
            "cnames": [],
            "responseHashes": [
                "3aafd372c6310ccb9644441c7c563d9b10e5640e902b9ac27eb4f59221bbac6e",
                "418f91acbdfea31aa28b5e840fa82b773b355b44297d4460d2859dcded5d07de",
                "7fc61e942b296110d3503aed2ec7b40f8a8f213cb55ad5429442a64806a80c2e",
                "2a652acada0235ddba54867176f145235e01e0d7d0281f13d8ba03608ae46222",
                "d9164e80ab5e45e621cbe7b2a72f34a68c157904b5143a4401b0d5fa7f9c3964",
                "2234a0001220e5b58423a722311b7af0fcbd0289946b0eaa24f3d376babefa4a"
            ],
            "type": "Document",
            "firstPartyCookies": {},
            "firstPartyCookiesSent": {},
            "exampleSites": [
                "amerisleep.com",
                "www.196flavors.com",
                "www.amiclubwear.com",
                "www.drinksandco.co.uk",
                "www.fortnumandmason.com",
                "www.harney.com",
                "www.purecbdvapors.com"
            ]
        },
        {
            "rule": "tracead\\.com\\/sTVT",
            "cookies": 0.0000138,
            "fingerprinting": 0,
            "subdomains": [],
            "apis": {},
            "sites": 2,
            "prevalence": 0.0000138,
            "cnames": [],
            "responseHashes": [],
            "type": "Script",
            "firstPartyCookies": {},
            "firstPartyCookiesSent": {},
            "exampleSites": [
                "amiclubwear.com",
                "www.amiclubwear.com"
            ]
        },
        {
            "rule": "tracead\\.com\\/sTEa",
            "cookies": 0.0000138,
            "fingerprinting": 0,
            "subdomains": [],
            "apis": {},
            "sites": 2,
            "prevalence": 0.0000138,
            "cnames": [],
            "responseHashes": [
                "c5eded27affa003d49d76bf65931cb3439ac0b1636f91b6d65634b70e00427f6"
            ],
            "type": "Script",
            "firstPartyCookies": {},
            "firstPartyCookiesSent": {},
            "exampleSites": [
                "drinksandco.co.uk",
                "www.drinksandco.co.uk"
            ]
        },
        {
            "rule": "tracead\\.com\\/sTVc",
            "cookies": 0.0000138,
            "fingerprinting": 0,
            "subdomains": [],
            "apis": {},
            "sites": 2,
            "prevalence": 0.0000138,
            "cnames": [],
            "responseHashes": [
                "2d7f84dc0adc78c0761a00c60301581d948b8025329d2b8bca935c558d76083e"
            ],
            "type": "Script",
            "firstPartyCookies": {},
            "firstPartyCookiesSent": {},
            "exampleSites": [
                "harney.com",
                "www.harney.com"
            ]
        }
    ],
    "categories": [],
    "performance": {},
    "cookies": 0.0000758,
    "types": {
        "Script": 13,
        "Document": 7
    },
    "nameservers": [
        "ns-920.awsdns-51.net",
        "ns-111.awsdns-13.com",
        "ns-1387.awsdns-45.org",
        "ns-1697.awsdns-20.co.uk"
    ]
}