{
    "domain": "trackerads.com",
    "owner": {},
    "source": [
        "DuckDuckGo-US"
    ],
    "prevalence": 0.000118,
    "sites": 17,
    "subdomains": [],
    "cnames": [],
    "fingerprinting": 1,
    "resources": [
        {
            "rule": "trackerads\\.com\\/cdn-cgi\\/trace",
            "cookies": 0.0000625,
            "fingerprinting": 0,
            "subdomains": [],
            "apis": {},
            "sites": 9,
            "prevalence": 0.0000625,
            "cnames": [],
            "responseHashes": [
                "33c5b646583cb4c80cbd4e58da4dfbe8182e5680ea6337aa1b81e2f06a1c961d",
                "9f8089eba9fde0e981763792d427ae48ae0bec5f9a1c6f62b5fab35bc046b1a3",
                "bde4d42493f13ba11198d986fcf9e2cc88aebfbb115a9f93184c445d7576d2e9",
                "bc1ff5ed899f6eb358c021d7441a577e2cb4e23657877df06c4b3bd318c6a1b7",
                "0fd1819c404c85d20ed5397926918b1dac974e176ac3246cc75e48b4235c61df",
                "3c574d22522b485fa0e36ab4fb5a454ca86e7745d46d931b462a53c761a72812",
                "1c7fc14cd0c793463a1b4e712407a001f18e82624e274b74c80f467c3b6e6d68",
                "7e09b9691f5362dbe4a307f098bd898ab25e88ba454c46e6614867c931a5183e"
            ],
            "type": "Fetch",
            "firstPartyCookies": {},
            "firstPartyCookiesSent": {},
            "exampleSites": [
                "tracker.gg",
                "apex.tracker.gg",
                "battlefieldtracker.com",
                "cod.tracker.gg",
                "destinytracker.com",
                "fortnitetracker.com",
                "r6.tracker.network",
                "raid.report",
                "rocketleague.tracker.network"
            ]
        }
    ],
    "categories": [],
    "performance": {
        "time": 0,
        "size": 0,
        "cpu": 0,
        "cache": 0
    },
    "cookies": 0.000118,
    "types": {
        "Fetch": 9
    },
    "nameservers": [
        "vera.ns.cloudflare.com",
        "jeff.ns.cloudflare.com"
    ]
}