{
    "domain": "trafforsrv.com",
    "owner": {},
    "source": [
        "DuckDuckGo-US"
    ],
    "prevalence": 0.000575,
    "sites": 83,
    "subdomains": [],
    "cnames": [],
    "fingerprinting": 1,
    "resources": [
        {
            "rule": "trafforsrv\\.com\\/show_std\\.php",
            "cookies": 0.000381,
            "fingerprinting": 0,
            "subdomains": [],
            "apis": {},
            "sites": 55,
            "prevalence": 0.000381,
            "cnames": [],
            "responseHashes": [
                "d703a47ee7974ddc81acb5919beb6596a37a5dae2727a892a370654123b2781b",
                "ab5ae523312b1483a0b60b59ad1892f65aae7b7b3563b60fa95577eaba6fc84a",
                "0d1d79fa2ff6974c789b202215283c2d7c8f5852cbe6e6f91aacdd520dd65dc9",
                "bbc85e31c65c1a9ac2c0c120cd1fd2f95497883f655d3639b11c82e7fe6b6dbe",
                "8e3dfbdc123c5f2d9e6757d42843b781ec107dcefc99a34210a9155bc46c67bc",
                "3c1da802c2fcaf8319b6115099c324208d72bdba78df942db536f64a7c35780e",
                "130f6000c312fad6c1c79620dd3e53a05c51155dbff229964e0bd6eafc2f3367",
                "993369cb8d7c66ed1d78ea4db0d3b9758b1e9b7148ab544f0cf6abb65df12104",
                "9934fe0d9dda966fbed18e79f23c0b03966a8955ada5ac0e6b9501a23ab82725",
                "f6af175023cbb05c4425fb2af383559ae7b535b7623c6101b76daca091deaa09",
                "0175dfe0e31e039ab7f0511906be2539030d08f246e1ccfdbeb952747417fee0",
                "f7622f12441c69937554ddb4f0203cc8edbe4fe719ab7efbbe62fd75e64ba954",
                "c98cdcb5c78ccdcf64d985c2f48cc3eb15580e7c70fff8ed05561c066531f575",
                "b84479fc06a1eac2bc8467576fb522e01746934491a7caed0b0739e52833cb90",
                "7ce2230102be1fe4565d2382cfe3012a9d04401d61ef5586aa975f4e6b6d2f13",
                "743ece5b3d1e5a558e28e8a57d8e3362ee0d5636ecc39993463aa9c22e1018e7",
                "6b0ed284cdcf4d5842ca12c472cf14adf993c33c210a716d37d6fe9106c1edd2",
                "19afc17e92e598377af8051eead361619d3b2c3885e3388a691a6588adb72529",
                "31cdb61bea5ad4c37a083855c822fd071caf96130f18ad113eacc8e767314061",
                "15a93ef2f28fbffde0ea791b0243fa53570be70e4d782de3cb3e74344e5307b6",
                "929db4d0e577864b98bb923b123e17cf99be8d75efd4ab5405c8e54a40820606",
                "5687373fa6471841e56832a6e495dbb5c46306d5773024ce2f043e7a6b06c7f3",
                "41014fd89f31dd2ed87cb020d5637e96cf61cce666de02f3e76c9c04e6af364f",
                "e1137971cbfccb1a9d2edbf0baa1b6f0a7e4be77c3de7e9a2c86267ccf5c7a5e",
                "271c3557082cfaa92d4ffa7bea8e68eedbae671d0cb2e706df567b6f0c3fecd3",
                "bf51005b44708ee1ea20dde41f4a9a39e7c5b3c107118e51366374a6eb2b139c",
                "995a3e183728d8264efe0283bbfd509c7eab9d66fdab73160684aea7bd891c0d",
                "74f363145b13b67562db105c347bbd0f48eeb073947378367d73b414810edb01",
                "ddc6c84261d380750185bf96b039de41555e65ca036268bd2193db8941f55f57",
                "d5a570fc7250aa6840ed63912fea3aa2401225d6197fa3855002b97499604904",
                "2de34dbafd441f107998715944549cfbbc4edd0be4448c7f9014dcd3e5f7f9cc",
                "bafe74ae8a0ec2315b11bb036e97ece01dc9e61de7a7c6fbe576306e43eedaa7",
                "cce85580c817d621ef0be46ca6f5a415e741862a672f3815a5f4b4aacecaec76",
                "c45d1d4847f513533328192b99c839ea6d0052abde0b05c255a12f0aff7660b2",
                "f9d1ab24bde4f57c58207b09088de6a66a50b37e8e8a2ba26b57900da041bffd",
                "58f0e1adcc45799f34ffca5d6bd66531a736f85abaee20c57ebfa68a79d18f66",
                "b162e6b5df848be464a106277e3ca415e05b351e28130a640cc34b10ef0c2d9d",
                "2205f73d804de72f31148fec5dff698f22e1f864e15bdffb07350899b3fc53a2",
                "b4a27d78ddbeb7dcce680f38f52fbb87524d12ae9793863e25c5cf0046c8b31f",
                "d9b9d2f871d0cef9c0d817a65659f786f8f64674df766845f6fb1a492bf29356",
                "fc84b5d4e40434d1e66e0c5b6222498c4cf86383a10a9462d5875dbbc6a9f8e2",
                "69e895210597a848af35c3332265f311a4d5ce727c3e3c2de4a23e1a46a8dbd4",
                "cf67c7fab87841bd455150432592db4e70d63d02de1b702fd5cca4bd3bfe4cc1",
                "62704f0516f4b78ec834f6b532f6ff6b347f0bf49b94d90a901bda660707ca86",
                "efdf16adc8ccc6fc9b668775ba2ba3d2a10582cfb28deaf55172cc9079470ed6",
                "0e8087e3c467203b3f35f220e77cb127adc48de3c41eaba081ac80913d2d5d03",
                "ecad90c8215cf0de2f7399d9b049fc2c880bca45eeabd73ea2f1e927dc0e7c36",
                "56e29b21c57612ce9116d09813a4924a7498cafced941b34d8afecf6cfaeeffd",
                "da8ea4e6f106d8f1ba80d47f4c491d84d96b30e9ce5b4a96f8e28ae5f016bf5b",
                "ff470f82ca51378c407bd270c585e9aa137ad8e5c720ae370aa0f8c8e6f8bba7",
                "d9d40d1175e322bc0e41c315ec3f50b46738d3b517f22f384fd77022ff0413c6",
                "271016d0ecd60436fa2392128e6acb33af98090dad70d1c3a013e87cb384ca1f",
                "76a39d667c19cd71696be8ee37e2ec6c96bdfce0748eeea1944241d07a55b28b",
                "a5538ae91a39593000bc9708b6b91e30fa3e3fefb3f0c5736c7446298119a938"
            ],
            "type": "Document",
            "firstPartyCookies": {},
            "firstPartyCookiesSent": {},
            "exampleSites": [
                "www.dirtyteenclips.com",
                "www.amatura.com",
                "bad-young-girls.com",
                "www.pornxday.com",
                "www.mywebgirls.tv",
                "jphimsex.com",
                "www.hotgirlclub.com",
                "www.contoseroticos.com.br",
                "www1.javhoho.com",
                "sexwithanimalsvideos.com",
                "messytube.com",
                "www.momsonincestporn.me",
                "www.momandson-sex.com",
                "lilnymph.com",
                "www.alexporn.com",
                "novinhasdozapzap.com",
                "www.teenpearls.com",
                "www.xxxvintagevideo.com",
                "www.xnudetube.com",
                "rexxx.com"
            ]
        },
        {
            "rule": "trafforsrv\\.com\\/impression\\.php",
            "cookies": 0.000381,
            "fingerprinting": 0,
            "subdomains": [],
            "apis": {},
            "sites": 55,
            "prevalence": 0.000381,
            "cnames": [],
            "responseHashes": [
                "3992b901546ef4e2685680badcd372d0834724caf9b1c95ea0f1e7c4ce6e5bc8"
            ],
            "type": "Image",
            "firstPartyCookies": {},
            "firstPartyCookiesSent": {},
            "exampleSites": [
                "thehun.net",
                "sexwithanimalsvideos.com",
                "www.mathporntube.com",
                "jphimsex.com",
                "www.contoseroticos.com.br",
                "lilnymph.com",
                "xnxx-films.com",
                "sextapeplus.com",
                "www.momsonincestporn.me",
                "xnxx.golf",
                "www.vintageporntubes.com",
                "messytube.com",
                "www.classicporn.club",
                "www.xnudetube.com",
                "novinhasdozapzap.com",
                "tube8.run",
                "www.pornxbit.com",
                "www.momandson-sex.com",
                "teenban.com",
                "www.pornxday.com"
            ]
        }
    ],
    "categories": [],
    "performance": {
        "time": 1,
        "size": 1,
        "cpu": 0,
        "cache": 3
    },
    "cookies": 0.000575,
    "types": {
        "Document": 55,
        "Image": 55
    },
    "nameservers": [
        "ns1.reflected.net",
        "ns0.reflected.net"
    ]
}