{
    "domain": "traileraddict.com",
    "owner": {},
    "source": [
        "DuckDuckGo-US"
    ],
    "prevalence": 0.00054,
    "sites": 71,
    "subdomains": [
        "v",
        "cdn"
    ],
    "cnames": [],
    "fingerprinting": 0,
    "resources": [
        {
            "rule": "traileraddict\\.com\\/consumable-1530-2\\.php",
            "cookies": 0.000472,
            "fingerprinting": 0,
            "subdomains": [
                "v"
            ],
            "apis": {},
            "sites": 64,
            "prevalence": 0.000487,
            "cnames": [],
            "responseHashes": [
                "098a115734c7632c27f4849aa0cb9a46c172ee9595e4acda11dbadbb2b2bf9e5",
                "021280f820223d7f25100fb3d1169c207ba7a7c939df6c8747f27c04d04d1b60",
                "b55bacac50a1b34e6432a1f59583ede92383e97408e63318ab377695c552a8b0",
                "fce48e7c05a70644cc4eba72b343f2dfdf26e52cef41064c6545f3c38ee50e7f",
                "8210ce67bc15717274d3772d72acfe453f460759f2ea9acaaa14a0978ba67027",
                "32ee5b10bd922b9337a895b3b5c9c90e0f0fd80cd948348d4888963feac3a7c4",
                "372615d88bbbe2ddc57e91ca83d689397d052d1f13debaf3ebd0035b8737ba6b",
                "84f27189620097cf85e4544dfe1415aaffee5990cfe13bf0faeeff445eeb5635",
                "06aaa8e27f37a1e66b626803d6342aecbac6c4899f3efa119642d258a0412e50",
                "91eb20f6c3de0d865397ebec8ae21ad18dd6c6de07c177157b078d5413bdd462",
                "e2a371a96a0a6e7c78e95f4a473912895e812def18c573f7084d19dba1eff4a4",
                "4640933478d91d14152691d5f6d1ce0f758c57ccaaa037a74bb39c996914c744",
                "a3c68fbc1d3a71dbe515802bb72a05abab98c13e742d71fbd9e2c279d16aa4ea",
                "ceaf8b83e6f44b5baeaed6bf4206ae9667575159324f0c3e0bf06e1efd2ef1f2",
                "134f2074711c748ddffe12187cf7625e12b663446334bab54a5b2d212d32dad2",
                "b83916f3b4a34e5e290813437c2ee09ac7a8d2426197d33f75da60bbcca8a501",
                "1d7b9194e9904fc6ff0874481338ded8e14e83994ed5b96c592565ea88093682",
                "e4cca4378f5f2245bcf2f2cdfeca4478c30ef4150c5f03060e90f0ed4c5a08fd",
                "570620c9579efb87349dca988a7d375edcdba4c0238dc112e2c9f4f1907b5932",
                "512335460911615f911f1b32cece836832d091eb353e3fff13665be85bd9c021",
                "35a500a2dc48a2ac1ef131b933da06fba1bdb77d7ef3d252c23b262f5873bf30",
                "cb5303bdb11326fbe54910d23765fb21c6649312a16b7d1a12453b903f2b8ad9",
                "dac17cb062316c5fab583fe285c002d21d8eed18667fc1a357e447419dee9492",
                "703b14227098d53ae455f29e31988d513791f0ca77a0720998314650630eca7d",
                "daf01f9c9291ffa45b354e661311a4a8a61fb99185ad147981161adea9c95418",
                "bc609f1e08c1624393dcfb3a48c1941f6dd6102148d3736c4a68725d3d6e43d6",
                "39339cd7db3e02533ee998fabb5dc641ffed1d8b1bf302faa1ecf04de2a1c050",
                "31d84d857c790d2abe98ace4efff4637ed87c15b095ec457a40ed5750a4694d3",
                "161487837c91cf6a855cce2342052355103d1b00502d21da8a6c2b0a05421dab",
                "68014f3a2b3780f95336fa2957fab0d541057b1b30d26ddfe2bdd3aa195ab117",
                "2a50f1f5a515e018c106c35ce34280448c2893548bfc1034e9e11bd7723f90f8",
                "82398b1f5cbab82e35cca5c9811d52a54d64155f7d658759b1b1d7d1428c501e",
                "32a56cb99883f5749e2ec0a40c753516679205f999ee04000862926b49b458c6",
                "1f6a84873693b3057bd65033836ef8df35875fcefbb59c555600c07e9307d8c7",
                "afbcb04ecc06016beb2c992a883e699efa5b986fd3abce007045bc2b40e74c66",
                "f91b7f0c49ef146fc9853e80369e5f8b19fee5c28ddd81bff073dfd3ee193428",
                "bc32477eb505714a75f48a7fb57fc58fc7b140e7b93186739a2b2f149a9a63cc",
                "2d33e7171b1516623e0a7c53f5e69c827c7e600b6c279e6955c5fcfa407f8178",
                "0707a51449c9a30c06b1b06029b10dfcb100725fdacb9eca38838719ba9be751",
                "c5809201cc43a2b594c8d1af4d2e315fd73a370b09690e2633539711fd3e43dc",
                "353f46fd6b9c6dd299514b0237473ef6b14162160881cf88736a5e8309447cee",
                "4b40481d0b63af38b445d0a09ca5e05de4ee3789c08f9245c4318e1950be0843",
                "dc0553a56636379100c90acaccbd42a3d4cf52e31562f550b4f2c56947079610",
                "75c6c947b69e9f4e007ef80166a98f4bb96dc64f47ffc3570d031562825d8bd5",
                "0a8d33f5f0c3b84da2d01568dfd6e7306a29daa653386a36c0fcdd65342f2941",
                "fc329e52244201443adaed82ee93767c2548e059fba7f72bd57a476fafd95766",
                "b3efd8ac6f74fb76a03cbf75bec4ce463fbdcf141cc241eb03b24a15c003b5b2",
                "28bf61fbc2dbe04185250f7251c781e240ab0abab81710d1d5c37ad4adbf089f",
                "6f42a7108ba05f93e61589d31f9b68d372d3d263a40ce4b9e0d717237a978575",
                "59f497821ca5a074cc6195ff1d1076ba2a05494a0474deadc0ad80226864d717",
                "71f694f4c59a8ee2d9137bdfb9b5744b691131fd975c24212cebd1c9b4da5ac8",
                "48ca402ad954c47c58fdac01d178aaf3564168c6f249abf6d20de69579db3dbc",
                "5622f5063ee2f3a70fc8fcca7e77b8fc9a6fc4587f618d9085571c2d70b01f10"
            ],
            "type": "XHR",
            "exampleSites": [
                "screenrant.com",
                "variety.com",
                "khou.com",
                "www.cbs8.com",
                "newscentermaine.com",
                "bipartisanreport.com",
                "theknow.denverpost.com",
                "5newsonline.com",
                "wbir.com",
                "www.11alive.com",
                "parade.com",
                "9news.com",
                "wusa9.com",
                "kare11.com",
                "www.lowellsun.com",
                "www.kvue.com",
                "thv11.com",
                "es.famousbirthdays.com",
                "wltx.com",
                "www.krtv.com"
            ]
        },
        {
            "rule": "traileraddict\\.com\\/miniposter\\/columbia-pictures\\/theprofessional\\/1\\.jpg",
            "cookies": 0.00038,
            "fingerprinting": 0,
            "subdomains": [
                "cdn"
            ],
            "apis": {},
            "sites": 50,
            "prevalence": 0.00038,
            "cnames": [],
            "responseHashes": [
                "6e48bebc1c2f13a6d1ee2d89798e03b035cd83375134d88bc0cdb7de962e73cb"
            ],
            "type": "Image",
            "exampleSites": [
                "screenrant.com",
                "variety.com",
                "www.bet.com",
                "www.albumoftheyear.org",
                "12news.com",
                "wqad.com",
                "wltx.com",
                "wcnc.com",
                "www.aljazeera.net",
                "parade.com",
                "theknow.denverpost.com",
                "bipartisanreport.com",
                "ksdk.com",
                "9news.com",
                "www.beliefnet.com",
                "www.dailylocal.com",
                "wfaa.com",
                "khou.com",
                "kare11.com",
                "www.eptrail.com"
            ]
        },
        {
            "rule": "traileraddict\\.com\\/miniposter\\/ifc-films\\/relic-2020-poster\\/1\\.jpg",
            "cookies": 0.00038,
            "fingerprinting": 0,
            "subdomains": [
                "cdn"
            ],
            "apis": {},
            "sites": 50,
            "prevalence": 0.00038,
            "cnames": [],
            "responseHashes": [
                "11a3d96acf8cfa8774098b85f231c68e84f3167d702cade130404a637450e1db"
            ],
            "type": "Image",