{
    "domain": "trumba.com",
    "owner": {
        "name": "Trumba Corporation",
        "displayName": "Trumba"
    },
    "source": [
        "DuckDuckGo-US"
    ],
    "prevalence": 0.000182,
    "sites": 24,
    "subdomains": [
        "www"
    ],
    "cnames": [],
    "fingerprinting": 2,
    "resources": [
        {
            "rule": "trumba\\.com\\/scripts\\/spuds\\.js",
            "cookies": 0,
            "fingerprinting": 1,
            "subdomains": [
                "www"
            ],
            "apis": {
                "Navigator.prototype.userAgent": 11,
                "Navigator.prototype.appVersion": 11,
                "window.localStorage": 10
            },
            "sites": 11,
            "prevalence": 0.0000835,
            "cnames": [],
            "responseHashes": [
                "57be61cc0aaf1525e2a02f7a462ab64912cf96d8ab7428c7928276a032b4de19"
            ],
            "type": "Script",
            "exampleSites": [
                "ctvnews.ca",
                "itconnect.uw.edu",
                "www.apachecountyaz.gov",
                "www.cedars-sinai.org",
                "www.facs.org",
                "www.illinoisreview.com",
                "www.montgomerycountymd.gov",
                "www.texasgop.org",
                "www.ucdavis.edu",
                "www.uwyo.edu",
                "www.wakehealth.edu"
            ]
        },
        {
            "rule": "trumba\\.com\\/s\\.aspx",
            "cookies": 0.000159,
            "fingerprinting": 0,
            "subdomains": [
                "www"
            ],
            "apis": {},
            "sites": 21,
            "prevalence": 0.000159,
            "cnames": [],
            "responseHashes": [
                "2241591e773f7e4c41f1c139337ad68f756b61121ad37213c2d86aaba2033623",
                "3e106143c767b807a5c36fb3eae412cd715b0327b12f53f9e3271432248d975a",
                "1ff47b513649329648a45791ef172cf3e0842970f971da2400cc2d20f2a43950",
                "e848fc8fdb605a565cc10384f0f6a075dec0b67edc373db7dfe335401b260d8f",
                "fedd155ecd791feca9162b790707833e66cc78dd8116775ea7bfd7fca32c9768",
                "fa96297f836af83089d117188b81a5fe826f0bb847c7383155fc724edaee0a13",
                "fff4a823cbe344b2ec2c6fd090176beb267c32f441f1ecaaecf394cb607a48bf",
                "ac4bfdea870525f99f1b1a8aabb29e50fac175c8501c21828e5f9b7ca7e5880a",
                "0caf324802d621c26203f4340b1a6037c931bb7a9fd8c063d83c7d80d6cec2bf",
                "eea1c15944ed1f44cc989c43d4a46734b9c31ed56d6c8f3736a8d27777a8deec",
                "b848da62ba3e5c691a9c7c942a2f6bf3443b41e1a973cfd6788eb91ba0a7d3a1",
                "9d11235677a1848fccd8e20d5ae8c145ed6eb0efc1abe0cb618b394b5abadaa1",
                "cea03880760172f83ea6f64835e64e50344bffcf7008037a17c10f6399b77251",
                "87d8fce319ab2fc4004160f36f51d4bf9e56ba98e69b25d05496b041d9ddd944",
                "243c9ea0096b4f539b0a058843c25124ad2145ecfbba1db678fb79f9c1ca2f02",
                "c8ca1013c03c2c4ecd5e5c1ae21d409cb449e8185116effc168e80ad041af09f",
                "a2ea45fc409f9b0fde3bb1ff0a9691303cce81a2af5e2d794ac670ab8066540e",
                "393ec75aed9f760aac382b38b40b738583b36f46200ec2ec4e1e58fa1ab0fe0d",
                "abf9fbc3a1290d65c1b7199e5c8127961026c22674f781dbf9e28b3f8d8c91be",
                "9ca9152f5a32d16b15dae1f93d2f44556397b6ae553bbd977388db9a58c8b453"
            ],
            "type": "XHR",
            "exampleSites": [
                "www.apachecountyaz.gov",
                "indianapublicmedia.org",
                "www.wakehealth.edu",
                "www.spl.org",
                "www.montgomerycountymd.gov",
                "health.ucdavis.edu",
                "www.rcreader.com",
                "winnipeg.ca",
                "www.illinoisreview.com",
                "www.cs.colostate.edu",
                "www.timescolonist.com",
                "www.facs.org",
                "itconnect.uw.edu",
                "winnipeg.ctvnews.ca",
                "www.suttercounty.org",
                "www.texasgop.org",
                "www.wmfe.org",
                "ctvnews.ca",
                "www.uwyo.edu",
                "www.ucdavis.edu"
            ]
        },
        {
            "rule": "trumba\\.com\\/hash7C18E2919CA3B258E6DCFBE496017508\\/scripts\\/core\\.js",
            "cookies": 0,
            "fingerprinting": 1,
            "subdomains": [
                "www"
            ],
            "apis": {
                "Navigator.prototype.userAgent": 16,
                "Navigator.prototype.appVersion": 16,
                "Date.prototype.getTimezoneOffset": 21
            },
            "sites": 21,
            "prevalence": 0.000159,
            "cnames": [],
            "responseHashes": [
                "705339d4bc506440c1727f8abf116e87fd6a9a8fb1b43da32119aa2676f2c859"
            ],
            "type": "Script",
            "exampleSites": [
                "www.apachecountyaz.gov",
                "www.uwyo.edu",
                "www.spl.org",
                "www.wmfe.org",
                "indianapublicmedia.org",
                "www.rcreader.com",
                "www.texasgop.org",
                "www.montgomerycountymd.gov",
                "www.ucdavis.edu",
                "www.facs.org",
                "www.timescolonist.com",
                "health.ucdavis.edu",
                "www.suttercounty.org",
                "ctvnews.ca",
                "winnipeg.ca",
                "www.illinoisreview.com",
                "winnipeg.ctvnews.ca",
                "montgomerycountymd.gov",
                "www.wakehealth.edu",
                "www.cs.colostate.edu"
            ]
        },
        {
            "rule": "trumba\\.com\\/hash860B52FC5686DB189F1B18561705DAD0\\/scripts\\/prototype\\.js",
            "cookies": 0,
            "fingerprinting": 1,
            "subdomains": [
                "www"
            ],
            "apis": {
                "Navigator.prototype.userAgent": 2,
                "Date.prototype.getTime": 2
            },
            "sites": 2,
            "prevalence": 0.0000152,
            "cnames": [],
            "responseHashes": [
                "58fb3f863e9ca677e096bc421e201049f261363b7ff2b68655928a8c5441c14d"
            ],
            "type": "Script",
            "exampleSites": [
                "rcreader.com",
                "www.texasgop.org"
            ]
        }
    ],
    "categories": [],
    "performance": {
        "time": 1,
        "size": 1,
        "cpu": 0,
        "cache": 1
    },
    "cookies": 0.000167,
    "types": {
        "Script": 34,
        "XHR": 21
    }
}