{
    "domain": "ui-avatars.com",
    "owner": {},
    "source": [
        "DuckDuckGo-US"
    ],
    "prevalence": 0.0000902,
    "sites": 13,
    "subdomains": [
        "eu"
    ],
    "cnames": [],
    "fingerprinting": 0,
    "resources": [
        {
            "rule": "ui-avatars\\.com\\/api\\/",
            "cookies": 0.0000693,
            "fingerprinting": 0,
            "subdomains": [
                "eu"
            ],
            "apis": {},
            "sites": 10,
            "prevalence": 0.0000693,
            "cnames": [],
            "responseHashes": [
                "6265c54ca62e7ea87e85fb0585c32793f263c546a95119b82fc5007df5d0e87f",
                "79557a57815dc53dfcb3a4be3a0378631ffa70913de6ad4746104e11fddcb66d",
                "d95e55fa3452db04cbaf679afc88f0d10625df8e30f07017dd42faca8fdf18eb",
                "10e0c749d14dc1d19f2597d5d5837a03bcb4ceeaf3253924aae8ab63df371aee",
                "e8acfcd2be5617feda5686aa134f2c2672f00cf4d74d04846310ee05383340d4",
                "0b951c4f5b78cb3f607da604a9094868df9084d3c0952f2f2b190078da158da2",
                "ef8372ea1cdf2fc55e77153824d72d7c8bc2b6132562ea73a7f595ad821c4453",
                "f46653a536d1c3530d5acacb95f7c3c874a36597666200585b6f90ac6c7f56e6",
                "56b3743dce96b900e3edc076a08f3051ae7297a72f91db6b8238874b378b405f"
            ],
            "type": "Image",
            "firstPartyCookies": {},
            "firstPartyCookiesSent": {},
            "exampleSites": [
                "coinlist.me",
                "covid19japan.com",
                "desimasalaboard.net",
                "preggophilia.com",
                "sinfulsite.com",
                "www.datingsitesreviews.com",
                "www.daveandbusters.com",
                "www.hwv-corona.de",
                "www.readm.org",
                "www.southstarcommunities.com"
            ]
        }
    ],
    "categories": [],
    "performance": {
        "time": 0,
        "size": 0,
        "cpu": 0,
        "cache": 1
    },
    "cookies": 0.0000902,
    "types": {
        "Image": 10
    },
    "nameservers": [
        "will.ns.cloudflare.com",
        "leah.ns.cloudflare.com"
    ]
}