{
    "domain": "upsell-apps.com",
    "owner": {},
    "source": [
        "DuckDuckGo-US"
    ],
    "prevalence": 0.000187,
    "sites": 27,
    "subdomains": [
        "smarteucookiebanner"
    ],
    "cnames": [],
    "fingerprinting": 1,
    "resources": [
        {
            "rule": "upsell-apps\\.com\\/gdpr_adapter\\.js",
            "cookies": 0.0000763,
            "fingerprinting": 0,
            "subdomains": [
                "smarteucookiebanner"
            ],
            "apis": {},
            "sites": 11,
            "prevalence": 0.0000763,
            "cnames": [],
            "responseHashes": [
                "e3b0c44298fc1c149afbf4c8996fb92427ae41e4649b934ca495991b7852b855"
            ],
            "type": "Script",
            "firstPartyCookies": {},
            "firstPartyCookiesSent": {},
            "exampleSites": [
                "bydash.com",
                "creality3d.shop",
                "ergodox-ez.com",
                "langehair.com",
                "singer-featherweight.com",
                "smokea.com",
                "vincerowatches.com",
                "www.knitting-warehouse.com",
                "www.ridgewallet.com",
                "www.schoolhouse.com",
                "www.seekinghealth.com"
            ]
        },
        {
            "rule": "upsell-apps\\.com\\/script_tag\\.js",
            "cookies": 0.0000902,
            "fingerprinting": 1,
            "subdomains": [
                "smarteucookiebanner"
            ],
            "apis": {
                "Document.cookie getter": 12,
                "Navigator.prototype.userAgent": 12,
                "Document.cookie setter": 1
            },
            "sites": 13,
            "prevalence": 0.0000902,
            "cnames": [],
            "responseHashes": [
                "fbfbfa0d76c287b1786bd6ec85bd36119bba28559eb65ae4eb48fa9f01002c94",
                "9c789234bd60ea4eeb3fa547e1c26af4ea4beef32aea33ccf62731a01b96366c",
                "9a082c68dfcc5e22f4a11d71ec2d74b11eec708cdaeb0bae4c3316302e32569c",
                "1be9f9aef1979781a62cb77ceb83c53b6dbcfedee3b00560a3a34bd313a9ce72",
                "20b54dfd095ef377244780feabb497ffc47d081764305f6a20b70314cca811c9",
                "e1b06c1297c66fb5f2f04d9fd2ac6cff22a1034e1983398e8eef1554598b8b03",
                "b68af9f7d34521c21f030dcb708b2ef109e71deb8b1709444e8365237731559b",
                "c1cdd605ede7f24bb5efd8b1a81d6ee22989edda4fdca271dd4239b97e50d8b3",
                "a226723f55964a78746f46830683fbaf14450c4750d9ebb669eceffd9332cad9",
                "d485472028120f4c64d5ebbc774061d2459f19f70adc2a481aa7298dacca27fc",
                "67cf66a41c98e16cc3ccbf5e05ef287235a2b5e51aa868a4063584f6096f7b77",
                "26ebe68a92f8c0f04d6f584493c199468bafad911d02616d386c9bdc4495b6ce"
            ],
            "type": "Script",
            "firstPartyCookies": {
                "sec-banner": {
                    "ttl": 31536000,
                    "length": 4,
                    "prevalence": 0.0000069350051319037975,
                    "uniqueness": 1
                }
            },
            "firstPartyCookiesSent": {},
            "exampleSites": [
                "bydash.com",
                "e3d-online.com",
                "ergodox-ez.com",
                "langehair.com",
                "singer-featherweight.com",
                "smokea.com",
                "vincerowatches.com",
                "www.infotainment.com",
                "www.knitting-warehouse.com",
                "www.puravidabracelets.com",
                "www.ridgewallet.com",
                "www.schoolhouse.com",
                "www.seekinghealth.com"
            ]
        },
        {
            "rule": "upsell-apps\\.com\\/fonts\\/open-sans-v15-latin-regular\\.woff2",
            "cookies": 0.0000139,
            "fingerprinting": 0,
            "subdomains": [
                "smarteucookiebanner"
            ],
            "apis": {},
            "sites": 2,
            "prevalence": 0.0000139,
            "cnames": [],
            "responseHashes": [
                "3b98b0dc3bed9d40f43e64adba5de47c76895338a96f0a5a314676cd6287eca9"
            ],
            "type": "Font",
            "firstPartyCookies": {},
            "firstPartyCookiesSent": {},
            "exampleSites": [
                "seekinghealth.com",
                "www.seekinghealth.com"
            ]
        }
    ],
    "categories": [],
    "performance": {
        "time": 0,
        "size": 0,
        "cpu": 0,
        "cache": 3
    },
    "cookies": 0.000187,
    "types": {
        "Script": 24,
        "Font": 2
    },
    "nameservers": [
        "aria.ns.cloudflare.com",
        "chip.ns.cloudflare.com"
    ]
}