{
    "domain": "upsell-apps.com",
    "owner": {},
    "source": [
        "DuckDuckGo-US"
    ],
    "prevalence": 0.000166,
    "sites": 24,
    "subdomains": [
        "smarteucookiebanner"
    ],
    "cnames": [],
    "fingerprinting": 1,
    "resources": [
        {
            "rule": "upsell-apps\\.com\\/gdpr_adapter\\.js",
            "cookies": 0.0000762,
            "fingerprinting": 0,
            "subdomains": [
                "smarteucookiebanner"
            ],
            "apis": {},
            "sites": 11,
            "prevalence": 0.0000762,
            "cnames": [],
            "responseHashes": [
                "e3b0c44298fc1c149afbf4c8996fb92427ae41e4649b934ca495991b7852b855"
            ],
            "type": "Script",
            "firstPartyCookies": {},
            "firstPartyCookiesSent": {},
            "exampleSites": [
                "creality3d.shop",
                "ergodox-ez.com",
                "langehair.com",
                "nl-nl.bakker.com",
                "ridge.com",
                "shadyrays.com",
                "smokea.com",
                "vincerocollective.com",
                "www.knitting-warehouse.com",
                "www.lifeandhome.com",
                "www.seekinghealth.com"
            ]
        },
        {
            "rule": "upsell-apps\\.com\\/script_tag\\.js",
            "cookies": 0.0000832,
            "fingerprinting": 1,
            "subdomains": [
                "smarteucookiebanner"
            ],
            "apis": {
                "Document.cookie getter": 11,
                "Navigator.prototype.userAgent": 12,
                "Document.cookie setter": 2
            },
            "sites": 12,
            "prevalence": 0.0000832,
            "cnames": [],
            "responseHashes": [
                "9a082c68dfcc5e22f4a11d71ec2d74b11eec708cdaeb0bae4c3316302e32569c",
                "e140ada37e54b9aff5a1105a2d8a848858037fb65711c13b7dd8e1c8d7660579",
                "d485472028120f4c64d5ebbc774061d2459f19f70adc2a481aa7298dacca27fc",
                "d07ae426d3e9cc2909ac6f8a73a348bee48d032c4f8bdc77b837a0ac9a0fe6c5",
                "20b54dfd095ef377244780feabb497ffc47d081764305f6a20b70314cca811c9",
                "e1b06c1297c66fb5f2f04d9fd2ac6cff22a1034e1983398e8eef1554598b8b03",
                "cc10e92df8595fb8a4d3f13f54cbd3941b52339243757738a7666a5870ce4104",
                "b68af9f7d34521c21f030dcb708b2ef109e71deb8b1709444e8365237731559b",
                "c1cdd605ede7f24bb5efd8b1a81d6ee22989edda4fdca271dd4239b97e50d8b3",
                "025d89d8586eeb209e80d7f7e7ef9e7a7e31686aba9d6ff4867399caa3806bc8",
                "26ebe68a92f8c0f04d6f584493c199468bafad911d02616d386c9bdc4495b6ce"
            ],
            "type": "Script",
            "firstPartyCookies": {
                "sec-banner": {
                    "ttl": 31536000,
                    "length": 4,
                    "prevalence": 0.000013862223362005031,
                    "uniqueness": 0.5
                }
            },
            "firstPartyCookiesSent": {},
            "exampleSites": [
                "ergodox-ez.com",
                "langehair.com",
                "nl-nl.bakker.com",
                "ridge.com",
                "shadyrays.com",
                "smokea.com",
                "vincerocollective.com",
                "www.farmergracy.co.uk",
                "www.infotainment.com",
                "www.knitting-warehouse.com",
                "www.lifeandhome.com",
                "www.seekinghealth.com"
            ]
        },
        {
            "rule": "upsell-apps\\.com\\/fonts\\/open-sans-v15-latin-regular\\.woff2",
            "cookies": 0.0000208,
            "fingerprinting": 0,
            "subdomains": [
                "smarteucookiebanner"
            ],
            "apis": {},
            "sites": 3,
            "prevalence": 0.0000208,
            "cnames": [],
            "responseHashes": [
                "3b98b0dc3bed9d40f43e64adba5de47c76895338a96f0a5a314676cd6287eca9"
            ],
            "type": "Font",
            "firstPartyCookies": {},
            "firstPartyCookiesSent": {},
            "exampleSites": [
                "lifeandhome.com",
                "www.lifeandhome.com",
                "www.seekinghealth.com"
            ]
        }
    ],
    "categories": [],
    "performance": {
        "time": 0,
        "size": 0,
        "cpu": 0,
        "cache": 3
    },
    "cookies": 0.000159,
    "types": {
        "Script": 23,
        "Font": 3
    },
    "nameservers": [
        "aria.ns.cloudflare.com",
        "chip.ns.cloudflare.com"
    ]
}