{
    "domain": "venienceilo.fun",
    "owner": {},
    "source": [
        "DuckDuckGo-US"
    ],
    "prevalence": 0.000693,
    "sites": 100,
    "subdomains": [],
    "cnames": [],
    "fingerprinting": 0,
    "resources": [
        {
            "rule": "venienceilo\\.fun\\/utx",
            "cookies": 0.000464,
            "fingerprinting": 0,
            "subdomains": [],
            "apis": {},
            "sites": 67,
            "prevalence": 0.000464,
            "cnames": [],
            "responseHashes": [
                "e3b0c44298fc1c149afbf4c8996fb92427ae41e4649b934ca495991b7852b855"
            ],
            "type": "XHR",
            "firstPartyCookies": {},
            "firstPartyCookiesSent": {
                "lotame_domain_check": 0.000027724446724010062
            },
            "exampleSites": [
                "extramovies.team",
                "avsub69.com",
                "desixnxx2.net",
                "cloudy.best",
                "fmovies.dev",
                "cewekviral.xyz",
                "hdssvf.tv",
                "cuevana3.cc",
                "celebsdaddy.net",
                "channelstream.watch",
                "freegogpcgames.com",
                "new-porn.video",
                "fuckingvideos.co",
                "celebrity-porn.com",
                "hdmovie5.com",
                "asianporn.life",
                "eveknows.com",
                "allcalidad.la",
                "123mactorrent.com",
                "desivdo.com"
            ]
        },
        {
            "rule": "venienceilo\\.fun\\/floater",
            "cookies": 0.000326,
            "fingerprinting": 0,
            "subdomains": [],
            "apis": {},
            "sites": 47,
            "prevalence": 0.000326,
            "cnames": [],
            "responseHashes": [
                "716fe7e4922f41810e536d43616f60a8cc10b5f775154b80d259daf634cd9ef4",
                "e0f0e168e7c75bd83f9771a2ab884da3e9b69d13b241724998e4b4a9bee6963e",
                "bc53144f9441c0b808c831b7ea5e17abf1c1dad8da9720ff415c5360d01c2355",
                "2f671075c704c1278c6876e8d568de7c6cec60a385065efcd2e75292a1e1fe05",
                "069040de3769d78e0e0da2b4700981faa5394f59aa66c921f8bb04164193a5e2",
                "85b5b900e4f744648a2e242897a8a53cb46b05c75aa2c274ebc970f58220e75a",
                "997ba95702e5eb1fa5f7fab2aa3b2f44efc4afe93b93de3cadad155ad5bead23",
                "3841557ad2bd58a57f14bde569cec3244516ab4d73f3642c15f10e431ff522c3",
                "2dd840b4815e26966420a61d286f3feb1fc5fcc0df3a5ff0aba0a82be409d500",
                "7bde1e2c21aee3d01cf7a98e131cd843c19d6efc6f9aa9fa9e821abff4d54231",
                "62b3503c1782c7db6a1029985d9377e8193059c9e5151e740d6c46c24a4348dc",
                "5989a0ffc61aa8b01a5497e9c24bea08d9d25b184ffe817e1bc64ed3986d08b7",
                "a9f8ee4a7e69d821a5bcb96740731b8340d9e811964f4be5337717b229cd199c",
                "d358e140777955ee8dec03950fe752a902522d78c94a70711267aee6bf3b6620",
                "f401a4fe8337345ef8e1241a622559117273b194f808f8046474c1192d5a2de1",
                "d1771eb336e033147c24ad29c459769dafc272db45146975f486737f2c4e77e0",
                "a800e786cf30905234e4af6cd50307b54bc7d45be552373e51ed5073cb378dd4",
                "415000930490ecd6ca8c4817ce66b84fa428c5949f0d1566f247732a59a3d67c",
                "bbe68a1adb7df258222916b6228dc5fb062c9fcc6027bd66d889682aaf531619",
                "46c85630e7aac91fd00239f5de6a53ae8972415d21021b56b4c267f2d342f8fe",
                "0b282bc0c0fcb5cdbd3655d6d90dfab08bac42a038c5c6b49775e6a520684e58",
                "1ec5a831825fbcd3df8a459a5012b41e7d6f9202ccd099a4f66f6512dd5d1cac",
                "e306ed1d151528447a291364147d763e2fd3b675843c9a2ef8db2e43dc3936b1",
                "bc26b14c424e086f934bd6c0e21e47bb4a3639f088f7d4fec91a254bf829ae7e",
                "5982f005291895e553e4e6fc677748a15b2a7c3dffd30b2291eb29635c1291d1",
                "24c7a6d9f3ff610c55d65b4ba33c6635e7ccf5f4e11ee578b136c7b51673cf36",
                "56aafbb80a482c5712fbee16bef31ff4691b956fc8c89d9f255b9bff8aeb9728",
                "7b650f3cfa9316dedceb50d4cff05b70c83233c49c33b517b057e33e87b265bc",
                "4081fdd76cd651cf01d38828cc05cc9e9142b64e1f5400b454e5ef16d3a5420c",
                "0a3cc966ff984b241feea2f943f133647ad8985f1e91f7da4fce87f22f95675d",
                "8deceaf089770788a8749de507ea5120c4c372d315a750122a04bcb98967c665",
                "868821ac38e261923bcec1d57bd8720b4fead98e4c67acae18f6babd95e6c407",
                "8591947de8033744b80060c8cef8ade449ab308e4de94023ceb4d15c09715e26",
                "708aaafb28ae8402d2e6800d9b0d8b3328226d14d606c8afc3d536a2546b425b",
                "9ce47bcc41c7193dc5ea97e3b18b2e6e462790ca63aad00e08271472d85f2043",
                "66b38dfc9e1e252274e587e01fa57f3741ed37f3bec1e9f0bb53e5456907795a",
                "a05676556b3ebce9de60f307fed1aed3a9121abb0feeff5ad0c836b5577aa0a2",
                "b5dd2ca12e84775c9468d12ede16fe9475443f96c005c13977c55756dcfb1945",
                "ef42676ae23372a69892aa0bfb91e6f404457fd0e50b742e381a4a70fecd8dbd",
                "3241e9131070ca2d6ddca249777fee72d9031d3717d17209176d1be8fb1e998e",
                "a9ee9d881cd9e6fe635b191ce163f26f70a8a8bf3b205f89a7c79ebcf3c828ad",
                "557944ca5a7bb7e0c5a2f47597f3345f95e7da96901d702fb120cb99d162bcbb",
                "1c289569e42d8d4bc437db5d288304ec0b124ac6d84c8399193ea740661bccaa",
                "7d46aa1ca0c74cd15bc8895f20ea7ddf06ae0a416e71a6baa2fd931ba2a19c7f",
                "18cc13828369040fb72c07b0485ebb56513d68b92a1205196f8a8930b10f25d8",
                "6cadd47885ccf7604558c3b190f01c61a4bd06bebfd6fe188ce42e76df065a0b"
            ],
            "type": "XHR",
            "firstPartyCookies": {},
            "firstPartyCookiesSent": {
                "lotame_domain_check": 0.00003465555840501258,
                "_ym_d": 0.000006931111681002516
            },
            "exampleSites": [
                "familyxtube.com",
                "hd-porn.video",
                "fmovies.dev",
                "17bokep.xyz",
                "cartoon.porn",
                "123-watch.com",
                "free-xxx-free.com",
                "celebrity-porn.com",
                "anyxxx.com",
                "avsub69.com",
                "biqle.org",
                "desixnxx2.net",
                "femdom-joi.com",
                "fairynudes.com",
                "animefever.nz",
                "asianporn.life",
                "celebsdaddy.net",
                "animeporn.xxx",
                "filme-porno.xxx",
                "cewekviral.xyz"
            ]
        },
        {
            "rule": "venienceilo\\.fun\\/inter",
            "cookies": 0.0000208,
            "fingerprinting": 0,
            "subdomains": [],
            "apis": {},
            "sites": 3,
            "prevalence": 0.0000208,
            "cnames": [],
            "responseHashes": [
                "429c19899963dcfc539620acea71e2ecb1484c5c61a2340eebe50275f281e278",
                "1eb92c6af15a40e4a16800618f27f7694c18ebc8378a1b4b1bcb8a9786475699"
            ],
            "type": "XHR",
            "firstPartyCookies": {},
            "firstPartyCookiesSent": {},
            "exampleSites": [
                "cloudy.best",
                "desixnxx2.net",
                "femdom-joi.com"
            ]
        },
        {
            "rule": "venienceilo\\.fun\\/multi",
            "cookies": 0.0000277,
            "fingerprinting": 0,
            "subdomains": [],
            "apis": {},
            "sites": 4,
            "prevalence": 0.0000277,
            "cnames": [],
            "responseHashes": [
                "0b6b2e186e63b2fd3e128cae67f803356854b360b908a47d0dcf168689af40eb",
                "716e1d67c678a7ea549312488fe54ab630ee5971bf154516b40846554e13117c",
                "25242365568727d1fae8f1300e60ba5dcfd4687c0ae85d2073b0a73871a6adc1"
            ],
            "type": "XHR",