{
    "domain": "videonow.ru",
    "owner": {},
    "source": [
        "DuckDuckGo-US"
    ],
    "prevalence": 0.000229,
    "sites": 30,
    "subdomains": [
        "data",
        "init",
        "cdn",
        "static",
        "sync"
    ],
    "cnames": [],
    "fingerprinting": 2,
    "resources": [
        {
            "rule": "videonow\\.ru\\/",
            "cookies": 0.00000764,
            "fingerprinting": 0,
            "subdomains": [
                "data",
                "init"
            ],
            "apis": {},
            "sites": 16,
            "prevalence": 0.000122,
            "cnames": [],
            "responseHashes": [
                "eeba052f3f5895ee6fbac4cd0bc7abfd4e782461ee2bb11363e95aff9c52e410",
                "7f24989afbda17e5ff72e268c6dbc1c3a2daa41525c566369a594d107284df54",
                "dbdb4d4aa5926b2da543c3d79d42f186724198b9de425e9c0a30fdebaa3e7824",
                "32e596fa3968ca150711d5d5c7a4048ea8f67b6a3467782bd531f78ccffb9e68",
                "c2466223f2322dc6cb1dfe1203119d657f7e175d2717dbcf217c947d2fe41b07",
                "825ca584dafa281c82fdedca84edc4a0517dd77d407cc7ad3d37642c40756032",
                "81fab535090aef7acca0aaaee65242574649d5e63f457d7753235e6597e3c030",
                "0bf7a742ec94e604bdacc172e142445e797ba1ac96b153feeb20fa2fa5d785dc",
                "c6851fcfb3c41fcd12fdf26e910fd9dc6412281dba4a65314b114b13c0c7caf4"
            ],
            "type": "XHR",
            "exampleSites": [
                "echo.msk.ru",
                "eva.ru",
                "ichip.ru",
                "kanobu.ru",
                "obrazovaka.ru",
                "studbooks.net",
                "studref.com",
                "studme.org",
                "studwood.ru",
                "tech.onliner.by",
                "www.kinonews.ru",
                "www.mk.ru",
                "www.rosbalt.ru",
                "www.starhit.ru",
                "www.syl.ru",
                "www.woman.ru"
            ]
        },
        {
            "rule": "videonow\\.ru\\/v2\\/c2e0001\\/vn_module\\.js",
            "cookies": 0,
            "fingerprinting": 2,
            "subdomains": [
                "cdn"
            ],
            "apis": {
                "window.localStorage": 10,
                "window.sessionStorage": 10,
                "Navigator.prototype.userAgent": 10,
                "Navigator.prototype.vendor": 10,
                "Navigator.prototype.plugins": 10,
                "Navigator.prototype.appVersion": 10,
                "window.devicePixelRatio": 10,
                "Navigator.prototype.language": 3
            },
            "sites": 12,
            "prevalence": 0.0000917,
            "cnames": [],
            "responseHashes": [
                "c135d9844750e57096f4cd1a3156e7c948db14e6d8ac8830b0d8721f317bf1b3",
                "e3b0c44298fc1c149afbf4c8996fb92427ae41e4649b934ca495991b7852b855"
            ],
            "type": "Script",
            "exampleSites": [
                "echo.msk.ru",
                "eva.ru",
                "ichip.ru",
                "kanobu.ru",
                "obrazovaka.ru",
                "studbooks.net",
                "studref.com",
                "studme.org",
                "tech.onliner.by",
                "www.kinonews.ru",
                "www.mk.ru",
                "www.rosbalt.ru"
            ]
        },
        {
            "rule": "videonow\\.ru\\/v2\\/c2e0001\\/vn_providers_vpaid\\.js",
            "cookies": 0,
            "fingerprinting": 2,
            "subdomains": [
                "cdn"
            ],
            "apis": {
                "window.localStorage": 5,
                "window.sessionStorage": 5,
                "Navigator.prototype.userAgent": 3,
                "Navigator.prototype.vendor": 3,
                "Navigator.prototype.plugins": 3,
                "Navigator.prototype.appVersion": 3,
                "window.devicePixelRatio": 5,
                "Navigator.prototype.language": 5
            },
            "sites": 5,
            "prevalence": 0.0000382,
            "cnames": [],
            "responseHashes": [
                "34c0980484635c63df6c7a16047da5a6e2725f199375c96c28c9c676ee261b56"
            ],
            "type": "Script",
            "exampleSites": [
                "eva.ru",
                "ichip.ru",
                "kanobu.ru",
                "www.mk.ru",
                "www.starhit.ru"
            ]
        },
        {
            "rule": "videonow\\.ru\\/vn_init\\.js",
            "cookies": 0,
            "fingerprinting": 2,
            "subdomains": [
                "static"
            ],
            "apis": {
                "window.localStorage": 7,
                "window.sessionStorage": 7,
                "Navigator.prototype.userAgent": 7,
                "Navigator.prototype.vendor": 7,
                "Navigator.prototype.plugins": 7,
                "Navigator.prototype.appVersion": 7,
                "window.devicePixelRatio": 7
            },
            "sites": 8,
            "prevalence": 0.0000611,
            "cnames": [],
            "responseHashes": [
                "957579dc9eb48e530e4388fe6bd5143017223841f903e14afc4e62d815ea5d9a",
                "b117e56fb58c955d41647abba09e00836b2b6874ffcbb76914dc721018f6e6db"
            ],
            "type": "Script",
            "exampleSites": [
                "ichip.ru",
                "kanobu.ru",
                "tech.onliner.by",
                "www.kinonews.ru",
                "www.kinomania.ru",
                "www.mk.ru",
                "www.syl.ru",
                "www.woman.ru"
            ]
        },
        {
            "rule": "videonow\\.ru\\/ssp",
            "cookies": 0.0000611,
            "fingerprinting": 0,
            "subdomains": [
                "sync"
            ],
            "apis": {},
            "sites": 10,
            "prevalence": 0.0000764,
            "cnames": [],
            "responseHashes": [
                "e3b0c44298fc1c149afbf4c8996fb92427ae41e4649b934ca495991b7852b855"
            ],
            "type": "Image",
            "exampleSites": [
                "ichip.ru",
                "kanobu.ru",
                "litmy.ru",
                "mcdonalds.ru",
                "see-me.ru",
                "www.mk.ru",
                "www.sportmaster.ru",
                "www.syl.ru",
                "www.woman.ru",
                "www.xitfilms.ru"
            ]
        },
        {
            "rule": "videonow\\.ru\\/v2\\/c04ce7c\\/vn_module\\.js",
            "cookies": 0,
            "fingerprinting": 2,
            "subdomains": [
                "static",
                "cdn"
            ],
            "apis": {
                "window.localStorage": 2,
                "window.sessionStorage": 2,
                "Navigator.prototype.userAgent": 2,
                "Navigator.prototype.vendor": 2,
                "Navigator.prototype.plugins": 2,
                "Navigator.prototype.appVersion": 2,
                "window.devicePixelRatio": 2,
                "Navigator.prototype.language": 2
            },
            "sites": 3,
            "prevalence": 0.0000229,
            "cnames": [],
            "responseHashes": [
                "434e01b1047c4e20b467c9653a105db499a10d96984dc0a78ba7b23fcc9c3ad4"
            ],
            "type": "Script",
            "exampleSites": [
                "kinonews.ru",
                "www.syl.ru",
                "www.woman.ru"
            ]
        },
        {
            "rule": "videonow\\.ru\\/v2\\/c04ce7c\\/vn_providers_vpaid\\.js",
            "cookies": 0,
            "fingerprinting": 2,
            "subdomains": [
                "cdn"
            ],
            "apis": {
                "window.localStorage": 3,
                "window.sessionStorage": 3,
                "Navigator.prototype.userAgent": 3,
                "Navigator.prototype.vendor": 3,