{
    "domain": "visitstats.com",
    "owner": {},
    "source": [
        "DuckDuckGo-US"
    ],
    "prevalence": 0.000267,
    "sites": 35,
    "subdomains": [
        "kts"
    ],
    "cnames": [],
    "fingerprinting": 0,
    "resources": [
        {
            "rule": "visitstats\\.com\\/in\\/vtcevents\\/",
            "cookies": 0.0000535,
            "fingerprinting": 0,
            "subdomains": [
                "kts"
            ],
            "apis": {},
            "sites": 7,
            "prevalence": 0.0000535,
            "cnames": [],
            "responseHashes": [
                "e3b0c44298fc1c149afbf4c8996fb92427ae41e4649b934ca495991b7852b855"
            ],
            "type": "Image",
            "exampleSites": [
                "arabshentai.com",
                "bitmilf.com",
                "lesbiansex.best",
                "nakedmature.xyz",
                "teenhd.porn",
                "telugupornvids.com",
                "www.pissrip.net"
            ]
        },
        {
            "rule": "visitstats\\.com\\/in\\/in_stream\\/",
            "cookies": 0.0000764,
            "fingerprinting": 0,
            "subdomains": [
                "kts"
            ],
            "apis": {},
            "sites": 10,
            "prevalence": 0.0000764,
            "cnames": [],
            "responseHashes": [
                "8b197e1c84a30c2a6cbc2c9287bc987ba2ddac8650d2a500a5b026830d73ed54",
                "5d9ddf1e6cbd9d5deed89df38a968273dbfba764bea0fdb24a3211044cac8e39",
                "73469894ae6ed6c29773a6a092baa44d9d8a504ec361091013b3586f665400b8",
                "cbb7693a17b33e194470eef99f2249263412bba8088da723f04eeca707c6a681",
                "e9824344b1af7715e34aa65ba6a2c51d10add846360c7699767ac2ab36059472",
                "8b1eb0b8096f6abdf48fcc387628fd8693cecd3ed3ee0b8697efb8c66c15852d",
                "aee0f3bb291a6bf855d0335bff006edc4a932e1a7f12ce561953fbdfa78bab93",
                "5999f7746c750d03ea10d59e0b81ac6cb9d69b35a7852f9652659b805c8927dd",
                "96048483090029bfa01c64ba5c298b6372f29e6db5950c63957fe5be8e5774b0"
            ],
            "type": "Fetch",
            "exampleSites": [
                "bokepcina123.com",
                "nakedmature.xyz",
                "nontonsd.xyz",
                "nontonbf.xyz",
                "teenhd.porn",
                "telugupornvids.com",
                "vidoza.net",
                "xbokep456.org",
                "xnxx.club",
                "zbokep247.org"
            ]
        },
        {
            "rule": "visitstats\\.com\\/in\\/in_stream\\/",
            "cookies": 0.0000229,
            "fingerprinting": 0,
            "subdomains": [
                "kts"
            ],
            "apis": {},
            "sites": 3,
            "prevalence": 0.0000229,
            "cnames": [],
            "responseHashes": [
                "6b9500b3676425d95b585e704a1c7f9a22be8cdb05f9caec4af3daa974f7d115",
                "ade7074b2cf51bcbe56fd898fb52fb3acc4cfb1528d25c8b7385a03717431cb9"
            ],
            "type": "XHR",
            "exampleSites": [
                "asianporn.sexy",
                "www.hindipornfilms.com",
                "www.xhamster.fm"
            ]
        },
        {
            "rule": "visitstats\\.com\\/in\\/1233\\/",
            "cookies": 0.0000229,
            "fingerprinting": 0,
            "subdomains": [
                "kts"
            ],
            "apis": {},
            "sites": 3,
            "prevalence": 0.0000229,
            "cnames": [],
            "responseHashes": [
                "96c92fef74d3b1df5770ace3beb1f46d0da4f47e6bad84654b7b3dcd2d34cf66",
                "4264e6e9b61653722fce30cf13062e55d3772be7a92f56203f3d1c3c7c5d71a5"
            ],
            "type": "XHR",
            "exampleSites": [
                "asianporn.sexy",
                "www.hindipornfilms.com",
                "www.xhamster.fm"
            ]
        }
    ],
    "categories": [],
    "performance": {
        "time": 0,
        "size": 0,
        "cpu": 0,
        "cache": 0
    },
    "cookies": 0.000145,
    "types": {
        "Image": 7,
        "Fetch": 10,
        "XHR": 6
    }
}