{
    "domain": "wdsvc.net",
    "owner": {
        "name": "Wiland, Inc.",
        "displayName": "Wiland"
    },
    "source": [
        "DuckDuckGo-US"
    ],
    "prevalence": 0.000334,
    "sites": 44,
    "subdomains": [
        "tags"
    ],
    "cnames": [],
    "fingerprinting": 1,
    "resources": [
        {
            "rule": "wdsvc\\.net\\/controller\\.js",
            "cookies": 0.000182,
            "fingerprinting": 1,
            "subdomains": [
                "tags"
            ],
            "apis": {
                "Document.cookie getter": 23,
                "Date.prototype.getTime": 23,
                "Document.cookie setter": 23
            },
            "sites": 24,
            "prevalence": 0.000182,
            "cnames": [],
            "responseHashes": [
                "a162215f6fd79cd079377fb5cdaeb6f1317f5dcff4653a52a8488f447922d2ed",
                "a1519cae17313be52a51c5271e8e21a93f343f79330b742206c47679b243048e",
                "c1bfee6edec2438ee29a7bb0787940825482edda06787a09c9ac9573a2693541",
                "8d66dbc1ecaf56fb49e105877af54d179e9d31c321bdc0ed46af186884bbe17a",
                "df4fffc1c985ba7f4f831c107b137a483b943de85fdbe561855a895fe619bbfe",
                "4f6606fa1a9142bd840c96176cb76c1bbd65f03559e0f2200394ab0818dba827",
                "581eb10d9ed66a1fbd38d8b39e9f2c9d0ff9a5f6ca14960d40711be09223f667",
                "5f90cdaef341418f254cb78e687eefa999d4bee8e08b62f894e9f61fe9237227",
                "4000e81871b88e0afa39e6f1678c47fd51ec0f07401ed473888cb649ef34d1d0",
                "c2965892a80bcd9e620ec79e6a1421bd543f084440851e04d904a1819b8436e1",
                "5ea69fcc97b683b5ff16a24cef4b139f67ff267cc0e7195be12f4d2f8f81a362",
                "d2845fe18a8161112f5e585e61c497aa0e982b7f71616fd2e43a20c6418e524c",
                "8fe2e4e5356ce770060f5540a3af9352f8296dfa23f859d9a90f80f1590c3112",
                "eb1aeb0ce42c854e07d9158f0edaf4de61c19d9ece4b8d643e343896483751d6",
                "a413e2f1b9f9c9a2a0360cfea36ec34113db910dd44bf39644045325e7977fc2",
                "f8c415e909ad3406431a6cf71b9bb6fa7103f9eb37fa3c9ddb1d70b691880836",
                "ede21947592a129bca3b0ffc3dc66284d03f727670c4d045c463f64d59ce57cc",
                "94f3e96bdf1415a92d6d1da7986fd7294855d0eeafef791475dcfe2627a2b965",
                "82f9a1616c27fdf1b6ec638f704c40bb0e754226ba5fe03488e63231be511dd3"
            ],
            "type": "Script",
            "exampleSites": [
                "www.allenedmonds.com",
                "www.readyrefresh.com",
                "www.nature.org",
                "www.frc.org",
                "www.washingtonexaminer.com",
                "www.177milkstreet.com",
                "appalachiantrail.org",
                "www.focusonthefamily.com",
                "www.pictureframes.com",
                "www.guideposts.org",
                "www.vfw.org",
                "www.traillink.com",
                "www.ncregister.com",
                "www.thegreatcourses.com",
                "www.alz.org",
                "www.bespokepost.com",
                "www.softsurroundings.com",
                "www.knitpicks.com",
                "www.alleycat.org",
                "www.nationalparks.org"
            ]
        },
        {
            "rule": "wdsvc\\.net\\/container\\.js",
            "cookies": 0.000182,
            "fingerprinting": 0,
            "subdomains": [
                "tags"
            ],
            "apis": {},
            "sites": 24,
            "prevalence": 0.000182,
            "cnames": [],
            "responseHashes": [
                "a162215f6fd79cd079377fb5cdaeb6f1317f5dcff4653a52a8488f447922d2ed",
                "b8fb8c7c82dc640033e015ee3339ab25ee9731e38dee2a020e2684a0bf78594a",
                "a63e73feabccf3d23551a8e4c66e971b90e95208f78d3587bc242f9da3c423f8",
                "a1519cae17313be52a51c5271e8e21a93f343f79330b742206c47679b243048e",
                "c1bfee6edec2438ee29a7bb0787940825482edda06787a09c9ac9573a2693541",
                "8d66dbc1ecaf56fb49e105877af54d179e9d31c321bdc0ed46af186884bbe17a",
                "df4fffc1c985ba7f4f831c107b137a483b943de85fdbe561855a895fe619bbfe",
                "3efae1f314b0fb9afc8351c63e36c4a5b9a557a94a13bf2ea39df573a4b9f283",
                "4f6606fa1a9142bd840c96176cb76c1bbd65f03559e0f2200394ab0818dba827",
                "581eb10d9ed66a1fbd38d8b39e9f2c9d0ff9a5f6ca14960d40711be09223f667",
                "5f90cdaef341418f254cb78e687eefa999d4bee8e08b62f894e9f61fe9237227",
                "8a10c834d363855003825adc1f3ec56c63b850dfbb17d61136e090dd731d2f49",
                "4000e81871b88e0afa39e6f1678c47fd51ec0f07401ed473888cb649ef34d1d0",
                "c2965892a80bcd9e620ec79e6a1421bd543f084440851e04d904a1819b8436e1",
                "5ea69fcc97b683b5ff16a24cef4b139f67ff267cc0e7195be12f4d2f8f81a362",
                "d2845fe18a8161112f5e585e61c497aa0e982b7f71616fd2e43a20c6418e524c",
                "8fe2e4e5356ce770060f5540a3af9352f8296dfa23f859d9a90f80f1590c3112",
                "eb1aeb0ce42c854e07d9158f0edaf4de61c19d9ece4b8d643e343896483751d6",
                "a413e2f1b9f9c9a2a0360cfea36ec34113db910dd44bf39644045325e7977fc2",
                "f8c415e909ad3406431a6cf71b9bb6fa7103f9eb37fa3c9ddb1d70b691880836",
                "ede21947592a129bca3b0ffc3dc66284d03f727670c4d045c463f64d59ce57cc",
                "94f3e96bdf1415a92d6d1da7986fd7294855d0eeafef791475dcfe2627a2b965",
                "82f9a1616c27fdf1b6ec638f704c40bb0e754226ba5fe03488e63231be511dd3"
            ],
            "type": "Script",
            "exampleSites": [
                "www.focusonthefamily.com",
                "www.alleycat.org",
                "www.frc.org",
                "www.minted.com",
                "www.hotter.com",
                "www.knitpicks.com",
                "styleblueprint.com",
                "www.guideposts.org",
                "www.bespokepost.com",
                "www.nationalparks.org",
                "appalachiantrail.org",
                "www.pictureframes.com",
                "www.softsurroundings.com",
                "www.washingtonexaminer.com",
                "www.vfw.org",
                "www.traillink.com",
                "www.ncregister.com",
                "www.thegreatcourses.com",
                "www.nature.org",
                "www.alz.org"
            ]
        },
        {
            "rule": "wdsvc\\.net\\/post-log",
            "cookies": 0.000182,
            "fingerprinting": 0,
            "subdomains": [
                "tags"
            ],
            "apis": {},
            "sites": 24,
            "prevalence": 0.000182,
            "cnames": [],
            "responseHashes": [
                "e3b0c44298fc1c149afbf4c8996fb92427ae41e4649b934ca495991b7852b855"
            ],
            "type": "XHR",
            "exampleSites": [
                "www.alz.org",
                "www.alleycat.org",
                "appalachiantrail.org",
                "www.guideposts.org",
                "www.focusonthefamily.com",
                "www.minted.com",
                "www.vfw.org",
                "taxfoundation.org",
                "www.allenedmonds.com",
                "styleblueprint.com",
                "www.kansascitysteaks.com",
                "www.bespokepost.com",
                "www.hotter.com",
                "www.frc.org",
                "www.thegreatcourses.com",
                "www.nationalparks.org",
                "www.pictureframes.com",
                "www.knitpicks.com",
                "www.washingtonexaminer.com",
                "www.softsurroundings.com"
            ]
        }
    ],
    "categories": [],
    "performance": {
        "time": 0,
        "size": 0,
        "cpu": 0,
        "cache": 3
    },
    "cookies": 0.000319,
    "types": {
        "Script": 48,
        "XHR": 24
    }
}