{
    "domain": "webengage.co",
    "owner": {
        "name": "Webklipper Technologies Pvt Ltd",
        "displayName": "Webklipper"
    },
    "source": [
        "DuckDuckGo-US"
    ],
    "prevalence": 0.000457,
    "sites": 33,
    "subdomains": [
        "z71681296",
        "76a9a71",
        "11b564088",
        "d3a4ab31",
        "8261812b",
        "z2024b299",
        "zc2ab3738",
        "z15ba20876",
        "z2024b5d8",
        "z10a5caac9",
        "z13410604b",
        "zc2ab2851",
        "z99199835",
        "82617c25",
        "zc2ab272a",
        "z10a5caccd",
        "311c48c7",
        "z47b66864",
        "z134106257",
        "z134105974",
        "z47b65873",
        "z15ba20b51",
        "z10a5cc115",
        "z47b6642d",
        "14507c325",
        "82618208",
        "z134105365",
        "58addc52",
        "82617207"
    ],
    "cnames": [],
    "fingerprinting": 1,
    "resources": [
        {
            "rule": "webengage\\.co\\/storage-frame-1\\.16\\.htm",
            "cookies": 0,
            "fingerprinting": 1,
            "subdomains": [
                "z71681296",
                "76a9a71",
                "11b564088",
                "d3a4ab31",
                "8261812b",
                "z2024b299",
                "zc2ab3738",
                "z15ba20876",
                "z2024b5d8",
                "z10a5caac9",
                "z13410604b",
                "zc2ab2851",
                "z99199835",
                "82617c25",
                "zc2ab272a",
                "z10a5caccd",
                "311c48c7",
                "z47b66864",
                "z134106257",
                "z134105974",
                "z47b65873",
                "z15ba20b51",
                "z10a5cc115",
                "z47b6642d",
                "14507c325",
                "82618208",
                "z134105365",
                "58addc52",
                "82617207"
            ],
            "apis": {
                "window.localStorage": 33,
                "Date.prototype.getTime": 2
            },
            "sites": 33,
            "prevalence": 0.000457,
            "cnames": [],
            "type": "Document"
        }
    ],
    "categories": [],
    "performance": {
        "time": 1,
        "size": 1,
        "cpu": 0,
        "cache": 3
    },
    "cookies": 0,
    "types": {
        "Document": 33
    }
}