{
    "domain": "webstats1.com",
    "owner": {},
    "source": [
        "DuckDuckGo-US"
    ],
    "prevalence": 0.000152,
    "sites": 20,
    "subdomains": [],
    "cnames": [],
    "fingerprinting": 0,
    "resources": [
        {
            "rule": "webstats1\\.com\\/www\\/delivery\\/afr\\.php",
            "cookies": 0.000106,
            "fingerprinting": 0,
            "subdomains": [],
            "apis": {},
            "sites": 14,
            "prevalence": 0.000106,
            "cnames": [],
            "responseHashes": [
                "0a6b359cdbed3bf4da1cc026f4149cbe9ed3e36959e2324f016d6403c7857796",
                "dab8e5a73dd456f31c0ed072ee901e6eb8fbdc70f3217c888ad08c5302d75812",
                "13994764927b8d32043977f938819a880f71dc558c6b0e9522bd6356b0bdd81c",
                "cb4d09c0b150d31be057fcbf59f299900d8a51187429c1d4ede61c6c8f10afa3",
                "5b91916bf5bc04fada6c0f8e99244bf32ca1c31b3692fd58430f24b21f90cb2b",
                "9245df65b00f3b8fadcc938e23df2b812fcbf2c0b4e05444d2393c1d03ee0242",
                "06933a61306c9bd8e297b5a3aee7659e457ad7be2cfa50e84fc88911244d2432",
                "918be89a0d7e4ae0d4102d8dfe16304d66f1c03f6bb0ccfed268deef31d06cbe",
                "a516ed0f13da6c0383afedfba45cc453588d88bfc657a1a951147c197b8a9e2f",
                "ec77819c3b9063093d9e74f140fbcf4b50dba790d456b27bef04b0f8b1d493b3",
                "012abda23c2e7c67bfc8a89994b39a85414539ff474bbb4b6c38ba376cc3984c",
                "a9e3ae4fe3c32a225f7df832fec4691c748b91153d8a537d808a40bb503216db",
                "b03553baa626d67dc872a0365f840261290f08a496761da6ac7a89df192f0920"
            ],
            "type": "Document",
            "exampleSites": [
                "meuhentai.com",
                "redzoofilia.com",
                "thehentaicomics.com",
                "www.assistirhentai.com",
                "www.casadoscontos.com.br",
                "www.hentaihome.net",
                "www.hentais.tube",
                "www.hentaistube.com",
                "www.hentaitube.online",
                "www.naoconto.com",
                "www.pornogram.xxx",
                "www.quadrinhosdesexo.com",
                "www.superhq.net",
                "www.sweetlicious.net"
            ]
        },
        {
            "rule": "webstats1\\.com\\/www\\/delivery\\/lg\\.php",
            "cookies": 0.000106,
            "fingerprinting": 0,
            "subdomains": [],
            "apis": {},
            "sites": 14,
            "prevalence": 0.000106,
            "cnames": [],
            "responseHashes": [
                "4e0705327480ad2323cb03d9c450ffcae4a98bf3a5382fa0c7882145ed620e49"
            ],
            "type": "Image",
            "exampleSites": [
                "meuhentai.com",
                "redzoofilia.com",
                "thehentaicomics.com",
                "www.assistirhentai.com",
                "www.casadoscontos.com.br",
                "www.hentaihome.net",
                "www.hentais.tube",
                "www.hentaistube.com",
                "www.hentaitube.online",
                "www.naoconto.com",
                "www.pornogram.xxx",
                "www.quadrinhosdesexo.com",
                "www.superhq.net",
                "www.sweetlicious.net"
            ]
        },
        {
            "rule": "webstats1\\.com\\/www\\/images\\/8219d48276eebd74077e205bfaa90ee4\\.jpg",
            "cookies": 0.0000228,
            "fingerprinting": 0,
            "subdomains": [],
            "apis": {},
            "sites": 3,
            "prevalence": 0.0000228,
            "cnames": [],
            "responseHashes": [
                "5ec085ab96e2eeea4b74cc1eecce5f13242ff7e0fedc2f876d21cee46723eeef"
            ],
            "type": "Image",
            "exampleSites": [
                "meuhentai.com",
                "www.hentaihome.net",
                "www.quadrinhosdesexo.com"
            ]
        },
        {
            "rule": "webstats1\\.com\\/www\\/images\\/a6fa82d186fdcceefde1911827571bdc\\.jpg",
            "cookies": 0.0000152,
            "fingerprinting": 0,
            "subdomains": [],
            "apis": {},
            "sites": 2,
            "prevalence": 0.0000152,
            "cnames": [],
            "responseHashes": [
                "071539c270d2b663872f1cde246c6588e079f7814b2197973d0441a71fc5c6c7"
            ],
            "type": "Image",
            "exampleSites": [
                "meuhentai.com",
                "www.quadrinhosdesexo.com"
            ]
        },
        {
            "rule": "webstats1\\.com\\/www\\/images\\/41eb985a3e74498e086ea1dcebf7517c\\.jpg",
            "cookies": 0.0000152,
            "fingerprinting": 0,
            "subdomains": [],
            "apis": {},
            "sites": 2,
            "prevalence": 0.0000152,
            "cnames": [],
            "responseHashes": [
                "f9de87b88d37ecbafc58008bb1ad9701ca8342dc678e1ec6f0503db86df47921"
            ],
            "type": "Image",
            "exampleSites": [
                "redzoofilia.com",
                "www.hentaihome.net"
            ]
        },
        {
            "rule": "webstats1\\.com\\/www\\/images\\/beac63fb8bd2b13c6e32739efb8a001c\\.jpg",
            "cookies": 0.0000152,
            "fingerprinting": 0,
            "subdomains": [],
            "apis": {},
            "sites": 2,
            "prevalence": 0.0000152,
            "cnames": [],
            "responseHashes": [
                "b5e56acff4a20bb6051d5e04ae8ddaaa1fc0ea41f0e28d002bae5c134c4825ca"
            ],
            "type": "Image",
            "exampleSites": [
                "thehentaicomics.com",
                "www.superhq.net"
            ]
        },
        {
            "rule": "webstats1\\.com\\/www\\/images\\/ee185af30bb83852f48ff6c773cef5e0\\.jpg",
            "cookies": 0.0000228,
            "fingerprinting": 0,
            "subdomains": [],
            "apis": {},
            "sites": 3,
            "prevalence": 0.0000228,
            "cnames": [],
            "responseHashes": [
                "4a43647385fab0e10a99539e28c268ea702630a440dd50af19692a16f68759cc"
            ],
            "type": "Image",
            "exampleSites": [
                "thehentaicomics.com",
                "www.casadoscontos.com.br",
                "www.hentaihome.net"
            ]
        },
        {
            "rule": "webstats1\\.com\\/www\\/images\\/faefbd1de6aa97d078f43cb04f7fca49\\.jpg",
            "cookies": 0.0000152,
            "fingerprinting": 0,
            "subdomains": [],
            "apis": {},
            "sites": 2,
            "prevalence": 0.0000152,
            "cnames": [],
            "responseHashes": [
                "d4db5469fd14d24b2a2649b9ae8689c1da7e0f1132406e5bfd204de132c9eca9"
            ],
            "type": "Image",
            "exampleSites": [
                "hentaihome.net",
                "www.quadrinhosdesexo.com"
            ]
        },
        {
            "rule": "webstats1\\.com\\/www\\/delivery\\/asyncspc\\.php",
            "cookies": 0.0000152,
            "fingerprinting": 0,
            "subdomains": [],
            "apis": {},
            "sites": 2,
            "prevalence": 0.0000152,
            "cnames": [],
            "responseHashes": [
                "60bb58d74d05eec0c4fb17a196c2519469d8b790690b83f7cb1eded3172c15f2"
            ],
            "type": "XHR",
            "exampleSites": [
                "hentaihome.net",
                "www.superhq.net"
            ]
        },
        {
            "rule": "webstats1\\.com\\/www\\/images\\/50f6f915602876d1147fe8ebb3de14a5\\.jpg",
            "cookies": 0.0000152,
            "fingerprinting": 0,
            "subdomains": [],
            "apis": {},
            "sites": 2,
            "prevalence": 0.0000152,
            "cnames": [],