{
    "domain": "whatsaps.xyz",
    "owner": {},
    "source": [
        "DuckDuckGo-US"
    ],
    "prevalence": 0.000298,
    "sites": 43,
    "subdomains": [],
    "cnames": [],
    "fingerprinting": 0,
    "resources": [
        {
            "rule": "whatsaps\\.xyz\\/escort300x250\\.php",
            "cookies": 0,
            "fingerprinting": 0,
            "subdomains": [],
            "apis": {},
            "sites": 22,
            "prevalence": 0.000153,
            "cnames": [],
            "responseHashes": [
                "299602be69b767c0cb7b3d34843901e5ba3bd36a0ce13104cf62ef84ce179308",
                "cb5d10bcd7115236fdefddc4bf37c718ccb19802ad3c21eefbe208182e44387e",
                "8623f35055607e0fbd7ecfc09d669a9ac075c46ed2f396b74e0aef926f6a155b",
                "333aa9931032d7c6a2a9500e42aeb02c5835c4924315f4d38523f86f51ddb3be",
                "80277f0249f4cb91bc30c359259629722611d5ef07011fc4e0edd4bb431b8e1e",
                "e63ab708d077fb066314961975f260ec07955165f551c28a29d03ce05c92385a",
                "b03f8478b5a5592125ff6dd39747e4a16a15749696080111cf6c95e4b1cd72c3"
            ],
            "type": "Script",
            "firstPartyCookies": {},
            "firstPartyCookiesSent": {},
            "exampleSites": [
                "izlepornosu.pw",
                "izlevideoporn.fun",
                "cukporn.shop",
                "izlecanporno.shop",
                "izlepornovideo.fun",
                "kizlikbozmapornosu.shop",
                "izlemesitesiporno.shop",
                "pornoxirizle.shop",
                "izlesevporno.fun",
                "pornoamator.club",
                "indirsexporno.online",
                "pornobirazx.shop",
                "pornoizlebizle.fun",
                "bedavaizleporno.online",
                "pornoizlekayx.shop",
                "izleturksikis.fun",
                "izlesikisen.xyz",
                "porno-izle-sikis.online",
                "xxturkpornizle.club",
                "pornbedava.shop"
            ]
        },
        {
            "rule": "whatsaps\\.xyz\\/escort\\.php",
            "cookies": 0,
            "fingerprinting": 0,
            "subdomains": [],
            "apis": {},
            "sites": 7,
            "prevalence": 0.0000485,
            "cnames": [],
            "responseHashes": [
                "669a167c27530d626168377c735e67408c60bd1ff0ad22200d440a2cd8184013",
                "4f6c3f18784cf7f671d05cbaa3dc6a53f5fd1ec44e99fa7929ff09fea3c48915",
                "c01953c90f9a325598621895aee2727ad4400484960ebe36803dc4c3faa67a22",
                "969c805e3075004ae6a7f84c0ece1fa1053174d8c7e2597228478f179ffdb798"
            ],
            "type": "Script",
            "firstPartyCookies": {},
            "firstPartyCookiesSent": {},
            "exampleSites": [
                "indirsexporno.online",
                "kizlikbozmapornosu.shop",
                "pornbedava.shop",
                "pornobirazx.shop",
                "pornoizlebizle.fun",
                "pornoizlekayx.shop",
                "turkxpornoxizle.space"
            ]
        },
        {
            "rule": "whatsaps\\.xyz\\/escort372x300\\.php",
            "cookies": 0,
            "fingerprinting": 0,
            "subdomains": [],
            "apis": {},
            "sites": 7,
            "prevalence": 0.0000485,
            "cnames": [],
            "responseHashes": [
                "545c38b0922de19734fbffde62792c37c2aef6a3216cfa472449173165220f7d"
            ],
            "type": "Script",
            "firstPartyCookies": {},
            "firstPartyCookiesSent": {},
            "exampleSites": [
                "indirsexporno.online",
                "kizlikbozmapornosu.shop",
                "pornbedava.shop",
                "pornobirazx.shop",
                "pornoizlebizle.fun",
                "pornoizlekayx.shop",
                "turkxpornoxizle.space"
            ]
        }
    ],
    "categories": [],
    "performance": {
        "time": 1,
        "size": 1,
        "cpu": 1,
        "cache": 3
    },
    "cookies": 0,
    "types": {
        "Script": 36
    },
    "nameservers": [
        "ns1.dizix.xyz",
        "ns2.dizix.xyz"
    ]
}