{
    "domain": "wpnjs.com",
    "owner": {},
    "source": [
        "DuckDuckGo-US"
    ],
    "prevalence": 0.000464,
    "sites": 67,
    "subdomains": [
        "js"
    ],
    "cnames": [],
    "fingerprinting": 2,
    "resources": [
        {
            "rule": "wpnjs\\.com\\/pn\\.php",
            "cookies": 0.000173,
            "fingerprinting": 1,
            "subdomains": [
                "js"
            ],
            "apis": {
                "Navigator.prototype.userAgent": 29,
                "Notification.permission": 28,
                "Document.cookie getter": 26,
                "Document.cookie setter": 25,
                "Navigator.prototype.languages": 1
            },
            "sites": 36,
            "prevalence": 0.00025,
            "cnames": [],
            "responseHashes": [
                "a5d96c14adb8f17f11442ba420ddac63d937f2bf0069298728dbcd9689147280"
            ],
            "type": "Script",
            "firstPartyCookies": {
                "pn-zone-3440153": {
                    "ttl": 3888001,
                    "length": 13,
                    "prevalence": 0.000006931111681002516,
                    "uniqueness": 1
                },
                "pn-zone-3440403": {
                    "ttl": 3888001,
                    "length": 13,
                    "prevalence": 0.000006931111681002516,
                    "uniqueness": 1
                },
                "pn-zone-3512423": {
                    "ttl": 3888003,
                    "length": 13,
                    "prevalence": 0.000027724446724010062,
                    "uniqueness": 1
                },
                "pn-zone-3574071": {
                    "ttl": 3888005,
                    "length": 13,
                    "prevalence": 0.000006931111681002516,
                    "uniqueness": 1
                },
                "pn-zone-3599727": {
                    "ttl": 3888002,
                    "length": 13,
                    "prevalence": 0.000006931111681002516,
                    "uniqueness": 1
                },
                "pn-zone-3618939": {
                    "ttl": 3888003,
                    "length": 13,
                    "prevalence": 0.000006931111681002516,
                    "uniqueness": 1
                },
                "pn-zone-3581703": {
                    "ttl": 3888000,
                    "length": 13,
                    "prevalence": 0.000006931111681002516,
                    "uniqueness": 1
                },
                "pn-zone-3581463": {
                    "ttl": 3888004,
                    "length": 13,
                    "prevalence": 0.000006931111681002516,
                    "uniqueness": 1
                },
                "pn-zone-3569081": {
                    "ttl": 3888000,
                    "length": 13,
                    "prevalence": 0.000020793335043007548,
                    "uniqueness": 1
                },
                "pn-zone-3420767": {
                    "ttl": 3888000,
                    "length": 13,
                    "prevalence": 0.000006931111681002516,
                    "uniqueness": 1
                },
                "pn-zone-3521363": {
                    "ttl": 3888005,
                    "length": 13,
                    "prevalence": 0.000006931111681002516,
                    "uniqueness": 1
                },
                "pn-zone-3461293": {
                    "ttl": 3888001,
                    "length": 13,
                    "prevalence": 0.000006931111681002516,
                    "uniqueness": 1
                },
                "pn-zone-3585133": {
                    "ttl": 3888000,
                    "length": 13,
                    "prevalence": 0.000006931111681002516,
                    "uniqueness": 1
                },
                "pn-zone-3440409": {
                    "ttl": 3888020,
                    "length": 13,
                    "prevalence": 0.000006931111681002516,
                    "uniqueness": 1
                },
                "pn-zone-3395717": {
                    "ttl": 3888026,
                    "length": 13,
                    "prevalence": 0.000006931111681002516,
                    "uniqueness": 1
                },
                "pn-zone-3505943": {
                    "ttl": 3888012,
                    "length": 13,
                    "prevalence": 0.000006931111681002516,
                    "uniqueness": 1
                },
                "pn-zone-3505125": {
                    "ttl": 3888001,
                    "length": 13,
                    "prevalence": 0.000006931111681002516,
                    "uniqueness": 1
                },
                "pn-zone-3576907": {
                    "ttl": 3888001,
                    "length": 13,
                    "prevalence": 0.000006931111681002516,
                    "uniqueness": 1
                },
                "pn-zone-3440155": {
                    "ttl": 3888005,
                    "length": 13,
                    "prevalence": 0.000006931111681002516,
                    "uniqueness": 1
                },
                "pn-zone-3505143": {
                    "ttl": 3888015,
                    "length": 13,
                    "prevalence": 0.000006931111681002516,
                    "uniqueness": 1
                }
            },
            "firstPartyCookiesSent": {},
            "exampleSites": [
                "uporn.plus",
                "britishporn.site",
                "gotjav.com",
                "pantiesless.com",
                "xvideos2in.com",
                "nxxx.me",
                "javladies.com",
                "www.crossdresserhub.com",
                "ciaoporno.it",
                "amateurpussypic.com",
                "publicflashing.me",
                "xxxhub.cc",
                "myteenhd.com",
                "xxx4hindi.com",
                "vercomicsporno.xxx",
                "3gpjizz.pro",
                "www.nudeblackgirlspics.com",
                "xprivate.club",
                "nudevoyeurpics.net",
                "pornsearchengine.com"
            ]
        }
    ],
    "categories": [],
    "performance": {
        "time": 1,
        "size": 1,
        "cpu": 1,
        "cache": 3
    },
    "cookies": 0.000298,
    "types": {
        "Script": 36
    },
    "nameservers": [
        "dns1.cloudns.net",
        "dns2.cloudns.net",
        "sec1.rcode0.net",
        "sec2.rcode0.net"
    ]
}