{
    "domain": "wpnsrv.com",
    "owner": {},
    "source": [
        "DuckDuckGo-US"
    ],
    "prevalence": 0.00129,
    "sites": 186,
    "subdomains": [
        "js"
    ],
    "cnames": [],
    "fingerprinting": 1,
    "resources": [
        {
            "rule": "wpnsrv\\.com\\/pn\\.php",
            "cookies": 0.000312,
            "fingerprinting": 1,
            "subdomains": [
                "js"
            ],
            "apis": {
                "Navigator.prototype.userAgent": 78,
                "Notification.permission": 75,
                "Document.cookie getter": 50,
                "Document.cookie setter": 45,
                "Navigator.prototype.languages": 1
            },
            "sites": 102,
            "prevalence": 0.000707,
            "cnames": [],
            "responseHashes": [
                "a5d96c14adb8f17f11442ba420ddac63d937f2bf0069298728dbcd9689147280",
                "a4dec51e4ef7343448438e0e26fa8c71344607bfa36d88fe7f1587585f363c77"
            ],
            "type": "Script",
            "firstPartyCookies": {
                "pn-zone-4218274": {
                    "ttl": 3888000,
                    "length": 13,
                    "prevalence": 0.000006931159721644626,
                    "uniqueness": 1
                },
                "pn-zone-3389741": {
                    "ttl": 3888001,
                    "length": 13,
                    "prevalence": 0.000006931159721644626,
                    "uniqueness": 1
                },
                "pn-zone-3498171": {
                    "ttl": 3888000,
                    "length": 13,
                    "prevalence": 0.000027724638886578503,
                    "uniqueness": 1
                },
                "pn-zone-4016278": {
                    "ttl": 3888004,
                    "length": 13,
                    "prevalence": 0.000006931159721644626,
                    "uniqueness": 1
                },
                "pn-zone-3666199": {
                    "ttl": 3888001,
                    "length": 13,
                    "prevalence": 0.000006931159721644626,
                    "uniqueness": 1
                },
                "pn-zone-4142266": {
                    "ttl": 3888001,
                    "length": 13,
                    "prevalence": 0.000006931159721644626,
                    "uniqueness": 1
                },
                "pn-zone-3199593": {
                    "ttl": 3888000,
                    "length": 13,
                    "prevalence": 0.000013862319443289251,
                    "uniqueness": 1
                },
                "pn-zone-4231538": {
                    "ttl": 3888001,
                    "length": 13,
                    "prevalence": 0.000006931159721644626,
                    "uniqueness": 1
                },
                "pn-zone-3470277": {
                    "ttl": 3887999,
                    "length": 13,
                    "prevalence": 0.000006931159721644626,
                    "uniqueness": 1
                },
                "pn-zone-4183016": {
                    "ttl": 3888001,
                    "length": 13,
                    "prevalence": 0.000006931159721644626,
                    "uniqueness": 1
                },
                "pn-zone-3312088": {
                    "ttl": 3888004,
                    "length": 13,
                    "prevalence": 0.000006931159721644626,
                    "uniqueness": 1
                },
                "pn-zone-3553611": {
                    "ttl": 3888000,
                    "length": 13,
                    "prevalence": 0.000006931159721644626,
                    "uniqueness": 1
                },
                "pn-zone-3948256": {
                    "ttl": 3888001,
                    "length": 13,
                    "prevalence": 0.000006931159721644626,
                    "uniqueness": 1
                },
                "pn-zone-3169187": {
                    "ttl": 3888005,
                    "length": 13,
                    "prevalence": 0.000013862319443289251,
                    "uniqueness": 1
                },
                "pn-zone-3791967": {
                    "ttl": 3888002,
                    "length": 13,
                    "prevalence": 0.000006931159721644626,
                    "uniqueness": 1
                },
                "pn-zone-3765051": {
                    "ttl": 3888000,
                    "length": 13,
                    "prevalence": 0.000006931159721644626,
                    "uniqueness": 1
                },
                "pn-zone-3164401": {
                    "ttl": 3888000,
                    "length": 13,
                    "prevalence": 0.000006931159721644626,
                    "uniqueness": 1
                },
                "pn-zone-4112472": {
                    "ttl": 3887999,
                    "length": 13,
                    "prevalence": 0.000006931159721644626,
                    "uniqueness": 1
                },
                "pn-zone-3724333": {
                    "ttl": 3888000,
                    "length": 13,
                    "prevalence": 0.000006931159721644626,
                    "uniqueness": 1
                },
                "pn-zone-3724299": {
                    "ttl": 3888002,
                    "length": 13,
                    "prevalence": 0.000006931159721644626,
                    "uniqueness": 1
                },
                "pn-zone-4243868": {
                    "ttl": 3888003,
                    "length": 13,
                    "prevalence": 0.000006931159721644626,
                    "uniqueness": 1
                },
                "pn-zone-3184169": {
                    "ttl": 3888000,
                    "length": 13,
                    "prevalence": 0.000006931159721644626,
                    "uniqueness": 1
                },
                "pn-zone-4002068": {
                    "ttl": 3888001,
                    "length": 13,
                    "prevalence": 0.000006931159721644626,
                    "uniqueness": 1
                },
                "pn-zone-3382805": {
                    "ttl": 3888004,
                    "length": 13,
                    "prevalence": 0.000006931159721644626,
                    "uniqueness": 1
                },
                "pn-zone-3873602": {
                    "ttl": 3888000,
                    "length": 13,
                    "prevalence": 0.000006931159721644626,
                    "uniqueness": 1
                },
                "pn-zone-3878176": {
                    "ttl": 3888007,
                    "length": 13,
                    "prevalence": 0.000006931159721644626,
                    "uniqueness": 1
                },
                "pn-zone-3964946": {
                    "ttl": 3888010,
                    "length": 13,
                    "prevalence": 0.000006931159721644626,
                    "uniqueness": 1
                },
                "pn-zone-3331660": {
                    "ttl": 3888001,
                    "length": 13,
                    "prevalence": 0.000006931159721644626,
                    "uniqueness": 1
                },
                "pn-zone-3165345": {
                    "ttl": 3888008,
                    "length": 13,
                    "prevalence": 0.000006931159721644626,
                    "uniqueness": 1
                },
                "pn-zone-3870936": {
                    "ttl": 3888013,
                    "length": 13,
                    "prevalence": 0.000006931159721644626,
                    "uniqueness": 1
                },
                "pn-zone-3984766": {
                    "ttl": 3888017,
                    "length": 13,
                    "prevalence": 0.000006931159721644626,
                    "uniqueness": 1
                },
                "pn-zone-3171864": {
                    "ttl": 3888013,