{
    "domain": "wpnsrv.com",
    "owner": {},
    "source": [
        "DuckDuckGo-US"
    ],
    "prevalence": 0.00126,
    "sites": 182,
    "subdomains": [
        "js"
    ],
    "cnames": [],
    "fingerprinting": 1,
    "resources": [
        {
            "rule": "wpnsrv\\.com\\/pn\\.php",
            "cookies": 0.00034,
            "fingerprinting": 1,
            "subdomains": [
                "js"
            ],
            "apis": {
                "Navigator.prototype.userAgent": 77,
                "Notification.permission": 71,
                "Document.cookie getter": 54,
                "Document.cookie setter": 49,
                "Navigator.prototype.languages": 1
            },
            "sites": 99,
            "prevalence": 0.000687,
            "cnames": [],
            "responseHashes": [
                "a5d96c14adb8f17f11442ba420ddac63d937f2bf0069298728dbcd9689147280"
            ],
            "type": "Script",
            "firstPartyCookies": {
                "pn-zone-3300998": {
                    "ttl": 3888009,
                    "length": 13,
                    "prevalence": 0.00000693495703794115,
                    "uniqueness": 1
                },
                "pn-zone-4218274": {
                    "ttl": 3888001,
                    "length": 13,
                    "prevalence": 0.00000693495703794115,
                    "uniqueness": 1
                },
                "pn-zone-3389741": {
                    "ttl": 3888000,
                    "length": 13,
                    "prevalence": 0.00000693495703794115,
                    "uniqueness": 1
                },
                "pn-zone-4127910": {
                    "ttl": 3888001,
                    "length": 13,
                    "prevalence": 0.00000693495703794115,
                    "uniqueness": 1
                },
                "pn-zone-3301002": {
                    "ttl": 3888001,
                    "length": 13,
                    "prevalence": 0.00000693495703794115,
                    "uniqueness": 1
                },
                "pn-zone-3373381": {
                    "ttl": 3888000,
                    "length": 13,
                    "prevalence": 0.00000693495703794115,
                    "uniqueness": 1
                },
                "pn-zone-3498171": {
                    "ttl": 3888000,
                    "length": 13,
                    "prevalence": 0.0000554796563035292,
                    "uniqueness": 1
                },
                "pn-zone-4016278": {
                    "ttl": 3888000,
                    "length": 13,
                    "prevalence": 0.00000693495703794115,
                    "uniqueness": 1
                },
                "pn-zone-3199593": {
                    "ttl": 3888000,
                    "length": 13,
                    "prevalence": 0.0000138699140758823,
                    "uniqueness": 1
                },
                "pn-zone-3179552": {
                    "ttl": 3888005,
                    "length": 13,
                    "prevalence": 0.00000693495703794115,
                    "uniqueness": 1
                },
                "pn-zone-3915078": {
                    "ttl": 3888006,
                    "length": 13,
                    "prevalence": 0.00000693495703794115,
                    "uniqueness": 1
                },
                "pn-zone-3312088": {
                    "ttl": 3888003,
                    "length": 13,
                    "prevalence": 0.00000693495703794115,
                    "uniqueness": 1
                },
                "pn-zone-3553611": {
                    "ttl": 3888001,
                    "length": 13,
                    "prevalence": 0.00000693495703794115,
                    "uniqueness": 1
                },
                "pn-zone-4053324": {
                    "ttl": 3888001,
                    "length": 13,
                    "prevalence": 0.00000693495703794115,
                    "uniqueness": 1
                },
                "pn-zone-3948256": {
                    "ttl": 3888001,
                    "length": 13,
                    "prevalence": 0.00000693495703794115,
                    "uniqueness": 1
                },
                "pn-zone-3195787": {
                    "ttl": 3888001,
                    "length": 13,
                    "prevalence": 0.00000693495703794115,
                    "uniqueness": 1
                },
                "pn-zone-3169187": {
                    "ttl": 3888004,
                    "length": 13,
                    "prevalence": 0.0000138699140758823,
                    "uniqueness": 1
                },
                "pn-zone-4055350": {
                    "ttl": 3888002,
                    "length": 13,
                    "prevalence": 0.00000693495703794115,
                    "uniqueness": 1
                },
                "pn-zone-3164401": {
                    "ttl": 3888003,
                    "length": 13,
                    "prevalence": 0.00000693495703794115,
                    "uniqueness": 1
                },
                "pn-zone-3854855": {
                    "ttl": 3888000,
                    "length": 13,
                    "prevalence": 0.00000693495703794115,
                    "uniqueness": 1
                },
                "pn-zone-3726815": {
                    "ttl": 3888000,
                    "length": 13,
                    "prevalence": 0.00000693495703794115,
                    "uniqueness": 1
                },
                "pn-zone-3724299": {
                    "ttl": 3888004,
                    "length": 13,
                    "prevalence": 0.00000693495703794115,
                    "uniqueness": 1
                },
                "pn-zone-3184169": {
                    "ttl": 3888001,
                    "length": 13,
                    "prevalence": 0.00000693495703794115,
                    "uniqueness": 1
                },
                "pn-zone-3975710": {
                    "ttl": 3888003,
                    "length": 13,
                    "prevalence": 0.0000138699140758823,
                    "uniqueness": 1
                },
                "pn-zone-3873602": {
                    "ttl": 3888000,
                    "length": 13,
                    "prevalence": 0.00000693495703794115,
                    "uniqueness": 1
                },
                "pn-zone-4196012": {
                    "ttl": 3888002,
                    "length": 13,
                    "prevalence": 0.00000693495703794115,
                    "uniqueness": 1
                },
                "pn-zone-3724217": {
                    "ttl": 3888001,
                    "length": 13,
                    "prevalence": 0.00000693495703794115,
                    "uniqueness": 1
                },
                "pn-zone-3165197": {
                    "ttl": 3887999,
                    "length": 13,
                    "prevalence": 0.00000693495703794115,
                    "uniqueness": 1
                },
                "pn-zone-4166040": {
                    "ttl": 3888001,
                    "length": 13,
                    "prevalence": 0.00000693495703794115,
                    "uniqueness": 1
                },
                "pn-zone-4161890": {
                    "ttl": 3888001,
                    "length": 13,
                    "prevalence": 0.00000693495703794115,
                    "uniqueness": 1
                },
                "pn-zone-3870936": {
                    "ttl": 3888001,
                    "length": 13,
                    "prevalence": 0.00000693495703794115,
                    "uniqueness": 1
                },
                "pn-zone-3984766": {
                    "ttl": 3888002,
                    "length": 13,
                    "prevalence": 0.00000693495703794115,