{
    "domain": "wsod.com",
    "owner": {
        "name": "Markit Group Limited",
        "displayName": "Markit Group"
    },
    "source": [
        "DuckDuckGo-US"
    ],
    "prevalence": 0.000382,
    "sites": 55,
    "subdomains": [
        "ad",
        "tdameritrade"
    ],
    "cnames": [],
    "fingerprinting": 2,
    "resources": [
        {
            "rule": "wsod\\.com\\/pub\\/37693cfc748049e45d87b8c7d8b9aacd\\/0\\.0\\.async\\/",
            "cookies": 0,
            "fingerprinting": 2,
            "subdomains": [
                "ad"
            ],
            "apis": {
                "Navigator.prototype.mimeTypes": 15,
                "Screen.prototype.width": 15,
                "Screen.prototype.height": 15,
                "window.devicePixelRatio": 15
            },
            "sites": 15,
            "prevalence": 0.000104,
            "cnames": [],
            "responseHashes": [
                "ea656f80c28ef81ea887a7007df4eb5f78a7e3a1289de71b972100dcbccba702",
                "ac7a9b7bce90d83ceaf41018f37f59c883a00ba725b9f416f5856aa39a8cf55e",
                "fc661dd3e3b67765cf993e33f89fe4ddd83cdbd301924dee1434af4cb2a2fe4d",
                "b2bb5217ad560366b8c38b4aef5865f38bbef548396926c3d0372bee4fbd710d",
                "7811c55e8eb6b96a87e1cb4a22f61e94707858d4c7d94e27379cd7ddd4a0d817",
                "b515ea65df7585176ffe9fda80e97f9dab4f01e096e13a9ad78f6deb798d85da",
                "c64ef999ef082ab05aa67b33abc5e8bdb6db89f24663f4e377f90d925b2a4aaa",
                "452e3ec754b5c6087911ce1ae80a210d9538d044293c99b003d7ad1c8ac92a4e",
                "ce1cd2d840496c3cee577c955c96f1067ad1a88b6a1ba651382d081a1bfd004e",
                "2bf55f29589c5a5c2bfb3aab271a7700af7b4d89cbb0bdbf5263eb58b80086cf",
                "12ec49bb79e1c7561dbe8093e8735502a9a2568f234c978f244879c81fdf81bc",
                "efcbd2a80b876e10228270947bddb51d8cd3a943d74f202e68fd6e2a1fb1e46f",
                "cc3db9dcb0917e331cf85163140b85bece695cd9a9883fd16ca5744a1adade69",
                "5e6ed16ca89274baf6734b8e14055eb17cf429f0747edc8d48f62a15a6372e9f"
            ],
            "type": "Script",
            "firstPartyCookies": {},
            "firstPartyCookiesSent": {},
            "exampleSites": [
                "bipartisanreport.com",
                "futures.tradingcharts.com",
                "stocktwits.com",
                "topforeignstocks.com",
                "whalewisdom.com",
                "www.barchart.com",
                "www.benzinga.com",
                "www.finviz.com",
                "www.insidermonkey.com",
                "www.investmentwatchblog.com",
                "www.macrotrends.net",
                "www.nakedcapitalism.com",
                "www.otcmarkets.com",
                "www.realclearmarkets.com",
                "www.silverdoctors.com"
            ]
        },
        {
            "rule": "wsod\\.com\\/site\\/dc54d4678e62010da03e468039cfe826\\/0\\.0\\.async\\/",
            "cookies": 0,
            "fingerprinting": 2,
            "subdomains": [
                "ad"
            ],
            "apis": {
                "Navigator.prototype.mimeTypes": 5,
                "Screen.prototype.width": 5,
                "Screen.prototype.height": 5,
                "window.devicePixelRatio": 5
            },
            "sites": 5,
            "prevalence": 0.0000347,
            "cnames": [],
            "responseHashes": [
                "fc5948bf026f80a9ed5bcf089cce8c35b9f9499f59d470642e1e7893f026b3c9",
                "4d4b2c522052170c742534e9fa81319623b8ad5f2dcea8b8c83f985077486429",
                "12bbf7834848349560f1c7fc14d1d830bd1cfa23446641a7243ca3c9ab3ba655",
                "acca83b0f06f526c21fd36aa97726812cbec9c827583881e6a977e2f2e966cc0"
            ],
            "type": "Script",
            "firstPartyCookies": {},
            "firstPartyCookiesSent": {},
            "exampleSites": [
                "reuters.com",
                "de.reuters.com",
                "in.reuters.com",
                "uk.reuters.com",
                "www.reuters.com"
            ]
        },
        {
            "rule": "wsod\\.com\\/site\\/dc54d4678e62010da03e468039cfe826\\/1\\.0\\.async\\/1613497099;0,0,0;800x600x1;https%3A_@2F_@2Fwww\\.reuters\\.com_@2F_@3Fedition-redirect%3Dde;;;",
            "cookies": 0.0000139,
            "fingerprinting": 0,
            "subdomains": [
                "ad"
            ],
            "apis": {},
            "sites": 2,
            "prevalence": 0.0000139,
            "cnames": [],
            "responseHashes": [
                "a58fa3f61462b222d59d249dc1be14ba69dd17e1631c54ccca40ff4f267b2dac"
            ],
            "type": "Script",
            "firstPartyCookies": {},
            "firstPartyCookiesSent": {
                "get_top_level_domain_cookie": 0.000013891590031394994
            },
            "exampleSites": [
                "reuters.com",
                "de.reuters.com"
            ]
        },
        {
            "rule": "wsod\\.com\\/pub\\/9344781a98afc76efc86af58da31ccc3\\/0\\.0\\.async\\/",
            "cookies": 0,
            "fingerprinting": 2,
            "subdomains": [
                "ad"
            ],
            "apis": {
                "Navigator.prototype.mimeTypes": 2,
                "Screen.prototype.width": 2,
                "Screen.prototype.height": 2,
                "window.devicePixelRatio": 2
            },
            "sites": 2,
            "prevalence": 0.0000139,
            "cnames": [],
            "responseHashes": [
                "a7b54df17b6ebb5aae5ffea1196c3ca1c35716d7fa11d57bb947c61dc5fa50f7"
            ],
            "type": "Script",
            "firstPartyCookies": {},
            "firstPartyCookiesSent": {},
            "exampleSites": [
                "etfdb.com",
                "www.etftrends.com"
            ]
        },
        {
            "rule": "wsod\\.com\\/pub\\/d270ad52d0e8a39449c32782950c8cc9\\/0\\.0\\.async\\/",
            "cookies": 0,
            "fingerprinting": 2,
            "subdomains": [
                "ad"
            ],
            "apis": {
                "Navigator.prototype.mimeTypes": 3,
                "Screen.prototype.width": 3,
                "Screen.prototype.height": 3,
                "window.devicePixelRatio": 3
            },
            "sites": 3,
            "prevalence": 0.0000208,
            "cnames": [],
            "responseHashes": [
                "6fc33b040f401f7a94ac721c96fdc7ad67b8763ae934f6d60348ae9c23ff88db",
                "511dfc86625788ac946f2fbc08a9735314f939a7aefe97b4785f468023af5309"
            ],
            "type": "Script",
            "firstPartyCookies": {},
            "firstPartyCookiesSent": {},
            "exampleSites": [
                "ft.com",
                "rankings.ft.com",
                "www.ft.com"
            ]
        },
        {
            "rule": "wsod\\.com\\/site\\/d270ad52d0e8a39449c32782950c8cc9\\/0\\.0\\.async\\/",
            "cookies": 0,
            "fingerprinting": 2,
            "subdomains": [
                "ad"
            ],
            "apis": {
                "Navigator.prototype.mimeTypes": 2,
                "Screen.prototype.width": 2,
                "Screen.prototype.height": 2,
                "window.devicePixelRatio": 2
            },
            "sites": 2,
            "prevalence": 0.0000139,
            "cnames": [],
            "responseHashes": [
                "c77b280babc98dc89be165e823b4ee7cde6dacd2691756820046e1d9b78018bc"
            ],
            "type": "Script",
            "firstPartyCookies": {},
            "firstPartyCookiesSent": {},
            "exampleSites": [
                "ft.com",
                "markets.ft.com"
            ]
        },
        {
            "rule": "wsod\\.com\\/site\\/a5878a3d6f2be40db26311f6f8fb21a3\\/0\\.0\\.async\\/",
            "cookies": 0,
            "fingerprinting": 2,