{
    "domain": "xtr2020.com",
    "owner": {},
    "source": [
        "DuckDuckGo-US"
    ],
    "prevalence": 0.000364,
    "sites": 48,
    "subdomains": [],
    "cnames": [],
    "fingerprinting": 0,
    "resources": [
        {
            "rule": "xtr2020\\.com\\/resource",
            "cookies": 0.0000152,
            "fingerprinting": 0,
            "subdomains": [],
            "apis": {},
            "sites": 24,
            "prevalence": 0.000182,
            "cnames": [],
            "responseHashes": [
                "ad47b8680283dbfb9d26852305f15c6ffad7bead6c8da5b8844b4f5bcfcedd41",
                "60f4c3ceeaf5724a6501b6ca594e3a9f36f92d8153e3249f71b056ec5c5735b8",
                "107ab8957288b523a0a7a1742896c71210a3f3f78fe31598822d82422781618e",
                "ed58943f49fd52cfc51d6d614d3992a059e3037d4a9798218bdf443b5558c86c",
                "0c748beeac402ee2dab5f5fac5ca78bb83cc3f70ecef8e38c32ca371d4917cd2",
                "0b98f39577eb89cd592d504df3d027f16fda715723a9b55f372e13970fdd03db",
                "c593e6da2e79baf0980d10506c73b50824e8cd33f510011bce7eca580aa9b1d9",
                "45cbbe47d5aa70c1e52ffcfecbcd839ed00eee4f63eee95ba0514a8f03332087",
                "9b5c5ee9ebd141b646b428308b62af170c3950ff6f3717441105bdc93ee6999e",
                "3f1e000cafbf0fa3e40cbc0e12f0919a15f6de22c86c8a40aa38c68d3c7ff473",
                "62b1d7310e5fcfb8e2580542725c36b13f337e5acc2df05d8a5e2496635d8d1f",
                "152a8da207159377827d931da029243aab090a79c65c364454c4be5f4435ca22",
                "5e24ef63fb31319be9bf14506bb3421119400577d21c112236f19c76e950e071",
                "3a5b30dd3eb515d77a2121e36591e2d553e2b1b5cd4dc5718c0ab57643812267",
                "eb1f9014fe3a749a7fd02c630f85974069e6beafc11d0b09147212e7b37fc37e",
                "9e05b1196161699dc55b38b2cf67a7597f9acb5ddb70ed585f27ead6b2a3cefa",
                "b2db04bd79ef797e31db6431f697688314a4f0ad38ef3519b38ee130068cb375",
                "7f55b635b1ec50fbf0cea9145a80d9ec9de9aecb1c067bf96fe5ab23d9fd17bd",
                "23c3705a9b596ac17433bce308be54e413d52218aefb6cb4156c78e42bc7c470",
                "74ccc10c1444a264b434d4cb998bffb1698447b327cf8a0d0e16ad9fe279d0e8",
                "8d5ed605c0605de8019ac3f7ef306630112a39ea904131c6070f1ea2fb28d8f2",
                "2b803d970180d5d2c6bf000b6152678a7fa0e4f1532f9b4f2a51eb55e1e36ee0",
                "6403b0a39232e180ac978740383aebb2441aa4f08b9612a64c5573db65639a8f"
            ]
        }
    ],
    "categories": [],
    "performance": {},
    "cookies": 0.000144,
    "types": {
        "Document": 24
    }
}