{
    "domain": "xtremepush.com",
    "owner": {},
    "source": [
        "DuckDuckGo-US"
    ],
    "prevalence": 0.000118,
    "sites": 17,
    "subdomains": [
        "api",
        "sdk.us"
    ],
    "cnames": [],
    "fingerprinting": 0,
    "resources": [
        {
            "rule": "xtremepush\\.com\\/push\\/api\\/deviceCreate",
            "cookies": 0.0000764,
            "fingerprinting": 0,
            "subdomains": [
                "api",
                "sdk.us"
            ],
            "apis": {},
            "sites": 11,
            "prevalence": 0.0000764,
            "cnames": [],
            "responseHashes": [
                "99b3077d600c709f4eba9187e46b588e713e3fbb54b1694997a757b7e851e72a",
                "ac4391571e486084517e1b010603357e18e39f90a7723c540a51179d30e2e6c6",
                "2311c207cc00f9148841538ef6371f446ec8239fe8861e94b347af651980af2f",
                "2f84350e8921479218a1681abf90bb8d7849d64564fe9d8cacd398019c18965b",
                "ffeecd9832dc0e504554b74eaa539f935bbfe2e878b5defe1e14e8601a958244",
                "305b47ae3a9a51efdfae5e9ce3e59232d859c8a3f2b0aac6c6de0ad347d558ed",
                "4eb52d1780939e3a52659c594ef5e2d7537cddeec006be01281803453da5a664",
                "373ca633b2191cd60e23f186b7fc7f1e7914caee5198c0d08685bc78bbc33f53",
                "acea2fd7896f15809816f5c8208779fa153057bba4ab5c35663fa48f95734bbb",
                "fcecf3faa18b8ec612fb371c67400de449eee2cfa7f8e057f03bc1814ab7b1b6"
            ],
            "type": "XHR",
            "firstPartyCookies": {},
            "firstPartyCookiesSent": {},
            "exampleSites": [
                "a1.ro",
                "entertainment.ie",
                "lovindublin.com",
                "www.betonline.ag",
                "www.casino.org",
                "www.gametwist.com",
                "www.garageclothing.com",
                "www.irishtimes.com",
                "www.oddschecker.com",
                "www.pokernews.com",
                "www.wowcher.co.uk"
            ]
        },
        {
            "rule": "xtremepush\\.com\\/push\\/api\\/deviceUpdate",
            "cookies": 0.0000764,
            "fingerprinting": 0,
            "subdomains": [
                "api",
                "sdk.us"
            ],
            "apis": {},
            "sites": 11,
            "prevalence": 0.0000764,
            "cnames": [],
            "responseHashes": [
                "27e036d652e13e650640702137a1ea2a0daaa353981f9b8c980f8308ec03f303",
                "b86fc49276d40bef0625ae032e0c3a6552bd27faebb491743340fa9a938733ff",
                "86ac31f08c8a2135fcf914c0bc60f2b4c3f3a90411745759aa3d0d416ee42dbe",
                "2ca1750c8bdf9fa570d8f7f1f80dd15d42fe05549322caa1c90802486f10d751",
                "06b55d6b3883e30cb400c207409bb83b3bb9f143464249255c31626f82566fbb",
                "cfe580169d6d47260c33f33cb75965b9c0cd98e0c941dbe01d82cd6097cd4d03",
                "4020287ccc1a5783c07a9fa3040836b233051fae2be038b31dda38fb78dec793",
                "67219a8d7fe30a5518e40174cb0f1284e63a2480b72a156b8459181901d8318c",
                "9fb03b36e71d410aa010dfbc5868e25889a20e0edeff0b275247721c0f633fd4",
                "879308ea37535943d58170096752f0fa2978f9007094db855a7ceb87f3052852"
            ],
            "type": "XHR",
            "firstPartyCookies": {},
            "firstPartyCookiesSent": {},
            "exampleSites": [
                "a1.ro",
                "entertainment.ie",
                "lovindublin.com",
                "www.betonline.ag",
                "www.casino.org",
                "www.gametwist.com",
                "www.garageclothing.com",
                "www.irishtimes.com",
                "www.oddschecker.com",
                "www.pokernews.com",
                "www.wowcher.co.uk"
            ]
        },
        {
            "rule": "xtremepush\\.com\\/push\\/api\\/tagsHit",
            "cookies": 0,
            "fingerprinting": 0,
            "subdomains": [
                "api",
                "sdk.us"
            ],
            "apis": {},
            "sites": 4,
            "prevalence": 0.0000278,
            "cnames": [],
            "responseHashes": [
                "c45a028de3a2300505525cd88472d041fc1039493ea8f21f91eac6c1f52ea74c"
            ],
            "type": "XHR",
            "firstPartyCookies": {},
            "firstPartyCookiesSent": {},
            "exampleSites": [
                "entertainment.ie",
                "www.garageclothing.com",
                "www.oddschecker.com",
                "www.wowcher.co.uk"
            ]
        },
        {
            "rule": "xtremepush\\.com\\/push\\/api\\/eventHit",
            "cookies": 0.0000208,
            "fingerprinting": 0,
            "subdomains": [
                "api",
                "sdk.us"
            ],
            "apis": {},
            "sites": 3,
            "prevalence": 0.0000208,
            "cnames": [],
            "responseHashes": [
                "ed91436df65a32d3279eeef148d78d04bbb1126339fb56b572113478860c0642"
            ],
            "type": "XHR",
            "firstPartyCookies": {},
            "firstPartyCookiesSent": {},
            "exampleSites": [
                "entertainment.ie",
                "www.garageclothing.com",
                "www.oddschecker.com"
            ]
        }
    ],
    "categories": [],
    "performance": {
        "time": 0,
        "size": 0,
        "cpu": 0,
        "cache": 3
    },
    "cookies": 0.000118,
    "types": {
        "XHR": 29
    },
    "nameservers": [
        "ns-1751.awsdns-26.co.uk",
        "ns-781.awsdns-33.net",
        "ns-112.awsdns-14.com",
        "ns-1451.awsdns-53.org"
    ]
}