{
    "domain": "xxxthvip.com",
    "owner": {},
    "source": [
        "DuckDuckGo-US"
    ],
    "prevalence": 0.000038,
    "sites": 5,
    "subdomains": [
        "www"
    ],
    "cnames": [],
    "fingerprinting": 0,
    "resources": [
        {
            "rule": "xxxthvip\\.com\\/wp-content\\/uploads\\/2018\\/01\\/Hello-Kitty-%E0%B8%AA%E0%B8%B2%E0%B8%A7%E0%B8%99%E0%B9%89%E0%B8%AD%E0%B8%A2-%E0%B9%82%E0%B8%8A%E0%B8%A7%E0%B9%8C%E0%B8%81%E0%B8%B2%E0%B8%A3%E0%B8%95%E0%B8%81%E0%B9%80%E0%B8%9A%E0%B9%87%E0%B8%94\\.png",
            "cookies": 0.0000304,
            "fingerprinting": 0,
            "subdomains": [
                "www"
            ],
            "apis": {},
            "sites": 5,
            "prevalence": 0.000038,
            "cnames": [],
            "responseHashes": [
                "47765723cbbf83499daffab782946262827890f34088ec1501125ee52df3b75e"
            ]
        },
        {
            "rule": "xxxthvip\\.com\\/wp-content\\/uploads\\/2019\\/05\\/%E0%B8%A7%E0%B8%B1%E0%B8%A2%E0%B8%A3%E0%B8%B8%E0%B9%88%E0%B8%99-%E0%B9%82%E0%B8%94%E0%B8%99%E0%B9%80%E0%B8%9B%E0%B8%B4%E0%B8%94%E0%B8%8B%E0%B8%B4%E0%B8%87-%E0%B9%82%E0%B8%94%E0%B8%99%E0%B9%81%E0%B8%97%E0%B8%87%E0%B8%81%E0%B9%87%E0%B9%80%E0%B8%88%E0%B9%87%E0%B8%9A-%E0%B8%A3%E0%B9%89%E0%B8%AD%E0%B8%87%E0%B9%84%E0%B8%A1%E0%B9%88%E0%B8%AB%E0%B8%A2%E0%B8%B8%E0%B8%94-%E0%B8%99%E0%B9%88%E0%B8%B2%E0%B8%AA%E0%B8%87%E0%B8%AA%E0%B8%B2%E0%B8%A3\\.png",
            "cookies": 0.0000228,
            "fingerprinting": 0,
            "subdomains": [
                "www"
            ],
            "apis": {},
            "sites": 3,
            "prevalence": 0.0000228,
            "cnames": [],
            "responseHashes": [
                "1564cf4be898571b469ec2bccc84e15dc06deb4a21ad439db855dfe56ef20c93"
            ]
        },
        {
            "rule": "xxxthvip\\.com\\/favicon\\.ico",
            "cookies": 0.0000228,
            "fingerprinting": 0,
            "subdomains": [
                "www"
            ],
            "apis": {},
            "sites": 4,
            "prevalence": 0.0000304,
            "cnames": [],
            "responseHashes": [
                "e3b0c44298fc1c149afbf4c8996fb92427ae41e4649b934ca495991b7852b855"
            ]
        }
    ],
    "categories": [],
    "performance": {
        "time": 0,
        "size": 0,
        "cpu": 0,
        "cache": 0
    },
    "cookies": 0.000038,
    "types": {
        "Image": 12
    }
}