{
    "domain": "ylx-2.com",
    "owner": {
        "name": "YLLIX INC",
        "displayName": "YLLIX"
    },
    "source": [
        "DuckDuckGo-US"
    ],
    "prevalence": 0.000213,
    "sites": 28,
    "subdomains": [],
    "cnames": [],
    "fingerprinting": 0,
    "resources": [
        {
            "rule": "ylx-2\\.com\\/bnr_xload\\.php",
            "cookies": 0.0000989,
            "fingerprinting": 0,
            "subdomains": [],
            "apis": {},
            "sites": 14,
            "prevalence": 0.000106,
            "cnames": [],
            "responseHashes": [
                "667524b6e60eadc8406f27624254b909122683b31154641d4d94543b30f95b70",
                "d943d2d08b77cfe4ab75b0c7e729a6833b14319e3e0a3f48f52f5f86686fa08f",
                "790fcc9022e65cd71bb0cb7c3e62eae8c6814bac3c3da17c45231411359411d4",
                "0c12c85810de1ec72c15dbf885d1d13a82ef0d799f9994127693de0846c57c39",
                "b47bd0963b763b70dff47fff035e2c4b2db566f3c06973b898f09d2773084e83",
                "1eac18f0882a28bd02c3be490311b4df1e50d8bc80afb985c9ddab4260811010",
                "5f2e06eddecc2cd274a39d9ac1510e3f3f4944c755beedca2d6dce675687005b",
                "77dc15f810f577913cd4d52fe1560f78225cafa0743ce5e2d4ded909f4aa3ace",
                "8de9942baf4f4a9fdcd1b8336435d922b107a969dda0aa46708830dd8f60a382",
                "031c724bf3ff8e9a1573b9afb467ce47567760e7cc633304b2d9ed83ef8d8491",
                "422e4c2a016261ccb3e2b738b2bfc5d9a891f27b0f54a8c34f471048c521886e",
                "4cd96587cd54538798e23277b317a719e541fc26ec1b1fd3f660ef65c211e3f5",
                "b4a9edcc5823c6930a62428f89d78957950681bd8c953663d702b22bbbfdd19f"
            ],
            "type": "Document",
            "exampleSites": [
                "bfload.xyz",
                "bokepjawa.icu",
                "gratis33.top",
                "hotsd.icu",
                "kamarsd.xyz",
                "kumpulanbokep.xyz",
                "livehot.xyz",
                "livevidio.xyz",
                "nontonbf.xyz",
                "sdhot.icu",
                "sdbugil.xyz",
                "sexterbaru.xyz",
                "vidiolive.xyz",
                "viralbf.xyz"
            ]
        }
    ],
    "categories": [],
    "performance": {
        "time": 1,
        "size": 1,
        "cpu": 0,
        "cache": 3
    },
    "cookies": 0.000198,
    "types": {
        "Document": 14
    }
}