{
    "domain": "ylx-2.com",
    "owner": {
        "name": "YLLIX INC",
        "displayName": "YLLIX"
    },
    "source": [
        "DuckDuckGo-US"
    ],
    "prevalence": 0.000106,
    "sites": 14,
    "subdomains": [],
    "cnames": [],
    "fingerprinting": 0,
    "resources": [
        {
            "rule": "ylx-2\\.com\\/bnr_xload\\.php",
            "cookies": 0.0000532,
            "fingerprinting": 0,
            "subdomains": [],
            "apis": {},
            "sites": 7,
            "prevalence": 0.0000532,
            "cnames": [],
            "responseHashes": [
                "0f4a4ad56b6a4ebf42009490c52a33dc6ed033a6a79bb2bc326dedcfe6512986",
                "471a57e320afa6a10d4855e467e181ed73f4c2fd418be7774955c71544c44594",
                "beb1cdec3bcd14b944ed2d33e0d57f7e7474838e64da47b197180e6d3cb5b678",
                "fb4d6a3b7abcccc4ce944bdac7342d1e10cf5906bbb653d24ad49af38e209a6e",
                "a4163b4390e49730bbe805e39683a32af914d9a63f530b6134cbfa53c8da0eba",
                "01c170fc7ce383e4c12a2f3c2ceda3799140989ee5d93fcd5fcf305d1c6dc82f"
            ],
            "type": "Document",
            "exampleSites": [
                "indobokep.icu",
                "indolive.xyz",
                "mekisd.xyz",
                "nontonsd.xyz",
                "nontonbf.xyz",
                "nurulsex.xyz",
                "sdhot.icu"
            ]
        }
    ],
    "categories": [],
    "performance": {
        "time": 1,
        "size": 1,
        "cpu": 0,
        "cache": 3
    },
    "cookies": 0.000106,
    "types": {
        "Document": 7
    }
}