{
    "domain": "aaxads.com",
    "owner": {
        "name": "Acceptable Ads Exchange",
        "displayName": "Acceptable Ads Exchange"
    },
    "source": [
        "DuckDuckGo-NL"
    ],
    "prevalence": 0.00321,
    "sites": 32,
    "subdomains": [
        "c",
        "l3"
    ],
    "cnames": [],
    "fingerprinting": 2,
    "resources": [
        {
            "rule": "aaxads\\.com\\/aax\\.js",
            "cookies": 0.00301,
            "fingerprinting": 1,
            "subdomains": [
                "c"
            ],
            "apis": {
                "Navigator.prototype.userAgent": 30,
                "Date.prototype.getTimezoneOffset": 30,
                "window.sessionStorage": 30,
                "Date.prototype.getTime": 30,
                "Document.cookie getter": 28,
                "window.localStorage": 30,
                "Document.cookie setter": 27
            },
            "sites": 32,
            "prevalence": 0.00321,
            "cnames": [],
            "responseHashes": [
                "5d029881e06c083665df041cf02827f65ead362d738a8e980fa2347c4406ba55",
                "9954bdd01ca66414df89adfa8850597c5575e8dcdbda3e51f4cf0421b783c3f5",
                "d62fdf55bb3d8529713264d7bd5fcba9241017ee4afa6e000b8a733916f7fe14",
                "70da44b7f2dbf7d6166d793f585d249a70578259f747302d30b7223b4e80574b",
                "b9cdebbaec4da65614f33657c739d18b50f34f2bd354b77879128433efa8dd9f",
                "b67251e0a388cbb4975c5945d47000e7549d5e3a2ec58048d4d2a38cc8d45ebf",
                "bfa7229c1599d2fc6af25d51f00a9b9b93588e639ea2bef5eef75863d5031742",
                "4ea0f541f6c1b1f87165c74d4ffece7c681a702df27c5cf1367faa579cd1df54",
                "fbb679f2179ffb801dd0103011d014118bedab53f06efc8dea27e6d11d20bf6e",
                "97c771b9ae6d6e5e934acc8a2e4ec437959c2343b057c7eed0429622f2cc4c00",
                "9c37c5c21732bdfc9905ed2cb27e0a84acb313878a24404ae5d2a0d42fb59769",
                "a6b9390d73d0d36a435cddd9adf8bef1c92f4fa3ecccad4b4d13fe390a8f7792",
                "15ab23d1318cd8f782cd724f132cd2ab674c85170ebd14d47d5603e766dee881",
                "81c8b261c4cd44a1aa7a317ae0f87890c16053aa929f16b36694826c420f48ed",
                "44136fa355b3678a1146ad16f7e8649e94fb4fc21fe77e8310c060f61caaff8a",
                "23402a9d4ec22f432a09799511eac2dddd0644f4c66759d3d627af47510f552a",
                "0b270c9be9ff21f01338fe48e018f77d40e47e941c269ca0395883ff708918a2",
                "5ef2f2c988a3115563a850b8c374361cc38ad4d4fc499962f433326fe5bc7d7e",
                "f8e675f8f68b2742ba792f97d9c254faced2d21af75601d5fa27c84c680f9184",
                "9de3ee93677d91a0dfdfe5688656304816721d98f1985a30d62a3c38be42ba9e",
                "75aa1f697a529592c72bc277d49e0eaf267a368bae4c35803037578802c7ed2a",
                "4740e4b67a0bb7bb0632922b048f7a4e74c410c2a75d9f90f326daaeb51b4607",
                "64f161157da714118d29fc679583f26ce68ac1bf19718246f8c6fd7fa4a0f049",
                "cea29c9ef47a10ff2b839d8183dc29fe01e70b03ac4be0c136f4f2df5b8b96b2",
                "03fc418e6f30bbff71ffc4afdd6b307c7979048d21566d3d56779a64aa35c94e",
                "8e8c08b366742cebbcbace4437fcf4c724655fac0ed91d6c8acec2ea0d9ab10a",
                "eac3687e4d3e03c922a0480b73823ced667ab8fc585401430e942a31e7286f3c",
                "968fd81b9a064512a3e03757f705f36df6c1b51cac5468a67f67877a68914411",
                "4a5fb7887f43ce672e6f2fddc578d9f95f0a628a868d9de15a78d7853ce2e3a5",
                "f91ee81b56d87e9c96e47f5f6eb2c8e83524a2bf089d203978f2fbd5860c4c60"
            ],
            "type": "Script",
            "firstPartyCookies": {
                "__aaxsc": {
                    "ttl": null,
                    "length": 1,
                    "prevalence": 0.002611228281610927,
                    "uniqueness": 0.038461538461538464
                },
                "aasd": {
                    "ttl": null,
                    "length": 17,
                    "prevalence": 0.00040172742794014263,
                    "uniqueness": 1
                }
            },
            "firstPartyCookiesSent": {
                "get_top_level_domain_cookie": 0.00010043185698503566
            },
            "exampleSites": [
                "seekingalpha.com",
                "www.mapquest.com",
                "www.gamerevolution.com",
                "gamepress.gg",
                "ezgif.com",
                "letterboxd.com",
                "www.ranker.com",
                "www.billboard.com",
                "www.macworld.co.uk",
                "filehippo.com",
                "www.majorgeeks.com",
                "www.yekbot.com",
                "www.androidauthority.com",
                "gramho.com",
                "ccm.net",
                "www.boredpanda.com",
                "jbzd.com.pl",
                "nl.ccm.net",
                "www.askmen.com",
                "www.monstersandcritics.com"
            ]
        },
        {
            "rule": "aaxads\\.com\\/pxusr\\.gif",
            "cookies": 0,
            "fingerprinting": 0,
            "subdomains": [
                "c"
            ],
            "apis": {},
            "sites": 30,
            "prevalence": 0.00301,
            "cnames": [],
            "responseHashes": [
                "8ac1703c1c34b2be426deda409d39258f82fae17f13e645f377f337a954aedde"
            ],
            "type": "Image",
            "firstPartyCookies": {},
            "firstPartyCookiesSent": {},
            "exampleSites": [
                "seekingalpha.com",
                "www.mapquest.com",
                "filehippo.com",
                "www.supercheats.com",
                "www.insidermonkey.com",
                "www.askmen.com",
                "windowsreport.com",
                "gamepress.gg",
                "nl.ccm.net",
                "www.androidauthority.com",
                "www.monstersandcritics.com",
                "gramho.com",
                "www.yekbot.com",
                "www.boredpanda.com",
                "www.ghacks.net",
                "www.gamerevolution.com",
                "www.albumoftheyear.org",
                "webwereld.nl",
                "letterboxd.com",
                "www.majorgeeks.com"
            ]
        },
        {
            "rule": "aaxads\\.com\\/log",
            "cookies": 0,
            "fingerprinting": 0,
            "subdomains": [
                "l3"
            ],
            "apis": {},
            "sites": 29,
            "prevalence": 0.00291,
            "cnames": [],
            "responseHashes": [
                "796c46ec10bc9105545f6f90d51593921b69956bd9087eb72bee83f40ad86f90"
            ],
            "type": "Image",
            "firstPartyCookies": {},
            "firstPartyCookiesSent": {
                "euconsent-v2": 0.00030129557095510696
            },
            "exampleSites": [
                "seekingalpha.com",
                "www.mapquest.com",
                "www.androidauthority.com",
                "www.supercheats.com",
                "ccm.net",
                "www.ghacks.net",
                "letterboxd.com",
                "www.yekbot.com",
                "www.boredpanda.com",
                "www.cplusplus.com",
                "www.wetteronline.de",
                "gamepress.gg",
                "finviz.com",
                "www.majorgeeks.com",
                "jbzd.com.pl",
                "www.gamerevolution.com",
                "www.albumoftheyear.org",
                "webwereld.nl",
                "filehippo.com",
                "ezgif.com"
            ]
        }
    ],
    "categories": [],
    "performance": {
        "time": 1,
        "size": 1,
        "cpu": 0,
        "cache": 3
    },
    "cookies": 0.00301,
    "types": {
        "Script": 32,
        "Image": 59
    },
    "nameservers": [
        "ns1-109.akam.net",
        "usc4.akam.net",
        "ns1-106.akam.net"
    ]
}