{
    "domain": "aaxads.com",
    "owner": {
        "name": "Acceptable Ads Exchange",
        "displayName": "Acceptable Ads Exchange"
    },
    "source": [
        "DuckDuckGo-NL"
    ],
    "prevalence": 0.00373,
    "sites": 37,
    "subdomains": [
        "c",
        "l3"
    ],
    "cnames": [],
    "fingerprinting": 2,
    "resources": [
        {
            "rule": "aaxads\\.com\\/aax\\.js",
            "cookies": 0.00363,
            "fingerprinting": 2,
            "subdomains": [
                "c"
            ],
            "apis": {
                "Navigator.prototype.userAgent": 35,
                "Date.prototype.getTimezoneOffset": 34,
                "window.sessionStorage": 34,
                "Date.prototype.getTime": 35,
                "window.localStorage": 35,
                "Document.cookie getter": 30,
                "Document.cookie setter": 30,
                "Screen.prototype.width": 1,
                "Screen.prototype.height": 1,
                "Navigator.prototype.vendor": 1
            },
            "sites": 37,
            "prevalence": 0.00373,
            "cnames": [],
            "responseHashes": [
                "62e86f381ab77fafe1ca89e61ae51767eddd6cd372c5a6a3ff7c59a0ed2d1537",
                "b8773eac1786ee4e692cf1af8163efc4226cf0deb469b6dcb9a21c552daee490",
                "4cb98b13a40cb1a93d2a47513a8337e6421550fe731b1c8c68a926dbb80f8f47",
                "846e21cca99b7cba5de39bd892dce26af097af62b3a86050395b5b7058501319",
                "b53eb1648fa725e6f33e4a6c5790468b0bbc19364aacd2463b386b31b0925a22",
                "81f5c948be9c93086ba3c0f7eeaa2497c733c80c1fbea712e697bc9b5b55848c",
                "2621485eb0cb8e514eadb647dd97870987f54bbae700d909513c4f2d12fb4095",
                "370072f362e523f1800d56b5a80d04018cdf73e5884a130fc1cc51fad8eda336",
                "08769919aff74abdc5ecbd0e13465154dd359991d2974467895628d0937ae633",
                "2febb0a15bc4a6fd1fbff3b922f4c415fb7dbe6f05cafee862312d575ac07101",
                "9b17f2559021cdd3e08e634f1542def679c77fb3d4d655ff57c3d29722cd8e9a",
                "472d84143ed8d875451d21355a694f65af7274e9e4af17f2b3cd7be4e2053595",
                "fdd6b193094423a3dcbe5bb81a058b173d2f9ce544a121eed1fe91395a02236a",
                "630c755cac18a17718622d22854ba29fc20fa4a9e99cccdc2506ac34087ceb51",
                "09c1fb735dc9b730f67e849aaace4a3884cd1c7cc1375a7768632cbb1057d56d",
                "6177c1552c7298aa9f7083eab85734672d05e53cf23a3d7c13d5dd098640ae11",
                "4faf85bdc7d1a9cb1dc52b0162c638067b177d12c2d45ff3baaae0dd5ca8e9ab",
                "e2acb9feb110b209f555503966f85ef1d0c47ed05c2529434c5388e7a32afd77",
                "80451f3d3377dd8c25c3e38200136806a09499b9dc3ec1c4195345f88f5705b6",
                "f047ff4e24eaa2960ce6640e57003ef9542977f5d5c7f7a38b60fd8101b891d0",
                "a072e89defdeec0a25fd4899cac563da3f9d01d3a8414d38dafd6b2f25fd5ddf",
                "8eea1b18d0d703d3d7e396ea42428d4a9f07f2c0cde56e555fc7a9eec6a41ce5",
                "19981d567b29bfb12f77cc17ace3244dc12fd1c761fed287a1dad72ed5606221",
                "b1b8d4be0ea7c9ef576dcb7f3c6f5d137e054b8b4f2c15fd7501e79b0366018c",
                "951cfda82d02c2bbe1936d41267c487a1912d3e13c567ffe396c79f632c9d9e0",
                "11dc500b983cfa455a0ee9935ed64db93ee30a58e1a793ed7f5b9d2daaf4b22c",
                "3e7e90c69e0b2926dbe69b7f34c3cde1a8f5535deff4b690d5fdeff2910054bf",
                "307ae9af2d027cd2f98245fb3ffd47f52c17bb4dd174a25f06b4e219f32c674e",
                "8036ccb03cee28ed31ab6d879cb8dc7ce1ad7733c4cd01503e5e70f6892e1e34",
                "c7a42d45e49fb68cb73eb54f475174fcec6134e87079b11451705677c90890d4",
                "0fc3dcc08a9de1d1d0003f5802ae6459504986e413cf9ca7c412c42d35ca4df5",
                "35fc015ece4b52541e5cf87724bd573f5afea5aea251523f33918bb82dae3768",
                "e45098c87857144898cc949c2a1963e4eae563c83aa2e846625102d507e1c32e",
                "6abcd1b575da84be6d84cee716ceebb0ab5e78904ec69e5e639a77592cc6d197"
            ],
            "type": "Script",
            "firstPartyCookies": {
                "aasd": {
                    "ttl": null,
                    "length": 17,
                    "prevalence": 0.003020843822374383,
                    "uniqueness": 1
                },
                "__aaxsc": {
                    "ttl": null,
                    "length": 1,
                    "prevalence": 0.0026180646460577986,
                    "uniqueness": 0.11538461538461539
                }
            },
            "firstPartyCookiesSent": {
                "_li_dcdm_c": 0.0002013895881582922
            },
            "exampleSites": [
                "m.ranker.com",
                "seekingalpha.com",
                "www.mapquest.com",
                "www.reddit.com",
                "www.cplusplus.com",
                "www.boredpanda.com",
                "softonic.com",
                "dotesports.com",
                "www.billboard.com",
                "www.convertunits.com",
                "windowsreport.com",
                "www.sammobile.com",
                "www.stuff.co.nz",
                "en.softonic.com",
                "nl.ccm.net",
                "www.softonic.nl",
                "www.gamerevolution.com",
                "www.monstersandcritics.com",
                "progameguides.com",
                "gamepress.gg"
            ]
        },
        {
            "rule": "aaxads\\.com\\/pxusr\\.gif",
            "cookies": 0,
            "fingerprinting": 0,
            "subdomains": [
                "c"
            ],
            "apis": {},
            "sites": 35,
            "prevalence": 0.00352,
            "cnames": [],
            "responseHashes": [
                "8ac1703c1c34b2be426deda409d39258f82fae17f13e645f377f337a954aedde"
            ],
            "type": "Image",
            "firstPartyCookies": {},
            "firstPartyCookiesSent": {},
            "exampleSites": [
                "m.ranker.com",
                "seekingalpha.com",
                "www.mapquest.com",
                "www.reddit.com",
                "www.xgn.nl",
                "www.stuff.co.nz",
                "old.reddit.com",
                "dotesports.com",
                "progameguides.com",
                "letterboxd.com",
                "www.sammobile.com",
                "www.softonic.nl",
                "www.majorgeeks.com",
                "gamepress.gg",
                "www.askmen.com",
                "www.boredpanda.com",
                "gbatemp.net",
                "brickset.com",
                "www.ghacks.net",
                "en.softonic.com"
            ]
        },
        {
            "rule": "aaxads\\.com\\/log",
            "cookies": 0,
            "fingerprinting": 0,
            "subdomains": [
                "l3"
            ],
            "apis": {},
            "sites": 32,
            "prevalence": 0.00322,
            "cnames": [],
            "responseHashes": [
                "796c46ec10bc9105545f6f90d51593921b69956bd9087eb72bee83f40ad86f90"
            ],
            "type": "Image",
            "firstPartyCookies": {},
            "firstPartyCookiesSent": {
                "_li_dcdm_c": 0.0001006947940791461,
                "euconsent-v2": 0.0001006947940791461
            },