{
    "domain": "adcalls.nl",
    "owner": {},
    "source": [
        "DuckDuckGo-NL"
    ],
    "prevalence": 0.00161,
    "sites": 16,
    "subdomains": [
        "api"
    ],
    "cnames": [],
    "fingerprinting": 1,
    "resources": [
        {
            "rule": "adcalls\\.nl\\/API\\/v2\\/createCookie\\.json",
            "cookies": 0,
            "fingerprinting": 0,
            "subdomains": [
                "api"
            ],
            "apis": {},
            "sites": 12,
            "prevalence": 0.0012,
            "cnames": [],
            "responseHashes": [
                "add48d3d03e861012fce454ed5a95bb9c4f7bf6b96b81220d9441b444aaf0baf",
                "e0d70683cd11de856a32011e98275c6b94ecaba9bf59f9f47355a37a6333aa76",
                "5c804e90a2b58876165a92fefd53644413e3d026dae1bf7c8c42a741b1ca6679",
                "02fd87409265b31ba8872a5acd7d12c8b8f34476a1da1e7360ed055ec820a887",
                "75b2594fe1f1ff15aef0026c095c4c337c0d0a78f52c743af208e7bbccd60867",
                "52ed5c01734412baa746711cf3e12203523b3b058c096dbe319527cd7d7bd484",
                "67b72c62cca40802e6c0883c656b0beed9844b3c54438935194fa00a48788baa",
                "6e33bf140a8915fa5d287789086537934db89cf6cb420b1553f387fe2a5cda2b",
                "c883eeab9c292c032ed82ae82c32f1b144cb90dc7b096267d0ef464ef9b2b075",
                "735616054725acf98df301c7f97c11e8ce89e225bee1ae58305e351d70009c57",
                "7db43d04422fd966b6766d24c1e16898564b776fd032b6c56b0b06280b08477a"
            ],
            "type": "XHR",
            "firstPartyCookies": {},
            "firstPartyCookiesSent": {
                "_ga": 0.0007028112449799197
            },
            "exampleSites": [
                "serviceright-autos.nl",
                "vandebron.nl",
                "www.das.nl",
                "www.dela.nl",
                "www.diks.nl",
                "www.glas.nl",
                "www.judex.nl",
                "www.laminaatenparket.nl",
                "www.schoonenberg.nl",
                "www.viabovag.nl",
                "www.vanmossel.nl",
                "www.vvvcadeaukaarten.nl"
            ]
        }
    ],
    "categories": [],
    "performance": {},
    "cookies": 0.000904,
    "types": {
        "XHR": 12
    },
    "nameservers": [
        "ns01.nexthost.nl",
        "ns02.nexthost.nl"
    ]
}