{
    "domain": "addwish.com",
    "owner": {},
    "source": [
        "DuckDuckGo-NL"
    ],
    "prevalence": 0.00161,
    "sites": 16,
    "subdomains": [
        "www"
    ],
    "cnames": [],
    "fingerprinting": 0,
    "resources": [
        {
            "rule": "addwish\\.com\\/api\\/v1\\/addwishId",
            "cookies": 0.00161,
            "fingerprinting": 0,
            "subdomains": [
                "www"
            ],
            "apis": {},
            "sites": 16,
            "prevalence": 0.00161,
            "cnames": [],
            "responseHashes": [
                "4dbbd49342c23028cb20be01ad94ec2fc0d1d1ef46300d2f3426cbc7b4daef4a",
                "57f7d1eada9cdd39d75abd53b2b031888b9e72a2519a715c77c8c6cd3950ef7b",
                "a090e272356348e411db3d5347db2b458a99f2a76be1c8e991c1312706552eb5",
                "4b17d61c0ca685a074cfa738e0d3c1d1d6fe25ba101b9c770e7834cfb68f248f",
                "71637690d6f10c2dc636c75ba67af879c6cdd688e39ba4f7c4fa23faa80980a8",
                "f6dda066a9c23ffd3085b4950efb1dbd72287075c576ca6323f39b86813e5c5a",
                "9ea539e36abd4236b982d99b1e5f9f58970d301674e89f28fc9c77cf0c4195f7",
                "6ef54314f7701e013108d09cc6b6e8b65ee3748dd182aff1ab3eec214430f8f8",
                "13f2d117b1643a0385a73eaefca109100a79f9e77e82e946b923c5bce8412ddd",
                "329e4157c798ff266fd5868fd5dc9a64d45e37262e412e43679c12d0d0d882ee",
                "8eba54c7fca8ae2119583756b11eb12db35f41a83c149d57666980a7ec6535b4",
                "93361cb38afb3c8a13d46d0e269dcf18f17a39e195fe6e46e98d501da09f23fd",
                "1b8aed8737bd0e2a67a1c3280f85c3ce1b1bc9e400c5bd76e3c2e33256787a90",
                "45ff6421be5602ed7f46163f3f780c6d2a99b8aee710ef8e94c205ae2185b137",
                "84ce3989f70e96f89fde584e616ebfb3078b1f4a75372baa406d53e8be80112d"
            ],
            "type": "XHR",
            "firstPartyCookies": {},
            "firstPartyCookiesSent": {},
            "exampleSites": [
                "avh-outdoor.nl",
                "www.brekz.nl",
                "www.fietsbandonline.nl",
                "www.fietsonline.com",
                "www.graszaaddirect.nl",
                "www.hifiklubben.nl",
                "www.livera.nl",
                "www.merkala.nl",
                "www.onlinekabelshop.nl",
                "www.penstore.nl",
                "www.onlineskateshop.nl",
                "www.puurmieke.nl",
                "www.sossolutions.nl",
                "www.superfoodsonline.nl",
                "www.tuindirect.com",
                "www.tuinhoutdiscount.nl"
            ]
        },
        {
            "rule": "addwish\\.com\\/partner\\/init\\.html",
            "cookies": 0.00151,
            "fingerprinting": 0,
            "subdomains": [
                "www"
            ],
            "apis": {},
            "sites": 15,
            "prevalence": 0.00151,
            "cnames": [],
            "responseHashes": [
                "77fde30aa585411419f11600639d936739b4bcca22d64bd800b51721413df054",
                "24aad83a6e0db4551beccd9c51f0b1b0efe2fd0fb9e015583f95d23203c8e0b4",
                "390315e826bf57c3957d9fa1add5dd47e9770c4c4d5f09c83c2937e8afcad4b5",
                "7af806b3abcd5cba83cc09b39d274d5c5184dd9a12b43bfb8aba1280df74a89e",
                "4ad5d758f5df53805ac062a4aecd345bdfef0b9ece5c73696ac832f8f9548402",
                "ae3834668e3fcd77daf3e332ee1fb41398b9ebb3ca1d82dde3ce5003adf64cfb",
                "b1d2879beb3f10b9435a9ed985b4c6727a83846d6b6eedae8fc6d5d8d2f3a372",
                "ad57daac1132e501cce0a6f564e033a89b996d333cd6287c28c938224ea0ed55",
                "9af8258c6b2d788a9e0905d7fec86d2715e3993207bf211a3977f595a39e74d2",
                "58fc31ccf228814379be0c1a5f691d5d9cbc6402aee6bd7697eed4fd8ab33922",
                "1df5a6d9fdb19a339c13e01c5544f1f06c4a95afbadbc2f9f47cf8a1f9bf54e4",
                "984303d048e09edf00d1eade7d775070fd4cac9a553533d901b3d69e6835bda0",
                "a43a4af5e8275fb78ee4a6230229d6e4711ae971b1298ca1c7a1b078cbe3103e",
                "e897d5b34caa74eb2c3a800702c2090b4f95951f98944f4f05ab65f9b0a743d6"
            ],
            "type": "XHR",
            "firstPartyCookies": {},
            "firstPartyCookiesSent": {},
            "exampleSites": [
                "avh-outdoor.nl",
                "www.brekz.nl",
                "www.fietsbandonline.nl",
                "www.fietsonline.com",
                "www.hifiklubben.nl",
                "www.livera.nl",
                "www.merkala.nl",
                "www.onlinekabelshop.nl",
                "www.penstore.nl",
                "www.onlineskateshop.nl",
                "www.puurmieke.nl",
                "www.sossolutions.nl",
                "www.superfoodsonline.nl",
                "www.tuindirect.com",
                "www.tuinhoutdiscount.nl"
            ]
        },
        {
            "rule": "addwish\\.com\\/api\\/v1\\/product-recommendation\\/getProductBoxes",
            "cookies": 0.000905,
            "fingerprinting": 0,
            "subdomains": [
                "www"
            ],
            "apis": {},
            "sites": 9,
            "prevalence": 0.000905,
            "cnames": [],
            "responseHashes": [
                "87f52ad94c842c3c606be48476b6b68c6284b3babf1d62dd78bd3a137452928b",
                "7be14f99477e6e701a9113fe36a8ba9299b54638e90de24303750c10615a0a3c",
                "a68e6512345e2a8660a4604786dcc367d4ef5da7cecd5037636be5e98b927085",
                "e79d395cdcd5193541c1f2aac691b85cd45686b00910158f1678aefbe15d109e",
                "372894566d0ad16a3e749f99ac5084f68591f3fd5ea14c95450d978f121ba3db",
                "c9c36cf694f19f033e6abece39d3daa90dbf2caeaa1353b0f30f3df40c9a6e86",
                "21490585d848db239cd4a1c866b17a4f4f29b5ce688fba1a3a047a03c121ddf7",
                "b8b21424ea5df0813236975c8bd120be25a475120a6ca929814ba4aa525be34e"
            ],
            "type": "XHR",
            "firstPartyCookies": {},
            "firstPartyCookiesSent": {},
            "exampleSites": [
                "avh-outdoor.nl",
                "www.onlinekabelshop.nl",
                "www.penstore.nl",
                "www.onlineskateshop.nl",
                "www.puurmieke.nl",
                "www.sossolutions.nl",
                "www.superfoodsonline.nl",
                "www.tuindirect.com",
                "www.tuinhoutdiscount.nl"
            ]
        },
        {
            "rule": "addwish\\.com\\/api\\/v1\\/search\\/refreshData",
            "cookies": 0.00121,
            "fingerprinting": 0,
            "subdomains": [
                "www"
            ],
            "apis": {},
            "sites": 12,
            "prevalence": 0.00121,
            "cnames": [],
            "responseHashes": [
                "7062cd57fb5bcfda82f6999b6670141ed89f160d09b37adf098e0a2fd6eac128",
                "5b8e87c150988a8510c8019a3f6d2d8aa488e1c2e1597c2a1a6a8a6956344cc1",
                "84d4fcded831cb04fb422a16902d332e4990b19154022d932196545fa0d8db05",
                "82b100b4e7787d39ada6f69dc294eb4c823673f294dbdc29553e5558a4666eee",
                "74815b785f174ad039f4e47d66ac62d82cf2e0f022a54f512737d4f766d62c4d",
                "63d1af3f7aa6714d164976619d15d0552ecd5dcda94bc0918dab990b828595ad",
                "e7a0804752aca68e772852601204007dd06dbd60457d7c5fc11d139eae156345",
                "02c8b842af6a5587304c6881015e77e021ac84f8a209e24dd875df4b23b585a3",
                "d88d3b6b091491c0d228dfbd4a86878aa294946a599278a963ab060ef3af5c3c",
                "5aa056f4663ca2d02b5869a95d258a4e2ee7e6cc9cfbcf0bec556afb5473ed65",
                "154f15ab24635613b9c63edb95aa8b02e3071c54aa809687d1df561b6267ff9a"
            ],
            "type": "XHR",
            "firstPartyCookies": {},
            "firstPartyCookiesSent": {},