{
    "domain": "adnxs-simple.com",
    "owner": {},
    "source": [
        "DuckDuckGo-NL"
    ],
    "prevalence": 0.00181,
    "sites": 18,
    "subdomains": [
        "ib",
        "acdn",
        "ams1-ib",
        "fra1-ib",
        "prebid"
    ],
    "cnames": [],
    "fingerprinting": 1,
    "resources": [
        {
            "rule": "adnxs-simple\\.com\\/ut\\/v3",
            "cookies": 0,
            "fingerprinting": 0,
            "subdomains": [
                "ib"
            ],
            "apis": {},
            "sites": 15,
            "prevalence": 0.00151,
            "cnames": [],
            "responseHashes": [
                "0279bdb2ac81147345c99b7942f7db434ff10ffdf124411015abd00096594367",
                "8a251d144efab9893ff9fd62c9833d07ca344ffa863da7b15f0881918e445cd9",
                "98fdf04f19abe1838a951f3b06a61a2984189e40cc3ce50254a6d29a2ea72e01",
                "6c6d792dd9e3708c4c3d25b06ce193a261676300197235828314c1222c3afd78",
                "e24e395988fdfc75bcd118ae0919a0d1711d759fb68cf7e934ed0aa8f6858909",
                "a7cd45076439f685739a4d50b3ae9bfac49d39f254a969360c44d27515b7486b",
                "4567f673bd6253cb58ddd5b617d316767e711a1b34b5b0a84cf0cb2d3d4b0aed",
                "24607c920e495e5fec583d9aeae27049af38fb3e968158182c33a7551a2c72d0",
                "0ce526c1097231a5aba21c8632628f8e28bdffb21207ee5b6ee0184883b2c5e2",
                "73405624167632d1b1d0ff1f3827d654c48d5f9b16bbdfe30660e9816e4ee48c",
                "d276c57af1e9169c2bc14c802a8d0fbfddd203a0c9070d83490a3249f2d3c1ff",
                "0a39ffe9155747c4b6bf585a44ad7f2688183c6587c1307db17ba92e54e64407",
                "66ef2669d8074a374e99738df4039cf7c3386c517b61a5b8a01c018d5d429a6c",
                "2ba378a4de6ea7bf196b3101d103b78284a41e6bdd39adb1f95b4618b5641ce5"
            ],
            "type": "XHR",
            "firstPartyCookies": {},
            "firstPartyCookiesSent": {},
            "exampleSites": [
                "adorablebooks.nl",
                "bbq-helden.nl",
                "drimble.nl",
                "forum.fok.nl",
                "frontpage.fok.nl",
                "jaimyskitchen.nl",
                "isgeschiedenis.nl",
                "promodomo.nl",
                "songteksten.net",
                "www.dagelijksestandaard.nl",
                "www.klusidee.nl",
                "www.touretappe.nl",
                "www.twentefans.nl",
                "www.vandale.nl",
                "www.welklidwoord.nl"
            ]
        },
        {
            "rule": "adnxs-simple\\.com\\/video\\/outstream\\/ANOutstreamVideo\\.js",
            "cookies": 0,
            "fingerprinting": 1,
            "subdomains": [
                "acdn"
            ],
            "apis": {
                "window.localStorage": 4,
                "Date.prototype.getTime": 4,
                "Navigator.prototype.userAgent": 4,
                "Navigator.prototype.appVersion": 4,
                "Navigator.prototype.platform": 4,
                "Event.prototype.timeStamp": 2
            },
            "sites": 4,
            "prevalence": 0.000402,
            "cnames": [],
            "responseHashes": [
                "2488c84e62328c3ed9f4b53daaf2e9f30486046826b95c2076d455967ccfcafe",
                "9fc1c1bb5f7fc970e2748849114cdfb320409644e8f84a39b89d3116d3311a86"
            ],
            "type": "Script",
            "firstPartyCookies": {},
            "firstPartyCookiesSent": {},
            "exampleSites": [
                "adorablebooks.nl",
                "forum.fok.nl",
                "frontpage.fok.nl",
                "www.welklidwoord.nl"
            ]
        },
        {
            "rule": "adnxs-simple\\.com\\/vast_track\\/v2",
            "cookies": 0,
            "fingerprinting": 0,
            "subdomains": [
                "ams1-ib"
            ],
            "apis": {},
            "sites": 4,
            "prevalence": 0.000402,
            "cnames": [],
            "responseHashes": [
                "e3b0c44298fc1c149afbf4c8996fb92427ae41e4649b934ca495991b7852b855"
            ],
            "type": "Image",
            "firstPartyCookies": {},
            "firstPartyCookiesSent": {},
            "exampleSites": [
                "adorablebooks.nl",
                "forum.fok.nl",
                "frontpage.fok.nl",
                "www.welklidwoord.nl"
            ]
        },
        {
            "rule": "adnxs-simple\\.com\\/rd_log",
            "cookies": 0,
            "fingerprinting": 0,
            "subdomains": [
                "ams1-ib",
                "fra1-ib"
            ],
            "apis": {},
            "sites": 10,
            "prevalence": 0.001,
            "cnames": [],
            "responseHashes": [
                "e3b0c44298fc1c149afbf4c8996fb92427ae41e4649b934ca495991b7852b855"
            ],
            "type": "Script",
            "firstPartyCookies": {},
            "firstPartyCookiesSent": {},
            "exampleSites": [
                "bbq-helden.nl",
                "drimble.nl",
                "forum.fok.nl",
                "frontpage.fok.nl",
                "isgeschiedenis.nl",
                "songteksten.net",
                "www.klusidee.nl",
                "www.touretappe.nl",
                "www.vandale.nl",
                "www.welklidwoord.nl"
            ]
        },
        {
            "rule": "adnxs-simple\\.com\\/it",
            "cookies": 0,
            "fingerprinting": 0,
            "subdomains": [
                "ams1-ib",
                "fra1-ib"
            ],
            "apis": {},
            "sites": 10,
            "prevalence": 0.001,
            "cnames": [],
            "responseHashes": [
                "e3b0c44298fc1c149afbf4c8996fb92427ae41e4649b934ca495991b7852b855"
            ],
            "type": "Image",
            "firstPartyCookies": {},
            "firstPartyCookiesSent": {},
            "exampleSites": [
                "bbq-helden.nl",
                "drimble.nl",
                "forum.fok.nl",
                "frontpage.fok.nl",
                "isgeschiedenis.nl",
                "songteksten.net",
                "www.klusidee.nl",
                "www.touretappe.nl",
                "www.vandale.nl",
                "www.welklidwoord.nl"
            ]
        },
        {
            "rule": "adnxs-simple\\.com\\/pbs\\/v1\\/cookie_sync",
            "cookies": 0,
            "fingerprinting": 0,
            "subdomains": [
                "prebid"
            ],
            "apis": {},
            "sites": 2,
            "prevalence": 0.000201,
            "cnames": [],
            "responseHashes": [
                "fe0d9b0c47e56700062e1e6cfcaa084f5bfd85a7901721f9c8ce651b60c59a6a"
            ],
            "type": "XHR",
            "firstPartyCookies": {},
            "firstPartyCookiesSent": {},
            "exampleSites": [
                "digminecraft.com",
                "www.techonthenet.com"
            ]
        },
        {
            "rule": "adnxs-simple\\.com\\/pbs\\/v1\\/openrtb2\\/auction",
            "cookies": 0,
            "fingerprinting": 0,
            "subdomains": [
                "prebid"
            ],
            "apis": {},
            "sites": 2,
            "prevalence": 0.000201,
            "cnames": [],
            "responseHashes": [
                "4ac69aec515cb70ec2ebec0d67a66f4a63f38dfba1cd4ff2ea8ad72fad4f2b84"
            ],
            "type": "XHR",
            "firstPartyCookies": {},
            "firstPartyCookiesSent": {},
            "exampleSites": [
                "digminecraft.com",
                "www.techonthenet.com"
            ]
        },
        {
            "rule": "adnxs-simple\\.com\\/ut\\/v3\\/prebid",
            "cookies": 0,
            "fingerprinting": 0,
            "subdomains": [
                "ib"
            ],
            "apis": {},
            "sites": 3,
            "prevalence": 0.000301,