{
    "domain": "adtng.com",
    "owner": {
        "name": "MindGeek",
        "displayName": "MindGeek"
    },
    "source": [
        "DuckDuckGo-NL"
    ],
    "prevalence": 0.00675,
    "sites": 66,
    "subdomains": [
        "a"
    ],
    "cnames": [],
    "fingerprinting": 3,
    "resources": [
        {
            "rule": "adtng\\.com\\/get\\/10011955",
            "cookies": 0.000307,
            "fingerprinting": 1,
            "subdomains": [
                "a"
            ],
            "apis": {
                "window.matchMedia(\"prefers-reduced-motion\")": 3,
                "Navigator.prototype.userAgent": 3
            },
            "sites": 3,
            "prevalence": 0.000307,
            "cnames": [],
            "responseHashes": [
                "3183ad1c4e317a3d0fbcbfe3cdfb1ca7f065d0c2d9f9f1f368730ac434228b19",
                "8e168d3a2a4231ef96b6cec35fc522b32923960925d9d70bc4002e424a24512b"
            ],
            "type": "Document",
            "exampleSites": [
                "4channel.org",
                "boards.4chan.org",
                "www.4chan.org"
            ]
        },
        {
            "rule": "adtng\\.com\\/get\\/10005363",
            "cookies": 0.000921,
            "fingerprinting": 1,
            "subdomains": [
                "a"
            ],
            "apis": {
                "window.matchMedia(\"prefers-reduced-motion\")": 9,
                "Navigator.prototype.userAgent": 9
            },
            "sites": 11,
            "prevalence": 0.00113,
            "cnames": [],
            "responseHashes": [
                "0e380dd83be224e3e11641ddb4da9ac78fd6fb946fc5379c5ef682c703c18b0f",
                "e9d7d3016f2b2af2c1f6117816894181c42e438bbd477249477589b8f8250736",
                "9f369d7c2d4f94d42fdcd8525fd467dea1fc85a8d6f4c91e184c48e5e1b89669",
                "36f017f81fc685444436588349a28055e07a9d95c5adb9ed1edbb01285626d36",
                "e3b763076d714313f585677ee8f1ba47cfd4dcad07bf74e0924c57eb65f483cf",
                "b57c5e8c8eaace38b9b6e596ea54b33ce75a60c6d44c019abd73f008243fbb5d",
                "ec99dd6ed00de2867222d411657b50e10f1a2a9e42adec117804631d0164cb96",
                "45cf998f6bd8207e6993bc9f636fb046995acbe1469e1d926fb761b12fb97a19"
            ],
            "type": "Document",
            "exampleSites": [
                "comicsmanics.com",
                "free-xxx-free.com",
                "hqpornerpro.com",
                "vintage-erotica-forum.com",
                "www.fpo.xxx",
                "www.planetsuzy.org",
                "www.porn00.org",
                "www.pornhat.com",
                "www.redgifs.com",
                "www.xfreehd.com",
                "xnxx.club"
            ]
        },
        {
            "rule": "adtng\\.com\\/get\\/10000591",
            "cookies": 0.000205,
            "fingerprinting": 1,
            "subdomains": [
                "a"
            ],
            "apis": {
                "window.matchMedia(\"prefers-reduced-motion\")": 2,
                "Navigator.prototype.userAgent": 2
            },
            "sites": 2,
            "prevalence": 0.000205,
            "cnames": [],
            "responseHashes": [
                "014891cf3b4810f0d442b86042f34830c03b2e3662675307c5ac83b8072dbf72"
            ],
            "type": "Document",
            "exampleSites": [
                "8muses.com",
                "comics.8muses.com"
            ]
        },
        {
            "rule": "adtng\\.com\\/get\\/10002480",
            "cookies": 0.000205,
            "fingerprinting": 1,
            "subdomains": [
                "a"
            ],
            "apis": {
                "window.matchMedia(\"prefers-reduced-motion\")": 2,
                "Navigator.prototype.userAgent": 2
            },
            "sites": 2,
            "prevalence": 0.000205,
            "cnames": [],
            "responseHashes": [
                "dba7ccfab250017b9ab5d9e3824274970042ce40b4695cb50c64c39fae160990"
            ],
            "type": "Document",
            "exampleSites": [
                "famousinternetgirls.com",
                "forum.famousinternetgirls.com"
            ]
        },
        {
            "rule": "adtng\\.com\\/get\\/10002988",
            "cookies": 0.000409,
            "fingerprinting": 1,
            "subdomains": [
                "a"
            ],
            "apis": {
                "window.matchMedia(\"prefers-reduced-motion\")": 4,
                "Navigator.prototype.userAgent": 4
            },
            "sites": 4,
            "prevalence": 0.000409,
            "cnames": [],
            "responseHashes": [
                "b666005952baff1378fb7224ee355c09035f66d4d27d62c53c5d198d8b34b065",
                "c192fbacfb93f2255b7a5effc330e20f76add34a0ddbdd8f1c4a3fc732fcfa46",
                "aa0883b13f4f74b4fb7151a44118ad82160e37602a606386696a27cca9fc75c3"
            ],
            "type": "Document",
            "exampleSites": [
                "ceporn.net",
                "m.ceporn.net",
                "www.gameofporn.net",
                "www.veporno.net"
            ]
        },
        {
            "rule": "adtng\\.com\\/get\\/10009361",
            "cookies": 0.000205,
            "fingerprinting": 1,
            "subdomains": [
                "a"
            ],
            "apis": {
                "window.matchMedia(\"prefers-reduced-motion\")": 2,
                "Navigator.prototype.userAgent": 2
            },
            "sites": 2,
            "prevalence": 0.000205,
            "cnames": [],
            "responseHashes": [
                "e70e4f96a0dd5abb38064fd74f82dad4c45e97f0fb6f76fa97e162f49dcf7299"
            ],
            "type": "Document",
            "exampleSites": [
                "myhentaicomics.com",
                "myhentaigallery.com"
            ]
        },
        {
            "rule": "adtng\\.com\\/get\\/10002517",
            "cookies": 0.000307,
            "fingerprinting": 1,
            "subdomains": [
                "a"
            ],
            "apis": {
                "window.matchMedia(\"prefers-reduced-motion\")": 3,
                "Navigator.prototype.userAgent": 3
            },
            "sites": 3,
            "prevalence": 0.000307,
            "cnames": [],
            "responseHashes": [
                "d91a6b5f54deeefac7ffcc046d8b1578eaf19d48eb72151d462d89e17046d52b",
                "25dfa4d51151cee9c09e4254a23b44534557c862596e0e521a41525806c610aa"
            ],
            "type": "Document",
            "exampleSites": [
                "sxyprn.net",
                "sxyprn.com",
                "www.sxyprn.net"
            ]
        },
        {
            "rule": "adtng\\.com\\/get\\/10002518",
            "cookies": 0.000307,
            "fingerprinting": 1,
            "subdomains": [
                "a"
            ],
            "apis": {
                "window.matchMedia(\"prefers-reduced-motion\")": 3,
                "Navigator.prototype.userAgent": 3
            },
            "sites": 3,
            "prevalence": 0.000307,
            "cnames": [],
            "responseHashes": [
                "fc0bc424f11b49c2ec6cb6adfdb10645889302cfaca887db70a7f840a3ad260e",
                "dc221c7643e23828916043f700c095ed862f24bc683e7a38b5087c1df93bb80f"
            ],
            "type": "Document",
            "exampleSites": [
                "sxyprn.net",
                "sxyprn.com",
                "www.sxyprn.net"
            ]
        },
        {
            "rule": "adtng\\.com\\/get\\/10002519",
            "cookies": 0.000307,
            "fingerprinting": 1,
            "subdomains": [
                "a"
            ],
            "apis": {
                "window.matchMedia(\"prefers-reduced-motion\")": 3,
                "Navigator.prototype.userAgent": 3
            },
            "sites": 3,
            "prevalence": 0.000307,
            "cnames": [],