{
    "domain": "alli-ti-hunter.com",
    "owner": {},
    "source": [
        "DuckDuckGo-NL"
    ],
    "prevalence": 0.000502,
    "sites": 5,
    "subdomains": [
        "cs11",
        "cs10",
        "cs09"
    ],
    "cnames": [],
    "fingerprinting": 1,
    "resources": [
        {
            "rule": "alli-ti-hunter\\.com\\/bens\\/vinos3\\.js",
            "cookies": 0,
            "fingerprinting": 1,
            "subdomains": [],
            "apis": {
                "window.localStorage": 5,
                "Navigator.prototype.userAgent": 5,
                "Screen.prototype.width": 5,
                "Document.cookie getter": 2
            },
            "sites": 5,
            "prevalence": 0.000502,
            "cnames": [],
            "responseHashes": [
                "6494a92847fd41ec5e2cafcd461383abb7d72079a39a77fa3453d0eb2450fb8c",
                "fb6baa109a78e9b812cb2062b91c93aab2d983558938135b54fc0afc510bc4c2",
                "a8c84ffeb50c65df29a01fcbd9e24c91372fb35b5f5a362eee1269948d486bb8",
                "222cc80ae835483b17dc23961e052479f118e02bba0a9b10239a9985d6527ade"
            ],
            "type": "Script",
            "firstPartyCookies": {},
            "firstPartyCookiesSent": {},
            "exampleSites": [
                "24porno.uno",
                "mixporn.org",
                "porno365.studio",
                "ruporno.cc",
                "sosalkino.fun"
            ]
        },
        {
            "rule": "alli-ti-hunter\\.com\\/bens\\/vinos\\.js",
            "cookies": 0.000502,
            "fingerprinting": 1,
            "subdomains": [],
            "apis": {
                "window.localStorage": 5
            },
            "sites": 5,
            "prevalence": 0.000502,
            "cnames": [],
            "responseHashes": [
                "dd159d543be2cd152d12d78efa016fe5585248fa84b05065b17a8b6404897d09",
                "50771dfba6aab9cdd59e773d7fca07fc5367ba26d2a9c7b9d376d525de5135ab",
                "6ac40a160f7da255bc58386b2b9626a81780b7157934163fcc974668b04bd9c6",
                "d482a61738dd0e97b7e2f0661700196a97d30d02ab06d1b507b578c79f209acf"
            ],
            "type": "Script",
            "firstPartyCookies": {},
            "firstPartyCookiesSent": {},
            "exampleSites": [
                "24porno.uno",
                "mixporn.org",
                "porno365.studio",
                "ruporno.cc",
                "sosalkino.fun"
            ]
        },
        {
            "rule": "alli-ti-hunter\\.com\\/files\\/audio\\.mp3",
            "cookies": 0,
            "fingerprinting": 0,
            "subdomains": [
                "cs11",
                "cs10",
                "cs09"
            ],
            "apis": {},
            "sites": 5,
            "prevalence": 0.000502,
            "cnames": [],
            "responseHashes": [
                "8f6fe530630792e5d9116987cf1a4f109d4f4ee07ec95f5ca2493a8e59a416ea"
            ],
            "type": "XHR",
            "firstPartyCookies": {},
            "firstPartyCookiesSent": {},
            "exampleSites": [
                "24porno.uno",
                "mixporn.org",
                "porno365.studio",
                "ruporno.cc",
                "sosalkino.fun"
            ]
        },
        {
            "rule": "alli-ti-hunter\\.com\\/files\\/inpage\\/number\\.png",
            "cookies": 0,
            "fingerprinting": 0,
            "subdomains": [
                "cs11",
                "cs10",
                "cs09"
            ],
            "apis": {},
            "sites": 5,
            "prevalence": 0.000502,
            "cnames": [],
            "responseHashes": [
                "596947043bb8602804643c44616d823e16958dff8399a7ec66bb29211ebc2aa6"
            ],
            "type": "Image",
            "firstPartyCookies": {},
            "firstPartyCookiesSent": {},
            "exampleSites": [
                "24porno.uno",
                "mixporn.org",
                "porno365.studio",
                "ruporno.cc",
                "sosalkino.fun"
            ]
        },
        {
            "rule": "alli-ti-hunter\\.com\\/files\\/inpage\\/l_1\\.png",
            "cookies": 0,
            "fingerprinting": 0,
            "subdomains": [
                "cs11",
                "cs10",
                "cs09"
            ],
            "apis": {},
            "sites": 5,
            "prevalence": 0.000502,
            "cnames": [],
            "responseHashes": [
                "6395e2104e0500af14712d9a0754a77aaeeeff052951f67cd7e0799cc7539860"
            ],
            "type": "Image",
            "firstPartyCookies": {},
            "firstPartyCookiesSent": {},
            "exampleSites": [
                "24porno.uno",
                "mixporn.org",
                "porno365.studio",
                "ruporno.cc",
                "sosalkino.fun"
            ]
        },
        {
            "rule": "alli-ti-hunter\\.com\\/files\\/inpage\\/r_1\\.png",
            "cookies": 0,
            "fingerprinting": 0,
            "subdomains": [
                "cs11",
                "cs10",
                "cs09"
            ],
            "apis": {},
            "sites": 5,
            "prevalence": 0.000502,
            "cnames": [],
            "responseHashes": [
                "5e6c2e505ceafca0fb19c8585cfdceac3860f15e6a644f83f802cc884ebf1007"
            ],
            "type": "Image",
            "firstPartyCookies": {},
            "firstPartyCookiesSent": {},
            "exampleSites": [
                "24porno.uno",
                "mixporn.org",
                "porno365.studio",
                "ruporno.cc",
                "sosalkino.fun"
            ]
        },
        {
            "rule": "alli-ti-hunter\\.com\\/files\\/inpage\\/heart\\.png",
            "cookies": 0,
            "fingerprinting": 0,
            "subdomains": [
                "cs11",
                "cs10",
                "cs09"
            ],
            "apis": {},
            "sites": 5,
            "prevalence": 0.000502,
            "cnames": [],
            "responseHashes": [
                "0dc8313499a1a6e0233911777616d59e979769875614dc4d40fbc3817b558369"
            ],
            "type": "Image",
            "firstPartyCookies": {},
            "firstPartyCookiesSent": {},
            "exampleSites": [
                "24porno.uno",
                "mixporn.org",
                "porno365.studio",
                "ruporno.cc",
                "sosalkino.fun"
            ]
        },
        {
            "rule": "alli-ti-hunter\\.com\\/files\\/inpage\\/1_comments\\.png",
            "cookies": 0,
            "fingerprinting": 0,
            "subdomains": [
                "cs11",
                "cs10",
                "cs09"
            ],
            "apis": {},
            "sites": 5,
            "prevalence": 0.000502,
            "cnames": [],
            "responseHashes": [
                "cd9ad69fe5e9580c337a2dca39699b4cfed9de01dd1662e6e4aa906011393975"
            ],
            "type": "Image",
            "firstPartyCookies": {},
            "firstPartyCookiesSent": {},
            "exampleSites": [
                "24porno.uno",
                "mixporn.org",
                "porno365.studio",
                "ruporno.cc",
                "sosalkino.fun"
            ]
        },
        {
            "rule": "alli-ti-hunter\\.com\\/files\\/inpage\\/1_email\\.png",
            "cookies": 0,
            "fingerprinting": 0,
            "subdomains": [
                "cs11",
                "cs10",
                "cs09"
            ],
            "apis": {},
            "sites": 5,
            "prevalence": 0.000502,
            "cnames": [],
            "responseHashes": [
                "8fe06db2abef383e494a11aeb582551b550e9fdcb33aad4ccbb025c46ebeb4f7"
            ],
            "type": "Image",
            "firstPartyCookies": {},