{
    "domain": "baidu.com",
    "owner": {
        "name": "Baidu, Inc.",
        "displayName": "Baidu"
    },
    "source": [
        "DuckDuckGo-NL"
    ],
    "prevalence": 0.00121,
    "sites": 12,
    "subdomains": [
        "hm",
        "sp0"
    ],
    "cnames": [],
    "fingerprinting": 2,
    "resources": [
        {
            "rule": "baidu\\.com\\/hm\\.js",
            "cookies": 0.0011,
            "fingerprinting": 2,
            "subdomains": [
                "hm"
            ],
            "apis": {
                "Navigator.prototype.userAgent": 11,
                "Navigator.prototype.cookieEnabled": 11,
                "Navigator.prototype.javaEnabled": 11,
                "Navigator.prototype.language": 11,
                "Screen.prototype.width": 11,
                "Screen.prototype.height": 11,
                "Screen.prototype.colorDepth": 11,
                "Screen.prototype.orientation": 11,
                "Document.cookie getter": 7,
                "window.sessionStorage": 11,
                "window.localStorage": 11,
                "Date.prototype.getTime": 11,
                "Document.cookie setter": 7,
                "Navigator.prototype.plugins": 11,
                "Navigator.prototype.mimeTypes": 11
            },
            "sites": 11,
            "prevalence": 0.0011,
            "cnames": [],
            "responseHashes": [
                "b1720cf4b7491121c108768013b6f80ec5b6c2d6fda2348ab8dc23431a493218",
                "253a794b12942fa32e5e1c958748c39a0b66c1354b0660488e7085fb970c0d44",
                "a79c228e6695a993db13447e60b5afdb5531af2c8c003692b44ab936da48c9d5",
                "408f546bb913961900efee0268420a611fe039ed9857a7d8792cb3884edfae01",
                "3472c4771978d13eae74e12e9d9ef3dceb1c7c26d26a3ebef392535702414ba9",
                "978843a720f562fb0f29bf01b80fdc2f306a22286412c09537f41321cca6a0af",
                "34387bdd3d6f703b64f49f4468174c444698fe79f36bb8ce99820f7c4f8d6866",
                "011904a5cdebe692bcf4bf90cd69e7d686aeaac10072e01d34b4ec3ab6ab6fe0",
                "b83451716f2f0bd8d6363919e4b8b8283eebbc010301f6d082cfb91d508f3e68",
                "52c9e4f3ab10b5dd03353c03d460187c07f96a5b78f8c94981a2f4e4cd8a8f5d"
            ],
            "type": "Script",
            "firstPartyCookies": {
                "Hm_lvt_32304eb8692c77114cb8a8f7658af78b": {
                    "ttl": 31536003,
                    "length": 10,
                    "prevalence": 0.00010043185698503566,
                    "uniqueness": 1
                },
                "Hm_lpvt_32304eb8692c77114cb8a8f7658af78b": {
                    "ttl": null,
                    "length": 10,
                    "prevalence": 0.00010043185698503566,
                    "uniqueness": 1
                },
                "Hm_lvt_49e0c72fc586220c33eb848344f047c5": {
                    "ttl": 31536016,
                    "length": 10,
                    "prevalence": 0.00010043185698503566,
                    "uniqueness": 1
                },
                "Hm_lpvt_49e0c72fc586220c33eb848344f047c5": {
                    "ttl": null,
                    "length": 10,
                    "prevalence": 0.00010043185698503566,
                    "uniqueness": 1
                },
                "Hm_ct_49e0c72fc586220c33eb848344f047c5": {
                    "ttl": 31536016,
                    "length": 16,
                    "prevalence": 0.00010043185698503566,
                    "uniqueness": 1
                },
                "Hm_lvt_7b9f065a5b9c4f3ec297778a4efefe54": {
                    "ttl": 31536003,
                    "length": 10,
                    "prevalence": 0.00010043185698503566,
                    "uniqueness": 1
                },
                "Hm_lpvt_7b9f065a5b9c4f3ec297778a4efefe54": {
                    "ttl": null,
                    "length": 10,
                    "prevalence": 0.00010043185698503566,
                    "uniqueness": 1
                },
                "Hm_lvt_07c8e2ff21896b108ed45c014aa2e8b5": {
                    "ttl": 31536003,
                    "length": 10,
                    "prevalence": 0.00010043185698503566,
                    "uniqueness": 1
                },
                "Hm_lpvt_07c8e2ff21896b108ed45c014aa2e8b5": {
                    "ttl": null,
                    "length": 10,
                    "prevalence": 0.00010043185698503566,
                    "uniqueness": 1
                },
                "Hm_lvt_9b489396c45c6ce402cf31076b7f2eb1": {
                    "ttl": 31536005,
                    "length": 10,
                    "prevalence": 0.00010043185698503566,
                    "uniqueness": 1
                },
                "Hm_lpvt_9b489396c45c6ce402cf31076b7f2eb1": {
                    "ttl": null,
                    "length": 10,
                    "prevalence": 0.00010043185698503566,
                    "uniqueness": 1
                },
                "Hm_lvt_29884b6641f1b5709cc89a8ce5a99366": {
                    "ttl": 31536004,
                    "length": 10,
                    "prevalence": 0.00010043185698503566,
                    "uniqueness": 1
                },
                "Hm_lpvt_29884b6641f1b5709cc89a8ce5a99366": {
                    "ttl": null,
                    "length": 10,
                    "prevalence": 0.00010043185698503566,
                    "uniqueness": 1
                },
                "Hm_lvt_d4f650e8b28d910a41791663c4ef9cb3": {
                    "ttl": 31536003,
                    "length": 10,
                    "prevalence": 0.00010043185698503566,
                    "uniqueness": 1
                },
                "Hm_lpvt_d4f650e8b28d910a41791663c4ef9cb3": {
                    "ttl": null,
                    "length": 10,
                    "prevalence": 0.00010043185698503566,
                    "uniqueness": 1
                }
            },
            "firstPartyCookiesSent": {},
            "exampleSites": [
                "bato.to",
                "downloadcenter.intel.com",
                "ifi-audio.com",
                "mangapark.net",
                "mdbootstrap.com",
                "nl.myprotein.com",
                "www.op.gg",
                "www.topuniversities.com",
                "www.tp-link.com",
                "www.zhihu.com",
                "zhuanlan.zhihu.com"
            ]
        },
        {
            "rule": "baidu\\.com\\/hm\\.gif",
            "cookies": 0,
            "fingerprinting": 0,
            "subdomains": [
                "hm"
            ],
            "apis": {},
            "sites": 11,
            "prevalence": 0.0011,
            "cnames": [],
            "responseHashes": [
                "cf4724b2f736ed1a0ae6bc28f1ead963d9cd2c1fd87b6ef32e7799fc1c5c8bda"
            ],
            "type": "Image",
            "firstPartyCookies": {},
            "firstPartyCookiesSent": {
                "Hm_ct_49e0c72fc586220c33eb848344f047c5": 0.00010043185698503566
            },
            "exampleSites": [
                "bato.to",
                "downloadcenter.intel.com",
                "ifi-audio.com",
                "mangapark.net",
                "mdbootstrap.com",
                "nl.myprotein.com",
                "www.op.gg",
                "www.topuniversities.com",
                "www.tp-link.com",
                "www.zhihu.com",
                "zhuanlan.zhihu.com"
            ]
        },
        {
            "rule": "baidu\\.com\\/9_Q4simg2RQJ8t7jm9iCKT-xh_\\/s\\.gif",
            "cookies": 0,
            "fingerprinting": 0,
            "subdomains": [
                "sp0"
            ],
            "apis": {},
            "sites": 2,
            "prevalence": 0.000201,
            "cnames": [],
            "responseHashes": [
                "e3b0c44298fc1c149afbf4c8996fb92427ae41e4649b934ca495991b7852b855"
            ],
            "type": "Image",