{
    "domain": "baresi.xyz",
    "owner": {},
    "source": [
        "DuckDuckGo-NL"
    ],
    "prevalence": 0.00181,
    "sites": 18,
    "subdomains": [
        "d",
        "s"
    ],
    "cnames": [],
    "fingerprinting": 0,
    "resources": [
        {
            "rule": "baresi\\.xyz\\/d\\/",
            "cookies": 0,
            "fingerprinting": 0,
            "subdomains": [
                "d"
            ],
            "apis": {},
            "sites": 13,
            "prevalence": 0.00131,
            "cnames": [],
            "responseHashes": [
                "0689bfac2ec15d04cf33d4969458cd976d7e381a77968173c1573bf8c744c9b0",
                "58c1d7224d9fabb11fe3faba7dc8ab48cb3477166f1827b60e571ac77da2a47e",
                "eb73a868029efa68856456ebfa486bdf9e2524765747b5dd045ff1273fa4db45",
                "45b2876ed637635800da43b0e3a2d7322249a4d75329eb5d5c8d48231762d11d",
                "5ea59be4f5e4c5898e473074a76bc6df54088e176cffc6fe05b08f5b5fa6a576",
                "88ef9796b8d7d3b057f93d4fa6a75091c67b1ddc40fabd5b712e0c753e8dc117",
                "07d8a7e0f2e740ff98a89d2156c8b14e3e0d19cd235a12103241dd9ff3506133",
                "bcc475183b92bb3425986ffc967cfb2e783a53a572318d5f6a9b3c51476b0739",
                "5ad09e2936b3274c6ae34e4cec94375fe06fac414d196bc4a2c4e80197465e5b",
                "d959d8d62097f1a9697601d19bf99d1544abb3af15600bfec07177407566a155",
                "e25f9e8d4878853f3330db9a733ad98dba98cc6272235444b1307d3beebd0313",
                "3ee021b94729f752b52b68ea6a45275e64c399b054eddfd90d77cdb471a6a4e4"
            ],
            "type": "XHR",
            "firstPartyCookies": {},
            "firstPartyCookiesSent": {},
            "exampleSites": [
                "bestrapeporn.com",
                "bobsvagene.club",
                "bondagevalley.cc",
                "cumception.com",
                "dendymodels.com",
                "dendypics.com",
                "myscatporn.com",
                "www.3rab-naar.com",
                "www.mijnsexverhalen.com",
                "www.perverttube.com",
                "www.pornfd.com",
                "www.tumbex.com",
                "youngmodelvideo.com"
            ]
        },
        {
            "rule": "baresi\\.xyz\\/t\\.php",
            "cookies": 0.00181,
            "fingerprinting": 0,
            "subdomains": [
                "d"
            ],
            "apis": {},
            "sites": 18,
            "prevalence": 0.00181,
            "cnames": [],
            "responseHashes": [
                "e3b0c44298fc1c149afbf4c8996fb92427ae41e4649b934ca495991b7852b855"
            ],
            "type": "Image",
            "firstPartyCookies": {},
            "firstPartyCookiesSent": {},
            "exampleSites": [
                "bestrapeporn.com",
                "bobsvagene.club",
                "bondagevalley.cc",
                "cumception.com",
                "dendymodels.com",
                "dendypics.com",
                "imgoutlet.com",
                "imgoutlet.pw",
                "imgrock.pw",
                "javhd.com",
                "myscatporn.com",
                "www.3rab-naar.com",
                "www.mijnsexverhalen.com",
                "www.perverttube.com",
                "www.pornfd.com",
                "www.tumbex.com",
                "www.xxxvideos247.com",
                "youngmodelvideo.com"
            ]
        },
        {
            "rule": "baresi\\.xyz\\/prplugs\\/0\\/1171982\\/240x180\\.jpg",
            "cookies": 0,
            "fingerprinting": 0,
            "subdomains": [
                "s"
            ],
            "apis": {},
            "sites": 2,
            "prevalence": 0.000201,
            "cnames": [],
            "responseHashes": [
                "3e3ce6e540d07396c503abf59bf1ae59069b7f1d51731e1349d63011038a5e0e"
            ],
            "type": "Image",
            "firstPartyCookies": {},
            "firstPartyCookiesSent": {},
            "exampleSites": [
                "bestrapeporn.com",
                "bobsvagene.club"
            ]
        },
        {
            "rule": "baresi\\.xyz\\/d\\/n\\/iframe",
            "cookies": 0,
            "fingerprinting": 0,
            "subdomains": [
                "d"
            ],
            "apis": {},
            "sites": 4,
            "prevalence": 0.000402,
            "cnames": [],
            "responseHashes": [
                "c9a76f18c2e09e2e252419365aa4b831f872167d3700cecab207962b31b13bdb",
                "84d9972981e5464a2b8051b66681f9f9e11a34188cdb9e7e49e5af9132531f22",
                "c4b3cda59c72a59f83b1870e733293451929232bf05a5f155f530ca681279475"
            ],
            "type": "Document",
            "firstPartyCookies": {},
            "firstPartyCookiesSent": {},
            "exampleSites": [
                "bobsvagene.club",
                "bondagevalley.cc",
                "cumception.com",
                "www.mijnsexverhalen.com"
            ]
        },
        {
            "rule": "baresi\\.xyz\\/prnotifications\\/2020\\/12\\/14\\/M8RwQkWJiLYdr2u8qD74GnoaX3XMai\\.png",
            "cookies": 0,
            "fingerprinting": 0,
            "subdomains": [
                "s"
            ],
            "apis": {},
            "sites": 2,
            "prevalence": 0.000201,
            "cnames": [],
            "responseHashes": [
                "98b963a4670a85a6d36c75acdf194d93e87c8376515af74d69a3ddbc679b3e10"
            ],
            "type": "Image",
            "firstPartyCookies": {},
            "firstPartyCookiesSent": {},
            "exampleSites": [
                "dendypics.com",
                "www.mijnsexverhalen.com"
            ]
        },
        {
            "rule": "baresi\\.xyz\\/prnotifications\\/2020\\/12\\/14\\/8HLUVAaGqYXdzzoaPPAbKfFRJTtDWJ\\.png",
            "cookies": 0,
            "fingerprinting": 0,
            "subdomains": [
                "s"
            ],
            "apis": {},
            "sites": 2,
            "prevalence": 0.000201,
            "cnames": [],
            "responseHashes": [
                "14e80f885a65892899c0e1826989532444bf3314b6d871471f574e1dc920ffd1"
            ],
            "type": "Image",
            "firstPartyCookies": {},
            "firstPartyCookiesSent": {},
            "exampleSites": [
                "dendypics.com",
                "www.mijnsexverhalen.com"
            ]
        },
        {
            "rule": "baresi\\.xyz\\/prplugs\\/0\\/1071734\\/200x150\\.jpg",
            "cookies": 0,
            "fingerprinting": 0,
            "subdomains": [
                "s"
            ],
            "apis": {},
            "sites": 2,
            "prevalence": 0.000201,
            "cnames": [],
            "responseHashes": [
                "1048be6df5fffcf9bf7c4f24838a05881c12134fe9defd59c4b35ec0dc1f9b21"
            ],
            "type": "Image",
            "firstPartyCookies": {},
            "firstPartyCookiesSent": {},
            "exampleSites": [
                "myscatporn.com",
                "www.perverttube.com"
            ]
        },
        {
            "rule": "baresi\\.xyz\\/prplugs\\/0\\/1071735\\/200x150\\.jpg",
            "cookies": 0,
            "fingerprinting": 0,
            "subdomains": [
                "s"
            ],
            "apis": {},
            "sites": 2,
            "prevalence": 0.000201,
            "cnames": [],
            "responseHashes": [
                "073ce534b05a3176ab7c7cad2dff9b93774b6a6c05c9655f137d2adcbdfde573"
            ],
            "type": "Image",
            "firstPartyCookies": {},
            "firstPartyCookiesSent": {},
            "exampleSites": [
                "myscatporn.com",
                "www.perverttube.com"
            ]
        },
        {
            "rule": "baresi\\.xyz\\/prplugs\\/0\\/1071736\\/200x150\\.jpg",
            "cookies": 0,
            "fingerprinting": 0,