{
    "domain": "bonertraffic14.pro",
    "owner": {},
    "source": [
        "DuckDuckGo-NL"
    ],
    "prevalence": 0.00232,
    "sites": 23,
    "subdomains": [
        "cdn"
    ],
    "cnames": [],
    "fingerprinting": 2,
    "resources": [
        {
            "rule": "bonertraffic14\\.pro\\/sdk\\/push_web\\/",
            "cookies": 0.00232,
            "fingerprinting": 2,
            "subdomains": [
                "cdn"
            ],
            "apis": {
                "Navigator.prototype.userAgent": 23,
                "window.localStorage": 18,
                "Navigator.prototype.platform": 18,
                "window.devicePixelRatio": 23,
                "Navigator.prototype.appName": 19,
                "Document.cookie getter": 12,
                "Date.prototype.getTime": 10,
                "Document.cookie setter": 9
            },
            "sites": 23,
            "prevalence": 0.00232,
            "cnames": [],
            "responseHashes": [
                "7aba6bcce2a857400a38195b76779e0aed2971be6ec080d6b1a892341ca7265d",
                "e0f02dde856fd580a2ae5a1875a05a64e3d8b7b7a36069135044c6516df355a3",
                "b07098ef00102e670c2d4527f5e48a4b49c8c5436b895c913c77aad074e15048",
                "0d01bab3e36c819fae1db5cbdadbc42fdc2e4fb7495a9a85642ffa642c3b51b1",
                "a5ef0ff8f70c49c441dde2b88a6861b87350421184d89c50ec64006f918961e0",
                "e6a1c903e1efe823e4dffd8c3a52787f70ad6ec0c8d9eca55da3469b3b718754",
                "6883f73ab43f3a3c7ec508f0c49cf122b937bb3082d83bbc3c7378a5f495c89a",
                "8d4571be02aadc06fc6e3898be3f8208a5838cf02c650954c1d4e459f25d6e4f",
                "cada8ed81bf643619974be333faaf7db3e576433d7e006519f60726700f1aadd",
                "039bee1d95ff4c119abaa46a28f36f6fc36f3a96392a74d80ecd19f0a98346eb",
                "2080b1997f3c83c90ca8f25a8d6a24781e193487e2eb6ac73b7dd74bf6108aaf",
                "8effd31772dd4a4c40dfa36dbe5b88b6400b27ffd6f92a3d887a8dbc9eb4f951",
                "132dcdad57565a1d2a4b7f3aa17a699de901cd3bd71669cc36f98fe455992061",
                "d29dae6b17332e364fc70db2e347e0ba28e1a461343ca87fa9ad58115489b31f",
                "e8f76b3a46c335aa9f86b3efbbe79de1daffe9cf4b67eff79593b01f3f6b27f8",
                "16672743f9fa55ed857f8195b6ac2bb890fc8e37921d270b8dc628b5448cef71",
                "558caad1914ecac4dcdf3721bcec1a778ec7e4ff36860777995cd9f76b1383bd",
                "5d6a32a8b92b67d97acb9ff281fd431178648c5c67f58e054a103b0b696c3a1a",
                "c92119934cb0b7fc1abb7a6738d1eb60be8a9db7bb0076f936f32b767da850cb",
                "050e224a2e1b50a13994e511dcae8de265c605e181722ee9f15bfc1d6a325f9c"
            ],
            "type": "Script",
            "firstPartyCookies": {
                "rvt_inlpush_shown_4987": {
                    "ttl": 86409,
                    "length": 1,
                    "prevalence": 0.0002013895881582922,
                    "uniqueness": 0.5
                },
                "rvt_inlpush_shown_4459": {
                    "ttl": 86421,
                    "length": 1,
                    "prevalence": 0.0004027791763165844,
                    "uniqueness": 0.25
                },
                "rvt_inlpush_shown_4959": {
                    "ttl": 86424,
                    "length": 1,
                    "prevalence": 0.0001006947940791461,
                    "uniqueness": 1
                },
                "rvt_inlpush_shown_5323": {
                    "ttl": 86403,
                    "length": 1,
                    "prevalence": 0.0001006947940791461,
                    "uniqueness": 1
                },
                "rvt_inlpush_shown_4759": {
                    "ttl": 3613,
                    "length": 1,
                    "prevalence": 0.0001006947940791461,
                    "uniqueness": 1
                }
            },
            "firstPartyCookiesSent": {},
            "exampleSites": [
                "zoo-xnxx.com",
                "hot-porn.pro",
                "momhdsex.com",
                "xxxvideoszoo.com",
                "xbabe.com",
                "tubeamateursex.com",
                "shyteentube.com",
                "hdxxx.top",
                "pornzoovideos.com",
                "4kporn.tube",
                "xnxx-zoo.com",
                "zooredtube.com",
                "zoo-xvideos.com",
                "zooyouporn.com",
                "www.vintporn.com",
                "zoo-tube8.com",
                "xnxx.news",
                "xxxsexzoo.com",
                "zoozootube.com",
                "momhdporn.com"
            ]
        }
    ],
    "categories": [],
    "performance": {},
    "cookies": 0.00232,
    "types": {
        "Script": 23
    },
    "nameservers": [
        "ray.ns.cloudflare.com",
        "dell.ns.cloudflare.com"
    ]
}