{
    "domain": "btloader.com",
    "owner": {
        "name": "Blockthrough Inc.",
        "displayName": "Blockthrough"
    },
    "source": [
        "DuckDuckGo-NL"
    ],
    "prevalence": 0.00944,
    "sites": 94,
    "subdomains": [
        "api"
    ],
    "cnames": [],
    "fingerprinting": 1,
    "resources": [
        {
            "rule": "btloader\\.com\\/tag",
            "cookies": 0,
            "fingerprinting": 1,
            "subdomains": [],
            "apis": {
                "window.localStorage": 14
            },
            "sites": 94,
            "prevalence": 0.00944,
            "cnames": [],
            "responseHashes": [
                "94b58a1bcde4eecfb2b39466b8c9c3fc7112eb3e9f40c383ad1dccd1bb6eb611",
                "60f274f03d4c37b6eb7b6a77f751cc44ab54c1ec57598317e36fe70e6d9eb313",
                "b048a587d83b3e4dfd6b152dfc1090b386c1f5f214d1e21f72a607a816edd53e",
                "0ac783fe0828536879f1c89c00aaac7bad0f1e84748e617c71567b067e8236db",
                "a4900d7205e6195539c386f7224fb00baaa49ff49216d94ba92eb96319d6f824",
                "9ce92c44053ce08113f260daeedd9c20ff76bbea4ce4f45f64872c75a7f2200b",
                "3d69fae1c093f3664856e55793653781cdeef670168dd77e64cc507c2afeb6b2",
                "08421bec3175271a3aaf77319023b6e9ff43b6edf0449e3321ce374883c58ece",
                "b53e8c47c49b880705fb33ee0a718cc4bdc53a5e81e7258a6106a83dbc1702f9",
                "515b4ceebf762bc907e17c2bcb6a65d85319fa5b18adae4db312bc91054cf70a",
                "9b5473db0e51abf3da61b7537df9dcb6a8758d37438aa247d0aad4bfd51f2b56",
                "89716a4523582237b9fca103e3efc1cc6fa4b715e2a015fba4afed7b43bfd605",
                "da97e8c670833fd50114d4816ca32a2936e7d45854e5ccdf35078dafe8bc5316",
                "b9d050908ba7d5a1a3fd9f0b2adb78e477537acc8e39c5c5ce5481f39552c1d3",
                "6730aa8248cf4273a7907c7204a8ae19a2687ef31d3cbfc1cf318327d00808c7",
                "cc1cdd278211976e8fd577ef07fc5eb77099c485375219f81691cd2c79a9ba67",
                "0f802b17fe36f8e939fcbc1c79828651e22b2480317201482af221087830e62e",
                "64bb15a5ea985fef0a61084f00ee37bcdc78f34b8775c5f3e94195f5831d09be",
                "6ab7b70364ac1ebcfb8f7c9f4a03c119827fd6f6fe3571567be8d858414cf3b2",
                "4ab20de59c6ebdf55bbed87caeb62d96bdd59d56cde075ebdead8b9d60193093",
                "5101368fc8c29099e164174900d65b50b3c6b482b3c384bb54239f59aa568e3a",
                "60eaf97a1d05e58b1ec758545cc8a56c7cff2073d1199b70989c2474cecf53e5",
                "cd17bb2c741c72c2245c23a7dd73a5b8ecc6f3a0a72b29f828ace82af5b06347",
                "68061b5dec496d5455c5bdc0b1361ed2e2ceccc3743f77d9b7fc5e22ac7b14ae",
                "4376199dd0df8fd1a4e4f6654f329ca7520cec6bdd20fbdee7e759aa6a5b6bf4",
                "9b64fe48daf5f8262b435fcfe7215b45a2c7d715deeb8f4af6b410521cfaaebc",
                "5e486a1b0372c13b1980eb71d5173836af4d642f1a9b870e9caf2ef8b0435c4a",
                "1729db143821678500cf1573bc16fe293f7d6e2e578303fc52bef4bca0f66d45",
                "4f15c6ec472fc9ece3187c00071b8a3f77eb764830033498a1cf4502732f14b1",
                "ffd012aae55c4c1616ac2d0c6d41d1d63e276f0385e4fcfc62033044430596f0",
                "a318c81454a875e54986437d5010baf6b3fc1d404691adb868bdaae2752a79ed",
                "ec2ab62090d388f56377245b1fe97ee4209243694788dc3392e352c74a764815"
            ],
            "type": "Script",
            "firstPartyCookies": {},
            "firstPartyCookiesSent": {},
            "exampleSites": [
                "9to5mac.com",
                "dictionary.cambridge.org",
                "en.bab.la",
                "forum.wordreference.com",
                "forum.xda-developers.com",
                "gizmodo.com",
                "knowyourmeme.com",
                "lifehacker.com",
                "nypost.com",
                "twinfinite.net",
                "www.gamepur.com",
                "www.gamersheroes.com",
                "healthyceleb.com",
                "www.manua.ls",
                "www.trueachievements.com",
                "www.sporcle.com",
                "www.ajaxshowtime.com",
                "trakt.tv",
                "letterboxd.com",
                "darksouls.wiki.fextralife.com"
            ]
        },
        {
            "rule": "btloader\\.com\\/pv",
            "cookies": 0,
            "fingerprinting": 0,
            "subdomains": [
                "api"
            ],
            "apis": {},
            "sites": 90,
            "prevalence": 0.00904,
            "cnames": [],
            "responseHashes": [
                "e3b0c44298fc1c149afbf4c8996fb92427ae41e4649b934ca495991b7852b855"
            ],
            "type": "XHR",
            "firstPartyCookies": {},
            "firstPartyCookiesSent": {},
            "exampleSites": [
                "9to5mac.com",
                "dictionary.cambridge.org",
                "en.bab.la",
                "forum.wordreference.com",
                "forum.xda-developers.com",
                "gizmodo.com",
                "knowyourmeme.com",
                "lifehacker.com",
                "nypost.com",
                "twinfinite.net",
                "kotaku.com",
                "www.gamersheroes.com",
                "letterboxd.com",
                "www.fossmint.com",
                "www.fanbyte.com",
                "www.f1maximaal.nl",
                "progameguides.com",
                "www.accuweather.com",
                "fortnitetracker.com",
                "www.windowscentral.com"
            ]
        },
        {
            "rule": "btloader\\.com\\/l",
            "cookies": 0,
            "fingerprinting": 0,
            "subdomains": [
                "api"
            ],
            "apis": {},
            "sites": 3,
            "prevalence": 0.000301,
            "cnames": [],
            "responseHashes": [
                "e3b0c44298fc1c149afbf4c8996fb92427ae41e4649b934ca495991b7852b855"
            ],
            "type": "Image",
            "firstPartyCookies": {},
            "firstPartyCookiesSent": {},
            "exampleSites": [
                "techjunkie.com",
                "www.manua.ls",
                "www.techjunkie.com"
            ]
        }
    ],
    "categories": [],
    "performance": {},
    "cookies": 0,
    "types": {
        "Script": 94,
        "XHR": 90,
        "Image": 3
    },
    "nameservers": [
        "anuj.ns.cloudflare.com",
        "anna.ns.cloudflare.com"
    ]
}