{
    "domain": "headerlift.com",
    "owner": {},
    "source": [
        "DuckDuckGo-NL"
    ],
    "prevalence": 0.00143,
    "sites": 14,
    "subdomains": [
        "pub",
        "wdg",
        "static"
    ],
    "cnames": [],
    "fingerprinting": 0,
    "resources": [
        {
            "rule": "headerlift\\.com\\/opphb",
            "cookies": 0.00122,
            "fingerprinting": 0,
            "subdomains": [
                "pub"
            ],
            "apis": {},
            "sites": 13,
            "prevalence": 0.00132,
            "cnames": [],
            "responseHashes": [
                "21b15464cbe8d841595b575c0d576bfbbbb72e66b23a26423af9f6f87a948191",
                "79c245dcab2d6c9c810fefc7a6406023143c8e0d3ae4c98852d466a2f5fb9b77",
                "289ade9f0cdc91b70886b9e21149f4e005d0d6aa8b0a0efd649be23dfc3a3f45",
                "f1b3b2957a0273acceacfdd40e8f38e5c84af7a1dfded30ea6bbd62dee296d53",
                "cc5f7d10abe19d3b364cb2a7463ee16d311de03c35cbcbf2f80fb82c252807fd",
                "c88cafd9d4422b2046779ea285cb92c88d897c88c9a8904dacb6cffa7f611e17",
                "69a78c7390df201fc0736505485789436d0f8ce5d7ba1cb6882448ba8aa9c089",
                "68f6bcb630297f39ce4efd0d1f64dad8b5fada2dd8069d9117e0ab8a39271ff4",
                "6f2919d8719106423563dda29608fd0b545f61eb746415671429158978cb1ea8",
                "8d6f4de35956218a55fc18e114cec1b66b629cc92307072c8857bb27181f4160",
                "e88f487cb7aca8d65a1e6b98eadbd829fb58a56a55c3455cbf4a0393222db193"
            ],
            "type": "Fetch",
            "exampleSites": [
                "nieuws.nl",
                "parra.nu",
                "patiencespel.net",
                "sittard-geleen.nieuws.nl",
                "spele.nl",
                "www.ikwoonfijn.nl",
                "www.okokorecepten.nl",
                "www.patesserie.com",
                "www.spel.nl",
                "www.spelletjes.nl",
                "www.toolshero.nl",
                "www.topkleurplaat.nl",
                "www.yourlittleblackbook.me"
            ]
        },
        {
            "rule": "headerlift\\.com\\/assets",
            "cookies": 0.000306,
            "fingerprinting": 0,
            "subdomains": [
                "wdg"
            ],
            "apis": {},
            "sites": 3,
            "prevalence": 0.000306,
            "cnames": [],
            "responseHashes": [
                "93f3107bedba10579052da1c0af6cba16faa149cf8a9486c4d5583ec8021cb8a",
                "2fd279ed36c32743122a22189f9a28a333753ddff47f621aa7290638c573e08e"
            ],
            "type": "XHR",
            "exampleSites": [
                "spel.nl",
                "www.spel.nl",
                "www.spelletjes.nl"
            ]
        },
        {
            "rule": "headerlift\\.com\\/widget\\/img\\/ef9cf815-6128-4268-a957-109b7529339e",
            "cookies": 0.000204,
            "fingerprinting": 0,
            "subdomains": [
                "static"
            ],
            "apis": {},
            "sites": 2,
            "prevalence": 0.000204,
            "cnames": [],
            "responseHashes": [
                "c8be5b14170c471b18a54ac563c95d99dfe080270994534e4e835f30fc07834e"
            ],
            "type": "Image",
            "exampleSites": [
                "spel.nl",
                "www.spelletjes.nl"
            ]
        },
        {
            "rule": "headerlift\\.com\\/widget\\/img\\/34094ec1-1712-41a1-b5ab-109d6abeb159",
            "cookies": 0.000204,
            "fingerprinting": 0,
            "subdomains": [
                "static"
            ],
            "apis": {},
            "sites": 2,
            "prevalence": 0.000204,
            "cnames": [],
            "responseHashes": [
                "6b8b9285e3c546a0547b9582b2a2a1172c1d9835b448444904bbabae2a1d43fb"
            ],
            "type": "Image",
            "exampleSites": [
                "spel.nl",
                "www.spelletjes.nl"
            ]
        },
        {
            "rule": "headerlift\\.com\\/widget\\/img\\/b1142208-d672-41a8-9ef2-f0ce59114759",
            "cookies": 0.000204,
            "fingerprinting": 0,
            "subdomains": [
                "static"
            ],
            "apis": {},
            "sites": 2,
            "prevalence": 0.000204,
            "cnames": [],
            "responseHashes": [
                "b4e5b9b5dbcda7c9a59f1ef89e9cd6358a3889ec8bd24a7a47a8beb0d30b838b"
            ],
            "type": "Image",
            "exampleSites": [
                "spel.nl",
                "www.spelletjes.nl"
            ]
        },
        {
            "rule": "headerlift\\.com\\/widget\\/img\\/986a56cf-7d6e-4047-b164-6305eb6a062c",
            "cookies": 0.000204,
            "fingerprinting": 0,
            "subdomains": [
                "static"
            ],
            "apis": {},
            "sites": 2,
            "prevalence": 0.000204,
            "cnames": [],
            "responseHashes": [
                "37d4029c4b4e08db8d34a941a2200d31331b39ce02848eda34e36161e6e3ffec"
            ],
            "type": "Image",
            "exampleSites": [
                "spel.nl",
                "www.spelletjes.nl"
            ]
        },
        {
            "rule": "headerlift\\.com\\/widget\\/img\\/b45e84fd-57e4-4293-9c97-0e452029b7ce",
            "cookies": 0.000204,
            "fingerprinting": 0,
            "subdomains": [
                "static"
            ],
            "apis": {},
            "sites": 2,
            "prevalence": 0.000204,
            "cnames": [],
            "responseHashes": [
                "d7e954750a62e516c1f49232bbab252adb5e1156783a2aecec2f7433dad0904b"
            ],
            "type": "Image",
            "exampleSites": [
                "spel.nl",
                "www.spelletjes.nl"
            ]
        }
    ],
    "categories": [],
    "performance": {},
    "cookies": 0.00132,
    "types": {
        "Fetch": 13,
        "XHR": 3,
        "Image": 10
    }
}