{
    "domain": "ipify.org",
    "owner": {},
    "source": [
        "DuckDuckGo-NL"
    ],
    "prevalence": 0.00783,
    "sites": 78,
    "subdomains": [
        "api",
        "api64"
    ],
    "cnames": [],
    "fingerprinting": 0,
    "resources": [
        {
            "rule": "ipify\\.org\\/",
            "cookies": 0,
            "fingerprinting": 0,
            "subdomains": [
                "api"
            ],
            "apis": {},
            "sites": 48,
            "prevalence": 0.00482,
            "cnames": [],
            "responseHashes": [
                "817208713f066742522552ff44b6de6d8b47ecdb7e4d359cd4e0b377925c3f77",
                "adee369af83328330b22b2e9a7b47285cb844c745f91c872935202748307c48f",
                "5508b2ea864b2545e16fe3466516e99988f32d18989c6077d46ec6914c66b1cd",
                "e4096059d07a02c65e1d48da360986857dac3bbfd94643d3fabd21804a195257",
                "4261e4b4ce110b2d20cd8cca8d30c457024206e718c9277615b7338d9680011d",
                "19e6a97775b4ab652c0acb68cb7a29fca1916d1850f29d7ab61b12cb5a60f1a6",
                "1f503138f217305dd45b3c6a09a0f8544bb03432d3d373e0ccf7b9cf5305c990",
                "a4dda17f9ddf9ac3a07bfd8294df9361d44752f32a5b1349d7a82df1a612747e",
                "b72f9ffe1de281b9d5a8df67ad07b941450e94c32a2579756c7987cdd0943cb2"
            ],
            "type": "Script",
            "firstPartyCookies": {},
            "firstPartyCookiesSent": {},
            "exampleSites": [
                "www.pcworld.com",
                "www.wasco.nl",
                "www.delta.nl",
                "www.bodybuilding.com",
                "www.dr-jetskeultee-skincare.nl",
                "www.tenhoven-bomen.nl",
                "hollandbikeshop.com",
                "www.flinndal.nl",
                "www.vandale.nl",
                "docs.influxdata.com",
                "www.influxdata.com",
                "www.tno.nl",
                "www.laminaatenparket.nl",
                "mijn.simpel.nl",
                "www.keen.com",
                "www.123lens.nl",
                "www.hypotheker.nl",
                "www.milieucentraal.nl",
                "www.dr-jetskeultee.nl",
                "www.malwarebytes.com"
            ]
        },
        {
            "rule": "ipify\\.org\\/",
            "cookies": 0,
            "fingerprinting": 0,
            "subdomains": [
                "api",
                "api64"
            ],
            "apis": {},
            "sites": 26,
            "prevalence": 0.00261,
            "cnames": [],
            "responseHashes": [
                "8fab39d0ad0757e4371dca708b2c9082b50dc9189ef34afad1dce5a01193a859",
                "3bcbdafa59151d46f8c1d694294c15f5aa3c802a8a9f993038dd4a9986360a12",
                "0fe99650bbf316bc1cce12d08ff7fdba18d9e08c7726e49e8c5b172110b3df54"
            ],
            "type": "XHR",
            "firstPartyCookies": {},
            "firstPartyCookiesSent": {},
            "exampleSites": [
                "mijn.budgetthuis.nl",
                "www.sigmaaldrich.com",
                "www.kennispleingehandicaptensector.nl",
                "www.deltion.nl",
                "www.omoda.nl",
                "www.bmw.nl",
                "www.republicworld.com",
                "www.livit.nl",
                "www.zorgvoorbeter.nl",
                "hulpmiddelenwijzer.nl",
                "www.vilans.nl",
                "yts.rs",
                "www.malmberg.nl",
                "www.weightwatchers.com",
                "voyeur-house.tv",
                "www.intertoys.nl",
                "www.werk.nl",
                "www.gazelle.nl",
                "www.budgetthuis.nl",
                "www.greenchoice.nl"
            ]
        },
        {
            "rule": "ipify\\.org\\/",
            "cookies": 0,
            "fingerprinting": 0,
            "subdomains": [
                "api"
            ],
            "apis": {},
            "sites": 3,
            "prevalence": 0.000301,
            "cnames": [],
            "responseHashes": [
                "8fab39d0ad0757e4371dca708b2c9082b50dc9189ef34afad1dce5a01193a859"
            ],
            "type": "Fetch",
            "firstPartyCookies": {},
            "firstPartyCookiesSent": {},
            "exampleSites": [
                "sensiseeds.com",
                "www.hollandandbarrett.com",
                "www.hollandandbarrett.nl"
            ]
        }
    ],
    "categories": [],
    "performance": {
        "time": 1,
        "size": 1,
        "cpu": 1,
        "cache": 3
    },
    "cookies": 0.0001,
    "types": {
        "Script": 48,
        "XHR": 26,
        "Fetch": 3
    },
    "nameservers": [
        "ns28.domaincontrol.com",
        "ns27.domaincontrol.com"
    ]
}