{
    "domain": "linkconnector.com",
    "owner": {
        "name": "LinkConnector Corporation",
        "displayName": "LinkConnector"
    },
    "source": [
        "DuckDuckGo-NL"
    ],
    "prevalence": 0.000703,
    "sites": 7,
    "subdomains": [
        "www"
    ],
    "cnames": [],
    "fingerprinting": 1,
    "resources": [
        {
            "rule": "linkconnector\\.com\\/uts_lp\\.php",
            "cookies": 0.000703,
            "fingerprinting": 1,
            "subdomains": [
                "www"
            ],
            "apis": {
                "Document.cookie getter": 6,
                "window.localStorage": 6,
                "Date.prototype.getTime": 7,
                "Document.cookie setter": 6
            },
            "sites": 7,
            "prevalence": 0.000703,
            "cnames": [],
            "responseHashes": [
                "cf31538dd229da45723d50369b8bb7bc93dab7321a69334c33cae242a919eda5",
                "39cb2a2f9b7597a908d8659850ab5405418ae73310359792e2b4d412e6853a56",
                "4f59070f60ec220cbfc8e292328b1ccae062329163446e09315f74dd867c0395",
                "722ebd4f17f1b505a8ccdb61820d475e1b6ed6994f1d65d6e298d24ca70eb9f3",
                "dcf404295d78cc26e64838e78c0e91a712e77e488dc69b86aca5ea66c1975b4b",
                "2b386a417007f051319f21bc97195fc2b55d9e74c5871990b52b758099d103ae"
            ],
            "type": "Script",
            "firstPartyCookies": {
                "uts_id": {
                    "ttl": 157680004,
                    "length": 17,
                    "prevalence": 0.0005022601707684581,
                    "uniqueness": 1
                },
                "LCUTS_UID_900133": {
                    "ttl": 3604,
                    "length": 6,
                    "prevalence": 0.00030135610246107485,
                    "uniqueness": 0.3333333333333333
                },
                "LCUTS_UID_901600": {
                    "ttl": 3608,
                    "length": 6,
                    "prevalence": 0.00010045203415369161,
                    "uniqueness": 1
                },
                "LCUTS_UID_901602": {
                    "ttl": 3601,
                    "length": 6,
                    "prevalence": 0.00010045203415369161,
                    "uniqueness": 1
                },
                "LCUTS_UID_901229": {
                    "ttl": 3616,
                    "length": 6,
                    "prevalence": 0.00010045203415369161,
                    "uniqueness": 1
                }
            },
            "firstPartyCookiesSent": {
                "LCUTS_UID_900133": 0.00030135610246107485,
                "LCUTS_UID_901600": 0.00010045203415369161,
                "LCUTS_UID_901602": 0.00010045203415369161,
                "LCUTS_UID_901229": 0.00010045203415369161
            },
            "exampleSites": [
                "wondershare.com",
                "filmora.wondershare.com",
                "pdf.wondershare.com",
                "recoverit.wondershare.com",
                "spyic.com",
                "www.minitool.com",
                "www.movavi.com"
            ]
        },
        {
            "rule": "linkconnector\\.com\\/tu\\.php",
            "cookies": 0.000502,
            "fingerprinting": 0,
            "subdomains": [
                "www"
            ],
            "apis": {},
            "sites": 5,
            "prevalence": 0.000502,
            "cnames": [],
            "responseHashes": [
                "1cd58a827318c4a29b32a0db15c8c39d5651b42d8cad227519ad81bce4adb944"
            ],
            "type": "Image",
            "firstPartyCookies": {},
            "firstPartyCookiesSent": {
                "__atuvs": 0.00020090406830738323,
                "_rdt_uuid": 0.00010045203415369161,
                "_gcl_au": 0.00040180813661476645,
                "_uetsid": 0.00020090406830738323,
                "_uetvid": 0.00020090406830738323,
                "_clck": 0.00010045203415369161,
                "_ga": 0.0005022601707684581,
                "_gid": 0.00040180813661476645,
                "ws_visit_id": 0.00020090406830738323,
                "_ws_id.101.de8e": 0.00010045203415369161,
                "_ws_device_id": 0.00010045203415369161,
                "srcSite": 0.00010045203415369161,
                "__utmzz": 0.00010045203415369161
            },
            "exampleSites": [
                "wondershare.com",
                "filmora.wondershare.com",
                "pdf.wondershare.com",
                "recoverit.wondershare.com",
                "www.movavi.com"
            ]
        },
        {
            "rule": "linkconnector\\.com\\/js\\/uts_uid\\.php",
            "cookies": 0.000502,
            "fingerprinting": 0,
            "subdomains": [
                "www"
            ],
            "apis": {},
            "sites": 5,
            "prevalence": 0.000502,
            "cnames": [],
            "responseHashes": [
                "1cd58a827318c4a29b32a0db15c8c39d5651b42d8cad227519ad81bce4adb944"
            ],
            "type": "Image",
            "firstPartyCookies": {},
            "firstPartyCookiesSent": {
                "LCUTS_UID_900133": 0.00030135610246107485,
                "LCUTS_UID_901229": 0.00010045203415369161
            },
            "exampleSites": [
                "wondershare.com",
                "filmora.wondershare.com",
                "pdf.wondershare.com",
                "recoverit.wondershare.com",
                "www.movavi.com"
            ]
        },
        {
            "rule": "linkconnector\\.com\\/uts_clickcounts\\.php",
            "cookies": 0,
            "fingerprinting": 0,
            "subdomains": [
                "www"
            ],
            "apis": {},
            "sites": 2,
            "prevalence": 0.000201,
            "cnames": [],
            "responseHashes": [
                "e3b0c44298fc1c149afbf4c8996fb92427ae41e4649b934ca495991b7852b855"
            ],
            "type": "Script",
            "firstPartyCookies": {},
            "firstPartyCookiesSent": {
                "LCUTS_UID_901600": 0.00010045203415369161,
                "LCUTS_UID_901602": 0.00010045203415369161
            },
            "exampleSites": [
                "spyic.com",
                "www.minitool.com"
            ]
        }
    ],
    "categories": [],
    "performance": {
        "time": 1,
        "size": 1,
        "cpu": 0,
        "cache": 3
    },
    "cookies": 0.000703,
    "types": {
        "Script": 9,
        "Image": 10
    },
    "nameservers": [
        "edna.ns.cloudflare.com",
        "sri.ns.cloudflare.com"
    ]
}