{
    "domain": "mavencoalition.io",
    "owner": {
        "name": "The Maven Network, Inc",
        "displayName": "The Maven Network"
    },
    "source": [
        "DuckDuckGo-NL"
    ],
    "prevalence": 0.000803,
    "sites": 8,
    "subdomains": [
        "uid"
    ],
    "cnames": [],
    "fingerprinting": 0,
    "resources": [
        {
            "rule": "mavencoalition\\.io\\/v3",
            "cookies": 0,
            "fingerprinting": 0,
            "subdomains": [
                "uid"
            ],
            "apis": {},
            "sites": 8,
            "prevalence": 0.000803,
            "cnames": [],
            "responseHashes": [
                "9e945e657801a32866e8d1ef6d25964e6b9c68f8fa0fc802513cb87157c06509",
                "44f45bdee1624b22ed5f92ba0adc3b287c5757db7e13d36abd17d60a0e4792ef",
                "551cdf7280f364e34ce88ba2608e65d949599beeabc30008bf0d38ab45bd94f2",
                "213e055977243895a5da9ce8b089bb4f6d183cd539405277c60dd6725fb18c73",
                "494c1e4591f6e5304b900703f18ff471d2e688ef1469dcd3ead3f53e209eed83",
                "dac135f0052bcd2d3d70da42ffd89cfe416c7dd6b94187ee331900821a0dd929",
                "3d78e156faa39b99254f167627d4e57b8ff42a84a10e62a1baa0b03fb4528f71"
            ],
            "type": "Fetch",
            "firstPartyCookies": {},
            "firstPartyCookiesSent": {},
            "exampleSites": [
                "hubpages.com",
                "owlcation.com",
                "pairedlife.com",
                "pethelpful.com",
                "swimsuit.si.com",
                "www.biography.com",
                "www.maxim.com",
                "www.thestreet.com"
            ]
        }
    ],
    "categories": [],
    "performance": {
        "time": 1,
        "size": 1,
        "cpu": 0,
        "cache": 3
    },
    "cookies": 0,
    "types": {
        "Fetch": 8
    },
    "nameservers": [
        "ns-362.awsdns-45.com",
        "ns-573.awsdns-07.net",
        "ns-1489.awsdns-58.org",
        "ns-1839.awsdns-37.co.uk"
    ]
}