{
    "domain": "medtargetsystem.com",
    "owner": {},
    "source": [
        "DuckDuckGo-NL"
    ],
    "prevalence": 0.00051,
    "sites": 5,
    "subdomains": [
        "www"
    ],
    "cnames": [],
    "fingerprinting": 3,
    "resources": [
        {
            "rule": "medtargetsystem\\.com\\/javascript\\/beacon\\.js",
            "cookies": 0.00051,
            "fingerprinting": 2,
            "subdomains": [
                "www"
            ],
            "apis": {
                "window.localStorage": 5,
                "Navigator.prototype.userAgent": 5,
                "Navigator.prototype.product": 5,
                "Document.cookie getter": 3,
                "window.sessionStorage": 5,
                "window.name": 5,
                "Document.cookie setter": 5,
                "Date.prototype.getTime": 4
            },
            "sites": 5,
            "prevalence": 0.00051,
            "cnames": [],
            "responseHashes": [
                "5ad85ee0d8ab42dc54a4cb0dc6a6249c9807db0527660d4a47fb75af6901bb63",
                "b0b0322977c70ca18b58e38786ea2eb40b630391f2179b539106e8222621014f",
                "c06db2ba64a4927c541a17c567aa409419fb6917b4f66fb4702cadebde055fa8"
            ]
        },
        {
            "rule": "medtargetsystem\\.com\\/beacon\\/portal\\/",
            "cookies": 0.00051,
            "fingerprinting": 1,
            "subdomains": [
                "www"
            ],
            "apis": {
                "Date.prototype.getTime": 5
            },
            "sites": 5,
            "prevalence": 0.00051,
            "cnames": [],
            "responseHashes": [
                "39d045f8c34b8859a58bc0f0e0f86cd5d2d8da744f7c0523569b7a3c28ccb56f",
                "d0d5cf784fa7fa863fb56aacb983987779721b0a31750f1186c9dc31c5f6b275",
                "b6f769623c4c52371f6fed1e0161dd17739b4e43234e225d85b9a5d2d1749f14",
                "048b5df211956ba9b5c04d4bf58b10bec5bbd36065f50abfe1f3c2f079ad66f9"
            ]
        },
        {
            "rule": "medtargetsystem\\.com\\/analytics\\/collect\\.gif",
            "cookies": 0.00051,
            "fingerprinting": 0,
            "subdomains": [
                "www"
            ],
            "apis": {},
            "sites": 5,
            "prevalence": 0.00051,
            "cnames": [],
            "responseHashes": [
                "e3b0c44298fc1c149afbf4c8996fb92427ae41e4649b934ca495991b7852b855"
            ]
        },
        {
            "rule": "medtargetsystem\\.com\\/javascript\\/portal\\.js",
            "cookies": 0,
            "fingerprinting": 2,
            "subdomains": [
                "www"
            ],
            "apis": {
                "Navigator.prototype.product": 5,
                "Navigator.prototype.userAgent": 5
            },
            "sites": 5,
            "prevalence": 0.00051,
            "cnames": [],
            "responseHashes": [
                "15728f77b27079b54b2f1dd3a17e78c6a644b46087da1022b8cc497f7e447df4",
                "37da2b5043e541f1fe473195ff4486f7e38fdfc36c2608004f002c5424a9755f",
                "168e0d5be9fd494f47538ef015133322814b4b0dcdab88e441acaa365a63c5fe"
            ]
        },
        {
            "rule": "medtargetsystem\\.com\\/javascript\\/blu3print\\.jv\\.js",
            "cookies": 0,
            "fingerprinting": 1,
            "subdomains": [
                "www"
            ],
            "apis": {
                "Navigator.prototype.userAgent": 5,
                "window.sessionStorage": 5,
                "window.localStorage": 5,
                "window.indexedDB": 5
            },
            "sites": 5,
            "prevalence": 0.00051,
            "cnames": [],
            "responseHashes": [
                "d357486a2080070521bedf75d5ec5914f9ec5ec07d205b3f88f2814e9f406c3f",
                "e724feb55b2a492513d8a3463f9f57632f3de85e77cc85a30380b307cdd9b06a",
                "2625fce71d5337d7a623375b9e6c8172fa17f6c299f9a84c0edc4a051b9b780f"
            ]
        },
        {
            "rule": "medtargetsystem\\.com\\/javascript\\/modules\\/_fp\\.js",
            "cookies": 0.000306,
            "fingerprinting": 2,
            "subdomains": [
                "www"
            ],
            "apis": {
                "Navigator.prototype.userAgent": 5,
                "Navigator.prototype.language": 5,
                "Navigator.prototype.platform": 5,
                "Screen.prototype.colorDepth": 5,
                "Screen.prototype.height": 5,
                "Screen.prototype.width": 5,
                "Navigator.prototype.appCodeName": 5,
                "Navigator.prototype.appName": 5,
                "Navigator.prototype.appVersion": 5,
                "Navigator.prototype.doNotTrack": 5,
                "Date.prototype.getTimezoneOffset": 5,
                "Navigator.prototype.plugins": 5,
                "Date.prototype.getTime": 5,
                "Document.cookie getter": 3,
                "window.localStorage": 5,
                "window.sessionStorage": 5,
                "CanvasRenderingContext2D.prototype.getImageData": 5,
                "Document.cookie setter": 3
            },
            "sites": 5,
            "prevalence": 0.00051,
            "cnames": [],
            "responseHashes": [
                "9082b180ea2dc9f9e823de683e91a37ba2ae4fc4c3475a7eeff27758242b7c64",
                "5566dd7561f29a6f62fceb247918e8e8a1598d5d80365b43060d937a91bda384",
                "a1c585507950baf0bbf79ecb7f378a214a9733c78303135f48455e1506aab553"
            ]
        },
        {
            "rule": "medtargetsystem\\.com\\/_itu\\.png",
            "cookies": 0.00051,
            "fingerprinting": 0,
            "subdomains": [
                "www"
            ],
            "apis": {},
            "sites": 5,
            "prevalence": 0.00051,
            "cnames": [],
            "responseHashes": [
                "2023d33cdcbc92384e340071f2f3a3ccbbd62712f938b15cf1fe823f93cbca59"
            ]
        },
        {
            "rule": "medtargetsystem\\.com\\/beacon\\/process\\/",
            "cookies": 0.00051,
            "fingerprinting": 0,
            "subdomains": [
                "www"
            ],
            "apis": {},
            "sites": 5,
            "prevalence": 0.00051,
            "cnames": [],
            "responseHashes": [
                "a27973669cc941a0a2139e99a77580de9e09814ff5e1a0796e1051d701798ee2",
                "e1dea3489258eb92cedcf41ec0ec7df673bf5d0853b873acf88ce48e548140c8"
            ]
        }
    ],
    "categories": [],
    "performance": {
        "time": 1,
        "size": 1,
        "cpu": 0,
        "cache": 3
    },
    "cookies": 0.000408,
    "types": {
        "Script": 20,
        "Document": 5,
        "Image": 10,
        "XHR": 5
    }
}