{
    "domain": "promo-bc.com",
    "owner": {
        "name": "BongaCams",
        "displayName": "BongaCams"
    },
    "source": [
        "DuckDuckGo-NL"
    ],
    "prevalence": 0.00847,
    "sites": 83,
    "subdomains": [],
    "cnames": [],
    "fingerprinting": 1,
    "resources": [
        {
            "rule": "promo-bc\\.com\\/promo\\.php",
            "cookies": 0,
            "fingerprinting": 1,
            "subdomains": [],
            "apis": {
                "Navigator.prototype.userAgent": 74
            },
            "sites": 83,
            "prevalence": 0.00847,
            "cnames": [],
            "responseHashes": [
                "4dcf1c27935349a84f5340ccab96a2b3c71d4b8b6b31d95cdac4f00f30c9df48",
                "438fb50c91973523e2521644189ce94eb4ce0afaef82856583c0ee822996366f",
                "f86ca7d94c08479e205d498dc58f8db43fbe046111720a33128246b575b7e955",
                "497ef8884ff09a16ac5d1a1f1c2d41a211b32203b0e2526b894c7395c21eaac9",
                "10d31763b2e5a333180d25ab96bbb2d669fb35273b4b4291891457d635963e84",
                "40a35490db5dd0afaef798a0d84b1777715b76b10ed3542fb44b412add2f526d",
                "44b729772b40648c5ca870784ac458ef2c45aca5e4759f7de36a6c1bbc63fc45",
                "470a74c770f73ab741bfc23db143c81c08ed472627b79920108ad74661a1410a",
                "846661f6708c3c72aff536cf1622f1325eb2dde620600ecae2f1fb10b80a86e7",
                "47dbadf28eca555d57feb650156af5e3e612fc6baec35027aaefc3e54e8bfd6a",
                "1c1f2ca577df07e6134adf25f8fab6f5f903cfe11121247fbe1bd31be073eca0",
                "386d8be473ef067e4f07951bd0c6fc196f46a51ebb71e998c468365f64f8e8fe",
                "d36d92239807185bf8c21bcd97502677f38329c1929d8d03ccdcaa88fe332290",
                "622d14fbb371b1ccbc1fe67fc22b6117107ce9327cfe1b7dc0bd2289d9badcc6",
                "d57dd5fb3b726f019adb5da78c41dce68f4149cdca39bca103e4bc68ff2da3b8",
                "d629aead5aa59170dae947ad84eec3542e8f531f19c360bc0af88f51e35a9a4b",
                "786887e4e73dce808e0c3c6497dbefd832d1534e2262270cb86550ce63b88ab2",
                "566a000aef62a581cf7235d90a950126f5c3f8a31209785626fa32db8c3166f8",
                "86a3fae956ea3fe109786a1a776d7a0d22f1d1315dfc3431eeaee36ed84172db",
                "8aaaa4ae738e26b6ff68d870ee652c73b6db8c7108e69013d5a650404fa69a96",
                "abf900a753976a3941ec21af9aaeddc1b01ba98219125e6bab36669eca7b586f",
                "352107b6c0434b6280183508168792d1141535d713a90bccde70b4620c3e5247",
                "a341a5fea6bbaf23fef72c90f65437a5c52db6399e0658a675840b4af8381e60",
                "85631e2373ce6dad4aaf6bdb3f6d696bffe209ef650d1b3d3b8e922f9acc8064",
                "869fe7ec47e94436d5ef68f7272e92957f07be69e21b5311b3a4f107ccf53955",
                "0efcd0084884e996410e455124dfc43438f82832599447093d5e0e7822dae102",
                "8cac9fabaa1696fa60a1e53fed8d1398ebf6d8ba283cd48c9652185a39e43d08",
                "04fcd7b5fcd80c620d228d5856555efb61526b6807f8532f877908df7e011a07",
                "ef86b546b49774cf2f5390bedc0cf72bea73d39a85fb2f8f5cfc3910576a48c4",
                "a45dbd8cd17d70987e643a98153c4c017b17f506c663897f713e3ff075337468",
                "1c02ae0f55fb127b12c2484c1f87e445d2f0f5bea651449b500d62887a39b753",
                "cacef05fb5ef39f60b1f0c09bc7c5e45981a897e0321a6afbe5cc553526b189f",
                "6c251568899cf6c21ec90a834fd218bf958d0443d740cab3efbb4b343a6f0e76",
                "9c50f96762c1d4463f4d9f8361c72ae7c83c606ef20b6ddaee9574d5a3a67c16",
                "5dfc8419273b8b29f99c8105d9d3bd8b1b371f5c98e8f93389c84cec1dba1839",
                "587427ee4c82945a52c1eec3fb36def1226b98ac0e47f7375a3a023756d9fa79",
                "aaa50f9c9fd4ef9ac713861a3d742598fc8ba2cb5e166abfc6ba393d44ad76f7",
                "69a44d9361cd156c45e0dab69c02e00324177c367cd823a81dd7b4b0c3b7abcf",
                "ad5cd6729002ebfbaccc54de267504f0636d99202b7c4d1874568add90792f51",
                "06c6ead2af30ea405b6a981fe3c4ddd6b96a2a06677462a6cdfae4f7f8066a6d",
                "7fca9737c8064f90175a3be0e159478da177316e17af5773d0da4e78364554d4",
                "9274ed432db746e8bc3c5a20921a4045e3ab5fa543169c8115a581891f813762",
                "2a792ece3ac94ac2c10080fa1cc90f0af566c672e874f1f23b2ab8b2b69b8974",
                "10db7b457eeec6b977617a8b4541c3e4ef6e5e97bf25abbf28d6e9c26659160a",
                "fd4f2246df8592fc1fb8263454e91965668dcb75e4cd30c58ce3e35e905453e2",
                "ec158c1e691c7edbb581f09b439d5013edb8b5ddc24326fe67e1ca2ec146946d",
                "f093b0890b0ee386bd91d395c6b4575eb5da897e7f9ced5aff8e3342488ca0a8",
                "cc243c4fe6722274632608bb3b0c69541c5757d6fb0261bce76cb9866c10ce19",
                "a16a10a7e64b9f606c064edf3e20fc2e0ffa63eb80153e59c858408120e415f1",
                "9bcde0c62377245fa6a96050fbc95eb4d0f09d3c2cebef7647f1050e718f4ffc",
                "d74cb1c9e8b0c3e59f2e24e9e0a95f51603e4a72dde0539e0f3356b26ca1160b",
                "4d48334696f01e52d2919ec7440efc3490b6078f5036d81428e8252c85b1d1cd",
                "6cf4504ac86712d24a43abfa812f5c287bb1fb826cb8a69a87390255f2c26f06",
                "f578c31670c4b3f2ce449d2c0661b190f892ad5637ba100d2d052ec5fa508449",
                "d3e448ccdc719f361bdd069fd9b8ab519853fc7c32387e0c4527b70f1e383782",
                "075efba2918890bf1b22ec261a08dfbe81a7c4107ff8e740f385ab61b4db847c",
                "2b3661e5d0b237dfd61fa7ce09a16593783917048468184750dd10650ec9f583",
                "10b3be7bca8d5f305744af68aa73c6c09e1be4acf1a728f89d0855f6716e83f3",
                "29e563c78a5b18972ce2183b021b9b3c6ecff66a4a406a186bf183568726cce0",
                "2855d6fc7b863a754f0b9d8a879590dfe62910e02e5ec82789721c4957a9d76a",
                "2a80b879ea67e4917ea032fe9ff11cd54f7f417ce7f71107fdf442e0214c7831",
                "5ce8987e9fa9fff17683fa163d7aa51bf944ce723d4adbab7c345366ed5f8692",
                "12c94b38d827013f38e41e48cc199f9758ae4ce4fc7fa49641345d17babcb356",
                "2536de06fc172f9cbb846f50f76498f6d14956947c29c924dcdb837f9c672bb7",
                "cb637b59f52cdc16b8f026d6f1524abe84b5c7c6e45b8d16c05ac31c5872c105",
                "758414513a8cf0e54058e4085d8b27f126f5d4ac173cbf968c68dde3ee975036",
                "9197fee714f70c205cacc48d3f61bc67f4b04d9fd029265c024843a408e32ef6",
                "c86c331de8563046ae181fb2995491147726cc1c3fbeeaf61c990032b57552f0",
                "bb97caf58d4a6f330916192d5b953871de20a6648297267b3b0dc643857bc17b",
                "c56c28c91059fa451d3b0c61d7599298f517b1d17935c51536f73ee3ae7f4806",
                "17171338d2768a1ff506ee7025a7156f6aa0f6654ff76bc7956fbe2a8494ce9f",
                "238ccdfb9b8e8d9923b2d9786f484f4832d8b4d9d275dbf8bc1e01f35ce496d8",
                "a47c7dd9c374d03a6b7838b8ec418038a10f2ee59e2f6a2e75b1b226c30a3bed",
                "881c53b7a149880b3a2e9575b1cab8ae57a05625d3981f5b7d90d836d59548a9",
                "84b4235ba6172f70025d0b6aa8120cf0efc8629cc058533a63597de0c3137c9e",
                "f1686ac35e0f5bf7a45c9deb0b49559f2f7de6b5e73a3abf9bd2f7e07ec65d7f",
                "92c435a6e12391164730ebfbb823dc6440b767d8f7ecffae3fd288b9f3889049",
                "b237a4d08d95cea981f39aafd0208be52653b37ad0d42ce86b28d41bbfe497e7",
                "9bbac77f07deb9852260419627fe1db77e5c097f3ed2ccf241ecbaa910379af0"
            ]
        }
    ],
    "categories": [
        "Advertising",
        "Embedded Content"
    ],
    "performance": {
        "time": 1,
        "size": 1,
        "cpu": 1,
        "cache": 3
    },
    "cookies": 0,
    "types": {
        "Document": 83
    }
}