{
    "domain": "pub.network",
    "owner": {},
    "source": [
        "DuckDuckGo-NL"
    ],
    "prevalence": 0.00322,
    "sites": 32,
    "subdomains": [
        "d"
    ],
    "cnames": [],
    "fingerprinting": 2,
    "resources": [
        {
            "rule": "pub\\.network\\/init",
            "cookies": 0.00292,
            "fingerprinting": 0,
            "subdomains": [
                "d"
            ],
            "apis": {},
            "sites": 31,
            "prevalence": 0.00312,
            "cnames": [],
            "responseHashes": [
                "50cae08729de2f7269b7307c2ef149151b4678f0f7d37cbb22d662b5f1d83b25",
                "30a083986bc096550130da534e63b36593f8ac195aee6c427be0f1a677aadd48",
                "2d3eff00d00baf927b8c8daa1ddfbd7f6d3fad156074b5716ffec77b229e51aa",
                "40351437e3e135613c7fc8ff02ebebbc6bf2f521290fe7b45607bf9df20a83d4",
                "c14a3a347ed5a575bd21fe41a460ec309c153fdea376accfcba6afd821f8f2dc",
                "bad116620b488ec1187a90ea47936454c7028f93d507442395e17dc4480c53b7",
                "1a7a25b573483da584d14995469ab52593834db1700d95abfcbb63a5c672edba",
                "e16aa26594df86e915d2983d14df8eea493ca1c6a38514c3c192a2d9d45c6e07",
                "87c392c51d69df1a5c731b824e32e833a20b615a43c3cc8b6da5e3d3cc4acaea",
                "06a8a05a474b0fe03d494ad96fae5a00e7897b22361edc0938bd6e9228af0622",
                "579290ce90fdb71868380c14683230af0c8b3ae91bfb74978ae28617f0ee866f",
                "f20b75a768b563b4aafd7ed5a8b2ca39471bd095b27bedc94a9522e904875f80",
                "8f88b545fcda977f3ba2a019b5fc090e43c19eb096f9861602cc284a9501cdc7",
                "6bceb1ca6c7dc091b6e0abd9a845f8dc027f1c1647e6967f36cd93ebb1665457",
                "c3b35ec2b6e8fef6d87522fad9dd17ff83cd3ea088f75898b09fc4a7d80f9aea",
                "bbbb5ba0b711dc81e12013e3d339fcdedc22d91a7ced7d600eb705ff1bba8902",
                "a5d2e2e126392e10a96715dad6ae3c3b4f1169409ff46c72f8a12ba8ec91a352",
                "9a9643368c411cd8a3094d9f0535e8a701cbdad6c4996740104a8cd0c16fdce4",
                "f5c12aa1e3c200a19297cabafbbdaf0efe6629ed03edbec7d8a167b26b023a06",
                "e7ef4511422d68e39685b7eb1a3c6ad2b7d8d2af0bb20d2ec013ca1b42825b0f",
                "67d211880d6b570f7ad63384c8d62669ffc950aa0d74f5d288d7442aefc35a9e",
                "43e69b6210a1f717dbdc8dc54249e4443a7dda09fc7f11a64a3fa6b93b10232d",
                "bc96eb13376513169642a8bf945b4bd881e6b88ea366659870fa898b773a76aa",
                "13ace07783ae53010908241a8c0ff601aaf7fc13ea3addb5bc13ea4de6100a97",
                "66a9c564befc98787ededd074e20a72bcde6fc37a7ee9d94fdc9f49218297440",
                "75d7085ed6cfac1363296ea0c6fb0865887e36da12e3da8518b6b4520f72724d",
                "1aa6f0079e4327a8f2092099a9a91bdfed9d2a88834f942443df86b474c59b93"
            ],
            "type": "XHR",
            "firstPartyCookies": {},
            "firstPartyCookiesSent": {},
            "exampleSites": [
                "itsfoss.com",
                "whatismyipaddress.com",
                "www.softwaretestinghelp.com",
                "worldpopulationreview.com",
                "www.slant.co",
                "www.bleepingcomputer.com",
                "www.racedepartment.com",
                "petapixel.com",
                "www.phoronix.com",
                "krunker.io",
                "www.gardeningknowhow.com",
                "www.thecinemaholic.com",
                "www.albumoftheyear.org",
                "mkyong.com",
                "www.1001freefonts.com",
                "www.tecmint.com",
                "photographylife.com",
                "calibre-ebook.com",
                "www.gottabemobile.com",
                "www.macupdate.com"
            ]
        }
    ],
    "categories": [],
    "performance": {
        "time": 1,
        "size": 1,
        "cpu": 0,
        "cache": 3
    },
    "cookies": 0.00322,
    "types": {
        "XHR": 31
    },
    "nameservers": [
        "zara.ns.cloudflare.com",
        "anirban.ns.cloudflare.com"
    ]
}