{
    "domain": "pzz.io",
    "owner": {
        "name": "Kizitos Holding B.V.",
        "displayName": "Kizitos Holding"
    },
    "source": [
        "DuckDuckGo-NL"
    ],
    "prevalence": 0.0013,
    "sites": 13,
    "subdomains": [],
    "cnames": [],
    "fingerprinting": 1,
    "resources": [
        {
            "rule": "pzz\\.io\\/pzz\\.js",
            "cookies": 0.000903,
            "fingerprinting": 1,
            "subdomains": [],
            "apis": {
                "Document.cookie getter": 7,
                "window.localStorage": 13,
                "Document.cookie setter": 9
            },
            "sites": 13,
            "prevalence": 0.0013,
            "cnames": [],
            "responseHashes": [
                "fc4884c17c9993606bba1b874a930f81f379f420531503b881cfcaff5df0e204",
                "2b2c6c464ce27c01cd848391879a6a33fa3fefeaabc18ae41ed6a39697f0d20f",
                "0b52d8d825046bd67d9aa37fa65725b85e6a85ba574c1a2f46e7bf825d8048f0",
                "023efcfb928052f02915b46f960623729f26af3c478c67eba95a0bdc3496de77",
                "12527241e8e104d2160bf465c9e730eabf0a9c112b831461b15d358db499128c",
                "e49de373c809437b273b776951bebf5553e4fc98c18d891edfd4a659855d5118",
                "8e775eb4319a835a7d4ea6d76096e1da16dfb8480d3589752ac293f4b5018baf",
                "d3fd81eb7eb18bd966f9d07c381a3b5c9f1cabf48b6bdf16fc9a87897bad39e0",
                "18d560267509d88d3f168e601fb654e37c63f58b5dab2afed3e33bda717ddafa",
                "74a9e01099848989b9e34cee9ec80381fb3278550ff09cc416eb9f00e80b0022",
                "b16235486dfa7470e2d411feedc600dd5c36e54a0f93978efbb4a0986ce919e3",
                "20cad3f5e615e5c6e0d17eefd0eb1f59c29a4859ecaaf6dcfb2a987fe4e7112f"
            ],
            "type": "Script",
            "firstPartyCookies": {
                "pzz_session_id": {
                    "ttl": 31536000,
                    "length": 36,
                    "prevalence": 0.0009034330455731781,
                    "uniqueness": 1
                }
            },
            "firstPartyCookiesSent": {},
            "exampleSites": [
                "familieoverdekook.nl",
                "frans.nl",
                "www.culinea.nl",
                "www.duurzaamnieuws.nl",
                "www.eetgoedvoeljegoed.nl",
                "www.kinderliedjes.info",
                "www.knutselidee.nl",
                "www.mamaliefde.nl",
                "www.mamsatwork.nl",
                "www.nederlandinbedrijf.nl",
                "www.paradijsvogelsmagazine.nl",
                "www.power.nl",
                "www.simpele-recepten.nl"
            ]
        },
        {
            "rule": "pzz\\.io\\/pzz\\.words\\.js",
            "cookies": 0,
            "fingerprinting": 0,
            "subdomains": [],
            "apis": {},
            "sites": 4,
            "prevalence": 0.000402,
            "cnames": [],
            "responseHashes": [
                "19e55706d3f17c72f3850c9ed3a8ed5fb6274f51d7d7a2688d1740dd29dec2cb"
            ],
            "type": "Script",
            "firstPartyCookies": {},
            "firstPartyCookiesSent": {},
            "exampleSites": [
                "familieoverdekook.nl",
                "www.kinderliedjes.info",
                "www.mamaliefde.nl",
                "www.paradijsvogelsmagazine.nl"
            ]
        }
    ],
    "categories": [],
    "performance": {
        "time": 0,
        "size": 0,
        "cpu": 0,
        "cache": 0
    },
    "cookies": 0.000903,
    "types": {
        "Script": 17
    },
    "nameservers": [
        "ns-cloud-d4.googledomains.com",
        "ns-cloud-d2.googledomains.com",
        "ns-cloud-d3.googledomains.com",
        "ns-cloud-d1.googledomains.com"
    ]
}