{
    "domain": "sele.co",
    "owner": {},
    "source": [
        "DuckDuckGo-NL"
    ],
    "prevalence": 0.0011,
    "sites": 11,
    "subdomains": [
        "api",
        "api-ntv",
        "trk-sp"
    ],
    "cnames": [],
    "fingerprinting": 0,
    "resources": [
        {
            "rule": "sele\\.co\\/ub\\/v1\\.jsonp",
            "cookies": 0,
            "fingerprinting": 0,
            "subdomains": [
                "api"
            ],
            "apis": {},
            "sites": 11,
            "prevalence": 0.0011,
            "cnames": [],
            "responseHashes": [
                "2127d0b74e5b4f85f70503d741b4447b4f03ebd938e989ebff98ff231ad44425",
                "d36dddd825bfe3fc839f7fc3c471720dffb4f3a93f251d8ca47c7d82681f3a10",
                "cdafea08f3e623d94a6806a0b2059ddc1b669357b3618d64ee57eacdb8d9077c",
                "84305f5c70fe93306a60cca3ec9203d531b7c8e0213de1e2dcead60356ebf650",
                "535aa185ef3df76bc6715ed7ebfba0fef6907ccdce42b5336378e803b1b9754c",
                "2b21483d0bf5e9c41ef6b62c8dd44a4c10c7a90fb35979d320162a3b8e0ddd72",
                "755b76b1558280a9f0088123b5f7c1cc10d3d3298b480ee35b2e0dcbaa3c3b76",
                "66243d321db5cfbeb5ac809f385630d0fdbaa3f1446ba07c5fc4b56eb9084bf1",
                "bed794a85ef22ddfb0f24dc05628545059b2a4a5e40b633d77e157de12ee4e9e"
            ],
            "type": "Script",
            "firstPartyCookies": {},
            "firstPartyCookiesSent": {
                "muuid_origin": 0.00010045203415369161,
                "globalTI_SID": 0.0008036162732295329,
                "cookies.js_dtest": 0.00010045203415369161,
                "parsely_uuid": 0.00010045203415369161,
                "_pnxd": 0.0005022601707684581,
                "muuid_link": 0.00010045203415369161,
                "_li_dcdm_c": 0.00040180813661476645
            },
            "exampleSites": [
                "bestlifeonline.com",
                "ew.com",
                "people.com",
                "www.allrecipes.com",
                "www.bhg.com",
                "www.eatthis.com",
                "www.health.com",
                "www.instyle.com",
                "www.parents.com",
                "www.shape.com",
                "www.travelandleisure.com"
            ]
        },
        {
            "rule": "sele\\.co\\/sp\\/v5\\.jsonp",
            "cookies": 0,
            "fingerprinting": 0,
            "subdomains": [
                "api-ntv"
            ],
            "apis": {},
            "sites": 10,
            "prevalence": 0.001,
            "cnames": [],
            "responseHashes": [
                "b7b6568ec6a5531eda545d19433087d38589140dd7b2b9833a4f05691ea8c261"
            ],
            "type": "Script",
            "firstPartyCookies": {},
            "firstPartyCookiesSent": {
                "muuid_origin": 0.00010045203415369161,
                "globalTI_SID": 0.0008036162732295329,
                "_pnxd": 0.0005022601707684581,
                "muuid_link": 0.00010045203415369161
            },
            "exampleSites": [
                "bestlifeonline.com",
                "ew.com",
                "people.com",
                "www.allrecipes.com",
                "www.bhg.com",
                "www.health.com",
                "www.instyle.com",
                "www.parents.com",
                "www.shape.com",
                "www.travelandleisure.com"
            ]
        },
        {
            "rule": "sele\\.co\\/sp",
            "cookies": 0,
            "fingerprinting": 0,
            "subdomains": [
                "trk-sp"
            ],
            "apis": {},
            "sites": 10,
            "prevalence": 0.001,
            "cnames": [],
            "responseHashes": [
                "a065920df8cc4016d67c3a464be90099c9d28ffe7c9e6ee3a18f257efc58cbd7"
            ],
            "type": "Image",
            "firstPartyCookies": {},
            "firstPartyCookiesSent": {
                "muuid_origin": 0.00010045203415369161,
                "globalTI_SID": 0.0008036162732295329,
                "_pnxd": 0.0005022601707684581
            },
            "exampleSites": [
                "bestlifeonline.com",
                "ew.com",
                "people.com",
                "www.allrecipes.com",
                "www.bhg.com",
                "www.health.com",
                "www.instyle.com",
                "www.parents.com",
                "www.shape.com",
                "www.travelandleisure.com"
            ]
        }
    ],
    "categories": [],
    "performance": {
        "time": 1,
        "size": 1,
        "cpu": 0,
        "cache": 3
    },
    "cookies": 0,
    "types": {
        "Script": 21,
        "Image": 10
    },
    "nameservers": [
        "ns-807.awsdns-36.net",
        "ns-1416.awsdns-49.org",
        "ns-1580.awsdns-05.co.uk",
        "ns-165.awsdns-20.com"
    ]
}