{
    "domain": "shop2market.com",
    "owner": {},
    "source": [
        "DuckDuckGo-NL"
    ],
    "prevalence": 0.00102,
    "sites": 10,
    "subdomains": [
        "track"
    ],
    "cnames": [],
    "fingerprinting": 1,
    "resources": [
        {
            "rule": "shop2market\\.com\\/track_visit\\.js",
            "cookies": 0.00051,
            "fingerprinting": 1,
            "subdomains": [
                "track"
            ],
            "apis": {
                "Navigator.prototype.userAgent": 9,
                "Date.prototype.getTime": 9,
                "Document.cookie getter": 5,
                "Document.cookie setter": 5
            },
            "sites": 9,
            "prevalence": 0.000919,
            "cnames": [],
            "responseHashes": [
                "15ec18280d8dd0a349615d5e4045a6332f00edc9ab74ba02293393ba9f9485b4",
                "2459b87a28cb42fdcc6ab92249b2f41bb652d0fc3bfeb70c05caa59e12083cd7",
                "92e2061873ea68642a813e692b55d3905e5948253a7b7526bc4c2d782e954872",
                "f7c7e7023510b3852642a40a59704b05ae4530fa1a640d9e69a1413ec7afaec5",
                "9633f2ccfd2f424715d6027d937028047075bd011cd4dc443d5a927d93f225a9",
                "0c94586d6656d4c07096c4ff6d07306cb09f34f899f2a54d4ab45a9d1a84776c",
                "a2167afe7ed9701764b7dd1fef209e65c2171557a837907493e41ac2eb3144c2",
                "1904e8188f48e5643354efa3acfe31c12e496cac8192e8f4fde942446c5acf97"
            ]
        }
    ],
    "categories": [],
    "performance": {},
    "cookies": 0.00051,
    "types": {
        "Script": 9
    }
}