{
    "domain": "sibautomation.com",
    "owner": {
        "name": "Dual Technologies Services",
        "displayName": "Dual Technologies Services"
    },
    "source": [
        "DuckDuckGo-NL"
    ],
    "prevalence": 0.00133,
    "sites": 13,
    "subdomains": [],
    "cnames": [],
    "fingerprinting": 1,
    "resources": [
        {
            "rule": "sibautomation\\.com\\/sa\\.js",
            "cookies": 0.00133,
            "fingerprinting": 1,
            "subdomains": [],
            "apis": {
                "Document.cookie getter": 13,
                "Date.prototype.getTime": 13,
                "Document.cookie setter": 7
            },
            "sites": 13,
            "prevalence": 0.00133,
            "cnames": [],
            "responseHashes": [
                "82b7b79040807dc2f0c350e057f6da56fc86d1ee80202b9343aa8f007caea422",
                "4087ee4a9b478eb527303a398ad2d4169413799a843582275a20229e8633e74c",
                "9b87419fb902b88b809edbfda6c2309712d09e6d32c102ded160c388402a8db0"
            ],
            "type": "Script",
            "exampleSites": [
                "ahaslides.com",
                "creately.com",
                "dolopwol.com",
                "trustoo.nl",
                "www.bitdegree.org",
                "www.cadeau.nl",
                "www.deaandeelhouder.nl",
                "www.derooijfotografie.nl",
                "www.ditverzinjeniet.nl",
                "www.dndbeyond.com",
                "www.natuurpunt.be",
                "www.naturalheroes.nl",
                "www.strategischmarketingplan.com"
            ]
        },
        {
            "rule": "sibautomation\\.com\\/cm\\.html",
            "cookies": 0.00133,
            "fingerprinting": 1,
            "subdomains": [],
            "apis": {
                "Date.prototype.getTime": 13
            },
            "sites": 13,
            "prevalence": 0.00133,
            "cnames": [],
            "responseHashes": [
                "63fa1b283106c92138ea0498994043e80fcb7fdae090fa06512422b62befd77b",
                "ec029c0281fd1c87511220a3020eae3b0c727662babdcf2f606097e8b4fe1230",
                "7a3ccccaafa7ef50e54edaa7c818b9db4af64dfb8ac4796c97d002d00e9476d6",
                "f3cbc63cb0c65f1e960618e2e3fd454f1bfd508ec40ca114b3bbcbae972078a2",
                "746dc86d771bc7b8024c1195a4eec621062d612dc0fd776434d6d3c497cf58e2",
                "1511875970316a22403137ec36fe7faaa0674d50432667b1fa939a6987557dd6",
                "e0108269350e6d171162d8791eb322f2e46b8ddc71896a9987ca1e2ca7ffca6c",
                "6d60cf745e900ce94fcfb077ccfe2b5c14da8313eda408f4ef819adbe3654b46",
                "2d043e74e294b76afe787b40bc30bb5ce874ba3eb61ca6342ebc8a440f3d2a9e",
                "cc271d60397002bb7db358d0bd2d257cddeca58b497e9859faff9215147deb93",
                "2434f09c441af74da54feeb9a6f8f816bff6f0d427d05b09b4bf880460ad29fb",
                "3d13cdf862b1c70e72a565e4cea4c3dbdca79a7ebc070eaa5b4601285117b094"
            ],
            "type": "Document",
            "exampleSites": [
                "ahaslides.com",
                "creately.com",
                "dolopwol.com",
                "trustoo.nl",
                "www.bitdegree.org",
                "www.cadeau.nl",
                "www.deaandeelhouder.nl",
                "www.derooijfotografie.nl",
                "www.ditverzinjeniet.nl",
                "www.dndbeyond.com",
                "www.natuurpunt.be",
                "www.naturalheroes.nl",
                "www.strategischmarketingplan.com"
            ]
        }
    ],
    "categories": [],
    "performance": {
        "time": 1,
        "size": 1,
        "cpu": 0,
        "cache": 3
    },
    "cookies": 0.00133,
    "types": {
        "Script": 13,
        "Document": 13
    },
    "nameservers": [
        "mary.ns.cloudflare.com",
        "josh.ns.cloudflare.com"
    ]
}