{
    "domain": "stuiop.com",
    "owner": {},
    "source": [
        "DuckDuckGo-NL"
    ],
    "prevalence": 0.000705,
    "sites": 7,
    "subdomains": [],
    "cnames": [],
    "fingerprinting": 2,
    "resources": [
        {
            "rule": "stuiop\\.com\\/v1\\/sdk\\.js",
            "cookies": 0.000705,
            "fingerprinting": 2,
            "subdomains": [],
            "apis": {
                "window.localStorage": 6,
                "Document.cookie getter": 6,
                "Navigator.prototype.permissions": 6,
                "Navigator.prototype.userAgent": 6
            },
            "sites": 7,
            "prevalence": 0.000705,
            "cnames": [],
            "responseHashes": [
                "9e7f19790fa4963c9194d77d056ba9ffba1368d63774970e2717f1266d9d5c17",
                "cbacaee9fe8f07f70fb49cd15b5425d5bc23a63f930bd342816d5a62e487f9f6",
                "d6a179493888964b9662d215db7c19589cb93bff24419e9ece1ab7d18a72acd2",
                "4c724cef2d8cad82540bf9d240ee85ead54905d35ab4f13c4f01a479532fd666",
                "4e40f23a3fa82e10709bc1185fa0e2d4d860629259a421b6ed1dcda716da5bb5"
            ],
            "type": "Script",
            "firstPartyCookies": {},
            "firstPartyCookiesSent": {},
            "exampleSites": [
                "mixrolik.ru",
                "nl.qaz.wiki",
                "nl.qwe.wiki",
                "nudostar.com",
                "tamilsex.casa",
                "wwwxxx.casa",
                "xxxxvideo.casa"
            ]
        },
        {
            "rule": "stuiop\\.com\\/fp\\.js",
            "cookies": 0.000604,
            "fingerprinting": 1,
            "subdomains": [],
            "apis": {
                "window.localStorage": 6,
                "Date.prototype.getTime": 6,
                "Document.cookie setter": 6
            },
            "sites": 7,
            "prevalence": 0.000705,
            "cnames": [],
            "responseHashes": [
                "180199a5cb8cfb11a8baa5d8a16f83c8c490baac3feff9e49b0c2aa293bb88f9",
                "6352a2133168b2d20828717d6850c26eff96c03aa3bb6d2b0844ef6987399276",
                "97aada088cc63839d9c47d2ba31faba6aad44fcafbd4a8a65626b81887bc5cd7",
                "c8061018e8f683b1a830943d42e01617cfa02d80906e9ad739fad2e6fea86ebb",
                "fd485318b5381bf496b70f56fea1206faa8190f2ad9d223a6e53f56c8deb0dee"
            ],
            "type": "Script",
            "firstPartyCookies": {
                "ufp2": {
                    "ttl": 604827,
                    "length": 40,
                    "prevalence": 0.0003020843822374383,
                    "uniqueness": 1
                }
            },
            "firstPartyCookiesSent": {},
            "exampleSites": [
                "mixrolik.ru",
                "nl.qaz.wiki",
                "nl.qwe.wiki",
                "nudostar.com",
                "tamilsex.casa",
                "wwwxxx.casa",
                "xxxxvideo.casa"
            ]
        }
    ],
    "categories": [],
    "performance": {},
    "cookies": 0.000705,
    "types": {
        "Script": 14
    },
    "nameservers": [
        "lex.ns.cloudflare.com",
        "brit.ns.cloudflare.com"
    ]
}