{
    "domain": "tiktok.com",
    "owner": {
        "name": "ByteDance Ltd.",
        "displayName": "ByteDance"
    },
    "source": [
        "DuckDuckGo-NL"
    ],
    "prevalence": 0.00292,
    "sites": 29,
    "subdomains": [
        "analytics",
        "www"
    ],
    "cnames": [],
    "fingerprinting": 1,
    "resources": [
        {
            "rule": "tiktok\\.com\\/i18n\\/pixel\\/sdk\\.js",
            "cookies": 0,
            "fingerprinting": 1,
            "subdomains": [
                "analytics"
            ],
            "apis": {
                "Navigator.prototype.userAgent": 17,
                "PerformanceTiming.prototype.navigationStart": 4,
                "Navigator.prototype.connection": 4
            },
            "sites": 17,
            "prevalence": 0.00171,
            "cnames": [],
            "responseHashes": [
                "039970f7fc583786ce5e706ed73b46367e26bf2190a5905d98b54c899ccf312d",
                "57b9b30a03cf989dbe5fd057c9e7b58b06ba02694e25942dc26f821f927ee087",
                "594e40a3cb5b77701362ab54742c3dbf94562775cedd7531f290e86fcb34c465",
                "32d357f889253e3f9161639af9ba77019371ff183d8d0b3c69d7ee4d19f78378",
                "b3f6795e4ef0fdc631786c96c9672ca16432dfc87a751061a6514674f590fbde",
                "0f98706c5909b5a955d26db0eaa8b42249f1b8d12206dd342062ad64f0a05484",
                "9b8583c26d98cd77b00157ffbc7a049bf6161eb8fe2a70f2839c2c2d618a2551",
                "f28473dad92c3af2fffdbc6602df493963256c7402fec2a94c6f94ed500c91b0",
                "19659d1189b7350c2feffb4120937a0cdf6968268dd2fc40ff4e6e1f3158b232",
                "c610651d7d7569f5396f160241f6113402ea617c71ed4ebf3ebc06e0c3899b69",
                "a85e08fa5be14af3eb8bbec0280d78c721c8570a58be6da6eff40a4087accd66",
                "d8aae8c5d1fac06eef3c55dbe9990344695685e43462d2d0730601f2c808e959",
                "88c53cd8aaf9cc360b077334926eeabcfb9f3932bd7ce99c139a84a27dd29a81",
                "8f2efaf0e3771556ec2fbc04cfe0bb95e6cf468cc6de33fa16c9dbebfa8d4c86",
                "669eed78670cf95f1e8ef2e5b511137ab65b98ea3ae3a410a74e697b38bec7d1",
                "6056e555e82ea4eb75441f8cdcd04aca89f938f8f35a05047b23d988e962ce84"
            ],
            "type": "Script",
            "firstPartyCookies": {},
            "firstPartyCookiesSent": {},
            "exampleSites": [
                "linktr.ee",
                "motionarray.com",
                "splice.com",
                "steelseries.com",
                "toomics.com",
                "www.asos.com",
                "www.bartleby.com",
                "www.fender.com",
                "www.fitbit.com",
                "www.happysocks.com",
                "www.instant-gaming.com",
                "www.ivi.ru",
                "www.patreon.com",
                "www.rode.com",
                "www.shopify.com",
                "www.uncommongoods.com",
                "www.urbanoutfitters.com"
            ]
        },
        {
            "rule": "tiktok\\.com\\/api\\/v2\\/pixel",
            "cookies": 0,
            "fingerprinting": 0,
            "subdomains": [
                "analytics"
            ],
            "apis": {},
            "sites": 13,
            "prevalence": 0.00131,
            "cnames": [],
            "responseHashes": [
                "e3b0c44298fc1c149afbf4c8996fb92427ae41e4649b934ca495991b7852b855"
            ],
            "type": "Other",
            "firstPartyCookies": {},
            "firstPartyCookiesSent": {},
            "exampleSites": [
                "steelseries.com",
                "tidal.com",
                "www.bose.com",
                "www.creality3dofficial.com",
                "www.fender.com",
                "www.fitbit.com",
                "www.happysocks.com",
                "www.hellofresh.com",
                "www.jackboxgames.com",
                "www.jdsports.nl",
                "www.lightinthebox.com",
                "www.na-kd.com",
                "www.shopify.com"
            ]
        },
        {
            "rule": "tiktok\\.com\\/i18n\\/pixel\\/events\\.js",
            "cookies": 0,
            "fingerprinting": 1,
            "subdomains": [
                "analytics"
            ],
            "apis": {
                "Navigator.prototype.userAgent": 7,
                "Document.cookie getter": 6,
                "window.sessionStorage": 7,
                "PerformanceTiming.prototype.navigationStart": 6,
                "Navigator.prototype.connection": 2
            },
            "sites": 10,
            "prevalence": 0.00101,
            "cnames": [],
            "responseHashes": [
                "7ab2444fef00dcf9c5be56b0bea61e913031b92d1fe05b2750bb16a2ba95b435",
                "64da50c3b1029cb1db48b41a66dcac77acb58dbf141749cd7f7a64cc9b83c921",
                "1a95c7b6415932225492700149acde4bdbcbda0aec2ba9ec8e31743a67c2e8d1",
                "f2b0fa6a94936e5071f5600246a012c4d09bc25f1a336088f4250eb9c4e40aa8",
                "320dff355dc54ac4b4a40cdab86698c5809e33cafe490b0af1def06d4d32caa2"
            ],
            "type": "Script",
            "firstPartyCookies": {},
            "firstPartyCookiesSent": {},
            "exampleSites": [
                "tidal.com",
                "www.bose.com",
                "www.creality3dofficial.com",
                "www.hellofresh.com",
                "www.iherb.com",
                "www.jackboxgames.com",
                "www.jdsports.nl",
                "www.lightinthebox.com",
                "www.na-kd.com",
                "www.thewrap.com"
            ]
        },
        {
            "rule": "tiktok\\.com\\/i18n\\/pixel\\/identify\\.js",
            "cookies": 0,
            "fingerprinting": 0,
            "subdomains": [
                "analytics"
            ],
            "apis": {},
            "sites": 9,
            "prevalence": 0.000906,
            "cnames": [],
            "responseHashes": [
                "de1a3f5a71043e01d39de7a6981714eb3f3f6e4001c0779c575c8412713c5e29"
            ],
            "type": "Script",
            "firstPartyCookies": {},
            "firstPartyCookiesSent": {},
            "exampleSites": [
                "tidal.com",
                "www.bose.com",
                "www.creality3dofficial.com",
                "www.hellofresh.com",
                "www.jackboxgames.com",
                "www.jdsports.nl",
                "www.lightinthebox.com",
                "www.na-kd.com",
                "www.thewrap.com"
            ]
        },
        {
            "rule": "tiktok\\.com\\/i18n\\/pixel\\/config\\.js",
            "cookies": 0,
            "fingerprinting": 1,
            "subdomains": [
                "analytics"
            ],
            "apis": {
                "Navigator.prototype.userAgent": 2
            },
            "sites": 9,
            "prevalence": 0.000906,
            "cnames": [],
            "responseHashes": [
                "4da503d8529279f839bac13ca9ac02b211e694317871e5e030c8e4f5d4fbc006",
                "3588a29dbff4c55f12786da6d9007ce7f82d18d1601640768267c51e64ce9054",
                "84ff1b796cf05312116292ec665c2beba59cf9a0f68a99db1e38892177053970",
                "9c747ae1df71cff7fdc9154acf464b9f28292787e2096208b8c3407d10536248",
                "80ddd0e2de5f36d0e3728e276410ee54db2a3c03199c30f20b3110630374115b",
                "a3dfe228ce5c013c0cba340b13d07566d3a793dbc2d3fdd00a2994306ce2752a"
            ],
            "type": "Script",
            "firstPartyCookies": {},
            "firstPartyCookiesSent": {},