{
    "domain": "tradetracker.net",
    "owner": {
        "name": "TradeTracker FZ-LLC",
        "displayName": "TradeTracker"
    },
    "source": [
        "DuckDuckGo-NL"
    ],
    "prevalence": 0.00614,
    "sites": 60,
    "subdomains": [
        "tm",
        "ti",
        "rotator",
        "sc"
    ],
    "cnames": [],
    "fingerprinting": 1,
    "resources": [
        {
            "rule": "tradetracker\\.net\\/tag",
            "cookies": 0,
            "fingerprinting": 1,
            "subdomains": [
                "tm"
            ],
            "apis": {
                "Navigator.prototype.language": 3,
                "Screen.prototype.width": 3,
                "Screen.prototype.height": 3,
                "Screen.prototype.colorDepth": 3,
                "Navigator.prototype.userAgent": 2,
                "Document.cookie getter": 2
            },
            "sites": 33,
            "prevalence": 0.00338,
            "cnames": [],
            "responseHashes": [
                "b5a5a7b29f0d55ab0c97e0893651eb900f8b1ec0506ab95bd1e4ca865df3f6b3",
                "c5c48e7465869eca8c19034c168171ee93a261a9c4dc6ce81993c7d637d9756f",
                "7f28e02aa44cfbf072d71d623062b46c60928aa8fdaf67b1135f01cf5809eb0c",
                "5deddaed5be91d5cfe4b85b9f2a33cd9dc254db466ca41c25f49c46d0a4e0a32",
                "38280f953b6331996103cc8479eb457c27f35dcecb1937ab8721544d364b7b2b",
                "fdeeeef7f117033075b92c98843f83b8f4a6e1a61cdbfe2aebd1041da5ebc2c1",
                "aa4d0064ee6f9c8e118ffab3fddc44db973936afed335462944bcf53e2a450e3",
                "bb4ee7cf07bf51dcb6b7643f9909fccb3df83e669ce40c9bd39cf34604649aa1",
                "1e6b5282073a37eba943121a938550f303b362beec0e9d0a72ed719de7531e6b",
                "7d34e8519003dbf450de8baa197834b1a4c5d04fb878342bc3b851dd15a88ec5",
                "492a22845e7400fc1f17941382ec4f98a30878f6fe88042ae1847ccf4412602c",
                "c8cb879b32f506e18089052d60241a517a0c1d937d6c1e949e1b27b11771d31c",
                "5dab684ace5461dc046828535779b181d340f91a5f5abfd2e836e9050c793c2e",
                "34d49e068ef13f14fc9a73577c55e0ab795058e8686ccc7a1d3ef4d0f9d6f020"
            ],
            "type": "Script",
            "exampleSites": [
                "www.pclooptvast.nl",
                "www.budgetspelen.nl",
                "tvvisie.nl",
                "bigsellers.nl",
                "webshopchecker.nl",
                "www.fr12.nl",
                "www.doehetzelfnotaris.nl",
                "1001gedichten.nl",
                "juridischforum.be",
                "www.frankwandelt.nl",
                "vindikhier.nl",
                "bonaire.nu",
                "www.goalsandglamour.nl",
                "straatwoordenboek.nl",
                "www.gezondaantafel.nl",
                "www.allesoverhaken.nl",
                "hulpmethuisdier.nl",
                "fitcode.nl",
                "www.duurzaamnieuws.nl",
                "www.budgetgaming.nl"
            ]
        },
        {
            "rule": "tradetracker\\.net\\/",
            "cookies": 0.00133,
            "fingerprinting": 0,
            "subdomains": [
                "ti",
                "rotator"
            ],
            "apis": {},
            "sites": 14,
            "prevalence": 0.00143,
            "cnames": [],
            "responseHashes": [
                "5c4d96b2ee2dd1a91ad96c256b0f643a91e5f90fe4134c1c0ee2cce208b3e17c",
                "6363081bbbdc7bc6a9350f54e7a3bf22ab29f936905398245807678ded928389",
                "fc7e45b9f10fa0d24c6fa049ed214d9002d1302703094c8ed2b8cdd121c5fbcd",
                "64ad784d89a025659645db97b6402636861d13a53f878aa2e9508c3921dc0124",
                "27a20ffc4218bbf978ecd013408539f7ea96ab968f16f2ede91071010633de8b",
                "1be4d818127549b7d218f37c1f08dc1bc799708b8b019203023d6b6193e4d969",
                "366a2c563310175a6eecb011439d93cab35b7470fddec7eeb792ba23247afc1a",
                "7a91b8516d3a138c50967dba981e67e326e2e77ac0ce02df37cbbaa7d739b985",
                "6488bf44620a391b86684609283896fe39e55db53363189fa0e06b640b613e02",
                "668c40aa433f5d63798dbf0bf93431c1127c884a21757b921b684bd5055d15a2",
                "35fdb5b3ed68565a2af387400171b559abac26418cfe86dd9fa186e448d3a2b3",
                "01f4f6e34fdf3bc30fbcaade765817fb391a7249f7d3c266d553394465ef9d3b"
            ],
            "type": "Script",
            "exampleSites": [
                "antwoordencodycross.nl",
                "androidapksfree.com",
                "bulbapedia.bulbagarden.net",
                "ne-rabotaet.site",
                "scooterforum.net",
                "translation.babylon-software.com",
                "tvvisie.nl",
                "winaero.com",
                "www.binaryhexconverter.com",
                "www.fanfiction.net",
                "www.radiofm.nl",
                "www.psychologytoday.com",
                "www.salaris-informatie.nl",
                "www.yachtworld.com"
            ]
        },
        {
            "rule": "tradetracker\\.net\\/",
            "cookies": 0.00246,
            "fingerprinting": 0,
            "subdomains": [
                "ti"
            ],
            "apis": {},
            "sites": 24,
            "prevalence": 0.00246,
            "cnames": [],
            "responseHashes": [
                "98b3d9d20e032f90aca49e9b116225d539ff6fbdb7e42c3c363f63896ac03d2a"
            ],
            "type": "Image",
            "exampleSites": [
                "bulbapedia.bulbagarden.net",
                "www.psychologytoday.com",
                "www.landenweb.nl",
                "tvvisie.nl",
                "recyclingplatform.nl",
                "androidapksfree.com",
                "www.salaris-informatie.nl",
                "www.binaryhexconverter.com",
                "www.yachtworld.com",
                "www.visdief.nl",
                "translation.babylon-software.com",
                "www.autoweetjes.com",
                "coquinaria.nl",
                "www.onskookboek.be",
                "ne-rabotaet.site",
                "www.puursuzanne.nl",
                "bigsellers.nl",
                "klimaatinfo.nl",
                "www.grieksegids.nl",
                "winaero.com"
            ]
        },
        {
            "rule": "tradetracker\\.net\\/tracker\\/merchant",
            "cookies": 0,
            "fingerprinting": 1,
            "subdomains": [
                "sc"
            ],
            "apis": {
                "Date.prototype.getTime": 2
            },
            "sites": 2,
            "prevalence": 0.000205,
            "cnames": [],
            "responseHashes": [
                "a836e9c143430b58f5f10553c883b22d2aec0f26d6d203afb4cf9f34ca60a48b"
            ],
            "type": "Script",
            "exampleSites": [
                "pricewise.nl",
                "www.vliegtickets.nl"
            ]
        }
    ],
    "categories": [],
    "performance": {
        "time": 0,
        "size": 0,
        "cpu": 0,
        "cache": 3
    },
    "cookies": 0.00256,
    "types": {
        "Script": 49,
        "Image": 24
    }
}