{
    "domain": "vlitag.com",
    "owner": {},
    "source": [
        "DuckDuckGo-NL"
    ],
    "prevalence": 0.00113,
    "sites": 11,
    "subdomains": [
        "services",
        "tag",
        "assets",
        "logs"
    ],
    "cnames": [],
    "fingerprinting": 2,
    "resources": [
        {
            "rule": "vlitag\\.com\\/adv1\\/",
            "cookies": 0.00102,
            "fingerprinting": 0,
            "subdomains": [
                "services"
            ],
            "apis": {},
            "sites": 10,
            "prevalence": 0.00102,
            "cnames": [],
            "responseHashes": [
                "9c90525638b98548742cc317914e73a04d075ba162a1a340d44de75c34c00c0c",
                "3f2e62a3239ec14fb40dda6464aa931e6a6cca46973d23dc939c55d6b68f13a3",
                "3d7f87b9a82c81331d5b7c418439abe86526530bcdcb6a28b86e2d20a185458b",
                "1bf5d22b02fd555606c8175506851b01afe5cefc6fbfa06d046470361717829f",
                "97b817985099259285b19ba2a5599831f1e9c91685b34bfe3ad9e54ca8d5959a",
                "31648c23768869356d0285ce646ead72a9c7d0883e14dcfef77357b0ffbfa424",
                "0f8349e988255f37b98d23df3ca174ea41d16b22ff92c09aef494991ea30e662",
                "feac31464e0281ab4c6e0334949ddf5eeeb9882c33d1a382fabb0e78cd6b7b6b",
                "60ddc5da6b7d0d8cb68b3f088f0ac9dc52508f1186ac93d2ac5ad0661381541b"
            ],
            "type": "Script",
            "exampleSites": [
                "10minutemail.com",
                "jdreport.com",
                "mkyong.com",
                "soccerstreams-100.com",
                "www.answerout.com",
                "www.livenewsnow.com",
                "www.poftut.com",
                "www.thetopsites.net",
                "www.ultimatespecs.com",
                "www.tutsmake.com"
            ]
        },
        {
            "rule": "vlitag\\.com\\/page_status",
            "cookies": 0.00102,
            "fingerprinting": 0,
            "subdomains": [
                "services"
            ],
            "apis": {},
            "sites": 11,
            "prevalence": 0.00113,
            "cnames": [],
            "responseHashes": [
                "41ef556b0a4f4bdd486a106c3c90f6b5b89889c3f5040af4028e81c9837994ec"
            ],
            "type": "XHR",
            "exampleSites": [
                "10minutemail.com",
                "jdreport.com",
                "mkyong.com",
                "soccerstreams-100.com",
                "www.answerout.com",
                "www.livenewsnow.com",
                "www.poftut.com",
                "www.thetopsites.net",
                "www.ultimatespecs.com",
                "www.tutsmake.com",
                "www.westlanders.nu"
            ]
        },
        {
            "rule": "vlitag\\.com\\/v3\\/1611114146\\/",
            "cookies": 0.00102,
            "fingerprinting": 2,
            "subdomains": [
                "tag"
            ],
            "apis": {
                "window.sessionStorage": 10,
                "Document.cookie getter": 10,
                "Navigator.prototype.userAgent": 10,
                "window.localStorage": 10,
                "Date.prototype.getTime": 10,
                "Navigator.prototype.cookieEnabled": 8,
                "Screen.prototype.width": 5,
                "Screen.prototype.height": 5,
                "CSSStyleDeclaration.setProperty(\"fontFamily\",…)": 1
            },
            "sites": 10,
            "prevalence": 0.00102,
            "cnames": [],
            "responseHashes": [
                "f1c13c21118a5683da87171f99f7cd45432905143d90bf8ec0caa12c36b367a2",
                "dd5e859f596a65642eaff8374506e3b9993ebda300d6757dd0021870c8553413",
                "adba4de20ae4bb0f79f425e6a1f3627660453d9ac0eefd9a98378d423bcec5af",
                "f56dd798f7bfae8133168eb5f056af71b919392d44d6636f781b1049967dd8d2",
                "a5c931ec87eff21068a93c04cd1bb2e0d579067c115ce88db502b985a7a7b7d7",
                "4672e5c6f9736b63fb1d5bc414f8fadab614bb49d0df9c1b76a7ee6a5d5bdf6c",
                "478a4d841d445b8b54e183b6a86728cef8ed54004ff9e13b6993df2cf24b62f3",
                "acd0346702a52fcaf18c26833f9c698d94e80147f1ba84df57cbe6b1af4cc137",
                "67570a3e522543141c4821ce3e7e49afe490111b05dbcd19ae118587319fc5a7"
            ],
            "type": "Script",
            "exampleSites": [
                "jdreport.com",
                "mkyong.com",
                "soccerstreams-100.com",
                "www.answerout.com",
                "www.livenewsnow.com",
                "www.poftut.com",
                "www.thetopsites.net",
                "www.ultimatespecs.com",
                "www.tutsmake.com",
                "www.westlanders.nu"
            ]
        },
        {
            "rule": "vlitag\\.com\\/prebid\\/default\\/prebid-v4\\.15\\.3\\.js",
            "cookies": 0.000921,
            "fingerprinting": 2,
            "subdomains": [
                "assets"
            ],
            "apis": {
                "Navigator.prototype.userAgent": 9,
                "Navigator.prototype.cookieEnabled": 9,
                "window.sessionStorage": 9,
                "Navigator.prototype.appName": 9,
                "window.localStorage": 9,
                "Document.cookie getter": 9
            },
            "sites": 10,
            "prevalence": 0.00102,
            "cnames": [],
            "responseHashes": [
                "72ded410bebd3664816864bd5e93641466673faefabeaa5d292687410bb4f88c"
            ],
            "type": "Script",
            "exampleSites": [
                "jdreport.com",
                "mkyong.com",
                "soccerstreams-100.com",
                "www.answerout.com",
                "www.livenewsnow.com",
                "www.poftut.com",
                "www.thetopsites.net",
                "www.ultimatespecs.com",
                "www.tutsmake.com",
                "www.westlanders.nu"
            ]
        },
        {
            "rule": "vlitag\\.com\\/plugins\\/vlPlayer\\/viPlayer_v42\\.min\\.js",
            "cookies": 0.000921,
            "fingerprinting": 0,
            "subdomains": [
                "assets"
            ],
            "apis": {},
            "sites": 10,
            "prevalence": 0.00102,
            "cnames": [],
            "responseHashes": [
                "dbeb241324f4c3e889518c86ec74c1f6f634fff0c6f23f8c5af28273b8f31112"
            ],
            "type": "Script",
            "exampleSites": [
                "jdreport.com",
                "mkyong.com",
                "soccerstreams-100.com",
                "www.answerout.com",
                "www.livenewsnow.com",
                "www.poftut.com",
                "www.thetopsites.net",
                "www.ultimatespecs.com",
                "www.tutsmake.com",
                "www.westlanders.nu"
            ]
        },
        {
            "rule": "vlitag\\.com\\/plugins\\/safeframe\\/src\\/js\\/sf_host\\.min\\.js",
            "cookies": 0.000921,
            "fingerprinting": 1,
            "subdomains": [
                "assets"
            ],
            "apis": {
                "Navigator.prototype.userAgent": 9,
                "Date.prototype.getTime": 9,
                "Document.cookie setter": 9,
                "Document.cookie getter": 9
            },
            "sites": 10,
            "prevalence": 0.00102,
            "cnames": [],
            "responseHashes": [
                "1916cf4455a526aadafd82710bf7304154905dcdf69dd9e0b516a63cc82e27e0"
            ],
            "type": "Script",