{
    "domain": "wiqhit.com",
    "owner": {},
    "source": [
        "DuckDuckGo-NL"
    ],
    "prevalence": 0.00102,
    "sites": 10,
    "subdomains": [
        "col1"
    ],
    "cnames": [],
    "fingerprinting": 1,
    "resources": [
        {
            "rule": "wiqhit\\.com\\/sendData\\/",
            "cookies": 0.00102,
            "fingerprinting": 0,
            "subdomains": [
                "col1"
            ],
            "apis": {},
            "sites": 10,
            "prevalence": 0.00102,
            "cnames": [],
            "responseHashes": [
                "f3378e51008a33cbf95b469a929c6001cf163a0f41e1c9de4b2bb879e0e59f84",
                "ff9eb80ee3114c7fad7aa57ddd5aacbb86cf3a64075218c7f0f0119dacb1174c",
                "fad9288c72d7ba18a05fe83979ed26b0bddf64d3391f21dd20add64a52164941",
                "5877aa9a82580eaf6df06386da87b5048eda2704db11abdcfb15968bbc3278f3",
                "90c893cf0fa0f9fca97e910f2f14b8734682daa24878ecec641ec78b7c58f03d",
                "262bb8d20ed4c35fc2ee7284f356684018c8122299bcc5acce36f01f81246e48",
                "8ec095673356e550882d2f2bbf007f2d111f89c5d8569ad303bd136d76d19e27",
                "8a422e272fd2ee4d9bd63ad95995fc6db97f920e47ef14454dd0ecff2a91484b",
                "1c91fb22fe867cd9dad860ef82ce807c5e6d6a967171d9b843380f2787c80fa0"
            ],
            "type": "Script",
            "exampleSites": [
                "cadeau.nl",
                "www.cvtotaal.nl",
                "www.derooijfotografie.nl",
                "www.diks.nl",
                "www.ditverzinjeniet.nl",
                "www.eur.nl",
                "www.oogvoororen.nl",
                "www.trubendorffer.nl",
                "www.verf.nl",
                "www.werkaandemuur.nl"
            ]
        }
    ],
    "categories": [],
    "performance": {},
    "cookies": 0.00102,
    "types": {
        "Script": 10
    }
}